entity	file	value	xpath	attributes	attribute_values
manuscripts	1.xml		/TEI/text/body/listBibl/msDesc/physDesc/handDesc/handNote/origDate		
manuscripts	1.xml		/TEI/text/body/listBibl/msDesc/physDesc/bindingDesc/binding/decoNote/origDate		
manuscripts	1.xml		/TEI/text/body/listBibl/msDesc/history/provenance/date		
manuscripts	1.xml		/TEI/text/body/listBibl/msDesc/history/acquisition/date		
manuscripts	10.xml	מאה יד - טז	/TEI/text/body/listBibl/msDesc/physDesc/handDesc/handNote/origDate		
manuscripts	10.xml		/TEI/text/body/listBibl/msDesc/physDesc/bindingDesc/binding/decoNote/origDate		
manuscripts	10.xml		/TEI/text/body/listBibl/msDesc/history/provenance/date		
manuscripts	10.xml		/TEI/text/body/listBibl/msDesc/history/acquisition/date		
manuscripts	100.xml		/TEI/text/body/listBibl/msDesc/physDesc/handDesc/handNote/origDate		
manuscripts	100.xml		/TEI/text/body/listBibl/msDesc/physDesc/bindingDesc/binding/decoNote/origDate		
manuscripts	100.xml		/TEI/text/body/listBibl/msDesc/history/provenance/date		
manuscripts	100.xml		/TEI/text/body/listBibl/msDesc/history/acquisition/date		
manuscripts	1000.xml		/TEI/text/body/listBibl/msDesc/physDesc/handDesc/handNote/origDate		
manuscripts	1000.xml		/TEI/text/body/listBibl/msDesc/physDesc/bindingDesc/binding/decoNote/origDate		
manuscripts	1000.xml		/TEI/text/body/listBibl/msDesc/history/provenance/date		
manuscripts	1000.xml		/TEI/text/body/listBibl/msDesc/history/acquisition/date		
manuscripts	1001.xml		/TEI/text/body/listBibl/msDesc/physDesc/handDesc/handNote/origDate		
manuscripts	1001.xml		/TEI/text/body/listBibl/msDesc/physDesc/bindingDesc/binding/decoNote/origDate		
manuscripts	1001.xml		/TEI/text/body/listBibl/msDesc/history/provenance/date		
manuscripts	1001.xml		/TEI/text/body/listBibl/msDesc/history/acquisition/date		
manuscripts	1002.xml		/TEI/text/body/listBibl/msDesc/physDesc/handDesc/handNote/origDate		
manuscripts	1002.xml		/TEI/text/body/listBibl/msDesc/physDesc/bindingDesc/binding/decoNote/origDate		
manuscripts	1002.xml		/TEI/text/body/listBibl/msDesc/history/provenance/date		
manuscripts	1002.xml		/TEI/text/body/listBibl/msDesc/history/acquisition/date		
manuscripts	1003.xml		/TEI/text/body/listBibl/msDesc/physDesc/handDesc/handNote/origDate		
manuscripts	1003.xml		/TEI/text/body/listBibl/msDesc/physDesc/bindingDesc/binding/decoNote/origDate		
manuscripts	1003.xml		/TEI/text/body/listBibl/msDesc/history/provenance/date		
manuscripts	1003.xml		/TEI/text/body/listBibl/msDesc/history/acquisition/date		
manuscripts	1004.xml		/TEI/text/body/listBibl/msDesc/physDesc/handDesc/handNote/origDate		
manuscripts	1004.xml		/TEI/text/body/listBibl/msDesc/physDesc/bindingDesc/binding/decoNote/origDate		
manuscripts	1004.xml		/TEI/text/body/listBibl/msDesc/history/provenance/date		
manuscripts	1004.xml		/TEI/text/body/listBibl/msDesc/history/acquisition/date		
manuscripts	1005.xml		/TEI/text/body/listBibl/msDesc/physDesc/handDesc/handNote/origDate		
manuscripts	1005.xml		/TEI/text/body/listBibl/msDesc/physDesc/bindingDesc/binding/decoNote/origDate		
manuscripts	1005.xml		/TEI/text/body/listBibl/msDesc/history/provenance/date		
manuscripts	1005.xml		/TEI/text/body/listBibl/msDesc/history/acquisition/date		
manuscripts	1006.xml		/TEI/text/body/listBibl/msDesc/physDesc/handDesc/handNote/origDate		
manuscripts	1006.xml		/TEI/text/body/listBibl/msDesc/physDesc/bindingDesc/binding/decoNote/origDate		
manuscripts	1006.xml		/TEI/text/body/listBibl/msDesc/history/provenance/date		
manuscripts	1006.xml		/TEI/text/body/listBibl/msDesc/history/acquisition/date		
manuscripts	1007.xml		/TEI/text/body/listBibl/msDesc/physDesc/handDesc/handNote/origDate		
manuscripts	1007.xml		/TEI/text/body/listBibl/msDesc/physDesc/bindingDesc/binding/decoNote/origDate		
manuscripts	1007.xml		/TEI/text/body/listBibl/msDesc/history/provenance/date		
manuscripts	1007.xml		/TEI/text/body/listBibl/msDesc/history/acquisition/date		
manuscripts	1008.xml		/TEI/text/body/listBibl/msDesc/physDesc/handDesc/handNote/origDate		
manuscripts	1008.xml		/TEI/text/body/listBibl/msDesc/physDesc/bindingDesc/binding/decoNote/origDate		
manuscripts	1008.xml		/TEI/text/body/listBibl/msDesc/history/provenance/date		
manuscripts	1008.xml		/TEI/text/body/listBibl/msDesc/history/acquisition/date		
manuscripts	1009.xml		/TEI/text/body/listBibl/msDesc/physDesc/handDesc/handNote/origDate		
manuscripts	1009.xml		/TEI/text/body/listBibl/msDesc/physDesc/bindingDesc/binding/decoNote/origDate		
manuscripts	1009.xml		/TEI/text/body/listBibl/msDesc/history/provenance/date		
manuscripts	1009.xml		/TEI/text/body/listBibl/msDesc/history/acquisition/date		
manuscripts	101.xml		/TEI/text/body/listBibl/msDesc/physDesc/handDesc/handNote/origDate		
manuscripts	101.xml		/TEI/text/body/listBibl/msDesc/physDesc/bindingDesc/binding/decoNote/origDate		
manuscripts	101.xml		/TEI/text/body/listBibl/msDesc/history/provenance/date		
manuscripts	101.xml		/TEI/text/body/listBibl/msDesc/history/acquisition/date		
manuscripts	1010.xml	1200-1300	/TEI/text/body/listBibl/msDesc/physDesc/handDesc/handNote/origDate		
manuscripts	1010.xml		/TEI/text/body/listBibl/msDesc/physDesc/bindingDesc/binding/decoNote/origDate		
manuscripts	1010.xml		/TEI/text/body/listBibl/msDesc/history/provenance/date		
manuscripts	1010.xml		/TEI/text/body/listBibl/msDesc/history/acquisition/date		
manuscripts	1011.xml	1000-1200?	/TEI/text/body/listBibl/msDesc/physDesc/handDesc/handNote/origDate		
manuscripts	1011.xml		/TEI/text/body/listBibl/msDesc/physDesc/bindingDesc/binding/decoNote/origDate		
manuscripts	1011.xml		/TEI/text/body/listBibl/msDesc/history/provenance/date		
manuscripts	1011.xml		/TEI/text/body/listBibl/msDesc/history/acquisition/date		
manuscripts	1012.xml	1100-1300?	/TEI/text/body/listBibl/msDesc/physDesc/handDesc/handNote/origDate		
manuscripts	1012.xml		/TEI/text/body/listBibl/msDesc/physDesc/bindingDesc/binding/decoNote/origDate		
manuscripts	1012.xml		/TEI/text/body/listBibl/msDesc/history/provenance/date		
manuscripts	1012.xml		/TEI/text/body/listBibl/msDesc/history/acquisition/date		
manuscripts	1013.xml	1000-1200?	/TEI/text/body/listBibl/msDesc/physDesc/handDesc/handNote/origDate		
manuscripts	1013.xml		/TEI/text/body/listBibl/msDesc/physDesc/bindingDesc/binding/decoNote/origDate		
manuscripts	1013.xml		/TEI/text/body/listBibl/msDesc/history/provenance/date		
manuscripts	1013.xml		/TEI/text/body/listBibl/msDesc/history/acquisition/date		
manuscripts	1014.xml		/TEI/text/body/listBibl/msDesc/physDesc/handDesc/handNote/origDate		
manuscripts	1014.xml		/TEI/text/body/listBibl/msDesc/physDesc/bindingDesc/binding/decoNote/origDate		
manuscripts	1014.xml		/TEI/text/body/listBibl/msDesc/history/provenance/date		
manuscripts	1014.xml		/TEI/text/body/listBibl/msDesc/history/acquisition/date		
manuscripts	1015.xml		/TEI/text/body/listBibl/msDesc/physDesc/handDesc/handNote/origDate		
manuscripts	1015.xml		/TEI/text/body/listBibl/msDesc/physDesc/bindingDesc/binding/decoNote/origDate		
manuscripts	1015.xml		/TEI/text/body/listBibl/msDesc/history/provenance/date		
manuscripts	1015.xml		/TEI/text/body/listBibl/msDesc/history/acquisition/date		
manuscripts	1016.xml		/TEI/text/body/listBibl/msDesc/physDesc/handDesc/handNote/origDate		
manuscripts	1016.xml		/TEI/text/body/listBibl/msDesc/physDesc/bindingDesc/binding/decoNote/origDate		
manuscripts	1016.xml		/TEI/text/body/listBibl/msDesc/history/provenance/date		
manuscripts	1016.xml		/TEI/text/body/listBibl/msDesc/history/acquisition/date		
manuscripts	1017.xml		/TEI/text/body/listBibl/msDesc/physDesc/handDesc/handNote/origDate		
manuscripts	1017.xml		/TEI/text/body/listBibl/msDesc/physDesc/bindingDesc/binding/decoNote/origDate		
manuscripts	1017.xml		/TEI/text/body/listBibl/msDesc/history/provenance/date		
manuscripts	1017.xml		/TEI/text/body/listBibl/msDesc/history/acquisition/date		
manuscripts	1018.xml		/TEI/text/body/listBibl/msDesc/physDesc/handDesc/handNote/origDate		
manuscripts	1018.xml		/TEI/text/body/listBibl/msDesc/physDesc/bindingDesc/binding/decoNote/origDate		
manuscripts	1018.xml		/TEI/text/body/listBibl/msDesc/history/provenance/date		
manuscripts	1018.xml		/TEI/text/body/listBibl/msDesc/history/acquisition/date		
manuscripts	1019.xml		/TEI/text/body/listBibl/msDesc/physDesc/handDesc/handNote/origDate		
manuscripts	1019.xml		/TEI/text/body/listBibl/msDesc/physDesc/bindingDesc/binding/decoNote/origDate		
manuscripts	1019.xml		/TEI/text/body/listBibl/msDesc/history/provenance/date		
manuscripts	1019.xml		/TEI/text/body/listBibl/msDesc/history/acquisition/date		
manuscripts	102.xml		/TEI/text/body/listBibl/msDesc/physDesc/handDesc/handNote/origDate		
manuscripts	102.xml		/TEI/text/body/listBibl/msDesc/physDesc/bindingDesc/binding/decoNote/origDate		
manuscripts	102.xml		/TEI/text/body/listBibl/msDesc/history/provenance/date		
manuscripts	102.xml		/TEI/text/body/listBibl/msDesc/history/acquisition/date		
manuscripts	1020.xml		/TEI/text/body/listBibl/msDesc/physDesc/handDesc/handNote/origDate		
manuscripts	1020.xml		/TEI/text/body/listBibl/msDesc/physDesc/bindingDesc/binding/decoNote/origDate		
manuscripts	1020.xml		/TEI/text/body/listBibl/msDesc/history/provenance/date		
manuscripts	1020.xml		/TEI/text/body/listBibl/msDesc/history/acquisition/date		
manuscripts	1021.xml		/TEI/text/body/listBibl/msDesc/physDesc/handDesc/handNote/origDate		
manuscripts	1021.xml		/TEI/text/body/listBibl/msDesc/physDesc/bindingDesc/binding/decoNote/origDate		
manuscripts	1021.xml		/TEI/text/body/listBibl/msDesc/history/provenance/date		
manuscripts	1021.xml		/TEI/text/body/listBibl/msDesc/history/acquisition/date		
manuscripts	1022.xml	1100-1300?	/TEI/text/body/listBibl/msDesc/physDesc/handDesc/handNote/origDate		
manuscripts	1022.xml		/TEI/text/body/listBibl/msDesc/physDesc/bindingDesc/binding/decoNote/origDate		
manuscripts	1022.xml		/TEI/text/body/listBibl/msDesc/history/provenance/date		
manuscripts	1022.xml		/TEI/text/body/listBibl/msDesc/history/acquisition/date		
manuscripts	1023.xml		/TEI/text/body/listBibl/msDesc/physDesc/handDesc/handNote/origDate		
manuscripts	1023.xml		/TEI/text/body/listBibl/msDesc/physDesc/bindingDesc/binding/decoNote/origDate		
manuscripts	1023.xml		/TEI/text/body/listBibl/msDesc/history/provenance/date		
manuscripts	1023.xml		/TEI/text/body/listBibl/msDesc/history/acquisition/date		
manuscripts	1025.xml	1300-1400	/TEI/text/body/listBibl/msDesc/physDesc/handDesc/handNote/origDate		
manuscripts	1025.xml		/TEI/text/body/listBibl/msDesc/physDesc/bindingDesc/binding/decoNote/origDate		
manuscripts	1025.xml		/TEI/text/body/listBibl/msDesc/history/provenance/date		
manuscripts	1025.xml		/TEI/text/body/listBibl/msDesc/history/acquisition/date		
manuscripts	1026.xml		/TEI/text/body/listBibl/msDesc/physDesc/handDesc/handNote/origDate		
manuscripts	1026.xml		/TEI/text/body/listBibl/msDesc/physDesc/bindingDesc/binding/decoNote/origDate		
manuscripts	1026.xml		/TEI/text/body/listBibl/msDesc/history/provenance/date		
manuscripts	1026.xml		/TEI/text/body/listBibl/msDesc/history/acquisition/date		
manuscripts	1027.xml		/TEI/text/body/listBibl/msDesc/physDesc/handDesc/handNote/origDate		
manuscripts	1027.xml		/TEI/text/body/listBibl/msDesc/physDesc/bindingDesc/binding/decoNote/origDate		
manuscripts	1027.xml		/TEI/text/body/listBibl/msDesc/history/provenance/date		
manuscripts	1027.xml		/TEI/text/body/listBibl/msDesc/history/acquisition/date		
manuscripts	1028.xml		/TEI/text/body/listBibl/msDesc/physDesc/handDesc/handNote/origDate		
manuscripts	1028.xml		/TEI/text/body/listBibl/msDesc/physDesc/bindingDesc/binding/decoNote/origDate		
manuscripts	1028.xml		/TEI/text/body/listBibl/msDesc/history/provenance/date		
manuscripts	1028.xml		/TEI/text/body/listBibl/msDesc/history/acquisition/date		
manuscripts	1029.xml	1100-1300?	/TEI/text/body/listBibl/msDesc/physDesc/handDesc/handNote/origDate		
manuscripts	1029.xml		/TEI/text/body/listBibl/msDesc/physDesc/bindingDesc/binding/decoNote/origDate		
manuscripts	1029.xml		/TEI/text/body/listBibl/msDesc/history/provenance/date		
manuscripts	1029.xml		/TEI/text/body/listBibl/msDesc/history/acquisition/date		
manuscripts	103.xml		/TEI/text/body/listBibl/msDesc/physDesc/handDesc/handNote/origDate		
manuscripts	103.xml		/TEI/text/body/listBibl/msDesc/physDesc/bindingDesc/binding/decoNote/origDate		
manuscripts	103.xml		/TEI/text/body/listBibl/msDesc/history/provenance/date		
manuscripts	103.xml		/TEI/text/body/listBibl/msDesc/history/acquisition/date		
manuscripts	1030.xml		/TEI/text/body/listBibl/msDesc/physDesc/handDesc/handNote/origDate		
manuscripts	1030.xml		/TEI/text/body/listBibl/msDesc/physDesc/bindingDesc/binding/decoNote/origDate		
manuscripts	1030.xml		/TEI/text/body/listBibl/msDesc/history/provenance/date		
manuscripts	1030.xml		/TEI/text/body/listBibl/msDesc/history/acquisition/date		
manuscripts	1031.xml	1113-1114	/TEI/text/body/listBibl/msDesc/physDesc/handDesc/handNote/origDate		
manuscripts	1031.xml		/TEI/text/body/listBibl/msDesc/physDesc/bindingDesc/binding/decoNote/origDate		
manuscripts	1031.xml		/TEI/text/body/listBibl/msDesc/history/provenance/date		
manuscripts	1031.xml		/TEI/text/body/listBibl/msDesc/history/acquisition/date		
manuscripts	1032.xml		/TEI/text/body/listBibl/msDesc/physDesc/handDesc/handNote/origDate		
manuscripts	1032.xml		/TEI/text/body/listBibl/msDesc/physDesc/bindingDesc/binding/decoNote/origDate		
manuscripts	1032.xml		/TEI/text/body/listBibl/msDesc/history/provenance/date		
manuscripts	1032.xml		/TEI/text/body/listBibl/msDesc/history/acquisition/date		
manuscripts	1033.xml		/TEI/text/body/listBibl/msDesc/physDesc/handDesc/handNote/origDate		
manuscripts	1033.xml		/TEI/text/body/listBibl/msDesc/physDesc/bindingDesc/binding/decoNote/origDate		
manuscripts	1033.xml		/TEI/text/body/listBibl/msDesc/history/provenance/date		
manuscripts	1033.xml		/TEI/text/body/listBibl/msDesc/history/acquisition/date		
manuscripts	1034.xml		/TEI/text/body/listBibl/msDesc/physDesc/handDesc/handNote/origDate		
manuscripts	1034.xml		/TEI/text/body/listBibl/msDesc/physDesc/bindingDesc/binding/decoNote/origDate		
manuscripts	1034.xml		/TEI/text/body/listBibl/msDesc/history/provenance/date		
manuscripts	1034.xml		/TEI/text/body/listBibl/msDesc/history/acquisition/date		
manuscripts	1035.xml		/TEI/text/body/listBibl/msDesc/physDesc/handDesc/handNote/origDate		
manuscripts	1035.xml		/TEI/text/body/listBibl/msDesc/physDesc/bindingDesc/binding/decoNote/origDate		
manuscripts	1035.xml		/TEI/text/body/listBibl/msDesc/history/provenance/date		
manuscripts	1035.xml		/TEI/text/body/listBibl/msDesc/history/acquisition/date		
manuscripts	1036.xml	after 1000	/TEI/text/body/listBibl/msDesc/physDesc/handDesc/handNote/origDate		
manuscripts	1036.xml		/TEI/text/body/listBibl/msDesc/physDesc/bindingDesc/binding/decoNote/origDate		
manuscripts	1036.xml		/TEI/text/body/listBibl/msDesc/history/provenance/date		
manuscripts	1036.xml		/TEI/text/body/listBibl/msDesc/history/acquisition/date		
manuscripts	1037.xml		/TEI/text/body/listBibl/msDesc/physDesc/handDesc/handNote/origDate		
manuscripts	1037.xml		/TEI/text/body/listBibl/msDesc/physDesc/bindingDesc/binding/decoNote/origDate		
manuscripts	1037.xml		/TEI/text/body/listBibl/msDesc/history/provenance/date		
manuscripts	1037.xml		/TEI/text/body/listBibl/msDesc/history/acquisition/date		
manuscripts	1038.xml		/TEI/text/body/listBibl/msDesc/physDesc/handDesc/handNote/origDate		
manuscripts	1038.xml		/TEI/text/body/listBibl/msDesc/physDesc/bindingDesc/binding/decoNote/origDate		
manuscripts	1038.xml		/TEI/text/body/listBibl/msDesc/history/provenance/date		
manuscripts	1038.xml		/TEI/text/body/listBibl/msDesc/history/acquisition/date		
manuscripts	1039.xml		/TEI/text/body/listBibl/msDesc/physDesc/handDesc/handNote/origDate		
manuscripts	1039.xml		/TEI/text/body/listBibl/msDesc/physDesc/bindingDesc/binding/decoNote/origDate		
manuscripts	1039.xml		/TEI/text/body/listBibl/msDesc/history/provenance/date		
manuscripts	1039.xml		/TEI/text/body/listBibl/msDesc/history/acquisition/date		
manuscripts	104.xml		/TEI/text/body/listBibl/msDesc/physDesc/handDesc/handNote/origDate		
manuscripts	104.xml		/TEI/text/body/listBibl/msDesc/physDesc/bindingDesc/binding/decoNote/origDate		
manuscripts	104.xml		/TEI/text/body/listBibl/msDesc/history/provenance/date		
manuscripts	104.xml		/TEI/text/body/listBibl/msDesc/history/acquisition/date		
manuscripts	1040.xml		/TEI/text/body/listBibl/msDesc/physDesc/handDesc/handNote/origDate		
manuscripts	1040.xml		/TEI/text/body/listBibl/msDesc/physDesc/bindingDesc/binding/decoNote/origDate		
manuscripts	1040.xml		/TEI/text/body/listBibl/msDesc/history/provenance/date		
manuscripts	1040.xml		/TEI/text/body/listBibl/msDesc/history/acquisition/date		
manuscripts	1041.xml	1000-1200?	/TEI/text/body/listBibl/msDesc/physDesc/handDesc/handNote/origDate		
manuscripts	1041.xml		/TEI/text/body/listBibl/msDesc/physDesc/bindingDesc/binding/decoNote/origDate		
manuscripts	1041.xml		/TEI/text/body/listBibl/msDesc/history/provenance/date		
manuscripts	1041.xml		/TEI/text/body/listBibl/msDesc/history/acquisition/date		
manuscripts	1042.xml	1000-1100	/TEI/text/body/listBibl/msDesc/physDesc/handDesc/handNote/origDate		
manuscripts	1042.xml		/TEI/text/body/listBibl/msDesc/physDesc/bindingDesc/binding/decoNote/origDate		
manuscripts	1042.xml		/TEI/text/body/listBibl/msDesc/history/provenance/date		
manuscripts	1042.xml		/TEI/text/body/listBibl/msDesc/history/acquisition/date		
manuscripts	1043.xml	1000-1100	/TEI/text/body/listBibl/msDesc/physDesc/handDesc/handNote/origDate		
manuscripts	1043.xml		/TEI/text/body/listBibl/msDesc/physDesc/bindingDesc/binding/decoNote/origDate		
manuscripts	1043.xml		/TEI/text/body/listBibl/msDesc/history/provenance/date		
manuscripts	1043.xml		/TEI/text/body/listBibl/msDesc/history/acquisition/date		
manuscripts	1044.xml	1000-1100	/TEI/text/body/listBibl/msDesc/physDesc/handDesc/handNote/origDate		
manuscripts	1044.xml		/TEI/text/body/listBibl/msDesc/physDesc/bindingDesc/binding/decoNote/origDate		
manuscripts	1044.xml		/TEI/text/body/listBibl/msDesc/history/provenance/date		
manuscripts	1044.xml		/TEI/text/body/listBibl/msDesc/history/acquisition/date		
manuscripts	1045.xml	1000-1200?	/TEI/text/body/listBibl/msDesc/physDesc/handDesc/handNote/origDate		
manuscripts	1045.xml		/TEI/text/body/listBibl/msDesc/physDesc/bindingDesc/binding/decoNote/origDate		
manuscripts	1045.xml		/TEI/text/body/listBibl/msDesc/history/provenance/date		
manuscripts	1045.xml		/TEI/text/body/listBibl/msDesc/history/acquisition/date		
manuscripts	1046.xml	1000-1100	/TEI/text/body/listBibl/msDesc/physDesc/handDesc/handNote/origDate		
manuscripts	1046.xml		/TEI/text/body/listBibl/msDesc/physDesc/bindingDesc/binding/decoNote/origDate		
manuscripts	1046.xml		/TEI/text/body/listBibl/msDesc/history/provenance/date		
manuscripts	1046.xml		/TEI/text/body/listBibl/msDesc/history/acquisition/date		
manuscripts	1047.xml	1000-1200?	/TEI/text/body/listBibl/msDesc/physDesc/handDesc/handNote/origDate		
manuscripts	1047.xml		/TEI/text/body/listBibl/msDesc/physDesc/bindingDesc/binding/decoNote/origDate		
manuscripts	1047.xml		/TEI/text/body/listBibl/msDesc/history/provenance/date		
manuscripts	1047.xml		/TEI/text/body/listBibl/msDesc/history/acquisition/date		
manuscripts	1048.xml	1000-1200?	/TEI/text/body/listBibl/msDesc/physDesc/handDesc/handNote/origDate		
manuscripts	1048.xml		/TEI/text/body/listBibl/msDesc/physDesc/bindingDesc/binding/decoNote/origDate		
manuscripts	1048.xml		/TEI/text/body/listBibl/msDesc/history/provenance/date		
manuscripts	1048.xml		/TEI/text/body/listBibl/msDesc/history/acquisition/date		
manuscripts	1049.xml	1000-1100	/TEI/text/body/listBibl/msDesc/physDesc/handDesc/handNote/origDate		
manuscripts	1049.xml		/TEI/text/body/listBibl/msDesc/physDesc/bindingDesc/binding/decoNote/origDate		
manuscripts	1049.xml		/TEI/text/body/listBibl/msDesc/history/provenance/date		
manuscripts	1049.xml		/TEI/text/body/listBibl/msDesc/history/acquisition/date		
manuscripts	105.xml	1580	/TEI/text/body/listBibl/msDesc/physDesc/handDesc/handNote/origDate		
manuscripts	105.xml		/TEI/text/body/listBibl/msDesc/physDesc/bindingDesc/binding/decoNote/origDate		
manuscripts	105.xml		/TEI/text/body/listBibl/msDesc/history/provenance/date		
manuscripts	105.xml		/TEI/text/body/listBibl/msDesc/history/acquisition/date		
manuscripts	1050.xml	1000-1200?	/TEI/text/body/listBibl/msDesc/physDesc/handDesc/handNote/origDate		
manuscripts	1050.xml		/TEI/text/body/listBibl/msDesc/physDesc/bindingDesc/binding/decoNote/origDate		
manuscripts	1050.xml		/TEI/text/body/listBibl/msDesc/history/provenance/date		
manuscripts	1050.xml		/TEI/text/body/listBibl/msDesc/history/acquisition/date		
manuscripts	1051.xml	1200-1300	/TEI/text/body/listBibl/msDesc/physDesc/handDesc/handNote/origDate		
manuscripts	1051.xml		/TEI/text/body/listBibl/msDesc/physDesc/bindingDesc/binding/decoNote/origDate		
manuscripts	1051.xml		/TEI/text/body/listBibl/msDesc/history/provenance/date		
manuscripts	1051.xml		/TEI/text/body/listBibl/msDesc/history/acquisition/date		
manuscripts	1052.xml		/TEI/text/body/listBibl/msDesc/physDesc/handDesc/handNote/origDate		
manuscripts	1052.xml		/TEI/text/body/listBibl/msDesc/physDesc/bindingDesc/binding/decoNote/origDate		
manuscripts	1052.xml		/TEI/text/body/listBibl/msDesc/history/provenance/date		
manuscripts	1052.xml		/TEI/text/body/listBibl/msDesc/history/acquisition/date		
manuscripts	1053.xml		/TEI/text/body/listBibl/msDesc/physDesc/handDesc/handNote/origDate		
manuscripts	1053.xml		/TEI/text/body/listBibl/msDesc/physDesc/bindingDesc/binding/decoNote/origDate		
manuscripts	1053.xml		/TEI/text/body/listBibl/msDesc/history/provenance/date		
manuscripts	1053.xml		/TEI/text/body/listBibl/msDesc/history/acquisition/date		
manuscripts	1054.xml		/TEI/text/body/listBibl/msDesc/physDesc/handDesc/handNote/origDate		
manuscripts	1054.xml		/TEI/text/body/listBibl/msDesc/physDesc/bindingDesc/binding/decoNote/origDate		
manuscripts	1054.xml		/TEI/text/body/listBibl/msDesc/history/provenance/date		
manuscripts	1054.xml		/TEI/text/body/listBibl/msDesc/history/acquisition/date		
manuscripts	1055.xml		/TEI/text/body/listBibl/msDesc/physDesc/handDesc/handNote/origDate		
manuscripts	1055.xml		/TEI/text/body/listBibl/msDesc/physDesc/bindingDesc/binding/decoNote/origDate		
manuscripts	1055.xml		/TEI/text/body/listBibl/msDesc/history/provenance/date		
manuscripts	1055.xml		/TEI/text/body/listBibl/msDesc/history/acquisition/date		
manuscripts	1056.xml		/TEI/text/body/listBibl/msDesc/physDesc/handDesc/handNote/origDate		
manuscripts	1056.xml		/TEI/text/body/listBibl/msDesc/physDesc/bindingDesc/binding/decoNote/origDate		
manuscripts	1056.xml		/TEI/text/body/listBibl/msDesc/history/provenance/date		
manuscripts	1056.xml		/TEI/text/body/listBibl/msDesc/history/acquisition/date		
manuscripts	1057.xml		/TEI/text/body/listBibl/msDesc/physDesc/handDesc/handNote/origDate		
manuscripts	1057.xml		/TEI/text/body/listBibl/msDesc/physDesc/bindingDesc/binding/decoNote/origDate		
manuscripts	1057.xml		/TEI/text/body/listBibl/msDesc/history/provenance/date		
manuscripts	1057.xml		/TEI/text/body/listBibl/msDesc/history/acquisition/date		
manuscripts	1058.xml		/TEI/text/body/listBibl/msDesc/physDesc/handDesc/handNote/origDate		
manuscripts	1058.xml		/TEI/text/body/listBibl/msDesc/physDesc/bindingDesc/binding/decoNote/origDate		
manuscripts	1058.xml		/TEI/text/body/listBibl/msDesc/history/provenance/date		
manuscripts	1058.xml		/TEI/text/body/listBibl/msDesc/history/acquisition/date		
manuscripts	1059.xml		/TEI/text/body/listBibl/msDesc/physDesc/handDesc/handNote/origDate		
manuscripts	1059.xml		/TEI/text/body/listBibl/msDesc/physDesc/bindingDesc/binding/decoNote/origDate		
manuscripts	1059.xml		/TEI/text/body/listBibl/msDesc/history/provenance/date		
manuscripts	1059.xml		/TEI/text/body/listBibl/msDesc/history/acquisition/date		
manuscripts	106.xml		/TEI/text/body/listBibl/msDesc/physDesc/handDesc/handNote/origDate		
manuscripts	106.xml		/TEI/text/body/listBibl/msDesc/physDesc/bindingDesc/binding/decoNote/origDate		
manuscripts	106.xml		/TEI/text/body/listBibl/msDesc/history/provenance/date		
manuscripts	106.xml		/TEI/text/body/listBibl/msDesc/history/acquisition/date		
manuscripts	1060.xml		/TEI/text/body/listBibl/msDesc/physDesc/handDesc/handNote/origDate		
manuscripts	1060.xml		/TEI/text/body/listBibl/msDesc/physDesc/bindingDesc/binding/decoNote/origDate		
manuscripts	1060.xml		/TEI/text/body/listBibl/msDesc/history/provenance/date		
manuscripts	1060.xml		/TEI/text/body/listBibl/msDesc/history/acquisition/date		
manuscripts	1062.xml	1100-1300?	/TEI/text/body/listBibl/msDesc/physDesc/handDesc/handNote/origDate		
manuscripts	1062.xml		/TEI/text/body/listBibl/msDesc/physDesc/bindingDesc/binding/decoNote/origDate		
manuscripts	1062.xml		/TEI/text/body/listBibl/msDesc/history/provenance/date		
manuscripts	1062.xml		/TEI/text/body/listBibl/msDesc/history/acquisition/date		
manuscripts	1063.xml	after 1000	/TEI/text/body/listBibl/msDesc/physDesc/handDesc/handNote/origDate		
manuscripts	1063.xml		/TEI/text/body/listBibl/msDesc/physDesc/bindingDesc/binding/decoNote/origDate		
manuscripts	1063.xml		/TEI/text/body/listBibl/msDesc/history/provenance/date		
manuscripts	1063.xml		/TEI/text/body/listBibl/msDesc/history/acquisition/date		
manuscripts	1064.xml	1100-1300?	/TEI/text/body/listBibl/msDesc/physDesc/handDesc/handNote/origDate		
manuscripts	1064.xml		/TEI/text/body/listBibl/msDesc/physDesc/bindingDesc/binding/decoNote/origDate		
manuscripts	1064.xml		/TEI/text/body/listBibl/msDesc/history/provenance/date		
manuscripts	1064.xml		/TEI/text/body/listBibl/msDesc/history/acquisition/date		
manuscripts	1065.xml		/TEI/text/body/listBibl/msDesc/physDesc/handDesc/handNote/origDate		
manuscripts	1065.xml		/TEI/text/body/listBibl/msDesc/physDesc/bindingDesc/binding/decoNote/origDate		
manuscripts	1065.xml		/TEI/text/body/listBibl/msDesc/history/provenance/date		
manuscripts	1065.xml		/TEI/text/body/listBibl/msDesc/history/acquisition/date		
manuscripts	1066.xml	1000-1200?	/TEI/text/body/listBibl/msDesc/physDesc/handDesc/handNote/origDate		
manuscripts	1066.xml		/TEI/text/body/listBibl/msDesc/physDesc/bindingDesc/binding/decoNote/origDate		
manuscripts	1066.xml		/TEI/text/body/listBibl/msDesc/history/provenance/date		
manuscripts	1066.xml		/TEI/text/body/listBibl/msDesc/history/acquisition/date		
manuscripts	1067.xml		/TEI/text/body/listBibl/msDesc/physDesc/handDesc/handNote/origDate		
manuscripts	1067.xml		/TEI/text/body/listBibl/msDesc/physDesc/bindingDesc/binding/decoNote/origDate		
manuscripts	1067.xml		/TEI/text/body/listBibl/msDesc/history/provenance/date		
manuscripts	1067.xml		/TEI/text/body/listBibl/msDesc/history/acquisition/date		
manuscripts	1068.xml		/TEI/text/body/listBibl/msDesc/physDesc/handDesc/handNote/origDate		
manuscripts	1068.xml		/TEI/text/body/listBibl/msDesc/physDesc/bindingDesc/binding/decoNote/origDate		
manuscripts	1068.xml		/TEI/text/body/listBibl/msDesc/history/provenance/date		
manuscripts	1068.xml		/TEI/text/body/listBibl/msDesc/history/acquisition/date		
manuscripts	1069.xml		/TEI/text/body/listBibl/msDesc/physDesc/handDesc/handNote/origDate		
manuscripts	1069.xml		/TEI/text/body/listBibl/msDesc/physDesc/bindingDesc/binding/decoNote/origDate		
manuscripts	1069.xml		/TEI/text/body/listBibl/msDesc/history/provenance/date		
manuscripts	1069.xml		/TEI/text/body/listBibl/msDesc/history/acquisition/date		
manuscripts	107.xml		/TEI/text/body/listBibl/msDesc/physDesc/handDesc/handNote/origDate		
manuscripts	107.xml		/TEI/text/body/listBibl/msDesc/physDesc/bindingDesc/binding/decoNote/origDate		
manuscripts	107.xml		/TEI/text/body/listBibl/msDesc/history/provenance/date		
manuscripts	107.xml		/TEI/text/body/listBibl/msDesc/history/acquisition/date		
manuscripts	1070.xml		/TEI/text/body/listBibl/msDesc/physDesc/handDesc/handNote/origDate		
manuscripts	1070.xml		/TEI/text/body/listBibl/msDesc/physDesc/bindingDesc/binding/decoNote/origDate		
manuscripts	1070.xml		/TEI/text/body/listBibl/msDesc/history/provenance/date		
manuscripts	1070.xml		/TEI/text/body/listBibl/msDesc/history/acquisition/date		
manuscripts	1071.xml		/TEI/text/body/listBibl/msDesc/physDesc/handDesc/handNote/origDate		
manuscripts	1071.xml		/TEI/text/body/listBibl/msDesc/physDesc/bindingDesc/binding/decoNote/origDate		
manuscripts	1071.xml		/TEI/text/body/listBibl/msDesc/history/provenance/date		
manuscripts	1071.xml		/TEI/text/body/listBibl/msDesc/history/acquisition/date		
manuscripts	1072.xml		/TEI/text/body/listBibl/msDesc/physDesc/handDesc/handNote/origDate		
manuscripts	1072.xml		/TEI/text/body/listBibl/msDesc/physDesc/bindingDesc/binding/decoNote/origDate		
manuscripts	1072.xml		/TEI/text/body/listBibl/msDesc/history/provenance/date		
manuscripts	1072.xml		/TEI/text/body/listBibl/msDesc/history/acquisition/date		
manuscripts	1073.xml		/TEI/text/body/listBibl/msDesc/physDesc/handDesc/handNote/origDate		
manuscripts	1073.xml		/TEI/text/body/listBibl/msDesc/physDesc/bindingDesc/binding/decoNote/origDate		
manuscripts	1073.xml		/TEI/text/body/listBibl/msDesc/history/provenance/date		
manuscripts	1073.xml		/TEI/text/body/listBibl/msDesc/history/acquisition/date		
manuscripts	1074.xml		/TEI/text/body/listBibl/msDesc/physDesc/handDesc/handNote/origDate		
manuscripts	1074.xml		/TEI/text/body/listBibl/msDesc/physDesc/bindingDesc/binding/decoNote/origDate		
manuscripts	1074.xml		/TEI/text/body/listBibl/msDesc/history/provenance/date		
manuscripts	1074.xml		/TEI/text/body/listBibl/msDesc/history/acquisition/date		
manuscripts	1075.xml		/TEI/text/body/listBibl/msDesc/physDesc/handDesc/handNote/origDate		
manuscripts	1075.xml		/TEI/text/body/listBibl/msDesc/physDesc/bindingDesc/binding/decoNote/origDate		
manuscripts	1075.xml		/TEI/text/body/listBibl/msDesc/history/provenance/date		
manuscripts	1075.xml		/TEI/text/body/listBibl/msDesc/history/acquisition/date		
manuscripts	1076.xml		/TEI/text/body/listBibl/msDesc/physDesc/handDesc/handNote/origDate		
manuscripts	1076.xml		/TEI/text/body/listBibl/msDesc/physDesc/bindingDesc/binding/decoNote/origDate		
manuscripts	1076.xml		/TEI/text/body/listBibl/msDesc/history/provenance/date		
manuscripts	1076.xml		/TEI/text/body/listBibl/msDesc/history/acquisition/date		
manuscripts	1077.xml		/TEI/text/body/listBibl/msDesc/physDesc/handDesc/handNote/origDate		
manuscripts	1077.xml		/TEI/text/body/listBibl/msDesc/physDesc/bindingDesc/binding/decoNote/origDate		
manuscripts	1077.xml		/TEI/text/body/listBibl/msDesc/history/provenance/date		
manuscripts	1077.xml		/TEI/text/body/listBibl/msDesc/history/acquisition/date		
manuscripts	1078.xml		/TEI/text/body/listBibl/msDesc/physDesc/handDesc/handNote/origDate		
manuscripts	1078.xml		/TEI/text/body/listBibl/msDesc/physDesc/bindingDesc/binding/decoNote/origDate		
manuscripts	1078.xml		/TEI/text/body/listBibl/msDesc/history/provenance/date		
manuscripts	1078.xml		/TEI/text/body/listBibl/msDesc/history/acquisition/date		
manuscripts	1079.xml		/TEI/text/body/listBibl/msDesc/physDesc/handDesc/handNote/origDate		
manuscripts	1079.xml		/TEI/text/body/listBibl/msDesc/physDesc/bindingDesc/binding/decoNote/origDate		
manuscripts	1079.xml		/TEI/text/body/listBibl/msDesc/history/provenance/date		
manuscripts	1079.xml		/TEI/text/body/listBibl/msDesc/history/acquisition/date		
manuscripts	108.xml		/TEI/text/body/listBibl/msDesc/physDesc/handDesc/handNote/origDate		
manuscripts	108.xml		/TEI/text/body/listBibl/msDesc/physDesc/bindingDesc/binding/decoNote/origDate		
manuscripts	108.xml		/TEI/text/body/listBibl/msDesc/history/provenance/date		
manuscripts	108.xml		/TEI/text/body/listBibl/msDesc/history/acquisition/date		
manuscripts	1080.xml	1000-1100	/TEI/text/body/listBibl/msDesc/physDesc/handDesc/handNote/origDate		
manuscripts	1080.xml		/TEI/text/body/listBibl/msDesc/physDesc/bindingDesc/binding/decoNote/origDate		
manuscripts	1080.xml		/TEI/text/body/listBibl/msDesc/history/provenance/date		
manuscripts	1080.xml		/TEI/text/body/listBibl/msDesc/history/acquisition/date		
manuscripts	1081.xml		/TEI/text/body/listBibl/msDesc/physDesc/handDesc/handNote/origDate		
manuscripts	1081.xml		/TEI/text/body/listBibl/msDesc/physDesc/bindingDesc/binding/decoNote/origDate		
manuscripts	1081.xml		/TEI/text/body/listBibl/msDesc/history/provenance/date		
manuscripts	1081.xml		/TEI/text/body/listBibl/msDesc/history/acquisition/date		
manuscripts	1082.xml	after 1000	/TEI/text/body/listBibl/msDesc/physDesc/handDesc/handNote/origDate		
manuscripts	1082.xml		/TEI/text/body/listBibl/msDesc/physDesc/bindingDesc/binding/decoNote/origDate		
manuscripts	1082.xml		/TEI/text/body/listBibl/msDesc/history/provenance/date		
manuscripts	1082.xml		/TEI/text/body/listBibl/msDesc/history/acquisition/date		
manuscripts	1083.xml		/TEI/text/body/listBibl/msDesc/physDesc/handDesc/handNote/origDate		
manuscripts	1083.xml		/TEI/text/body/listBibl/msDesc/physDesc/bindingDesc/binding/decoNote/origDate		
manuscripts	1083.xml		/TEI/text/body/listBibl/msDesc/history/provenance/date		
manuscripts	1083.xml		/TEI/text/body/listBibl/msDesc/history/acquisition/date		
manuscripts	1084.xml		/TEI/text/body/listBibl/msDesc/physDesc/handDesc/handNote/origDate		
manuscripts	1084.xml		/TEI/text/body/listBibl/msDesc/physDesc/bindingDesc/binding/decoNote/origDate		
manuscripts	1084.xml		/TEI/text/body/listBibl/msDesc/history/provenance/date		
manuscripts	1084.xml		/TEI/text/body/listBibl/msDesc/history/acquisition/date		
manuscripts	1085.xml		/TEI/text/body/listBibl/msDesc/physDesc/handDesc/handNote/origDate		
manuscripts	1085.xml		/TEI/text/body/listBibl/msDesc/physDesc/bindingDesc/binding/decoNote/origDate		
manuscripts	1085.xml		/TEI/text/body/listBibl/msDesc/history/provenance/date		
manuscripts	1085.xml		/TEI/text/body/listBibl/msDesc/history/acquisition/date		
manuscripts	1086.xml		/TEI/text/body/listBibl/msDesc/physDesc/handDesc/handNote/origDate		
manuscripts	1086.xml		/TEI/text/body/listBibl/msDesc/physDesc/bindingDesc/binding/decoNote/origDate		
manuscripts	1086.xml		/TEI/text/body/listBibl/msDesc/history/provenance/date		
manuscripts	1086.xml		/TEI/text/body/listBibl/msDesc/history/acquisition/date		
manuscripts	1087.xml		/TEI/text/body/listBibl/msDesc/physDesc/handDesc/handNote/origDate		
manuscripts	1087.xml		/TEI/text/body/listBibl/msDesc/physDesc/bindingDesc/binding/decoNote/origDate		
manuscripts	1087.xml		/TEI/text/body/listBibl/msDesc/history/provenance/date		
manuscripts	1087.xml		/TEI/text/body/listBibl/msDesc/history/acquisition/date		
manuscripts	1088.xml		/TEI/text/body/listBibl/msDesc/physDesc/handDesc/handNote/origDate		
manuscripts	1088.xml		/TEI/text/body/listBibl/msDesc/physDesc/bindingDesc/binding/decoNote/origDate		
manuscripts	1088.xml		/TEI/text/body/listBibl/msDesc/history/provenance/date		
manuscripts	1088.xml		/TEI/text/body/listBibl/msDesc/history/acquisition/date		
manuscripts	109.xml		/TEI/text/body/listBibl/msDesc/physDesc/handDesc/handNote/origDate		
manuscripts	109.xml		/TEI/text/body/listBibl/msDesc/physDesc/bindingDesc/binding/decoNote/origDate		
manuscripts	109.xml		/TEI/text/body/listBibl/msDesc/history/provenance/date		
manuscripts	109.xml		/TEI/text/body/listBibl/msDesc/history/acquisition/date		
manuscripts	1090.xml		/TEI/text/body/listBibl/msDesc/physDesc/handDesc/handNote/origDate		
manuscripts	1090.xml		/TEI/text/body/listBibl/msDesc/physDesc/bindingDesc/binding/decoNote/origDate		
manuscripts	1090.xml		/TEI/text/body/listBibl/msDesc/history/provenance/date		
manuscripts	1090.xml		/TEI/text/body/listBibl/msDesc/history/acquisition/date		
manuscripts	1091.xml		/TEI/text/body/listBibl/msDesc/physDesc/handDesc/handNote/origDate		
manuscripts	1091.xml		/TEI/text/body/listBibl/msDesc/physDesc/bindingDesc/binding/decoNote/origDate		
manuscripts	1091.xml		/TEI/text/body/listBibl/msDesc/history/provenance/date		
manuscripts	1091.xml		/TEI/text/body/listBibl/msDesc/history/acquisition/date		
manuscripts	1092.xml		/TEI/text/body/listBibl/msDesc/physDesc/handDesc/handNote/origDate		
manuscripts	1092.xml		/TEI/text/body/listBibl/msDesc/physDesc/bindingDesc/binding/decoNote/origDate		
manuscripts	1092.xml		/TEI/text/body/listBibl/msDesc/history/provenance/date		
manuscripts	1092.xml		/TEI/text/body/listBibl/msDesc/history/acquisition/date		
manuscripts	1093.xml		/TEI/text/body/listBibl/msDesc/physDesc/handDesc/handNote/origDate		
manuscripts	1093.xml		/TEI/text/body/listBibl/msDesc/physDesc/bindingDesc/binding/decoNote/origDate		
manuscripts	1093.xml		/TEI/text/body/listBibl/msDesc/history/provenance/date		
manuscripts	1093.xml		/TEI/text/body/listBibl/msDesc/history/acquisition/date		
manuscripts	1094.xml		/TEI/text/body/listBibl/msDesc/physDesc/handDesc/handNote/origDate		
manuscripts	1094.xml		/TEI/text/body/listBibl/msDesc/physDesc/bindingDesc/binding/decoNote/origDate		
manuscripts	1094.xml		/TEI/text/body/listBibl/msDesc/history/provenance/date		
manuscripts	1094.xml		/TEI/text/body/listBibl/msDesc/history/acquisition/date		
manuscripts	1095.xml		/TEI/text/body/listBibl/msDesc/physDesc/handDesc/handNote/origDate		
manuscripts	1095.xml		/TEI/text/body/listBibl/msDesc/physDesc/bindingDesc/binding/decoNote/origDate		
manuscripts	1095.xml		/TEI/text/body/listBibl/msDesc/history/provenance/date		
manuscripts	1095.xml		/TEI/text/body/listBibl/msDesc/history/acquisition/date		
manuscripts	1096.xml		/TEI/text/body/listBibl/msDesc/physDesc/handDesc/handNote/origDate		
manuscripts	1096.xml		/TEI/text/body/listBibl/msDesc/physDesc/bindingDesc/binding/decoNote/origDate		
manuscripts	1096.xml		/TEI/text/body/listBibl/msDesc/history/provenance/date		
manuscripts	1096.xml		/TEI/text/body/listBibl/msDesc/history/acquisition/date		
manuscripts	1097.xml		/TEI/text/body/listBibl/msDesc/physDesc/handDesc/handNote/origDate		
manuscripts	1097.xml		/TEI/text/body/listBibl/msDesc/physDesc/bindingDesc/binding/decoNote/origDate		
manuscripts	1097.xml		/TEI/text/body/listBibl/msDesc/history/provenance/date		
manuscripts	1097.xml		/TEI/text/body/listBibl/msDesc/history/acquisition/date		
manuscripts	1098.xml		/TEI/text/body/listBibl/msDesc/physDesc/handDesc/handNote/origDate		
manuscripts	1098.xml		/TEI/text/body/listBibl/msDesc/physDesc/bindingDesc/binding/decoNote/origDate		
manuscripts	1098.xml		/TEI/text/body/listBibl/msDesc/history/provenance/date		
manuscripts	1098.xml		/TEI/text/body/listBibl/msDesc/history/acquisition/date		
manuscripts	1099.xml		/TEI/text/body/listBibl/msDesc/physDesc/handDesc/handNote/origDate		
manuscripts	1099.xml		/TEI/text/body/listBibl/msDesc/physDesc/bindingDesc/binding/decoNote/origDate		
manuscripts	1099.xml		/TEI/text/body/listBibl/msDesc/history/provenance/date		
manuscripts	1099.xml		/TEI/text/body/listBibl/msDesc/history/acquisition/date		
manuscripts	11.xml		/TEI/text/body/listBibl/msDesc/physDesc/handDesc/handNote/origDate[1]		
manuscripts	11.xml		/TEI/text/body/listBibl/msDesc/physDesc/handDesc/handNote/origDate[2]		
manuscripts	11.xml		/TEI/text/body/listBibl/msDesc/physDesc/bindingDesc/binding/decoNote/origDate		
manuscripts	11.xml		/TEI/text/body/listBibl/msDesc/history/provenance/date		
manuscripts	11.xml		/TEI/text/body/listBibl/msDesc/history/acquisition/date		
manuscripts	110.xml		/TEI/text/body/listBibl/msDesc/physDesc/handDesc/handNote/origDate		
manuscripts	110.xml		/TEI/text/body/listBibl/msDesc/physDesc/bindingDesc/binding/decoNote/origDate		
manuscripts	110.xml		/TEI/text/body/listBibl/msDesc/history/provenance/date		
manuscripts	110.xml		/TEI/text/body/listBibl/msDesc/history/acquisition/date		
manuscripts	1100.xml		/TEI/text/body/listBibl/msDesc/physDesc/handDesc/handNote/origDate		
manuscripts	1100.xml		/TEI/text/body/listBibl/msDesc/physDesc/bindingDesc/binding/decoNote/origDate		
manuscripts	1100.xml		/TEI/text/body/listBibl/msDesc/history/provenance/date		
manuscripts	1100.xml		/TEI/text/body/listBibl/msDesc/history/acquisition/date		
manuscripts	1101.xml		/TEI/text/body/listBibl/msDesc/physDesc/handDesc/handNote/origDate		
manuscripts	1101.xml		/TEI/text/body/listBibl/msDesc/physDesc/bindingDesc/binding/decoNote/origDate		
manuscripts	1101.xml		/TEI/text/body/listBibl/msDesc/history/provenance/date		
manuscripts	1101.xml		/TEI/text/body/listBibl/msDesc/history/acquisition/date		
manuscripts	1102.xml		/TEI/text/body/listBibl/msDesc/physDesc/handDesc/handNote/origDate		
manuscripts	1102.xml		/TEI/text/body/listBibl/msDesc/physDesc/bindingDesc/binding/decoNote/origDate		
manuscripts	1102.xml		/TEI/text/body/listBibl/msDesc/history/provenance/date		
manuscripts	1102.xml		/TEI/text/body/listBibl/msDesc/history/acquisition/date		
manuscripts	1103.xml		/TEI/text/body/listBibl/msDesc/physDesc/handDesc/handNote/origDate		
manuscripts	1103.xml		/TEI/text/body/listBibl/msDesc/physDesc/bindingDesc/binding/decoNote/origDate		
manuscripts	1103.xml		/TEI/text/body/listBibl/msDesc/history/provenance/date		
manuscripts	1103.xml		/TEI/text/body/listBibl/msDesc/history/acquisition/date		
manuscripts	1104.xml		/TEI/text/body/listBibl/msDesc/physDesc/handDesc/handNote/origDate		
manuscripts	1104.xml		/TEI/text/body/listBibl/msDesc/physDesc/bindingDesc/binding/decoNote/origDate		
manuscripts	1104.xml		/TEI/text/body/listBibl/msDesc/history/provenance/date		
manuscripts	1104.xml		/TEI/text/body/listBibl/msDesc/history/acquisition/date		
manuscripts	1105.xml		/TEI/text/body/listBibl/msDesc/physDesc/handDesc/handNote/origDate		
manuscripts	1105.xml		/TEI/text/body/listBibl/msDesc/physDesc/bindingDesc/binding/decoNote/origDate		
manuscripts	1105.xml		/TEI/text/body/listBibl/msDesc/history/provenance/date		
manuscripts	1105.xml		/TEI/text/body/listBibl/msDesc/history/acquisition/date		
manuscripts	1106.xml		/TEI/text/body/listBibl/msDesc/physDesc/handDesc/handNote/origDate		
manuscripts	1106.xml		/TEI/text/body/listBibl/msDesc/physDesc/bindingDesc/binding/decoNote/origDate		
manuscripts	1106.xml		/TEI/text/body/listBibl/msDesc/history/provenance/date		
manuscripts	1106.xml		/TEI/text/body/listBibl/msDesc/history/acquisition/date		
manuscripts	1107.xml		/TEI/text/body/listBibl/msDesc/physDesc/handDesc/handNote/origDate		
manuscripts	1107.xml		/TEI/text/body/listBibl/msDesc/physDesc/bindingDesc/binding/decoNote/origDate		
manuscripts	1107.xml		/TEI/text/body/listBibl/msDesc/history/provenance/date		
manuscripts	1107.xml		/TEI/text/body/listBibl/msDesc/history/acquisition/date		
manuscripts	1108.xml		/TEI/text/body/listBibl/msDesc/physDesc/handDesc/handNote/origDate		
manuscripts	1108.xml		/TEI/text/body/listBibl/msDesc/physDesc/bindingDesc/binding/decoNote/origDate		
manuscripts	1108.xml		/TEI/text/body/listBibl/msDesc/history/provenance/date		
manuscripts	1108.xml		/TEI/text/body/listBibl/msDesc/history/acquisition/date		
manuscripts	1109.xml		/TEI/text/body/listBibl/msDesc/physDesc/handDesc/handNote/origDate		
manuscripts	1109.xml		/TEI/text/body/listBibl/msDesc/physDesc/bindingDesc/binding/decoNote/origDate		
manuscripts	1109.xml		/TEI/text/body/listBibl/msDesc/history/provenance/date		
manuscripts	1109.xml		/TEI/text/body/listBibl/msDesc/history/acquisition/date		
manuscripts	111.xml		/TEI/text/body/listBibl/msDesc/physDesc/handDesc/handNote/origDate		
manuscripts	111.xml		/TEI/text/body/listBibl/msDesc/physDesc/bindingDesc/binding/decoNote/origDate		
manuscripts	111.xml		/TEI/text/body/listBibl/msDesc/history/provenance/date		
manuscripts	111.xml		/TEI/text/body/listBibl/msDesc/history/acquisition/date		
manuscripts	1110.xml		/TEI/text/body/listBibl/msDesc/physDesc/handDesc/handNote/origDate		
manuscripts	1110.xml		/TEI/text/body/listBibl/msDesc/physDesc/bindingDesc/binding/decoNote/origDate		
manuscripts	1110.xml		/TEI/text/body/listBibl/msDesc/history/provenance/date		
manuscripts	1110.xml		/TEI/text/body/listBibl/msDesc/history/acquisition/date		
manuscripts	1111.xml		/TEI/text/body/listBibl/msDesc/physDesc/handDesc/handNote/origDate		
manuscripts	1111.xml		/TEI/text/body/listBibl/msDesc/physDesc/bindingDesc/binding/decoNote/origDate		
manuscripts	1111.xml		/TEI/text/body/listBibl/msDesc/history/provenance/date		
manuscripts	1111.xml		/TEI/text/body/listBibl/msDesc/history/acquisition/date		
manuscripts	1112.xml		/TEI/text/body/listBibl/msDesc/physDesc/handDesc/handNote/origDate		
manuscripts	1112.xml		/TEI/text/body/listBibl/msDesc/physDesc/bindingDesc/binding/decoNote/origDate		
manuscripts	1112.xml		/TEI/text/body/listBibl/msDesc/history/provenance/date		
manuscripts	1112.xml		/TEI/text/body/listBibl/msDesc/history/acquisition/date		
manuscripts	1113.xml		/TEI/text/body/listBibl/msDesc/physDesc/handDesc/handNote/origDate		
manuscripts	1113.xml		/TEI/text/body/listBibl/msDesc/physDesc/bindingDesc/binding/decoNote/origDate		
manuscripts	1113.xml		/TEI/text/body/listBibl/msDesc/history/provenance/date		
manuscripts	1113.xml		/TEI/text/body/listBibl/msDesc/history/acquisition/date		
manuscripts	1114.xml		/TEI/text/body/listBibl/msDesc/physDesc/handDesc/handNote/origDate		
manuscripts	1114.xml		/TEI/text/body/listBibl/msDesc/physDesc/bindingDesc/binding/decoNote/origDate		
manuscripts	1114.xml		/TEI/text/body/listBibl/msDesc/history/provenance/date		
manuscripts	1114.xml		/TEI/text/body/listBibl/msDesc/history/acquisition/date		
manuscripts	1115.xml		/TEI/text/body/listBibl/msDesc/physDesc/handDesc/handNote/origDate		
manuscripts	1115.xml		/TEI/text/body/listBibl/msDesc/physDesc/bindingDesc/binding/decoNote/origDate		
manuscripts	1115.xml		/TEI/text/body/listBibl/msDesc/history/provenance/date		
manuscripts	1115.xml		/TEI/text/body/listBibl/msDesc/history/acquisition/date		
manuscripts	1116.xml		/TEI/text/body/listBibl/msDesc/physDesc/handDesc/handNote/origDate		
manuscripts	1116.xml		/TEI/text/body/listBibl/msDesc/physDesc/bindingDesc/binding/decoNote/origDate		
manuscripts	1116.xml		/TEI/text/body/listBibl/msDesc/history/provenance/date		
manuscripts	1116.xml		/TEI/text/body/listBibl/msDesc/history/acquisition/date		
manuscripts	1117.xml		/TEI/text/body/listBibl/msDesc/physDesc/handDesc/handNote/origDate		
manuscripts	1117.xml		/TEI/text/body/listBibl/msDesc/physDesc/bindingDesc/binding/decoNote/origDate		
manuscripts	1117.xml		/TEI/text/body/listBibl/msDesc/history/provenance/date		
manuscripts	1117.xml		/TEI/text/body/listBibl/msDesc/history/acquisition/date		
manuscripts	1118.xml		/TEI/text/body/listBibl/msDesc/physDesc/handDesc/handNote/origDate		
manuscripts	1118.xml		/TEI/text/body/listBibl/msDesc/physDesc/bindingDesc/binding/decoNote/origDate		
manuscripts	1118.xml		/TEI/text/body/listBibl/msDesc/history/provenance/date		
manuscripts	1118.xml		/TEI/text/body/listBibl/msDesc/history/acquisition/date		
manuscripts	1119.xml		/TEI/text/body/listBibl/msDesc/physDesc/handDesc/handNote/origDate		
manuscripts	1119.xml		/TEI/text/body/listBibl/msDesc/physDesc/bindingDesc/binding/decoNote/origDate		
manuscripts	1119.xml		/TEI/text/body/listBibl/msDesc/history/provenance/date		
manuscripts	1119.xml		/TEI/text/body/listBibl/msDesc/history/acquisition/date		
manuscripts	112.xml		/TEI/text/body/listBibl/msDesc/physDesc/handDesc/handNote/origDate		
manuscripts	112.xml		/TEI/text/body/listBibl/msDesc/physDesc/bindingDesc/binding/decoNote/origDate		
manuscripts	112.xml		/TEI/text/body/listBibl/msDesc/history/provenance/date		
manuscripts	112.xml		/TEI/text/body/listBibl/msDesc/history/acquisition/date		
manuscripts	1120.xml		/TEI/text/body/listBibl/msDesc/physDesc/handDesc/handNote/origDate		
manuscripts	1120.xml		/TEI/text/body/listBibl/msDesc/physDesc/bindingDesc/binding/decoNote/origDate		
manuscripts	1120.xml		/TEI/text/body/listBibl/msDesc/history/provenance/date		
manuscripts	1120.xml		/TEI/text/body/listBibl/msDesc/history/acquisition/date		
manuscripts	1121.xml		/TEI/text/body/listBibl/msDesc/physDesc/handDesc/handNote/origDate		
manuscripts	1121.xml		/TEI/text/body/listBibl/msDesc/physDesc/bindingDesc/binding/decoNote/origDate		
manuscripts	1121.xml		/TEI/text/body/listBibl/msDesc/history/provenance/date		
manuscripts	1121.xml		/TEI/text/body/listBibl/msDesc/history/acquisition/date		
manuscripts	1122.xml		/TEI/text/body/listBibl/msDesc/physDesc/handDesc/handNote/origDate		
manuscripts	1122.xml		/TEI/text/body/listBibl/msDesc/physDesc/bindingDesc/binding/decoNote/origDate		
manuscripts	1122.xml		/TEI/text/body/listBibl/msDesc/history/provenance/date		
manuscripts	1122.xml		/TEI/text/body/listBibl/msDesc/history/acquisition/date		
manuscripts	1123.xml		/TEI/text/body/listBibl/msDesc/physDesc/handDesc/handNote/origDate		
manuscripts	1123.xml		/TEI/text/body/listBibl/msDesc/physDesc/bindingDesc/binding/decoNote/origDate		
manuscripts	1123.xml		/TEI/text/body/listBibl/msDesc/history/provenance/date		
manuscripts	1123.xml		/TEI/text/body/listBibl/msDesc/history/acquisition/date		
manuscripts	1124.xml		/TEI/text/body/listBibl/msDesc/physDesc/handDesc/handNote/origDate		
manuscripts	1124.xml		/TEI/text/body/listBibl/msDesc/physDesc/bindingDesc/binding/decoNote/origDate		
manuscripts	1124.xml		/TEI/text/body/listBibl/msDesc/history/provenance/date		
manuscripts	1124.xml		/TEI/text/body/listBibl/msDesc/history/acquisition/date		
manuscripts	1125.xml		/TEI/text/body/listBibl/msDesc/physDesc/handDesc/handNote/origDate		
manuscripts	1125.xml		/TEI/text/body/listBibl/msDesc/physDesc/bindingDesc/binding/decoNote/origDate		
manuscripts	1125.xml		/TEI/text/body/listBibl/msDesc/history/provenance/date		
manuscripts	1125.xml		/TEI/text/body/listBibl/msDesc/history/acquisition/date		
manuscripts	1126.xml		/TEI/text/body/listBibl/msDesc/physDesc/handDesc/handNote/origDate		
manuscripts	1126.xml		/TEI/text/body/listBibl/msDesc/physDesc/bindingDesc/binding/decoNote/origDate		
manuscripts	1126.xml		/TEI/text/body/listBibl/msDesc/history/provenance/date		
manuscripts	1126.xml		/TEI/text/body/listBibl/msDesc/history/acquisition/date		
manuscripts	1127.xml		/TEI/text/body/listBibl/msDesc/physDesc/handDesc/handNote/origDate		
manuscripts	1127.xml		/TEI/text/body/listBibl/msDesc/physDesc/bindingDesc/binding/decoNote/origDate		
manuscripts	1127.xml		/TEI/text/body/listBibl/msDesc/history/provenance/date		
manuscripts	1127.xml		/TEI/text/body/listBibl/msDesc/history/acquisition/date		
manuscripts	1128.xml		/TEI/text/body/listBibl/msDesc/physDesc/handDesc/handNote/origDate		
manuscripts	1128.xml		/TEI/text/body/listBibl/msDesc/physDesc/bindingDesc/binding/decoNote/origDate		
manuscripts	1128.xml		/TEI/text/body/listBibl/msDesc/history/provenance/date		
manuscripts	1128.xml		/TEI/text/body/listBibl/msDesc/history/acquisition/date		
manuscripts	1129.xml		/TEI/text/body/listBibl/msDesc/physDesc/handDesc/handNote/origDate		
manuscripts	1129.xml		/TEI/text/body/listBibl/msDesc/physDesc/bindingDesc/binding/decoNote/origDate		
manuscripts	1129.xml		/TEI/text/body/listBibl/msDesc/history/provenance/date		
manuscripts	1129.xml		/TEI/text/body/listBibl/msDesc/history/acquisition/date		
manuscripts	113.xml		/TEI/text/body/listBibl/msDesc/physDesc/handDesc/handNote/origDate		
manuscripts	113.xml		/TEI/text/body/listBibl/msDesc/physDesc/bindingDesc/binding/decoNote/origDate		
manuscripts	113.xml		/TEI/text/body/listBibl/msDesc/history/provenance/date		
manuscripts	113.xml		/TEI/text/body/listBibl/msDesc/history/acquisition/date		
manuscripts	1130.xml		/TEI/text/body/listBibl/msDesc/physDesc/handDesc/handNote/origDate		
manuscripts	1130.xml		/TEI/text/body/listBibl/msDesc/physDesc/bindingDesc/binding/decoNote/origDate		
manuscripts	1130.xml		/TEI/text/body/listBibl/msDesc/history/provenance/date		
manuscripts	1130.xml		/TEI/text/body/listBibl/msDesc/history/acquisition/date		
manuscripts	1131.xml	1000-1100	/TEI/text/body/listBibl/msDesc/physDesc/handDesc/handNote/origDate		
manuscripts	1131.xml		/TEI/text/body/listBibl/msDesc/physDesc/bindingDesc/binding/decoNote/origDate		
manuscripts	1131.xml		/TEI/text/body/listBibl/msDesc/history/provenance/date		
manuscripts	1131.xml		/TEI/text/body/listBibl/msDesc/history/acquisition/date		
manuscripts	1132.xml		/TEI/text/body/listBibl/msDesc/physDesc/handDesc/handNote/origDate		
manuscripts	1132.xml		/TEI/text/body/listBibl/msDesc/physDesc/bindingDesc/binding/decoNote/origDate		
manuscripts	1132.xml		/TEI/text/body/listBibl/msDesc/history/provenance/date		
manuscripts	1132.xml		/TEI/text/body/listBibl/msDesc/history/acquisition/date		
manuscripts	1133.xml		/TEI/text/body/listBibl/msDesc/physDesc/handDesc/handNote/origDate		
manuscripts	1133.xml		/TEI/text/body/listBibl/msDesc/physDesc/bindingDesc/binding/decoNote/origDate		
manuscripts	1133.xml		/TEI/text/body/listBibl/msDesc/history/provenance/date		
manuscripts	1133.xml		/TEI/text/body/listBibl/msDesc/history/acquisition/date		
manuscripts	1134.xml		/TEI/text/body/listBibl/msDesc/physDesc/handDesc/handNote/origDate		
manuscripts	1134.xml		/TEI/text/body/listBibl/msDesc/physDesc/bindingDesc/binding/decoNote/origDate		
manuscripts	1134.xml		/TEI/text/body/listBibl/msDesc/history/provenance/date		
manuscripts	1134.xml		/TEI/text/body/listBibl/msDesc/history/acquisition/date		
manuscripts	1135.xml		/TEI/text/body/listBibl/msDesc/physDesc/handDesc/handNote/origDate		
manuscripts	1135.xml		/TEI/text/body/listBibl/msDesc/physDesc/bindingDesc/binding/decoNote/origDate		
manuscripts	1135.xml		/TEI/text/body/listBibl/msDesc/history/provenance/date		
manuscripts	1135.xml		/TEI/text/body/listBibl/msDesc/history/acquisition/date		
manuscripts	1136.xml		/TEI/text/body/listBibl/msDesc/physDesc/handDesc/handNote/origDate		
manuscripts	1136.xml		/TEI/text/body/listBibl/msDesc/physDesc/bindingDesc/binding/decoNote/origDate		
manuscripts	1136.xml		/TEI/text/body/listBibl/msDesc/history/provenance/date		
manuscripts	1136.xml		/TEI/text/body/listBibl/msDesc/history/acquisition/date		
manuscripts	1137.xml		/TEI/text/body/listBibl/msDesc/physDesc/handDesc/handNote/origDate		
manuscripts	1137.xml		/TEI/text/body/listBibl/msDesc/physDesc/bindingDesc/binding/decoNote/origDate		
manuscripts	1137.xml		/TEI/text/body/listBibl/msDesc/history/provenance/date		
manuscripts	1137.xml		/TEI/text/body/listBibl/msDesc/history/acquisition/date		
manuscripts	1138.xml		/TEI/text/body/listBibl/msDesc/physDesc/handDesc/handNote/origDate		
manuscripts	1138.xml		/TEI/text/body/listBibl/msDesc/physDesc/bindingDesc/binding/decoNote/origDate		
manuscripts	1138.xml		/TEI/text/body/listBibl/msDesc/history/provenance/date		
manuscripts	1138.xml		/TEI/text/body/listBibl/msDesc/history/acquisition/date		
manuscripts	1139.xml		/TEI/text/body/listBibl/msDesc/physDesc/handDesc/handNote/origDate		
manuscripts	1139.xml		/TEI/text/body/listBibl/msDesc/physDesc/bindingDesc/binding/decoNote/origDate		
manuscripts	1139.xml		/TEI/text/body/listBibl/msDesc/history/provenance/date		
manuscripts	1139.xml		/TEI/text/body/listBibl/msDesc/history/acquisition/date		
manuscripts	114.xml		/TEI/text/body/listBibl/msDesc/physDesc/handDesc/handNote/origDate		
manuscripts	114.xml		/TEI/text/body/listBibl/msDesc/physDesc/bindingDesc/binding/decoNote/origDate		
manuscripts	114.xml		/TEI/text/body/listBibl/msDesc/history/provenance/date		
manuscripts	114.xml		/TEI/text/body/listBibl/msDesc/history/acquisition/date		
manuscripts	1140.xml		/TEI/text/body/listBibl/msDesc/physDesc/handDesc/handNote/origDate		
manuscripts	1140.xml		/TEI/text/body/listBibl/msDesc/physDesc/bindingDesc/binding/decoNote/origDate		
manuscripts	1140.xml		/TEI/text/body/listBibl/msDesc/history/provenance/date		
manuscripts	1140.xml		/TEI/text/body/listBibl/msDesc/history/acquisition/date		
manuscripts	1141.xml		/TEI/text/body/listBibl/msDesc/physDesc/handDesc/handNote/origDate		
manuscripts	1141.xml		/TEI/text/body/listBibl/msDesc/physDesc/bindingDesc/binding/decoNote/origDate		
manuscripts	1141.xml		/TEI/text/body/listBibl/msDesc/history/provenance/date		
manuscripts	1141.xml		/TEI/text/body/listBibl/msDesc/history/acquisition/date		
manuscripts	1142.xml		/TEI/text/body/listBibl/msDesc/physDesc/handDesc/handNote/origDate		
manuscripts	1142.xml		/TEI/text/body/listBibl/msDesc/physDesc/bindingDesc/binding/decoNote/origDate		
manuscripts	1142.xml		/TEI/text/body/listBibl/msDesc/history/provenance/date		
manuscripts	1142.xml		/TEI/text/body/listBibl/msDesc/history/acquisition/date		
manuscripts	1143.xml		/TEI/text/body/listBibl/msDesc/physDesc/handDesc/handNote/origDate		
manuscripts	1143.xml		/TEI/text/body/listBibl/msDesc/physDesc/bindingDesc/binding/decoNote/origDate		
manuscripts	1143.xml		/TEI/text/body/listBibl/msDesc/history/provenance/date		
manuscripts	1143.xml		/TEI/text/body/listBibl/msDesc/history/acquisition/date		
manuscripts	1144.xml		/TEI/text/body/listBibl/msDesc/physDesc/handDesc/handNote/origDate		
manuscripts	1144.xml		/TEI/text/body/listBibl/msDesc/physDesc/bindingDesc/binding/decoNote/origDate		
manuscripts	1144.xml		/TEI/text/body/listBibl/msDesc/history/provenance/date		
manuscripts	1144.xml		/TEI/text/body/listBibl/msDesc/history/acquisition/date		
manuscripts	1145.xml		/TEI/text/body/listBibl/msDesc/physDesc/handDesc/handNote/origDate		
manuscripts	1145.xml		/TEI/text/body/listBibl/msDesc/physDesc/bindingDesc/binding/decoNote/origDate		
manuscripts	1145.xml		/TEI/text/body/listBibl/msDesc/history/provenance/date		
manuscripts	1145.xml		/TEI/text/body/listBibl/msDesc/history/acquisition/date		
manuscripts	1146.xml		/TEI/text/body/listBibl/msDesc/physDesc/handDesc/handNote/origDate		
manuscripts	1146.xml		/TEI/text/body/listBibl/msDesc/physDesc/bindingDesc/binding/decoNote/origDate		
manuscripts	1146.xml		/TEI/text/body/listBibl/msDesc/history/provenance/date		
manuscripts	1146.xml		/TEI/text/body/listBibl/msDesc/history/acquisition/date		
manuscripts	1147.xml		/TEI/text/body/listBibl/msDesc/physDesc/handDesc/handNote/origDate		
manuscripts	1147.xml		/TEI/text/body/listBibl/msDesc/physDesc/bindingDesc/binding/decoNote/origDate		
manuscripts	1147.xml		/TEI/text/body/listBibl/msDesc/history/provenance/date		
manuscripts	1147.xml		/TEI/text/body/listBibl/msDesc/history/acquisition/date		
manuscripts	1148.xml		/TEI/text/body/listBibl/msDesc/physDesc/handDesc/handNote/origDate		
manuscripts	1148.xml		/TEI/text/body/listBibl/msDesc/physDesc/bindingDesc/binding/decoNote/origDate		
manuscripts	1148.xml		/TEI/text/body/listBibl/msDesc/history/provenance/date		
manuscripts	1148.xml		/TEI/text/body/listBibl/msDesc/history/acquisition/date		
manuscripts	1149.xml		/TEI/text/body/listBibl/msDesc/physDesc/handDesc/handNote/origDate		
manuscripts	1149.xml		/TEI/text/body/listBibl/msDesc/physDesc/bindingDesc/binding/decoNote/origDate		
manuscripts	1149.xml		/TEI/text/body/listBibl/msDesc/history/provenance/date		
manuscripts	1149.xml		/TEI/text/body/listBibl/msDesc/history/acquisition/date		
manuscripts	115.xml		/TEI/text/body/listBibl/msDesc/physDesc/handDesc/handNote/origDate		
manuscripts	115.xml		/TEI/text/body/listBibl/msDesc/physDesc/bindingDesc/binding/decoNote/origDate		
manuscripts	115.xml		/TEI/text/body/listBibl/msDesc/history/provenance/date		
manuscripts	115.xml		/TEI/text/body/listBibl/msDesc/history/acquisition/date		
manuscripts	1150.xml		/TEI/text/body/listBibl/msDesc/physDesc/handDesc/handNote/origDate		
manuscripts	1150.xml		/TEI/text/body/listBibl/msDesc/physDesc/bindingDesc/binding/decoNote/origDate		
manuscripts	1150.xml		/TEI/text/body/listBibl/msDesc/history/provenance/date		
manuscripts	1150.xml		/TEI/text/body/listBibl/msDesc/history/acquisition/date		
manuscripts	1151.xml		/TEI/text/body/listBibl/msDesc/physDesc/handDesc/handNote/origDate		
manuscripts	1151.xml		/TEI/text/body/listBibl/msDesc/physDesc/bindingDesc/binding/decoNote/origDate		
manuscripts	1151.xml		/TEI/text/body/listBibl/msDesc/history/provenance/date		
manuscripts	1151.xml		/TEI/text/body/listBibl/msDesc/history/acquisition/date		
manuscripts	1152.xml		/TEI/text/body/listBibl/msDesc/physDesc/handDesc/handNote/origDate		
manuscripts	1152.xml		/TEI/text/body/listBibl/msDesc/physDesc/bindingDesc/binding/decoNote/origDate		
manuscripts	1152.xml		/TEI/text/body/listBibl/msDesc/history/provenance/date		
manuscripts	1152.xml		/TEI/text/body/listBibl/msDesc/history/acquisition/date		
manuscripts	1153.xml		/TEI/text/body/listBibl/msDesc/physDesc/handDesc/handNote/origDate		
manuscripts	1153.xml		/TEI/text/body/listBibl/msDesc/physDesc/bindingDesc/binding/decoNote/origDate		
manuscripts	1153.xml		/TEI/text/body/listBibl/msDesc/history/provenance/date		
manuscripts	1153.xml		/TEI/text/body/listBibl/msDesc/history/acquisition/date		
manuscripts	1154.xml		/TEI/text/body/listBibl/msDesc/physDesc/handDesc/handNote/origDate		
manuscripts	1154.xml		/TEI/text/body/listBibl/msDesc/physDesc/bindingDesc/binding/decoNote/origDate		
manuscripts	1154.xml		/TEI/text/body/listBibl/msDesc/history/provenance/date		
manuscripts	1154.xml		/TEI/text/body/listBibl/msDesc/history/acquisition/date		
manuscripts	1155.xml		/TEI/text/body/listBibl/msDesc/physDesc/handDesc/handNote/origDate		
manuscripts	1155.xml		/TEI/text/body/listBibl/msDesc/physDesc/bindingDesc/binding/decoNote/origDate		
manuscripts	1155.xml		/TEI/text/body/listBibl/msDesc/history/provenance/date		
manuscripts	1155.xml		/TEI/text/body/listBibl/msDesc/history/acquisition/date		
manuscripts	1156.xml		/TEI/text/body/listBibl/msDesc/physDesc/handDesc/handNote/origDate		
manuscripts	1156.xml		/TEI/text/body/listBibl/msDesc/physDesc/bindingDesc/binding/decoNote/origDate		
manuscripts	1156.xml		/TEI/text/body/listBibl/msDesc/history/provenance/date		
manuscripts	1156.xml		/TEI/text/body/listBibl/msDesc/history/acquisition/date		
manuscripts	1157.xml		/TEI/text/body/listBibl/msDesc/physDesc/handDesc/handNote/origDate		
manuscripts	1157.xml		/TEI/text/body/listBibl/msDesc/physDesc/bindingDesc/binding/decoNote/origDate		
manuscripts	1157.xml		/TEI/text/body/listBibl/msDesc/history/provenance/date		
manuscripts	1157.xml		/TEI/text/body/listBibl/msDesc/history/acquisition/date		
manuscripts	1158.xml		/TEI/text/body/listBibl/msDesc/physDesc/handDesc/handNote/origDate		
manuscripts	1158.xml		/TEI/text/body/listBibl/msDesc/physDesc/bindingDesc/binding/decoNote/origDate		
manuscripts	1158.xml		/TEI/text/body/listBibl/msDesc/history/provenance/date		
manuscripts	1158.xml		/TEI/text/body/listBibl/msDesc/history/acquisition/date		
manuscripts	1159.xml		/TEI/text/body/listBibl/msDesc/physDesc/handDesc/handNote/origDate		
manuscripts	1159.xml		/TEI/text/body/listBibl/msDesc/physDesc/bindingDesc/binding/decoNote/origDate		
manuscripts	1159.xml		/TEI/text/body/listBibl/msDesc/history/provenance/date		
manuscripts	1159.xml		/TEI/text/body/listBibl/msDesc/history/acquisition/date		
manuscripts	116.xml		/TEI/text/body/listBibl/msDesc/physDesc/handDesc/handNote/origDate		
manuscripts	116.xml		/TEI/text/body/listBibl/msDesc/physDesc/bindingDesc/binding/decoNote/origDate		
manuscripts	116.xml		/TEI/text/body/listBibl/msDesc/history/provenance/date		
manuscripts	116.xml		/TEI/text/body/listBibl/msDesc/history/acquisition/date		
manuscripts	1160.xml		/TEI/text/body/listBibl/msDesc/physDesc/handDesc/handNote/origDate		
manuscripts	1160.xml		/TEI/text/body/listBibl/msDesc/physDesc/bindingDesc/binding/decoNote/origDate		
manuscripts	1160.xml		/TEI/text/body/listBibl/msDesc/history/provenance/date		
manuscripts	1160.xml		/TEI/text/body/listBibl/msDesc/history/acquisition/date		
manuscripts	1161.xml		/TEI/text/body/listBibl/msDesc/physDesc/handDesc/handNote/origDate		
manuscripts	1161.xml		/TEI/text/body/listBibl/msDesc/physDesc/bindingDesc/binding/decoNote/origDate		
manuscripts	1161.xml		/TEI/text/body/listBibl/msDesc/history/provenance/date		
manuscripts	1161.xml		/TEI/text/body/listBibl/msDesc/history/acquisition/date		
manuscripts	1162.xml		/TEI/text/body/listBibl/msDesc/physDesc/handDesc/handNote/origDate		
manuscripts	1162.xml		/TEI/text/body/listBibl/msDesc/physDesc/bindingDesc/binding/decoNote/origDate		
manuscripts	1162.xml		/TEI/text/body/listBibl/msDesc/history/provenance/date		
manuscripts	1162.xml		/TEI/text/body/listBibl/msDesc/history/acquisition/date		
manuscripts	1163.xml		/TEI/text/body/listBibl/msDesc/physDesc/handDesc/handNote/origDate		
manuscripts	1163.xml		/TEI/text/body/listBibl/msDesc/physDesc/bindingDesc/binding/decoNote/origDate		
manuscripts	1163.xml		/TEI/text/body/listBibl/msDesc/history/provenance/date		
manuscripts	1163.xml		/TEI/text/body/listBibl/msDesc/history/acquisition/date		
manuscripts	1164.xml		/TEI/text/body/listBibl/msDesc/physDesc/handDesc/handNote/origDate		
manuscripts	1164.xml		/TEI/text/body/listBibl/msDesc/physDesc/bindingDesc/binding/decoNote/origDate		
manuscripts	1164.xml		/TEI/text/body/listBibl/msDesc/history/provenance/date		
manuscripts	1164.xml		/TEI/text/body/listBibl/msDesc/history/acquisition/date		
manuscripts	1165.xml		/TEI/text/body/listBibl/msDesc/physDesc/handDesc/handNote/origDate		
manuscripts	1165.xml		/TEI/text/body/listBibl/msDesc/physDesc/bindingDesc/binding/decoNote/origDate		
manuscripts	1165.xml		/TEI/text/body/listBibl/msDesc/history/provenance/date		
manuscripts	1165.xml		/TEI/text/body/listBibl/msDesc/history/acquisition/date		
manuscripts	1166.xml		/TEI/text/body/listBibl/msDesc/physDesc/handDesc/handNote/origDate		
manuscripts	1166.xml		/TEI/text/body/listBibl/msDesc/physDesc/bindingDesc/binding/decoNote/origDate		
manuscripts	1166.xml		/TEI/text/body/listBibl/msDesc/history/provenance/date		
manuscripts	1166.xml		/TEI/text/body/listBibl/msDesc/history/acquisition/date		
manuscripts	1167.xml		/TEI/text/body/listBibl/msDesc/physDesc/handDesc/handNote/origDate		
manuscripts	1167.xml		/TEI/text/body/listBibl/msDesc/physDesc/bindingDesc/binding/decoNote/origDate		
manuscripts	1167.xml		/TEI/text/body/listBibl/msDesc/history/provenance/date		
manuscripts	1167.xml		/TEI/text/body/listBibl/msDesc/history/acquisition/date		
manuscripts	1168.xml		/TEI/text/body/listBibl/msDesc/physDesc/handDesc/handNote/origDate		
manuscripts	1168.xml		/TEI/text/body/listBibl/msDesc/physDesc/bindingDesc/binding/decoNote/origDate		
manuscripts	1168.xml		/TEI/text/body/listBibl/msDesc/history/provenance/date		
manuscripts	1168.xml		/TEI/text/body/listBibl/msDesc/history/acquisition/date		
manuscripts	1169.xml		/TEI/text/body/listBibl/msDesc/physDesc/handDesc/handNote/origDate		
manuscripts	1169.xml		/TEI/text/body/listBibl/msDesc/physDesc/bindingDesc/binding/decoNote/origDate		
manuscripts	1169.xml		/TEI/text/body/listBibl/msDesc/history/provenance/date		
manuscripts	1169.xml		/TEI/text/body/listBibl/msDesc/history/acquisition/date		
manuscripts	117.xml		/TEI/text/body/listBibl/msDesc/physDesc/handDesc/handNote/origDate		
manuscripts	117.xml		/TEI/text/body/listBibl/msDesc/physDesc/bindingDesc/binding/decoNote/origDate		
manuscripts	117.xml		/TEI/text/body/listBibl/msDesc/history/provenance/date		
manuscripts	117.xml		/TEI/text/body/listBibl/msDesc/history/acquisition/date		
manuscripts	1170.xml		/TEI/text/body/listBibl/msDesc/physDesc/handDesc/handNote/origDate		
manuscripts	1170.xml		/TEI/text/body/listBibl/msDesc/physDesc/bindingDesc/binding/decoNote/origDate		
manuscripts	1170.xml		/TEI/text/body/listBibl/msDesc/history/provenance/date		
manuscripts	1170.xml		/TEI/text/body/listBibl/msDesc/history/acquisition/date		
manuscripts	1171.xml		/TEI/text/body/listBibl/msDesc/physDesc/handDesc/handNote/origDate		
manuscripts	1171.xml		/TEI/text/body/listBibl/msDesc/physDesc/bindingDesc/binding/decoNote/origDate		
manuscripts	1171.xml		/TEI/text/body/listBibl/msDesc/history/provenance/date		
manuscripts	1171.xml		/TEI/text/body/listBibl/msDesc/history/acquisition/date		
manuscripts	1172.xml		/TEI/text/body/listBibl/msDesc/physDesc/handDesc/handNote/origDate		
manuscripts	1172.xml		/TEI/text/body/listBibl/msDesc/physDesc/bindingDesc/binding/decoNote/origDate		
manuscripts	1172.xml		/TEI/text/body/listBibl/msDesc/history/provenance/date		
manuscripts	1172.xml		/TEI/text/body/listBibl/msDesc/history/acquisition/date		
manuscripts	1173.xml		/TEI/text/body/listBibl/msDesc/physDesc/handDesc/handNote/origDate		
manuscripts	1173.xml		/TEI/text/body/listBibl/msDesc/physDesc/bindingDesc/binding/decoNote/origDate		
manuscripts	1173.xml		/TEI/text/body/listBibl/msDesc/history/provenance/date		
manuscripts	1173.xml		/TEI/text/body/listBibl/msDesc/history/acquisition/date		
manuscripts	1174.xml		/TEI/text/body/listBibl/msDesc/physDesc/handDesc/handNote/origDate		
manuscripts	1174.xml		/TEI/text/body/listBibl/msDesc/physDesc/bindingDesc/binding/decoNote/origDate		
manuscripts	1174.xml		/TEI/text/body/listBibl/msDesc/history/provenance/date		
manuscripts	1174.xml		/TEI/text/body/listBibl/msDesc/history/acquisition/date		
manuscripts	1175.xml		/TEI/text/body/listBibl/msDesc/physDesc/handDesc/handNote/origDate		
manuscripts	1175.xml		/TEI/text/body/listBibl/msDesc/physDesc/bindingDesc/binding/decoNote/origDate		
manuscripts	1175.xml		/TEI/text/body/listBibl/msDesc/history/provenance/date		
manuscripts	1175.xml		/TEI/text/body/listBibl/msDesc/history/acquisition/date		
manuscripts	1176.xml		/TEI/text/body/listBibl/msDesc/physDesc/handDesc/handNote/origDate		
manuscripts	1176.xml		/TEI/text/body/listBibl/msDesc/physDesc/bindingDesc/binding/decoNote/origDate		
manuscripts	1176.xml		/TEI/text/body/listBibl/msDesc/history/provenance/date		
manuscripts	1176.xml		/TEI/text/body/listBibl/msDesc/history/acquisition/date		
manuscripts	1177.xml		/TEI/text/body/listBibl/msDesc/physDesc/handDesc/handNote/origDate		
manuscripts	1177.xml		/TEI/text/body/listBibl/msDesc/physDesc/bindingDesc/binding/decoNote/origDate		
manuscripts	1177.xml		/TEI/text/body/listBibl/msDesc/history/provenance/date		
manuscripts	1177.xml		/TEI/text/body/listBibl/msDesc/history/acquisition/date		
manuscripts	1178.xml		/TEI/text/body/listBibl/msDesc/physDesc/handDesc/handNote/origDate		
manuscripts	1178.xml		/TEI/text/body/listBibl/msDesc/physDesc/bindingDesc/binding/decoNote/origDate		
manuscripts	1178.xml		/TEI/text/body/listBibl/msDesc/history/provenance/date		
manuscripts	1178.xml		/TEI/text/body/listBibl/msDesc/history/acquisition/date		
manuscripts	1179.xml		/TEI/text/body/listBibl/msDesc/physDesc/handDesc/handNote/origDate		
manuscripts	1179.xml		/TEI/text/body/listBibl/msDesc/physDesc/bindingDesc/binding/decoNote/origDate		
manuscripts	1179.xml		/TEI/text/body/listBibl/msDesc/history/provenance/date		
manuscripts	1179.xml		/TEI/text/body/listBibl/msDesc/history/acquisition/date		
manuscripts	118.xml		/TEI/text/body/listBibl/msDesc/physDesc/handDesc/handNote/origDate		
manuscripts	118.xml		/TEI/text/body/listBibl/msDesc/physDesc/bindingDesc/binding/decoNote/origDate		
manuscripts	118.xml		/TEI/text/body/listBibl/msDesc/history/provenance/date		
manuscripts	118.xml		/TEI/text/body/listBibl/msDesc/history/acquisition/date		
manuscripts	1180.xml		/TEI/text/body/listBibl/msDesc/physDesc/handDesc/handNote/origDate		
manuscripts	1180.xml		/TEI/text/body/listBibl/msDesc/physDesc/bindingDesc/binding/decoNote/origDate		
manuscripts	1180.xml		/TEI/text/body/listBibl/msDesc/history/provenance/date		
manuscripts	1180.xml		/TEI/text/body/listBibl/msDesc/history/acquisition/date		
manuscripts	1181.xml		/TEI/text/body/listBibl/msDesc/physDesc/handDesc/handNote/origDate		
manuscripts	1181.xml		/TEI/text/body/listBibl/msDesc/physDesc/bindingDesc/binding/decoNote/origDate		
manuscripts	1181.xml		/TEI/text/body/listBibl/msDesc/history/provenance/date		
manuscripts	1181.xml		/TEI/text/body/listBibl/msDesc/history/acquisition/date		
manuscripts	1182.xml		/TEI/text/body/listBibl/msDesc/physDesc/handDesc/handNote/origDate		
manuscripts	1182.xml		/TEI/text/body/listBibl/msDesc/physDesc/bindingDesc/binding/decoNote/origDate		
manuscripts	1182.xml		/TEI/text/body/listBibl/msDesc/history/provenance/date		
manuscripts	1182.xml		/TEI/text/body/listBibl/msDesc/history/acquisition/date		
manuscripts	1183.xml		/TEI/text/body/listBibl/msDesc/physDesc/handDesc/handNote/origDate		
manuscripts	1183.xml		/TEI/text/body/listBibl/msDesc/physDesc/bindingDesc/binding/decoNote/origDate		
manuscripts	1183.xml		/TEI/text/body/listBibl/msDesc/history/provenance/date		
manuscripts	1183.xml		/TEI/text/body/listBibl/msDesc/history/acquisition/date		
manuscripts	1184.xml		/TEI/text/body/listBibl/msDesc/physDesc/handDesc/handNote/origDate		
manuscripts	1184.xml		/TEI/text/body/listBibl/msDesc/physDesc/bindingDesc/binding/decoNote/origDate		
manuscripts	1184.xml		/TEI/text/body/listBibl/msDesc/history/provenance/date		
manuscripts	1184.xml		/TEI/text/body/listBibl/msDesc/history/acquisition/date		
manuscripts	1185.xml		/TEI/text/body/listBibl/msDesc/physDesc/handDesc/handNote/origDate		
manuscripts	1185.xml		/TEI/text/body/listBibl/msDesc/physDesc/bindingDesc/binding/decoNote/origDate		
manuscripts	1185.xml		/TEI/text/body/listBibl/msDesc/history/provenance/date		
manuscripts	1185.xml		/TEI/text/body/listBibl/msDesc/history/acquisition/date		
manuscripts	1186.xml		/TEI/text/body/listBibl/msDesc/physDesc/handDesc/handNote/origDate		
manuscripts	1186.xml		/TEI/text/body/listBibl/msDesc/physDesc/bindingDesc/binding/decoNote/origDate		
manuscripts	1186.xml		/TEI/text/body/listBibl/msDesc/history/provenance/date		
manuscripts	1186.xml		/TEI/text/body/listBibl/msDesc/history/acquisition/date		
manuscripts	1187.xml		/TEI/text/body/listBibl/msDesc/physDesc/handDesc/handNote/origDate		
manuscripts	1187.xml		/TEI/text/body/listBibl/msDesc/physDesc/bindingDesc/binding/decoNote/origDate		
manuscripts	1187.xml		/TEI/text/body/listBibl/msDesc/history/provenance/date		
manuscripts	1187.xml		/TEI/text/body/listBibl/msDesc/history/acquisition/date		
manuscripts	1188.xml		/TEI/text/body/listBibl/msDesc/physDesc/handDesc/handNote/origDate		
manuscripts	1188.xml		/TEI/text/body/listBibl/msDesc/physDesc/bindingDesc/binding/decoNote/origDate		
manuscripts	1188.xml		/TEI/text/body/listBibl/msDesc/history/provenance/date		
manuscripts	1188.xml		/TEI/text/body/listBibl/msDesc/history/acquisition/date		
manuscripts	1189.xml		/TEI/text/body/listBibl/msDesc/physDesc/handDesc/handNote/origDate		
manuscripts	1189.xml		/TEI/text/body/listBibl/msDesc/physDesc/bindingDesc/binding/decoNote/origDate		
manuscripts	1189.xml		/TEI/text/body/listBibl/msDesc/history/provenance/date		
manuscripts	1189.xml		/TEI/text/body/listBibl/msDesc/history/acquisition/date		
manuscripts	119.xml		/TEI/text/body/listBibl/msDesc/physDesc/handDesc/handNote/origDate		
manuscripts	119.xml		/TEI/text/body/listBibl/msDesc/physDesc/bindingDesc/binding/decoNote/origDate		
manuscripts	119.xml		/TEI/text/body/listBibl/msDesc/history/provenance/date		
manuscripts	119.xml		/TEI/text/body/listBibl/msDesc/history/acquisition/date		
manuscripts	1190.xml		/TEI/text/body/listBibl/msDesc/physDesc/handDesc/handNote/origDate		
manuscripts	1190.xml		/TEI/text/body/listBibl/msDesc/physDesc/bindingDesc/binding/decoNote/origDate		
manuscripts	1190.xml		/TEI/text/body/listBibl/msDesc/history/provenance/date		
manuscripts	1190.xml		/TEI/text/body/listBibl/msDesc/history/acquisition/date		
manuscripts	1191.xml		/TEI/text/body/listBibl/msDesc/physDesc/handDesc/handNote/origDate		
manuscripts	1191.xml		/TEI/text/body/listBibl/msDesc/physDesc/bindingDesc/binding/decoNote/origDate		
manuscripts	1191.xml		/TEI/text/body/listBibl/msDesc/history/provenance/date		
manuscripts	1191.xml		/TEI/text/body/listBibl/msDesc/history/acquisition/date		
manuscripts	1192.xml		/TEI/text/body/listBibl/msDesc/physDesc/handDesc/handNote/origDate		
manuscripts	1192.xml		/TEI/text/body/listBibl/msDesc/physDesc/bindingDesc/binding/decoNote/origDate		
manuscripts	1192.xml		/TEI/text/body/listBibl/msDesc/history/provenance/date		
manuscripts	1192.xml		/TEI/text/body/listBibl/msDesc/history/acquisition/date		
manuscripts	1193.xml		/TEI/text/body/listBibl/msDesc/physDesc/handDesc/handNote/origDate		
manuscripts	1193.xml		/TEI/text/body/listBibl/msDesc/physDesc/bindingDesc/binding/decoNote/origDate		
manuscripts	1193.xml		/TEI/text/body/listBibl/msDesc/history/provenance/date		
manuscripts	1193.xml		/TEI/text/body/listBibl/msDesc/history/acquisition/date		
manuscripts	1194.xml		/TEI/text/body/listBibl/msDesc/physDesc/handDesc/handNote/origDate		
manuscripts	1194.xml		/TEI/text/body/listBibl/msDesc/physDesc/bindingDesc/binding/decoNote/origDate		
manuscripts	1194.xml		/TEI/text/body/listBibl/msDesc/history/provenance/date		
manuscripts	1194.xml		/TEI/text/body/listBibl/msDesc/history/acquisition/date		
manuscripts	1195.xml		/TEI/text/body/listBibl/msDesc/physDesc/handDesc/handNote/origDate		
manuscripts	1195.xml		/TEI/text/body/listBibl/msDesc/physDesc/bindingDesc/binding/decoNote/origDate		
manuscripts	1195.xml		/TEI/text/body/listBibl/msDesc/history/provenance/date		
manuscripts	1195.xml		/TEI/text/body/listBibl/msDesc/history/acquisition/date		
manuscripts	1196.xml		/TEI/text/body/listBibl/msDesc/physDesc/handDesc/handNote/origDate		
manuscripts	1196.xml		/TEI/text/body/listBibl/msDesc/physDesc/bindingDesc/binding/decoNote/origDate		
manuscripts	1196.xml		/TEI/text/body/listBibl/msDesc/history/provenance/date		
manuscripts	1196.xml		/TEI/text/body/listBibl/msDesc/history/acquisition/date		
manuscripts	1197.xml		/TEI/text/body/listBibl/msDesc/physDesc/handDesc/handNote/origDate		
manuscripts	1197.xml		/TEI/text/body/listBibl/msDesc/physDesc/bindingDesc/binding/decoNote/origDate		
manuscripts	1197.xml		/TEI/text/body/listBibl/msDesc/history/provenance/date		
manuscripts	1197.xml		/TEI/text/body/listBibl/msDesc/history/acquisition/date		
manuscripts	1198.xml		/TEI/text/body/listBibl/msDesc/physDesc/handDesc/handNote/origDate		
manuscripts	1198.xml		/TEI/text/body/listBibl/msDesc/physDesc/bindingDesc/binding/decoNote/origDate		
manuscripts	1198.xml		/TEI/text/body/listBibl/msDesc/history/provenance/date		
manuscripts	1198.xml		/TEI/text/body/listBibl/msDesc/history/acquisition/date		
manuscripts	1199.xml		/TEI/text/body/listBibl/msDesc/physDesc/handDesc/handNote/origDate		
manuscripts	1199.xml		/TEI/text/body/listBibl/msDesc/physDesc/bindingDesc/binding/decoNote/origDate		
manuscripts	1199.xml		/TEI/text/body/listBibl/msDesc/history/provenance/date		
manuscripts	1199.xml		/TEI/text/body/listBibl/msDesc/history/acquisition/date		
manuscripts	12.xml	מאה יב-יג	/TEI/text/body/listBibl/msDesc/physDesc/handDesc/handNote/origDate[1]		
manuscripts	12.xml	מאה יב-יג	/TEI/text/body/listBibl/msDesc/physDesc/handDesc/handNote/origDate[2]		
manuscripts	12.xml		/TEI/text/body/listBibl/msDesc/physDesc/bindingDesc/binding/decoNote/origDate		
manuscripts	12.xml		/TEI/text/body/listBibl/msDesc/history/provenance/date		
manuscripts	12.xml		/TEI/text/body/listBibl/msDesc/history/acquisition/date		
manuscripts	120.xml		/TEI/text/body/listBibl/msDesc/physDesc/handDesc/handNote/origDate		
manuscripts	120.xml		/TEI/text/body/listBibl/msDesc/physDesc/bindingDesc/binding/decoNote/origDate		
manuscripts	120.xml		/TEI/text/body/listBibl/msDesc/history/provenance/date		
manuscripts	120.xml		/TEI/text/body/listBibl/msDesc/history/acquisition/date		
manuscripts	1200.xml		/TEI/text/body/listBibl/msDesc/physDesc/handDesc/handNote/origDate		
manuscripts	1200.xml		/TEI/text/body/listBibl/msDesc/physDesc/bindingDesc/binding/decoNote/origDate		
manuscripts	1200.xml		/TEI/text/body/listBibl/msDesc/history/provenance/date		
manuscripts	1200.xml		/TEI/text/body/listBibl/msDesc/history/acquisition/date		
manuscripts	1201.xml		/TEI/text/body/listBibl/msDesc/physDesc/handDesc/handNote/origDate		
manuscripts	1201.xml		/TEI/text/body/listBibl/msDesc/physDesc/bindingDesc/binding/decoNote/origDate		
manuscripts	1201.xml		/TEI/text/body/listBibl/msDesc/history/provenance/date		
manuscripts	1201.xml		/TEI/text/body/listBibl/msDesc/history/acquisition/date		
manuscripts	1202.xml		/TEI/text/body/listBibl/msDesc/physDesc/handDesc/handNote/origDate		
manuscripts	1202.xml		/TEI/text/body/listBibl/msDesc/physDesc/bindingDesc/binding/decoNote/origDate		
manuscripts	1202.xml		/TEI/text/body/listBibl/msDesc/history/provenance/date		
manuscripts	1202.xml		/TEI/text/body/listBibl/msDesc/history/acquisition/date		
manuscripts	1203.xml		/TEI/text/body/listBibl/msDesc/physDesc/handDesc/handNote/origDate		
manuscripts	1203.xml		/TEI/text/body/listBibl/msDesc/physDesc/bindingDesc/binding/decoNote/origDate		
manuscripts	1203.xml		/TEI/text/body/listBibl/msDesc/history/provenance/date		
manuscripts	1203.xml		/TEI/text/body/listBibl/msDesc/history/acquisition/date		
manuscripts	1204.xml		/TEI/text/body/listBibl/msDesc/physDesc/handDesc/handNote/origDate		
manuscripts	1204.xml		/TEI/text/body/listBibl/msDesc/physDesc/bindingDesc/binding/decoNote/origDate		
manuscripts	1204.xml		/TEI/text/body/listBibl/msDesc/history/provenance/date		
manuscripts	1204.xml		/TEI/text/body/listBibl/msDesc/history/acquisition/date		
manuscripts	1205.xml		/TEI/text/body/listBibl/msDesc/physDesc/handDesc/handNote/origDate		
manuscripts	1205.xml		/TEI/text/body/listBibl/msDesc/physDesc/bindingDesc/binding/decoNote/origDate		
manuscripts	1205.xml		/TEI/text/body/listBibl/msDesc/history/provenance/date		
manuscripts	1205.xml		/TEI/text/body/listBibl/msDesc/history/acquisition/date		
manuscripts	1206.xml		/TEI/text/body/listBibl/msDesc/physDesc/handDesc/handNote/origDate		
manuscripts	1206.xml		/TEI/text/body/listBibl/msDesc/physDesc/bindingDesc/binding/decoNote/origDate		
manuscripts	1206.xml		/TEI/text/body/listBibl/msDesc/history/provenance/date		
manuscripts	1206.xml		/TEI/text/body/listBibl/msDesc/history/acquisition/date		
manuscripts	1207.xml		/TEI/text/body/listBibl/msDesc/physDesc/handDesc/handNote/origDate		
manuscripts	1207.xml		/TEI/text/body/listBibl/msDesc/physDesc/bindingDesc/binding/decoNote/origDate		
manuscripts	1207.xml		/TEI/text/body/listBibl/msDesc/history/provenance/date		
manuscripts	1207.xml		/TEI/text/body/listBibl/msDesc/history/acquisition/date		
manuscripts	1208.xml		/TEI/text/body/listBibl/msDesc/physDesc/handDesc/handNote/origDate		
manuscripts	1208.xml		/TEI/text/body/listBibl/msDesc/physDesc/bindingDesc/binding/decoNote/origDate		
manuscripts	1208.xml		/TEI/text/body/listBibl/msDesc/history/provenance/date		
manuscripts	1208.xml		/TEI/text/body/listBibl/msDesc/history/acquisition/date		
manuscripts	1209.xml		/TEI/text/body/listBibl/msDesc/physDesc/handDesc/handNote/origDate		
manuscripts	1209.xml		/TEI/text/body/listBibl/msDesc/physDesc/bindingDesc/binding/decoNote/origDate		
manuscripts	1209.xml		/TEI/text/body/listBibl/msDesc/history/provenance/date		
manuscripts	1209.xml		/TEI/text/body/listBibl/msDesc/history/acquisition/date		
manuscripts	121.xml		/TEI/text/body/listBibl/msDesc/physDesc/handDesc/handNote/origDate		
manuscripts	121.xml		/TEI/text/body/listBibl/msDesc/physDesc/bindingDesc/binding/decoNote/origDate		
manuscripts	121.xml		/TEI/text/body/listBibl/msDesc/history/provenance/date		
manuscripts	121.xml		/TEI/text/body/listBibl/msDesc/history/acquisition/date		
manuscripts	1210.xml		/TEI/text/body/listBibl/msDesc/physDesc/handDesc/handNote/origDate		
manuscripts	1210.xml		/TEI/text/body/listBibl/msDesc/physDesc/bindingDesc/binding/decoNote/origDate		
manuscripts	1210.xml		/TEI/text/body/listBibl/msDesc/history/provenance/date		
manuscripts	1210.xml		/TEI/text/body/listBibl/msDesc/history/acquisition/date		
manuscripts	1211.xml		/TEI/text/body/listBibl/msDesc/physDesc/handDesc/handNote/origDate		
manuscripts	1211.xml		/TEI/text/body/listBibl/msDesc/physDesc/bindingDesc/binding/decoNote/origDate		
manuscripts	1211.xml		/TEI/text/body/listBibl/msDesc/history/provenance/date		
manuscripts	1211.xml		/TEI/text/body/listBibl/msDesc/history/acquisition/date		
manuscripts	1212.xml		/TEI/text/body/listBibl/msDesc/physDesc/handDesc/handNote/origDate		
manuscripts	1212.xml		/TEI/text/body/listBibl/msDesc/physDesc/bindingDesc/binding/decoNote/origDate		
manuscripts	1212.xml		/TEI/text/body/listBibl/msDesc/history/provenance/date		
manuscripts	1212.xml		/TEI/text/body/listBibl/msDesc/history/acquisition/date		
manuscripts	1213.xml		/TEI/text/body/listBibl/msDesc/physDesc/handDesc/handNote/origDate		
manuscripts	1213.xml		/TEI/text/body/listBibl/msDesc/physDesc/bindingDesc/binding/decoNote/origDate		
manuscripts	1213.xml		/TEI/text/body/listBibl/msDesc/history/provenance/date		
manuscripts	1213.xml		/TEI/text/body/listBibl/msDesc/history/acquisition/date		
manuscripts	1214.xml	1100-1300?	/TEI/text/body/listBibl/msDesc/physDesc/handDesc/handNote/origDate		
manuscripts	1214.xml		/TEI/text/body/listBibl/msDesc/physDesc/bindingDesc/binding/decoNote/origDate		
manuscripts	1214.xml		/TEI/text/body/listBibl/msDesc/history/provenance/date		
manuscripts	1214.xml		/TEI/text/body/listBibl/msDesc/history/acquisition/date		
manuscripts	1215.xml	1122	/TEI/text/body/listBibl/msDesc/physDesc/handDesc/handNote/origDate		
manuscripts	1215.xml		/TEI/text/body/listBibl/msDesc/physDesc/bindingDesc/binding/decoNote/origDate		
manuscripts	1215.xml		/TEI/text/body/listBibl/msDesc/history/provenance/date		
manuscripts	1215.xml		/TEI/text/body/listBibl/msDesc/history/acquisition/date		
manuscripts	1216.xml	1000-1100	/TEI/text/body/listBibl/msDesc/physDesc/handDesc/handNote/origDate		
manuscripts	1216.xml		/TEI/text/body/listBibl/msDesc/physDesc/bindingDesc/binding/decoNote/origDate		
manuscripts	1216.xml		/TEI/text/body/listBibl/msDesc/history/provenance/date		
manuscripts	1216.xml		/TEI/text/body/listBibl/msDesc/history/acquisition/date		
manuscripts	1217.xml	951/1008	/TEI/text/body/listBibl/msDesc/physDesc/handDesc/handNote/origDate		
manuscripts	1217.xml		/TEI/text/body/listBibl/msDesc/physDesc/bindingDesc/binding/decoNote/origDate		
manuscripts	1217.xml		/TEI/text/body/listBibl/msDesc/history/provenance/date		
manuscripts	1217.xml		/TEI/text/body/listBibl/msDesc/history/acquisition/date		
manuscripts	1218.xml	1000-1200?	/TEI/text/body/listBibl/msDesc/physDesc/handDesc/handNote/origDate		
manuscripts	1218.xml		/TEI/text/body/listBibl/msDesc/physDesc/bindingDesc/binding/decoNote/origDate		
manuscripts	1218.xml		/TEI/text/body/listBibl/msDesc/history/provenance/date		
manuscripts	1218.xml		/TEI/text/body/listBibl/msDesc/history/acquisition/date		
manuscripts	1219.xml	1000-1200?	/TEI/text/body/listBibl/msDesc/physDesc/handDesc/handNote/origDate		
manuscripts	1219.xml		/TEI/text/body/listBibl/msDesc/physDesc/bindingDesc/binding/decoNote/origDate		
manuscripts	1219.xml		/TEI/text/body/listBibl/msDesc/history/provenance/date		
manuscripts	1219.xml		/TEI/text/body/listBibl/msDesc/history/acquisition/date		
manuscripts	122.xml		/TEI/text/body/listBibl/msDesc/physDesc/handDesc/handNote/origDate		
manuscripts	122.xml		/TEI/text/body/listBibl/msDesc/physDesc/bindingDesc/binding/decoNote/origDate		
manuscripts	122.xml		/TEI/text/body/listBibl/msDesc/history/provenance/date		
manuscripts	122.xml		/TEI/text/body/listBibl/msDesc/history/acquisition/date		
manuscripts	1220.xml	"946 [ד'תש""ו]"	/TEI/text/body/listBibl/msDesc/physDesc/handDesc/handNote/origDate		
manuscripts	1220.xml		/TEI/text/body/listBibl/msDesc/physDesc/bindingDesc/binding/decoNote/origDate		
manuscripts	1220.xml		/TEI/text/body/listBibl/msDesc/history/provenance/date		
manuscripts	1220.xml		/TEI/text/body/listBibl/msDesc/history/acquisition/date		
manuscripts	1221.xml	900-1100?	/TEI/text/body/listBibl/msDesc/physDesc/handDesc/handNote/origDate		
manuscripts	1221.xml		/TEI/text/body/listBibl/msDesc/physDesc/bindingDesc/binding/decoNote/origDate		
manuscripts	1221.xml		/TEI/text/body/listBibl/msDesc/history/provenance/date		
manuscripts	1221.xml		/TEI/text/body/listBibl/msDesc/history/acquisition/date		
manuscripts	1222.xml	1000-1100	/TEI/text/body/listBibl/msDesc/physDesc/handDesc/handNote/origDate		
manuscripts	1222.xml		/TEI/text/body/listBibl/msDesc/physDesc/bindingDesc/binding/decoNote/origDate		
manuscripts	1222.xml		/TEI/text/body/listBibl/msDesc/history/provenance/date		
manuscripts	1222.xml		/TEI/text/body/listBibl/msDesc/history/acquisition/date		
manuscripts	1223.xml	994	/TEI/text/body/listBibl/msDesc/physDesc/handDesc/handNote/origDate		
manuscripts	1223.xml		/TEI/text/body/listBibl/msDesc/physDesc/bindingDesc/binding/decoNote/origDate		
manuscripts	1223.xml		/TEI/text/body/listBibl/msDesc/history/provenance/date		
manuscripts	1223.xml		/TEI/text/body/listBibl/msDesc/history/acquisition/date		
manuscripts	1224.xml	900-1100?	/TEI/text/body/listBibl/msDesc/physDesc/handDesc/handNote/origDate		
manuscripts	1224.xml		/TEI/text/body/listBibl/msDesc/physDesc/bindingDesc/binding/decoNote/origDate		
manuscripts	1224.xml		/TEI/text/body/listBibl/msDesc/history/provenance/date		
manuscripts	1224.xml		/TEI/text/body/listBibl/msDesc/history/acquisition/date		
manuscripts	1225.xml	1200-1300	/TEI/text/body/listBibl/msDesc/physDesc/handDesc/handNote/origDate		
manuscripts	1225.xml		/TEI/text/body/listBibl/msDesc/physDesc/bindingDesc/binding/decoNote/origDate		
manuscripts	1225.xml		/TEI/text/body/listBibl/msDesc/history/provenance/date		
manuscripts	1225.xml		/TEI/text/body/listBibl/msDesc/history/acquisition/date		
manuscripts	1226.xml	1000-1200?	/TEI/text/body/listBibl/msDesc/physDesc/handDesc/handNote/origDate		
manuscripts	1226.xml		/TEI/text/body/listBibl/msDesc/physDesc/bindingDesc/binding/decoNote/origDate		
manuscripts	1226.xml		/TEI/text/body/listBibl/msDesc/history/provenance/date		
manuscripts	1226.xml		/TEI/text/body/listBibl/msDesc/history/acquisition/date		
manuscripts	1227.xml	1000-1200?	/TEI/text/body/listBibl/msDesc/physDesc/handDesc/handNote/origDate		
manuscripts	1227.xml		/TEI/text/body/listBibl/msDesc/physDesc/bindingDesc/binding/decoNote/origDate		
manuscripts	1227.xml		/TEI/text/body/listBibl/msDesc/history/provenance/date		
manuscripts	1227.xml		/TEI/text/body/listBibl/msDesc/history/acquisition/date		
manuscripts	1228.xml	c. 1028-1038	/TEI/text/body/listBibl/msDesc/physDesc/handDesc/handNote/origDate		
manuscripts	1228.xml		/TEI/text/body/listBibl/msDesc/physDesc/bindingDesc/binding/decoNote/origDate		
manuscripts	1228.xml		/TEI/text/body/listBibl/msDesc/history/provenance/date		
manuscripts	1228.xml		/TEI/text/body/listBibl/msDesc/history/acquisition/date		
manuscripts	1229.xml	1000-1200?	/TEI/text/body/listBibl/msDesc/physDesc/handDesc/handNote/origDate		
manuscripts	1229.xml		/TEI/text/body/listBibl/msDesc/physDesc/bindingDesc/binding/decoNote/origDate		
manuscripts	1229.xml		/TEI/text/body/listBibl/msDesc/history/provenance/date		
manuscripts	1229.xml		/TEI/text/body/listBibl/msDesc/history/acquisition/date		
manuscripts	123.xml		/TEI/text/body/listBibl/msDesc/physDesc/handDesc/handNote/origDate		
manuscripts	123.xml		/TEI/text/body/listBibl/msDesc/physDesc/bindingDesc/binding/decoNote/origDate		
manuscripts	123.xml		/TEI/text/body/listBibl/msDesc/history/provenance/date		
manuscripts	123.xml		/TEI/text/body/listBibl/msDesc/history/acquisition/date		
manuscripts	1230.xml	1000-1100	/TEI/text/body/listBibl/msDesc/physDesc/handDesc/handNote/origDate		
manuscripts	1230.xml		/TEI/text/body/listBibl/msDesc/physDesc/bindingDesc/binding/decoNote/origDate		
manuscripts	1230.xml		/TEI/text/body/listBibl/msDesc/history/provenance/date		
manuscripts	1230.xml		/TEI/text/body/listBibl/msDesc/history/acquisition/date		
manuscripts	1231.xml	900-1100?	/TEI/text/body/listBibl/msDesc/physDesc/handDesc/handNote/origDate		
manuscripts	1231.xml		/TEI/text/body/listBibl/msDesc/physDesc/bindingDesc/binding/decoNote/origDate		
manuscripts	1231.xml		/TEI/text/body/listBibl/msDesc/history/provenance/date		
manuscripts	1231.xml		/TEI/text/body/listBibl/msDesc/history/acquisition/date		
manuscripts	1232.xml	900-1100?	/TEI/text/body/listBibl/msDesc/physDesc/handDesc/handNote/origDate		
manuscripts	1232.xml		/TEI/text/body/listBibl/msDesc/physDesc/bindingDesc/binding/decoNote/origDate		
manuscripts	1232.xml		/TEI/text/body/listBibl/msDesc/history/provenance/date		
manuscripts	1232.xml		/TEI/text/body/listBibl/msDesc/history/acquisition/date		
manuscripts	1233.xml	1000-1100	/TEI/text/body/listBibl/msDesc/physDesc/handDesc/handNote/origDate		
manuscripts	1233.xml		/TEI/text/body/listBibl/msDesc/physDesc/bindingDesc/binding/decoNote/origDate		
manuscripts	1233.xml		/TEI/text/body/listBibl/msDesc/history/provenance/date		
manuscripts	1233.xml		/TEI/text/body/listBibl/msDesc/history/acquisition/date		
manuscripts	1234.xml	1000-1100	/TEI/text/body/listBibl/msDesc/physDesc/handDesc/handNote/origDate		
manuscripts	1234.xml		/TEI/text/body/listBibl/msDesc/physDesc/bindingDesc/binding/decoNote/origDate		
manuscripts	1234.xml		/TEI/text/body/listBibl/msDesc/history/provenance/date		
manuscripts	1234.xml		/TEI/text/body/listBibl/msDesc/history/acquisition/date		
manuscripts	1235.xml	1000-1200?	/TEI/text/body/listBibl/msDesc/physDesc/handDesc/handNote/origDate		
manuscripts	1235.xml		/TEI/text/body/listBibl/msDesc/physDesc/bindingDesc/binding/decoNote/origDate		
manuscripts	1235.xml		/TEI/text/body/listBibl/msDesc/history/provenance/date		
manuscripts	1235.xml		/TEI/text/body/listBibl/msDesc/history/acquisition/date		
manuscripts	1236.xml	1000-1200?	/TEI/text/body/listBibl/msDesc/physDesc/handDesc/handNote/origDate		
manuscripts	1236.xml		/TEI/text/body/listBibl/msDesc/physDesc/bindingDesc/binding/decoNote/origDate		
manuscripts	1236.xml		/TEI/text/body/listBibl/msDesc/history/provenance/date		
manuscripts	1236.xml		/TEI/text/body/listBibl/msDesc/history/acquisition/date		
manuscripts	1237.xml	1000-1200?	/TEI/text/body/listBibl/msDesc/physDesc/handDesc/handNote/origDate		
manuscripts	1237.xml		/TEI/text/body/listBibl/msDesc/physDesc/bindingDesc/binding/decoNote/origDate		
manuscripts	1237.xml		/TEI/text/body/listBibl/msDesc/history/provenance/date		
manuscripts	1237.xml		/TEI/text/body/listBibl/msDesc/history/acquisition/date		
manuscripts	1238.xml	900-1100?	/TEI/text/body/listBibl/msDesc/physDesc/handDesc/handNote/origDate		
manuscripts	1238.xml		/TEI/text/body/listBibl/msDesc/physDesc/bindingDesc/binding/decoNote/origDate		
manuscripts	1238.xml		/TEI/text/body/listBibl/msDesc/history/provenance/date		
manuscripts	1238.xml		/TEI/text/body/listBibl/msDesc/history/acquisition/date		
manuscripts	1239.xml	900-1100?	/TEI/text/body/listBibl/msDesc/physDesc/handDesc/handNote/origDate		
manuscripts	1239.xml		/TEI/text/body/listBibl/msDesc/physDesc/bindingDesc/binding/decoNote/origDate		
manuscripts	1239.xml		/TEI/text/body/listBibl/msDesc/history/provenance/date		
manuscripts	1239.xml		/TEI/text/body/listBibl/msDesc/history/acquisition/date		
manuscripts	124.xml		/TEI/text/body/listBibl/msDesc/physDesc/handDesc/handNote/origDate		
manuscripts	124.xml		/TEI/text/body/listBibl/msDesc/physDesc/bindingDesc/binding/decoNote/origDate		
manuscripts	124.xml		/TEI/text/body/listBibl/msDesc/history/provenance/date		
manuscripts	124.xml		/TEI/text/body/listBibl/msDesc/history/acquisition/date		
manuscripts	1240.xml	900-1100?	/TEI/text/body/listBibl/msDesc/physDesc/handDesc/handNote/origDate		
manuscripts	1240.xml		/TEI/text/body/listBibl/msDesc/physDesc/bindingDesc/binding/decoNote/origDate		
manuscripts	1240.xml		/TEI/text/body/listBibl/msDesc/history/provenance/date		
manuscripts	1240.xml		/TEI/text/body/listBibl/msDesc/history/acquisition/date		
manuscripts	1241.xml	"February 1021/2 [א'של""ג לשטרות] [Ktiv]; 1022
                                [FGP]"	/TEI/text/body/listBibl/msDesc/physDesc/handDesc/handNote/origDate		
manuscripts	1241.xml		/TEI/text/body/listBibl/msDesc/physDesc/bindingDesc/binding/decoNote/origDate		
manuscripts	1241.xml		/TEI/text/body/listBibl/msDesc/history/provenance/date		
manuscripts	1241.xml		/TEI/text/body/listBibl/msDesc/history/acquisition/date		
manuscripts	1242.xml	900-1000	/TEI/text/body/listBibl/msDesc/physDesc/handDesc/handNote/origDate		
manuscripts	1242.xml		/TEI/text/body/listBibl/msDesc/physDesc/bindingDesc/binding/decoNote/origDate		
manuscripts	1242.xml		/TEI/text/body/listBibl/msDesc/history/provenance/date		
manuscripts	1242.xml		/TEI/text/body/listBibl/msDesc/history/acquisition/date		
manuscripts	1243.xml	900-1100?	/TEI/text/body/listBibl/msDesc/physDesc/handDesc/handNote/origDate		
manuscripts	1243.xml		/TEI/text/body/listBibl/msDesc/physDesc/bindingDesc/binding/decoNote/origDate		
manuscripts	1243.xml		/TEI/text/body/listBibl/msDesc/history/provenance/date		
manuscripts	1243.xml		/TEI/text/body/listBibl/msDesc/history/acquisition/date		
manuscripts	1244.xml	1000-1100	/TEI/text/body/listBibl/msDesc/physDesc/handDesc/handNote/origDate		
manuscripts	1244.xml		/TEI/text/body/listBibl/msDesc/physDesc/bindingDesc/binding/decoNote/origDate		
manuscripts	1244.xml		/TEI/text/body/listBibl/msDesc/history/provenance/date		
manuscripts	1244.xml		/TEI/text/body/listBibl/msDesc/history/acquisition/date		
manuscripts	1245.xml	900-1100?	/TEI/text/body/listBibl/msDesc/physDesc/handDesc/handNote/origDate		
manuscripts	1245.xml		/TEI/text/body/listBibl/msDesc/physDesc/bindingDesc/binding/decoNote/origDate		
manuscripts	1245.xml		/TEI/text/body/listBibl/msDesc/history/provenance/date		
manuscripts	1245.xml		/TEI/text/body/listBibl/msDesc/history/acquisition/date		
manuscripts	1246.xml	1000-1200?	/TEI/text/body/listBibl/msDesc/physDesc/handDesc/handNote/origDate		
manuscripts	1246.xml		/TEI/text/body/listBibl/msDesc/physDesc/bindingDesc/binding/decoNote/origDate		
manuscripts	1246.xml		/TEI/text/body/listBibl/msDesc/history/provenance/date		
manuscripts	1246.xml		/TEI/text/body/listBibl/msDesc/history/acquisition/date		
manuscripts	1247.xml	September 988	/TEI/text/body/listBibl/msDesc/physDesc/handDesc/handNote/origDate		
manuscripts	1247.xml		/TEI/text/body/listBibl/msDesc/physDesc/bindingDesc/binding/decoNote/origDate		
manuscripts	1247.xml		/TEI/text/body/listBibl/msDesc/history/provenance/date		
manuscripts	1247.xml		/TEI/text/body/listBibl/msDesc/history/acquisition/date		
manuscripts	1248.xml	900-1100?	/TEI/text/body/listBibl/msDesc/physDesc/handDesc/handNote/origDate		
manuscripts	1248.xml		/TEI/text/body/listBibl/msDesc/physDesc/bindingDesc/binding/decoNote/origDate		
manuscripts	1248.xml		/TEI/text/body/listBibl/msDesc/history/provenance/date		
manuscripts	1248.xml		/TEI/text/body/listBibl/msDesc/history/acquisition/date		
manuscripts	1249.xml	900-1100?	/TEI/text/body/listBibl/msDesc/physDesc/handDesc/handNote/origDate		
manuscripts	1249.xml		/TEI/text/body/listBibl/msDesc/physDesc/bindingDesc/binding/decoNote/origDate		
manuscripts	1249.xml		/TEI/text/body/listBibl/msDesc/history/provenance/date		
manuscripts	1249.xml		/TEI/text/body/listBibl/msDesc/history/acquisition/date		
manuscripts	125.xml		/TEI/text/body/listBibl/msDesc/physDesc/handDesc/handNote/origDate		
manuscripts	125.xml		/TEI/text/body/listBibl/msDesc/physDesc/bindingDesc/binding/decoNote/origDate		
manuscripts	125.xml		/TEI/text/body/listBibl/msDesc/history/provenance/date		
manuscripts	125.xml		/TEI/text/body/listBibl/msDesc/history/acquisition/date		
manuscripts	1250.xml	1000-1100	/TEI/text/body/listBibl/msDesc/physDesc/handDesc/handNote/origDate		
manuscripts	1250.xml		/TEI/text/body/listBibl/msDesc/physDesc/bindingDesc/binding/decoNote/origDate		
manuscripts	1250.xml		/TEI/text/body/listBibl/msDesc/history/provenance/date		
manuscripts	1250.xml		/TEI/text/body/listBibl/msDesc/history/acquisition/date		
manuscripts	1251.xml	1000-1100	/TEI/text/body/listBibl/msDesc/physDesc/handDesc/handNote/origDate		
manuscripts	1251.xml		/TEI/text/body/listBibl/msDesc/physDesc/bindingDesc/binding/decoNote/origDate		
manuscripts	1251.xml		/TEI/text/body/listBibl/msDesc/history/provenance/date		
manuscripts	1251.xml		/TEI/text/body/listBibl/msDesc/history/acquisition/date		
manuscripts	1252.xml		/TEI/text/body/listBibl/msDesc/physDesc/handDesc/handNote/origDate		
manuscripts	1252.xml		/TEI/text/body/listBibl/msDesc/physDesc/bindingDesc/binding/decoNote/origDate		
manuscripts	1252.xml		/TEI/text/body/listBibl/msDesc/history/provenance/date		
manuscripts	1252.xml		/TEI/text/body/listBibl/msDesc/history/acquisition/date		
manuscripts	1253.xml		/TEI/text/body/listBibl/msDesc/physDesc/handDesc/handNote/origDate		
manuscripts	1253.xml		/TEI/text/body/listBibl/msDesc/physDesc/bindingDesc/binding/decoNote/origDate		
manuscripts	1253.xml		/TEI/text/body/listBibl/msDesc/history/provenance/date		
manuscripts	1253.xml		/TEI/text/body/listBibl/msDesc/history/acquisition/date		
manuscripts	1254.xml		/TEI/text/body/listBibl/msDesc/physDesc/handDesc/handNote/origDate		
manuscripts	1254.xml		/TEI/text/body/listBibl/msDesc/physDesc/bindingDesc/binding/decoNote/origDate		
manuscripts	1254.xml		/TEI/text/body/listBibl/msDesc/history/provenance/date		
manuscripts	1254.xml		/TEI/text/body/listBibl/msDesc/history/acquisition/date		
manuscripts	1255.xml		/TEI/text/body/listBibl/msDesc/physDesc/handDesc/handNote/origDate		
manuscripts	1255.xml		/TEI/text/body/listBibl/msDesc/physDesc/bindingDesc/binding/decoNote/origDate		
manuscripts	1255.xml		/TEI/text/body/listBibl/msDesc/history/provenance/date		
manuscripts	1255.xml		/TEI/text/body/listBibl/msDesc/history/acquisition/date		
manuscripts	1256.xml		/TEI/text/body/listBibl/msDesc/physDesc/handDesc/handNote/origDate		
manuscripts	1256.xml		/TEI/text/body/listBibl/msDesc/physDesc/bindingDesc/binding/decoNote/origDate		
manuscripts	1256.xml		/TEI/text/body/listBibl/msDesc/history/provenance/date		
manuscripts	1256.xml		/TEI/text/body/listBibl/msDesc/history/acquisition/date		
manuscripts	1257.xml		/TEI/text/body/listBibl/msDesc/physDesc/handDesc/handNote/origDate		
manuscripts	1257.xml		/TEI/text/body/listBibl/msDesc/physDesc/bindingDesc/binding/decoNote/origDate		
manuscripts	1257.xml		/TEI/text/body/listBibl/msDesc/history/provenance/date		
manuscripts	1257.xml		/TEI/text/body/listBibl/msDesc/history/acquisition/date		
manuscripts	1258.xml		/TEI/text/body/listBibl/msDesc/physDesc/handDesc/handNote/origDate		
manuscripts	1258.xml		/TEI/text/body/listBibl/msDesc/physDesc/bindingDesc/binding/decoNote/origDate		
manuscripts	1258.xml		/TEI/text/body/listBibl/msDesc/history/provenance/date		
manuscripts	1258.xml		/TEI/text/body/listBibl/msDesc/history/acquisition/date		
manuscripts	1259.xml		/TEI/text/body/listBibl/msDesc/physDesc/handDesc/handNote/origDate		
manuscripts	1259.xml		/TEI/text/body/listBibl/msDesc/physDesc/bindingDesc/binding/decoNote/origDate		
manuscripts	1259.xml		/TEI/text/body/listBibl/msDesc/history/provenance/date		
manuscripts	1259.xml		/TEI/text/body/listBibl/msDesc/history/acquisition/date		
manuscripts	126.xml		/TEI/text/body/listBibl/msDesc/physDesc/handDesc/handNote/origDate		
manuscripts	126.xml		/TEI/text/body/listBibl/msDesc/physDesc/bindingDesc/binding/decoNote/origDate		
manuscripts	126.xml		/TEI/text/body/listBibl/msDesc/history/provenance/date		
manuscripts	126.xml		/TEI/text/body/listBibl/msDesc/history/acquisition/date		
manuscripts	1260.xml		/TEI/text/body/listBibl/msDesc/physDesc/handDesc/handNote/origDate		
manuscripts	1260.xml		/TEI/text/body/listBibl/msDesc/physDesc/bindingDesc/binding/decoNote/origDate		
manuscripts	1260.xml		/TEI/text/body/listBibl/msDesc/history/provenance/date		
manuscripts	1260.xml		/TEI/text/body/listBibl/msDesc/history/acquisition/date		
manuscripts	1261.xml		/TEI/text/body/listBibl/msDesc/physDesc/handDesc/handNote/origDate		
manuscripts	1261.xml		/TEI/text/body/listBibl/msDesc/physDesc/bindingDesc/binding/decoNote/origDate		
manuscripts	1261.xml		/TEI/text/body/listBibl/msDesc/history/provenance/date		
manuscripts	1261.xml		/TEI/text/body/listBibl/msDesc/history/acquisition/date		
manuscripts	1262.xml		/TEI/text/body/listBibl/msDesc/physDesc/handDesc/handNote/origDate		
manuscripts	1262.xml		/TEI/text/body/listBibl/msDesc/physDesc/bindingDesc/binding/decoNote/origDate		
manuscripts	1262.xml		/TEI/text/body/listBibl/msDesc/history/provenance/date		
manuscripts	1262.xml		/TEI/text/body/listBibl/msDesc/history/acquisition/date		
manuscripts	1263.xml		/TEI/text/body/listBibl/msDesc/physDesc/handDesc/handNote/origDate		
manuscripts	1263.xml		/TEI/text/body/listBibl/msDesc/physDesc/bindingDesc/binding/decoNote/origDate		
manuscripts	1263.xml		/TEI/text/body/listBibl/msDesc/history/provenance/date		
manuscripts	1263.xml		/TEI/text/body/listBibl/msDesc/history/acquisition/date		
manuscripts	1264.xml		/TEI/text/body/listBibl/msDesc/physDesc/handDesc/handNote/origDate		
manuscripts	1264.xml		/TEI/text/body/listBibl/msDesc/physDesc/bindingDesc/binding/decoNote/origDate		
manuscripts	1264.xml		/TEI/text/body/listBibl/msDesc/history/provenance/date		
manuscripts	1264.xml		/TEI/text/body/listBibl/msDesc/history/acquisition/date		
manuscripts	1265.xml		/TEI/text/body/listBibl/msDesc/physDesc/handDesc/handNote/origDate		
manuscripts	1265.xml		/TEI/text/body/listBibl/msDesc/physDesc/bindingDesc/binding/decoNote/origDate		
manuscripts	1265.xml		/TEI/text/body/listBibl/msDesc/history/provenance/date		
manuscripts	1265.xml		/TEI/text/body/listBibl/msDesc/history/acquisition/date		
manuscripts	1266.xml		/TEI/text/body/listBibl/msDesc/physDesc/handDesc/handNote/origDate		
manuscripts	1266.xml		/TEI/text/body/listBibl/msDesc/physDesc/bindingDesc/binding/decoNote/origDate		
manuscripts	1266.xml		/TEI/text/body/listBibl/msDesc/history/provenance/date		
manuscripts	1266.xml		/TEI/text/body/listBibl/msDesc/history/acquisition/date		
manuscripts	1267.xml		/TEI/text/body/listBibl/msDesc/physDesc/handDesc/handNote/origDate		
manuscripts	1267.xml		/TEI/text/body/listBibl/msDesc/physDesc/bindingDesc/binding/decoNote/origDate		
manuscripts	1267.xml		/TEI/text/body/listBibl/msDesc/history/provenance/date		
manuscripts	1267.xml		/TEI/text/body/listBibl/msDesc/history/acquisition/date		
manuscripts	1268.xml		/TEI/text/body/listBibl/msDesc/physDesc/handDesc/handNote/origDate		
manuscripts	1268.xml		/TEI/text/body/listBibl/msDesc/physDesc/bindingDesc/binding/decoNote/origDate		
manuscripts	1268.xml		/TEI/text/body/listBibl/msDesc/history/provenance/date		
manuscripts	1268.xml		/TEI/text/body/listBibl/msDesc/history/acquisition/date		
manuscripts	1269.xml		/TEI/text/body/listBibl/msDesc/physDesc/handDesc/handNote/origDate		
manuscripts	1269.xml		/TEI/text/body/listBibl/msDesc/physDesc/bindingDesc/binding/decoNote/origDate		
manuscripts	1269.xml		/TEI/text/body/listBibl/msDesc/history/provenance/date		
manuscripts	1269.xml		/TEI/text/body/listBibl/msDesc/history/acquisition/date		
manuscripts	127.xml		/TEI/text/body/listBibl/msDesc/physDesc/handDesc/handNote/origDate		
manuscripts	127.xml		/TEI/text/body/listBibl/msDesc/physDesc/bindingDesc/binding/decoNote/origDate		
manuscripts	127.xml		/TEI/text/body/listBibl/msDesc/history/provenance/date		
manuscripts	127.xml		/TEI/text/body/listBibl/msDesc/history/acquisition/date		
manuscripts	1270.xml		/TEI/text/body/listBibl/msDesc/physDesc/handDesc/handNote/origDate		
manuscripts	1270.xml		/TEI/text/body/listBibl/msDesc/physDesc/bindingDesc/binding/decoNote/origDate		
manuscripts	1270.xml		/TEI/text/body/listBibl/msDesc/history/provenance/date		
manuscripts	1270.xml		/TEI/text/body/listBibl/msDesc/history/acquisition/date		
manuscripts	1271.xml		/TEI/text/body/listBibl/msDesc/physDesc/handDesc/handNote/origDate		
manuscripts	1271.xml		/TEI/text/body/listBibl/msDesc/physDesc/bindingDesc/binding/decoNote/origDate		
manuscripts	1271.xml		/TEI/text/body/listBibl/msDesc/history/provenance/date		
manuscripts	1271.xml		/TEI/text/body/listBibl/msDesc/history/acquisition/date		
manuscripts	1272.xml		/TEI/text/body/listBibl/msDesc/physDesc/handDesc/handNote/origDate		
manuscripts	1272.xml		/TEI/text/body/listBibl/msDesc/physDesc/bindingDesc/binding/decoNote/origDate		
manuscripts	1272.xml		/TEI/text/body/listBibl/msDesc/history/provenance/date		
manuscripts	1272.xml		/TEI/text/body/listBibl/msDesc/history/acquisition/date		
manuscripts	1273.xml		/TEI/text/body/listBibl/msDesc/physDesc/handDesc/handNote/origDate		
manuscripts	1273.xml		/TEI/text/body/listBibl/msDesc/physDesc/bindingDesc/binding/decoNote/origDate		
manuscripts	1273.xml		/TEI/text/body/listBibl/msDesc/history/provenance/date		
manuscripts	1273.xml		/TEI/text/body/listBibl/msDesc/history/acquisition/date		
manuscripts	1274.xml		/TEI/text/body/listBibl/msDesc/physDesc/handDesc/handNote/origDate		
manuscripts	1274.xml		/TEI/text/body/listBibl/msDesc/physDesc/bindingDesc/binding/decoNote/origDate		
manuscripts	1274.xml		/TEI/text/body/listBibl/msDesc/history/provenance/date		
manuscripts	1274.xml		/TEI/text/body/listBibl/msDesc/history/acquisition/date		
manuscripts	1275.xml		/TEI/text/body/listBibl/msDesc/physDesc/handDesc/handNote/origDate		
manuscripts	1275.xml		/TEI/text/body/listBibl/msDesc/physDesc/bindingDesc/binding/decoNote/origDate		
manuscripts	1275.xml		/TEI/text/body/listBibl/msDesc/history/provenance/date		
manuscripts	1275.xml		/TEI/text/body/listBibl/msDesc/history/acquisition/date		
manuscripts	1276.xml		/TEI/text/body/listBibl/msDesc/physDesc/handDesc/handNote/origDate		
manuscripts	1276.xml		/TEI/text/body/listBibl/msDesc/physDesc/bindingDesc/binding/decoNote/origDate		
manuscripts	1276.xml		/TEI/text/body/listBibl/msDesc/history/provenance/date		
manuscripts	1276.xml		/TEI/text/body/listBibl/msDesc/history/acquisition/date		
manuscripts	1277.xml		/TEI/text/body/listBibl/msDesc/physDesc/handDesc/handNote/origDate		
manuscripts	1277.xml		/TEI/text/body/listBibl/msDesc/physDesc/bindingDesc/binding/decoNote/origDate		
manuscripts	1277.xml		/TEI/text/body/listBibl/msDesc/history/provenance/date		
manuscripts	1277.xml		/TEI/text/body/listBibl/msDesc/history/acquisition/date		
manuscripts	1278.xml		/TEI/text/body/listBibl/msDesc/physDesc/handDesc/handNote/origDate		
manuscripts	1278.xml		/TEI/text/body/listBibl/msDesc/physDesc/bindingDesc/binding/decoNote/origDate		
manuscripts	1278.xml		/TEI/text/body/listBibl/msDesc/history/provenance/date		
manuscripts	1278.xml		/TEI/text/body/listBibl/msDesc/history/acquisition/date		
manuscripts	1279.xml		/TEI/text/body/listBibl/msDesc/physDesc/handDesc/handNote/origDate		
manuscripts	1279.xml		/TEI/text/body/listBibl/msDesc/physDesc/bindingDesc/binding/decoNote/origDate		
manuscripts	1279.xml		/TEI/text/body/listBibl/msDesc/history/provenance/date		
manuscripts	1279.xml		/TEI/text/body/listBibl/msDesc/history/acquisition/date		
manuscripts	128.xml		/TEI/text/body/listBibl/msDesc/physDesc/handDesc/handNote/origDate		
manuscripts	128.xml		/TEI/text/body/listBibl/msDesc/physDesc/bindingDesc/binding/decoNote/origDate		
manuscripts	128.xml		/TEI/text/body/listBibl/msDesc/history/provenance/date		
manuscripts	128.xml		/TEI/text/body/listBibl/msDesc/history/acquisition/date		
manuscripts	1280.xml		/TEI/text/body/listBibl/msDesc/physDesc/handDesc/handNote/origDate		
manuscripts	1280.xml		/TEI/text/body/listBibl/msDesc/physDesc/bindingDesc/binding/decoNote/origDate		
manuscripts	1280.xml		/TEI/text/body/listBibl/msDesc/history/provenance/date		
manuscripts	1280.xml		/TEI/text/body/listBibl/msDesc/history/acquisition/date		
manuscripts	1281.xml		/TEI/text/body/listBibl/msDesc/physDesc/handDesc/handNote/origDate		
manuscripts	1281.xml		/TEI/text/body/listBibl/msDesc/physDesc/bindingDesc/binding/decoNote/origDate		
manuscripts	1281.xml		/TEI/text/body/listBibl/msDesc/history/provenance/date		
manuscripts	1281.xml		/TEI/text/body/listBibl/msDesc/history/acquisition/date		
manuscripts	1282.xml		/TEI/text/body/listBibl/msDesc/physDesc/handDesc/handNote/origDate		
manuscripts	1282.xml		/TEI/text/body/listBibl/msDesc/physDesc/bindingDesc/binding/decoNote/origDate		
manuscripts	1282.xml		/TEI/text/body/listBibl/msDesc/history/provenance/date		
manuscripts	1282.xml		/TEI/text/body/listBibl/msDesc/history/acquisition/date		
manuscripts	1283.xml		/TEI/text/body/listBibl/msDesc/physDesc/handDesc/handNote/origDate		
manuscripts	1283.xml		/TEI/text/body/listBibl/msDesc/physDesc/bindingDesc/binding/decoNote/origDate		
manuscripts	1283.xml		/TEI/text/body/listBibl/msDesc/history/provenance/date		
manuscripts	1283.xml		/TEI/text/body/listBibl/msDesc/history/acquisition/date		
manuscripts	1284.xml		/TEI/text/body/listBibl/msDesc/physDesc/handDesc/handNote/origDate		
manuscripts	1284.xml		/TEI/text/body/listBibl/msDesc/physDesc/bindingDesc/binding/decoNote/origDate		
manuscripts	1284.xml		/TEI/text/body/listBibl/msDesc/history/provenance/date		
manuscripts	1284.xml		/TEI/text/body/listBibl/msDesc/history/acquisition/date		
manuscripts	1285.xml		/TEI/text/body/listBibl/msDesc/physDesc/handDesc/handNote/origDate		
manuscripts	1285.xml		/TEI/text/body/listBibl/msDesc/physDesc/bindingDesc/binding/decoNote/origDate		
manuscripts	1285.xml		/TEI/text/body/listBibl/msDesc/history/provenance/date		
manuscripts	1285.xml		/TEI/text/body/listBibl/msDesc/history/acquisition/date		
manuscripts	1286.xml		/TEI/text/body/listBibl/msDesc/physDesc/handDesc/handNote/origDate		
manuscripts	1286.xml		/TEI/text/body/listBibl/msDesc/physDesc/bindingDesc/binding/decoNote/origDate		
manuscripts	1286.xml		/TEI/text/body/listBibl/msDesc/history/provenance/date		
manuscripts	1286.xml		/TEI/text/body/listBibl/msDesc/history/acquisition/date		
manuscripts	1287.xml		/TEI/text/body/listBibl/msDesc/physDesc/handDesc/handNote/origDate		
manuscripts	1287.xml		/TEI/text/body/listBibl/msDesc/physDesc/bindingDesc/binding/decoNote/origDate		
manuscripts	1287.xml		/TEI/text/body/listBibl/msDesc/history/provenance/date		
manuscripts	1287.xml		/TEI/text/body/listBibl/msDesc/history/acquisition/date		
manuscripts	1288.xml		/TEI/text/body/listBibl/msDesc/physDesc/handDesc/handNote/origDate		
manuscripts	1288.xml		/TEI/text/body/listBibl/msDesc/physDesc/bindingDesc/binding/decoNote/origDate		
manuscripts	1288.xml		/TEI/text/body/listBibl/msDesc/history/provenance/date		
manuscripts	1288.xml		/TEI/text/body/listBibl/msDesc/history/acquisition/date		
manuscripts	1289.xml		/TEI/text/body/listBibl/msDesc/physDesc/handDesc/handNote/origDate		
manuscripts	1289.xml		/TEI/text/body/listBibl/msDesc/physDesc/bindingDesc/binding/decoNote/origDate		
manuscripts	1289.xml		/TEI/text/body/listBibl/msDesc/history/provenance/date		
manuscripts	1289.xml		/TEI/text/body/listBibl/msDesc/history/acquisition/date		
manuscripts	129.xml		/TEI/text/body/listBibl/msDesc/physDesc/handDesc/handNote/origDate		
manuscripts	129.xml		/TEI/text/body/listBibl/msDesc/physDesc/bindingDesc/binding/decoNote/origDate		
manuscripts	129.xml		/TEI/text/body/listBibl/msDesc/history/provenance/date		
manuscripts	129.xml		/TEI/text/body/listBibl/msDesc/history/acquisition/date		
manuscripts	1290.xml		/TEI/text/body/listBibl/msDesc/physDesc/handDesc/handNote/origDate		
manuscripts	1290.xml		/TEI/text/body/listBibl/msDesc/physDesc/bindingDesc/binding/decoNote/origDate		
manuscripts	1290.xml		/TEI/text/body/listBibl/msDesc/history/provenance/date		
manuscripts	1290.xml		/TEI/text/body/listBibl/msDesc/history/acquisition/date		
manuscripts	1291.xml		/TEI/text/body/listBibl/msDesc/physDesc/handDesc/handNote/origDate		
manuscripts	1291.xml		/TEI/text/body/listBibl/msDesc/physDesc/bindingDesc/binding/decoNote/origDate		
manuscripts	1291.xml		/TEI/text/body/listBibl/msDesc/history/provenance/date		
manuscripts	1291.xml		/TEI/text/body/listBibl/msDesc/history/acquisition/date		
manuscripts	1292.xml		/TEI/text/body/listBibl/msDesc/physDesc/handDesc/handNote/origDate		
manuscripts	1292.xml		/TEI/text/body/listBibl/msDesc/physDesc/bindingDesc/binding/decoNote/origDate		
manuscripts	1292.xml		/TEI/text/body/listBibl/msDesc/history/provenance/date		
manuscripts	1292.xml		/TEI/text/body/listBibl/msDesc/history/acquisition/date		
manuscripts	1293.xml		/TEI/text/body/listBibl/msDesc/physDesc/handDesc/handNote/origDate		
manuscripts	1293.xml		/TEI/text/body/listBibl/msDesc/physDesc/bindingDesc/binding/decoNote/origDate		
manuscripts	1293.xml		/TEI/text/body/listBibl/msDesc/history/provenance/date		
manuscripts	1293.xml		/TEI/text/body/listBibl/msDesc/history/acquisition/date		
manuscripts	1294.xml		/TEI/text/body/listBibl/msDesc/physDesc/handDesc/handNote/origDate		
manuscripts	1294.xml		/TEI/text/body/listBibl/msDesc/physDesc/bindingDesc/binding/decoNote/origDate		
manuscripts	1294.xml		/TEI/text/body/listBibl/msDesc/history/provenance/date		
manuscripts	1294.xml		/TEI/text/body/listBibl/msDesc/history/acquisition/date		
manuscripts	1295.xml		/TEI/text/body/listBibl/msDesc/physDesc/handDesc/handNote/origDate		
manuscripts	1295.xml		/TEI/text/body/listBibl/msDesc/physDesc/bindingDesc/binding/decoNote/origDate		
manuscripts	1295.xml		/TEI/text/body/listBibl/msDesc/history/provenance/date		
manuscripts	1295.xml		/TEI/text/body/listBibl/msDesc/history/acquisition/date		
manuscripts	1296.xml		/TEI/text/body/listBibl/msDesc/physDesc/handDesc/handNote/origDate		
manuscripts	1296.xml		/TEI/text/body/listBibl/msDesc/physDesc/bindingDesc/binding/decoNote/origDate		
manuscripts	1296.xml		/TEI/text/body/listBibl/msDesc/history/provenance/date		
manuscripts	1296.xml		/TEI/text/body/listBibl/msDesc/history/acquisition/date		
manuscripts	1297.xml		/TEI/text/body/listBibl/msDesc/physDesc/handDesc/handNote/origDate		
manuscripts	1297.xml		/TEI/text/body/listBibl/msDesc/physDesc/bindingDesc/binding/decoNote/origDate		
manuscripts	1297.xml		/TEI/text/body/listBibl/msDesc/history/provenance/date		
manuscripts	1297.xml		/TEI/text/body/listBibl/msDesc/history/acquisition/date		
manuscripts	1298.xml		/TEI/text/body/listBibl/msDesc/physDesc/handDesc/handNote/origDate		
manuscripts	1298.xml		/TEI/text/body/listBibl/msDesc/physDesc/bindingDesc/binding/decoNote/origDate		
manuscripts	1298.xml		/TEI/text/body/listBibl/msDesc/history/provenance/date		
manuscripts	1298.xml		/TEI/text/body/listBibl/msDesc/history/acquisition/date		
manuscripts	1299.xml		/TEI/text/body/listBibl/msDesc/physDesc/handDesc/handNote/origDate		
manuscripts	1299.xml		/TEI/text/body/listBibl/msDesc/physDesc/bindingDesc/binding/decoNote/origDate		
manuscripts	1299.xml		/TEI/text/body/listBibl/msDesc/history/provenance/date		
manuscripts	1299.xml		/TEI/text/body/listBibl/msDesc/history/acquisition/date		
manuscripts	13.xml		/TEI/text/body/listBibl/msDesc/physDesc/handDesc/handNote/origDate		
manuscripts	13.xml		/TEI/text/body/listBibl/msDesc/physDesc/bindingDesc/binding/decoNote/origDate		
manuscripts	13.xml		/TEI/text/body/listBibl/msDesc/history/provenance/date		
manuscripts	13.xml		/TEI/text/body/listBibl/msDesc/history/acquisition/date		
manuscripts	130.xml		/TEI/text/body/listBibl/msDesc/physDesc/handDesc/handNote/origDate		
manuscripts	130.xml		/TEI/text/body/listBibl/msDesc/physDesc/bindingDesc/binding/decoNote/origDate		
manuscripts	130.xml		/TEI/text/body/listBibl/msDesc/history/provenance/date		
manuscripts	130.xml		/TEI/text/body/listBibl/msDesc/history/acquisition/date		
manuscripts	1300.xml		/TEI/text/body/listBibl/msDesc/physDesc/handDesc/handNote/origDate		
manuscripts	1300.xml		/TEI/text/body/listBibl/msDesc/physDesc/bindingDesc/binding/decoNote/origDate		
manuscripts	1300.xml		/TEI/text/body/listBibl/msDesc/history/provenance/date		
manuscripts	1300.xml		/TEI/text/body/listBibl/msDesc/history/acquisition/date		
manuscripts	1301.xml		/TEI/text/body/listBibl/msDesc/physDesc/handDesc/handNote/origDate		
manuscripts	1301.xml		/TEI/text/body/listBibl/msDesc/physDesc/bindingDesc/binding/decoNote/origDate		
manuscripts	1301.xml		/TEI/text/body/listBibl/msDesc/history/provenance/date		
manuscripts	1301.xml		/TEI/text/body/listBibl/msDesc/history/acquisition/date		
manuscripts	1302.xml		/TEI/text/body/listBibl/msDesc/physDesc/handDesc/handNote/origDate		
manuscripts	1302.xml		/TEI/text/body/listBibl/msDesc/physDesc/bindingDesc/binding/decoNote/origDate		
manuscripts	1302.xml		/TEI/text/body/listBibl/msDesc/history/provenance/date		
manuscripts	1302.xml		/TEI/text/body/listBibl/msDesc/history/acquisition/date		
manuscripts	1303.xml		/TEI/text/body/listBibl/msDesc/physDesc/handDesc/handNote/origDate		
manuscripts	1303.xml		/TEI/text/body/listBibl/msDesc/physDesc/bindingDesc/binding/decoNote/origDate		
manuscripts	1303.xml		/TEI/text/body/listBibl/msDesc/history/provenance/date		
manuscripts	1303.xml		/TEI/text/body/listBibl/msDesc/history/acquisition/date		
manuscripts	1304.xml		/TEI/text/body/listBibl/msDesc/physDesc/handDesc/handNote/origDate		
manuscripts	1304.xml		/TEI/text/body/listBibl/msDesc/physDesc/bindingDesc/binding/decoNote/origDate		
manuscripts	1304.xml		/TEI/text/body/listBibl/msDesc/history/provenance/date		
manuscripts	1304.xml		/TEI/text/body/listBibl/msDesc/history/acquisition/date		
manuscripts	1305.xml		/TEI/text/body/listBibl/msDesc/physDesc/handDesc/handNote/origDate		
manuscripts	1305.xml		/TEI/text/body/listBibl/msDesc/physDesc/bindingDesc/binding/decoNote/origDate		
manuscripts	1305.xml		/TEI/text/body/listBibl/msDesc/history/provenance/date		
manuscripts	1305.xml		/TEI/text/body/listBibl/msDesc/history/acquisition/date		
manuscripts	1306.xml		/TEI/text/body/listBibl/msDesc/physDesc/handDesc/handNote/origDate		
manuscripts	1306.xml		/TEI/text/body/listBibl/msDesc/physDesc/bindingDesc/binding/decoNote/origDate		
manuscripts	1306.xml		/TEI/text/body/listBibl/msDesc/history/provenance/date		
manuscripts	1306.xml		/TEI/text/body/listBibl/msDesc/history/acquisition/date		
manuscripts	1307.xml		/TEI/text/body/listBibl/msDesc/physDesc/handDesc/handNote/origDate		
manuscripts	1307.xml		/TEI/text/body/listBibl/msDesc/physDesc/bindingDesc/binding/decoNote/origDate		
manuscripts	1307.xml		/TEI/text/body/listBibl/msDesc/history/provenance/date		
manuscripts	1307.xml		/TEI/text/body/listBibl/msDesc/history/acquisition/date		
manuscripts	1308.xml		/TEI/text/body/listBibl/msDesc/physDesc/handDesc/handNote/origDate		
manuscripts	1308.xml		/TEI/text/body/listBibl/msDesc/physDesc/bindingDesc/binding/decoNote/origDate		
manuscripts	1308.xml		/TEI/text/body/listBibl/msDesc/history/provenance/date		
manuscripts	1308.xml		/TEI/text/body/listBibl/msDesc/history/acquisition/date		
manuscripts	1309.xml		/TEI/text/body/listBibl/msDesc/physDesc/handDesc/handNote/origDate		
manuscripts	1309.xml		/TEI/text/body/listBibl/msDesc/physDesc/bindingDesc/binding/decoNote/origDate		
manuscripts	1309.xml		/TEI/text/body/listBibl/msDesc/history/provenance/date		
manuscripts	1309.xml		/TEI/text/body/listBibl/msDesc/history/acquisition/date		
manuscripts	131.xml		/TEI/text/body/listBibl/msDesc/physDesc/handDesc/handNote/origDate		
manuscripts	131.xml		/TEI/text/body/listBibl/msDesc/physDesc/bindingDesc/binding/decoNote/origDate		
manuscripts	131.xml		/TEI/text/body/listBibl/msDesc/history/provenance/date		
manuscripts	131.xml		/TEI/text/body/listBibl/msDesc/history/acquisition/date		
manuscripts	1310.xml		/TEI/text/body/listBibl/msDesc/physDesc/handDesc/handNote/origDate		
manuscripts	1310.xml		/TEI/text/body/listBibl/msDesc/physDesc/bindingDesc/binding/decoNote/origDate		
manuscripts	1310.xml		/TEI/text/body/listBibl/msDesc/history/provenance/date		
manuscripts	1310.xml		/TEI/text/body/listBibl/msDesc/history/acquisition/date		
manuscripts	1311.xml		/TEI/text/body/listBibl/msDesc/physDesc/handDesc/handNote/origDate		
manuscripts	1311.xml		/TEI/text/body/listBibl/msDesc/physDesc/bindingDesc/binding/decoNote/origDate		
manuscripts	1311.xml		/TEI/text/body/listBibl/msDesc/history/provenance/date		
manuscripts	1311.xml		/TEI/text/body/listBibl/msDesc/history/acquisition/date		
manuscripts	1312.xml		/TEI/text/body/listBibl/msDesc/physDesc/handDesc/handNote/origDate		
manuscripts	1312.xml		/TEI/text/body/listBibl/msDesc/physDesc/bindingDesc/binding/decoNote/origDate		
manuscripts	1312.xml		/TEI/text/body/listBibl/msDesc/history/provenance/date		
manuscripts	1312.xml		/TEI/text/body/listBibl/msDesc/history/acquisition/date		
manuscripts	1313.xml		/TEI/text/body/listBibl/msDesc/physDesc/handDesc/handNote/origDate		
manuscripts	1313.xml		/TEI/text/body/listBibl/msDesc/physDesc/bindingDesc/binding/decoNote/origDate		
manuscripts	1313.xml		/TEI/text/body/listBibl/msDesc/history/provenance/date		
manuscripts	1313.xml		/TEI/text/body/listBibl/msDesc/history/acquisition/date		
manuscripts	1314.xml		/TEI/text/body/listBibl/msDesc/physDesc/handDesc/handNote/origDate		
manuscripts	1314.xml		/TEI/text/body/listBibl/msDesc/physDesc/bindingDesc/binding/decoNote/origDate		
manuscripts	1314.xml		/TEI/text/body/listBibl/msDesc/history/provenance/date		
manuscripts	1314.xml		/TEI/text/body/listBibl/msDesc/history/acquisition/date		
manuscripts	1315.xml		/TEI/text/body/listBibl/msDesc/physDesc/handDesc/handNote/origDate		
manuscripts	1315.xml		/TEI/text/body/listBibl/msDesc/physDesc/bindingDesc/binding/decoNote/origDate		
manuscripts	1315.xml		/TEI/text/body/listBibl/msDesc/history/provenance/date		
manuscripts	1315.xml		/TEI/text/body/listBibl/msDesc/history/acquisition/date		
manuscripts	1316.xml		/TEI/text/body/listBibl/msDesc/physDesc/handDesc/handNote/origDate		
manuscripts	1316.xml		/TEI/text/body/listBibl/msDesc/physDesc/bindingDesc/binding/decoNote/origDate		
manuscripts	1316.xml		/TEI/text/body/listBibl/msDesc/history/provenance/date		
manuscripts	1316.xml		/TEI/text/body/listBibl/msDesc/history/acquisition/date		
manuscripts	1317.xml		/TEI/text/body/listBibl/msDesc/physDesc/handDesc/handNote/origDate		
manuscripts	1317.xml		/TEI/text/body/listBibl/msDesc/physDesc/bindingDesc/binding/decoNote/origDate		
manuscripts	1317.xml		/TEI/text/body/listBibl/msDesc/history/provenance/date		
manuscripts	1317.xml		/TEI/text/body/listBibl/msDesc/history/acquisition/date		
manuscripts	1318.xml	1095, 13 June [6 Jumādā II 488]	/TEI/text/body/listBibl/msDesc/physDesc/handDesc/handNote/origDate		
manuscripts	1318.xml		/TEI/text/body/listBibl/msDesc/physDesc/bindingDesc/binding/decoNote/origDate		
manuscripts	1318.xml		/TEI/text/body/listBibl/msDesc/history/provenance/date		
manuscripts	1318.xml		/TEI/text/body/listBibl/msDesc/history/acquisition/date		
manuscripts	1319.xml	1000-1200?	/TEI/text/body/listBibl/msDesc/physDesc/handDesc/handNote/origDate		
manuscripts	1319.xml		/TEI/text/body/listBibl/msDesc/physDesc/bindingDesc/binding/decoNote/origDate		
manuscripts	1319.xml		/TEI/text/body/listBibl/msDesc/history/provenance/date		
manuscripts	1319.xml		/TEI/text/body/listBibl/msDesc/history/acquisition/date		
manuscripts	132.xml		/TEI/text/body/listBibl/msDesc/physDesc/handDesc/handNote/origDate		
manuscripts	132.xml		/TEI/text/body/listBibl/msDesc/physDesc/bindingDesc/binding/decoNote/origDate		
manuscripts	132.xml		/TEI/text/body/listBibl/msDesc/history/provenance/date		
manuscripts	132.xml		/TEI/text/body/listBibl/msDesc/history/acquisition/date		
manuscripts	1320.xml	1000-1100	/TEI/text/body/listBibl/msDesc/physDesc/handDesc/handNote/origDate		
manuscripts	1320.xml		/TEI/text/body/listBibl/msDesc/physDesc/bindingDesc/binding/decoNote/origDate		
manuscripts	1320.xml		/TEI/text/body/listBibl/msDesc/history/provenance/date		
manuscripts	1320.xml		/TEI/text/body/listBibl/msDesc/history/acquisition/date		
manuscripts	1321.xml	after 1000	/TEI/text/body/listBibl/msDesc/physDesc/handDesc/handNote/origDate		
manuscripts	1321.xml		/TEI/text/body/listBibl/msDesc/physDesc/bindingDesc/binding/decoNote/origDate		
manuscripts	1321.xml		/TEI/text/body/listBibl/msDesc/history/provenance/date		
manuscripts	1321.xml		/TEI/text/body/listBibl/msDesc/history/acquisition/date		
manuscripts	1322.xml	1000-1100	/TEI/text/body/listBibl/msDesc/physDesc/handDesc/handNote/origDate		
manuscripts	1322.xml		/TEI/text/body/listBibl/msDesc/physDesc/bindingDesc/binding/decoNote/origDate		
manuscripts	1322.xml		/TEI/text/body/listBibl/msDesc/history/provenance/date		
manuscripts	1322.xml		/TEI/text/body/listBibl/msDesc/history/acquisition/date		
manuscripts	1323.xml	1000-1200?	/TEI/text/body/listBibl/msDesc/physDesc/handDesc/handNote/origDate		
manuscripts	1323.xml		/TEI/text/body/listBibl/msDesc/physDesc/bindingDesc/binding/decoNote/origDate		
manuscripts	1323.xml		/TEI/text/body/listBibl/msDesc/history/provenance/date		
manuscripts	1323.xml		/TEI/text/body/listBibl/msDesc/history/acquisition/date		
manuscripts	1324.xml		/TEI/text/body/listBibl/msDesc/physDesc/handDesc/handNote/origDate		
manuscripts	1324.xml		/TEI/text/body/listBibl/msDesc/physDesc/bindingDesc/binding/decoNote/origDate		
manuscripts	1324.xml		/TEI/text/body/listBibl/msDesc/history/provenance/date		
manuscripts	1324.xml		/TEI/text/body/listBibl/msDesc/history/acquisition/date		
manuscripts	1325.xml	1000-1200?	/TEI/text/body/listBibl/msDesc/physDesc/handDesc/handNote/origDate		
manuscripts	1325.xml		/TEI/text/body/listBibl/msDesc/physDesc/bindingDesc/binding/decoNote/origDate		
manuscripts	1325.xml		/TEI/text/body/listBibl/msDesc/history/provenance/date		
manuscripts	1325.xml		/TEI/text/body/listBibl/msDesc/history/acquisition/date		
manuscripts	1326.xml	1000-1100	/TEI/text/body/listBibl/msDesc/physDesc/handDesc/handNote/origDate		
manuscripts	1326.xml		/TEI/text/body/listBibl/msDesc/physDesc/bindingDesc/binding/decoNote/origDate		
manuscripts	1326.xml		/TEI/text/body/listBibl/msDesc/history/provenance/date		
manuscripts	1326.xml		/TEI/text/body/listBibl/msDesc/history/acquisition/date		
manuscripts	1327.xml		/TEI/text/body/listBibl/msDesc/physDesc/handDesc/handNote/origDate		
manuscripts	1327.xml		/TEI/text/body/listBibl/msDesc/physDesc/bindingDesc/binding/decoNote/origDate		
manuscripts	1327.xml		/TEI/text/body/listBibl/msDesc/history/provenance/date		
manuscripts	1327.xml		/TEI/text/body/listBibl/msDesc/history/acquisition/date		
manuscripts	1328.xml		/TEI/text/body/listBibl/msDesc/physDesc/handDesc/handNote/origDate		
manuscripts	1328.xml		/TEI/text/body/listBibl/msDesc/physDesc/bindingDesc/binding/decoNote/origDate		
manuscripts	1328.xml		/TEI/text/body/listBibl/msDesc/history/provenance/date		
manuscripts	1328.xml		/TEI/text/body/listBibl/msDesc/history/acquisition/date		
manuscripts	1329.xml		/TEI/text/body/listBibl/msDesc/physDesc/handDesc/handNote/origDate		
manuscripts	1329.xml		/TEI/text/body/listBibl/msDesc/physDesc/bindingDesc/binding/decoNote/origDate		
manuscripts	1329.xml		/TEI/text/body/listBibl/msDesc/history/provenance/date		
manuscripts	1329.xml		/TEI/text/body/listBibl/msDesc/history/acquisition/date		
manuscripts	133.xml		/TEI/text/body/listBibl/msDesc/physDesc/handDesc/handNote/origDate		
manuscripts	133.xml		/TEI/text/body/listBibl/msDesc/physDesc/bindingDesc/binding/decoNote/origDate		
manuscripts	133.xml		/TEI/text/body/listBibl/msDesc/history/provenance/date		
manuscripts	133.xml		/TEI/text/body/listBibl/msDesc/history/acquisition/date		
manuscripts	1330.xml		/TEI/text/body/listBibl/msDesc/physDesc/handDesc/handNote/origDate		
manuscripts	1330.xml		/TEI/text/body/listBibl/msDesc/physDesc/bindingDesc/binding/decoNote/origDate		
manuscripts	1330.xml		/TEI/text/body/listBibl/msDesc/history/provenance/date		
manuscripts	1330.xml		/TEI/text/body/listBibl/msDesc/history/acquisition/date		
manuscripts	1331.xml		/TEI/text/body/listBibl/msDesc/physDesc/handDesc/handNote/origDate		
manuscripts	1331.xml		/TEI/text/body/listBibl/msDesc/physDesc/bindingDesc/binding/decoNote/origDate		
manuscripts	1331.xml		/TEI/text/body/listBibl/msDesc/history/provenance/date		
manuscripts	1331.xml		/TEI/text/body/listBibl/msDesc/history/acquisition/date		
manuscripts	1332.xml	1200-1300	/TEI/text/body/listBibl/msDesc/physDesc/handDesc/handNote/origDate		
manuscripts	1332.xml		/TEI/text/body/listBibl/msDesc/physDesc/bindingDesc/binding/decoNote/origDate		
manuscripts	1332.xml		/TEI/text/body/listBibl/msDesc/history/provenance/date		
manuscripts	1332.xml		/TEI/text/body/listBibl/msDesc/history/acquisition/date		
manuscripts	1333.xml	1200-1300	/TEI/text/body/listBibl/msDesc/physDesc/handDesc/handNote/origDate		
manuscripts	1333.xml		/TEI/text/body/listBibl/msDesc/physDesc/bindingDesc/binding/decoNote/origDate		
manuscripts	1333.xml		/TEI/text/body/listBibl/msDesc/history/provenance/date		
manuscripts	1333.xml		/TEI/text/body/listBibl/msDesc/history/acquisition/date		
manuscripts	1334.xml	1200-1300	/TEI/text/body/listBibl/msDesc/physDesc/handDesc/handNote/origDate		
manuscripts	1334.xml		/TEI/text/body/listBibl/msDesc/physDesc/bindingDesc/binding/decoNote/origDate		
manuscripts	1334.xml		/TEI/text/body/listBibl/msDesc/history/provenance/date		
manuscripts	1334.xml		/TEI/text/body/listBibl/msDesc/history/acquisition/date		
manuscripts	1335.xml		/TEI/text/body/listBibl/msDesc/physDesc/handDesc/handNote/origDate		
manuscripts	1335.xml		/TEI/text/body/listBibl/msDesc/physDesc/bindingDesc/binding/decoNote/origDate		
manuscripts	1335.xml		/TEI/text/body/listBibl/msDesc/history/provenance/date		
manuscripts	1335.xml		/TEI/text/body/listBibl/msDesc/history/acquisition/date		
manuscripts	1336.xml		/TEI/text/body/listBibl/msDesc/physDesc/handDesc/handNote/origDate		
manuscripts	1336.xml		/TEI/text/body/listBibl/msDesc/physDesc/bindingDesc/binding/decoNote/origDate		
manuscripts	1336.xml		/TEI/text/body/listBibl/msDesc/history/provenance/date		
manuscripts	1336.xml		/TEI/text/body/listBibl/msDesc/history/acquisition/date		
manuscripts	1337.xml	900-1000	/TEI/text/body/listBibl/msDesc/physDesc/handDesc/handNote/origDate		
manuscripts	1337.xml		/TEI/text/body/listBibl/msDesc/physDesc/bindingDesc/binding/decoNote/origDate		
manuscripts	1337.xml		/TEI/text/body/listBibl/msDesc/history/provenance/date		
manuscripts	1337.xml		/TEI/text/body/listBibl/msDesc/history/acquisition/date		
manuscripts	1338.xml	1100-1300?	/TEI/text/body/listBibl/msDesc/physDesc/handDesc/handNote/origDate		
manuscripts	1338.xml		/TEI/text/body/listBibl/msDesc/physDesc/bindingDesc/binding/decoNote/origDate		
manuscripts	1338.xml		/TEI/text/body/listBibl/msDesc/history/provenance/date		
manuscripts	1338.xml		/TEI/text/body/listBibl/msDesc/history/acquisition/date		
manuscripts	1339.xml	1000-1200?	/TEI/text/body/listBibl/msDesc/physDesc/handDesc/handNote/origDate		
manuscripts	1339.xml		/TEI/text/body/listBibl/msDesc/physDesc/bindingDesc/binding/decoNote/origDate		
manuscripts	1339.xml		/TEI/text/body/listBibl/msDesc/history/provenance/date		
manuscripts	1339.xml		/TEI/text/body/listBibl/msDesc/history/acquisition/date		
manuscripts	134.xml		/TEI/text/body/listBibl/msDesc/physDesc/handDesc/handNote/origDate		
manuscripts	134.xml		/TEI/text/body/listBibl/msDesc/physDesc/bindingDesc/binding/decoNote/origDate		
manuscripts	134.xml		/TEI/text/body/listBibl/msDesc/history/provenance/date		
manuscripts	134.xml		/TEI/text/body/listBibl/msDesc/history/acquisition/date		
manuscripts	1340.xml	1000-1200?	/TEI/text/body/listBibl/msDesc/physDesc/handDesc/handNote/origDate		
manuscripts	1340.xml		/TEI/text/body/listBibl/msDesc/physDesc/bindingDesc/binding/decoNote/origDate		
manuscripts	1340.xml		/TEI/text/body/listBibl/msDesc/history/provenance/date		
manuscripts	1340.xml		/TEI/text/body/listBibl/msDesc/history/acquisition/date		
manuscripts	1341.xml	1200-1300	/TEI/text/body/listBibl/msDesc/physDesc/handDesc/handNote/origDate		
manuscripts	1341.xml		/TEI/text/body/listBibl/msDesc/physDesc/bindingDesc/binding/decoNote/origDate		
manuscripts	1341.xml		/TEI/text/body/listBibl/msDesc/history/provenance/date		
manuscripts	1341.xml		/TEI/text/body/listBibl/msDesc/history/acquisition/date		
manuscripts	1342.xml	1100-1300?	/TEI/text/body/listBibl/msDesc/physDesc/handDesc/handNote/origDate		
manuscripts	1342.xml		/TEI/text/body/listBibl/msDesc/physDesc/bindingDesc/binding/decoNote/origDate		
manuscripts	1342.xml		/TEI/text/body/listBibl/msDesc/history/provenance/date		
manuscripts	1342.xml		/TEI/text/body/listBibl/msDesc/history/acquisition/date		
manuscripts	1343.xml		/TEI/text/body/listBibl/msDesc/physDesc/handDesc/handNote/origDate		
manuscripts	1343.xml		/TEI/text/body/listBibl/msDesc/physDesc/bindingDesc/binding/decoNote/origDate		
manuscripts	1343.xml		/TEI/text/body/listBibl/msDesc/history/provenance/date		
manuscripts	1343.xml		/TEI/text/body/listBibl/msDesc/history/acquisition/date		
manuscripts	1344.xml		/TEI/text/body/listBibl/msDesc/physDesc/handDesc/handNote/origDate		
manuscripts	1344.xml		/TEI/text/body/listBibl/msDesc/physDesc/bindingDesc/binding/decoNote/origDate		
manuscripts	1344.xml		/TEI/text/body/listBibl/msDesc/history/provenance/date		
manuscripts	1344.xml		/TEI/text/body/listBibl/msDesc/history/acquisition/date		
manuscripts	1345.xml	1000-1100	/TEI/text/body/listBibl/msDesc/physDesc/handDesc/handNote/origDate		
manuscripts	1345.xml		/TEI/text/body/listBibl/msDesc/physDesc/bindingDesc/binding/decoNote/origDate		
manuscripts	1345.xml		/TEI/text/body/listBibl/msDesc/history/provenance/date		
manuscripts	1345.xml		/TEI/text/body/listBibl/msDesc/history/acquisition/date		
manuscripts	1346.xml	1000-1200?	/TEI/text/body/listBibl/msDesc/physDesc/handDesc/handNote/origDate		
manuscripts	1346.xml		/TEI/text/body/listBibl/msDesc/physDesc/bindingDesc/binding/decoNote/origDate		
manuscripts	1346.xml		/TEI/text/body/listBibl/msDesc/history/provenance/date		
manuscripts	1346.xml		/TEI/text/body/listBibl/msDesc/history/acquisition/date		
manuscripts	1347.xml	1000-1200?	/TEI/text/body/listBibl/msDesc/physDesc/handDesc/handNote/origDate		
manuscripts	1347.xml		/TEI/text/body/listBibl/msDesc/physDesc/bindingDesc/binding/decoNote/origDate		
manuscripts	1347.xml		/TEI/text/body/listBibl/msDesc/history/provenance/date		
manuscripts	1347.xml		/TEI/text/body/listBibl/msDesc/history/acquisition/date		
manuscripts	1348.xml	900-1100?	/TEI/text/body/listBibl/msDesc/physDesc/handDesc/handNote/origDate		
manuscripts	1348.xml		/TEI/text/body/listBibl/msDesc/physDesc/bindingDesc/binding/decoNote/origDate		
manuscripts	1348.xml		/TEI/text/body/listBibl/msDesc/history/provenance/date		
manuscripts	1348.xml		/TEI/text/body/listBibl/msDesc/history/acquisition/date		
manuscripts	1349.xml	1000-1100	/TEI/text/body/listBibl/msDesc/physDesc/handDesc/handNote/origDate		
manuscripts	1349.xml		/TEI/text/body/listBibl/msDesc/physDesc/bindingDesc/binding/decoNote/origDate		
manuscripts	1349.xml		/TEI/text/body/listBibl/msDesc/history/provenance/date		
manuscripts	1349.xml		/TEI/text/body/listBibl/msDesc/history/acquisition/date		
manuscripts	135.xml		/TEI/text/body/listBibl/msDesc/physDesc/handDesc/handNote/origDate		
manuscripts	135.xml		/TEI/text/body/listBibl/msDesc/physDesc/bindingDesc/binding/decoNote/origDate		
manuscripts	135.xml		/TEI/text/body/listBibl/msDesc/history/provenance/date		
manuscripts	135.xml		/TEI/text/body/listBibl/msDesc/history/acquisition/date		
manuscripts	1350.xml		/TEI/text/body/listBibl/msDesc/physDesc/handDesc/handNote/origDate		
manuscripts	1350.xml		/TEI/text/body/listBibl/msDesc/physDesc/bindingDesc/binding/decoNote/origDate		
manuscripts	1350.xml		/TEI/text/body/listBibl/msDesc/history/provenance/date		
manuscripts	1350.xml		/TEI/text/body/listBibl/msDesc/history/acquisition/date		
manuscripts	1351.xml	1048	/TEI/text/body/listBibl/msDesc/physDesc/handDesc/handNote/origDate		
manuscripts	1351.xml		/TEI/text/body/listBibl/msDesc/physDesc/bindingDesc/binding/decoNote/origDate		
manuscripts	1351.xml		/TEI/text/body/listBibl/msDesc/history/provenance/date		
manuscripts	1351.xml		/TEI/text/body/listBibl/msDesc/history/acquisition/date		
manuscripts	1352.xml	1060	/TEI/text/body/listBibl/msDesc/physDesc/handDesc/handNote/origDate		
manuscripts	1352.xml		/TEI/text/body/listBibl/msDesc/physDesc/bindingDesc/binding/decoNote/origDate		
manuscripts	1352.xml		/TEI/text/body/listBibl/msDesc/history/provenance/date		
manuscripts	1352.xml		/TEI/text/body/listBibl/msDesc/history/acquisition/date		
manuscripts	1353.xml		/TEI/text/body/listBibl/msDesc/physDesc/handDesc/handNote/origDate		
manuscripts	1353.xml		/TEI/text/body/listBibl/msDesc/physDesc/bindingDesc/binding/decoNote/origDate		
manuscripts	1353.xml		/TEI/text/body/listBibl/msDesc/history/provenance/date		
manuscripts	1353.xml		/TEI/text/body/listBibl/msDesc/history/acquisition/date		
manuscripts	1354.xml	1016	/TEI/text/body/listBibl/msDesc/physDesc/handDesc/handNote/origDate		
manuscripts	1354.xml		/TEI/text/body/listBibl/msDesc/physDesc/bindingDesc/binding/decoNote/origDate		
manuscripts	1354.xml		/TEI/text/body/listBibl/msDesc/history/provenance/date		
manuscripts	1354.xml		/TEI/text/body/listBibl/msDesc/history/acquisition/date		
manuscripts	1355.xml	1000-1100	/TEI/text/body/listBibl/msDesc/physDesc/handDesc/handNote/origDate		
manuscripts	1355.xml		/TEI/text/body/listBibl/msDesc/physDesc/bindingDesc/binding/decoNote/origDate		
manuscripts	1355.xml		/TEI/text/body/listBibl/msDesc/history/provenance/date		
manuscripts	1355.xml		/TEI/text/body/listBibl/msDesc/history/acquisition/date		
manuscripts	1356.xml		/TEI/text/body/listBibl/msDesc/physDesc/handDesc/handNote/origDate		
manuscripts	1356.xml		/TEI/text/body/listBibl/msDesc/physDesc/bindingDesc/binding/decoNote/origDate		
manuscripts	1356.xml		/TEI/text/body/listBibl/msDesc/history/provenance/date		
manuscripts	1356.xml		/TEI/text/body/listBibl/msDesc/history/acquisition/date		
manuscripts	1357.xml	1056	/TEI/text/body/listBibl/msDesc/physDesc/handDesc/handNote/origDate		
manuscripts	1357.xml		/TEI/text/body/listBibl/msDesc/physDesc/bindingDesc/binding/decoNote/origDate		
manuscripts	1357.xml		/TEI/text/body/listBibl/msDesc/history/provenance/date		
manuscripts	1357.xml		/TEI/text/body/listBibl/msDesc/history/acquisition/date		
manuscripts	1358.xml		/TEI/text/body/listBibl/msDesc/physDesc/handDesc/handNote/origDate		
manuscripts	1358.xml		/TEI/text/body/listBibl/msDesc/physDesc/bindingDesc/binding/decoNote/origDate		
manuscripts	1358.xml		/TEI/text/body/listBibl/msDesc/history/provenance/date		
manuscripts	1358.xml		/TEI/text/body/listBibl/msDesc/history/acquisition/date		
manuscripts	1359.xml		/TEI/text/body/listBibl/msDesc/physDesc/bindingDesc/binding/decoNote/origDate		
manuscripts	1359.xml		/TEI/text/body/listBibl/msDesc/history/provenance/date		
manuscripts	1359.xml		/TEI/text/body/listBibl/msDesc/history/acquisition/date		
manuscripts	136.xml		/TEI/text/body/listBibl/msDesc/physDesc/handDesc/handNote/origDate		
manuscripts	136.xml		/TEI/text/body/listBibl/msDesc/physDesc/bindingDesc/binding/decoNote/origDate		
manuscripts	136.xml		/TEI/text/body/listBibl/msDesc/history/provenance/date		
manuscripts	136.xml		/TEI/text/body/listBibl/msDesc/history/acquisition/date		
manuscripts	1360.xml		/TEI/text/body/listBibl/msDesc/physDesc/bindingDesc/binding/decoNote/origDate		
manuscripts	1360.xml		/TEI/text/body/listBibl/msDesc/history/provenance/date		
manuscripts	1360.xml		/TEI/text/body/listBibl/msDesc/history/acquisition/date		
manuscripts	1361.xml		/TEI/text/body/listBibl/msDesc/physDesc/handDesc/handNote/origDate		
manuscripts	1361.xml		/TEI/text/body/listBibl/msDesc/physDesc/bindingDesc/binding/decoNote/origDate		
manuscripts	1361.xml		/TEI/text/body/listBibl/msDesc/history/provenance/date		
manuscripts	1361.xml		/TEI/text/body/listBibl/msDesc/history/acquisition/date		
manuscripts	1362.xml	0000 th	/TEI/text/body/listBibl/msDesc/physDesc/handDesc/handNote/origDate		
manuscripts	1362.xml		/TEI/text/body/listBibl/msDesc/physDesc/bindingDesc/binding/decoNote/origDate		
manuscripts	1362.xml		/TEI/text/body/listBibl/msDesc/history/provenance/date		
manuscripts	1362.xml		/TEI/text/body/listBibl/msDesc/history/acquisition/date		
manuscripts	1363.xml	"מאה י""ב-י""ג"	/TEI/text/body/listBibl/msDesc/physDesc/handDesc/handNote/origDate		
manuscripts	1363.xml		/TEI/text/body/listBibl/msDesc/physDesc/bindingDesc/binding/decoNote/origDate		
manuscripts	1363.xml		/TEI/text/body/listBibl/msDesc/history/provenance/date		
manuscripts	1363.xml		/TEI/text/body/listBibl/msDesc/history/acquisition/date		
manuscripts	1364.xml		/TEI/text/body/listBibl/msDesc/physDesc/handDesc/handNote/origDate		
manuscripts	1364.xml		/TEI/text/body/listBibl/msDesc/physDesc/bindingDesc/binding/decoNote/origDate		
manuscripts	1364.xml		/TEI/text/body/listBibl/msDesc/history/provenance/date		
manuscripts	1364.xml		/TEI/text/body/listBibl/msDesc/history/acquisition/date		
manuscripts	1365.xml		/TEI/text/body/listBibl/msDesc/physDesc/handDesc/handNote/origDate		
manuscripts	1365.xml		/TEI/text/body/listBibl/msDesc/physDesc/bindingDesc/binding/decoNote/origDate		
manuscripts	1365.xml		/TEI/text/body/listBibl/msDesc/history/provenance/date		
manuscripts	1365.xml		/TEI/text/body/listBibl/msDesc/history/acquisition/date		
manuscripts	1366.xml		/TEI/text/body/listBibl/msDesc/physDesc/handDesc/handNote/origDate		
manuscripts	1366.xml		/TEI/text/body/listBibl/msDesc/physDesc/bindingDesc/binding/decoNote/origDate		
manuscripts	1366.xml		/TEI/text/body/listBibl/msDesc/history/provenance/date		
manuscripts	1366.xml		/TEI/text/body/listBibl/msDesc/history/acquisition/date		
manuscripts	1367.xml		/TEI/text/body/listBibl/msDesc/physDesc/handDesc/handNote/origDate		
manuscripts	1367.xml		/TEI/text/body/listBibl/msDesc/physDesc/bindingDesc/binding/decoNote/origDate		
manuscripts	1367.xml		/TEI/text/body/listBibl/msDesc/history/provenance/date		
manuscripts	1367.xml		/TEI/text/body/listBibl/msDesc/history/acquisition/date		
manuscripts	1368.xml		/TEI/text/body/listBibl/msDesc/physDesc/handDesc/handNote/origDate		
manuscripts	1368.xml		/TEI/text/body/listBibl/msDesc/physDesc/bindingDesc/binding/decoNote/origDate		
manuscripts	1368.xml		/TEI/text/body/listBibl/msDesc/history/provenance/date		
manuscripts	1368.xml		/TEI/text/body/listBibl/msDesc/history/acquisition/date		
manuscripts	1369.xml		/TEI/text/body/listBibl/msDesc/physDesc/handDesc/handNote/origDate		
manuscripts	1369.xml		/TEI/text/body/listBibl/msDesc/physDesc/bindingDesc/binding/decoNote/origDate		
manuscripts	1369.xml		/TEI/text/body/listBibl/msDesc/history/provenance/date		
manuscripts	1369.xml		/TEI/text/body/listBibl/msDesc/history/acquisition/date		
manuscripts	137.xml		/TEI/text/body/listBibl/msDesc/physDesc/handDesc/handNote/origDate		
manuscripts	137.xml		/TEI/text/body/listBibl/msDesc/physDesc/bindingDesc/binding/decoNote/origDate		
manuscripts	137.xml		/TEI/text/body/listBibl/msDesc/history/provenance/date		
manuscripts	137.xml		/TEI/text/body/listBibl/msDesc/history/acquisition/date		
manuscripts	1370.xml		/TEI/text/body/listBibl/msDesc/physDesc/handDesc/handNote/origDate		
manuscripts	1370.xml		/TEI/text/body/listBibl/msDesc/physDesc/bindingDesc/binding/decoNote/origDate		
manuscripts	1370.xml		/TEI/text/body/listBibl/msDesc/history/provenance/date		
manuscripts	1370.xml		/TEI/text/body/listBibl/msDesc/history/acquisition/date		
manuscripts	1371.xml		/TEI/text/body/listBibl/msDesc/physDesc/handDesc/handNote/origDate		
manuscripts	1371.xml		/TEI/text/body/listBibl/msDesc/physDesc/bindingDesc/binding/decoNote/origDate		
manuscripts	1371.xml		/TEI/text/body/listBibl/msDesc/history/provenance/date		
manuscripts	1371.xml		/TEI/text/body/listBibl/msDesc/history/acquisition/date		
manuscripts	1372.xml		/TEI/text/body/listBibl/msDesc/physDesc/handDesc/handNote/origDate		
manuscripts	1372.xml		/TEI/text/body/listBibl/msDesc/physDesc/bindingDesc/binding/decoNote/origDate		
manuscripts	1372.xml		/TEI/text/body/listBibl/msDesc/history/provenance/date		
manuscripts	1372.xml		/TEI/text/body/listBibl/msDesc/history/acquisition/date		
manuscripts	1373.xml		/TEI/text/body/listBibl/msDesc/physDesc/handDesc/handNote/origDate		
manuscripts	1373.xml		/TEI/text/body/listBibl/msDesc/physDesc/bindingDesc/binding/decoNote/origDate		
manuscripts	1373.xml		/TEI/text/body/listBibl/msDesc/history/provenance/date		
manuscripts	1373.xml		/TEI/text/body/listBibl/msDesc/history/acquisition/date		
manuscripts	1374.xml		/TEI/text/body/listBibl/msDesc/physDesc/handDesc/handNote/origDate		
manuscripts	1374.xml		/TEI/text/body/listBibl/msDesc/physDesc/bindingDesc/binding/decoNote/origDate		
manuscripts	1374.xml		/TEI/text/body/listBibl/msDesc/history/provenance/date		
manuscripts	1374.xml		/TEI/text/body/listBibl/msDesc/history/acquisition/date		
manuscripts	1375.xml		/TEI/text/body/listBibl/msDesc/physDesc/handDesc/handNote/origDate		
manuscripts	1375.xml		/TEI/text/body/listBibl/msDesc/physDesc/bindingDesc/binding/decoNote/origDate		
manuscripts	1375.xml		/TEI/text/body/listBibl/msDesc/history/provenance/date		
manuscripts	1375.xml		/TEI/text/body/listBibl/msDesc/history/acquisition/date		
manuscripts	1376.xml		/TEI/text/body/listBibl/msDesc/physDesc/handDesc/handNote/origDate		
manuscripts	1376.xml		/TEI/text/body/listBibl/msDesc/physDesc/bindingDesc/binding/decoNote/origDate		
manuscripts	1376.xml		/TEI/text/body/listBibl/msDesc/history/provenance/date		
manuscripts	1376.xml		/TEI/text/body/listBibl/msDesc/history/acquisition/date		
manuscripts	1377.xml		/TEI/text/body/listBibl/msDesc/physDesc/handDesc/handNote/origDate		
manuscripts	1377.xml		/TEI/text/body/listBibl/msDesc/physDesc/bindingDesc/binding/decoNote/origDate		
manuscripts	1377.xml		/TEI/text/body/listBibl/msDesc/history/provenance/date		
manuscripts	1377.xml		/TEI/text/body/listBibl/msDesc/history/acquisition/date		
manuscripts	1378.xml		/TEI/text/body/listBibl/msDesc/physDesc/handDesc/handNote/origDate		
manuscripts	1378.xml		/TEI/text/body/listBibl/msDesc/physDesc/bindingDesc/binding/decoNote/origDate		
manuscripts	1378.xml		/TEI/text/body/listBibl/msDesc/history/provenance/date		
manuscripts	1378.xml		/TEI/text/body/listBibl/msDesc/history/acquisition/date		
manuscripts	1379.xml		/TEI/text/body/listBibl/msDesc/physDesc/handDesc/handNote/origDate		
manuscripts	1379.xml		/TEI/text/body/listBibl/msDesc/physDesc/bindingDesc/binding/decoNote/origDate		
manuscripts	1379.xml		/TEI/text/body/listBibl/msDesc/history/provenance/date		
manuscripts	1379.xml		/TEI/text/body/listBibl/msDesc/history/acquisition/date		
manuscripts	138.xml		/TEI/text/body/listBibl/msDesc/physDesc/handDesc/handNote/origDate		
manuscripts	138.xml		/TEI/text/body/listBibl/msDesc/physDesc/bindingDesc/binding/decoNote/origDate		
manuscripts	138.xml		/TEI/text/body/listBibl/msDesc/history/provenance/date		
manuscripts	138.xml		/TEI/text/body/listBibl/msDesc/history/acquisition/date		
manuscripts	1380.xml		/TEI/text/body/listBibl/msDesc/physDesc/handDesc/handNote/origDate		
manuscripts	1380.xml		/TEI/text/body/listBibl/msDesc/physDesc/bindingDesc/binding/decoNote/origDate		
manuscripts	1380.xml		/TEI/text/body/listBibl/msDesc/history/provenance/date		
manuscripts	1380.xml		/TEI/text/body/listBibl/msDesc/history/acquisition/date		
manuscripts	1381.xml		/TEI/text/body/listBibl/msDesc/physDesc/handDesc/handNote/origDate		
manuscripts	1381.xml		/TEI/text/body/listBibl/msDesc/physDesc/bindingDesc/binding/decoNote/origDate		
manuscripts	1381.xml		/TEI/text/body/listBibl/msDesc/history/provenance/date		
manuscripts	1381.xml		/TEI/text/body/listBibl/msDesc/history/acquisition/date		
manuscripts	1382.xml		/TEI/text/body/listBibl/msDesc/physDesc/handDesc/handNote/origDate		
manuscripts	1382.xml		/TEI/text/body/listBibl/msDesc/physDesc/bindingDesc/binding/decoNote/origDate		
manuscripts	1382.xml		/TEI/text/body/listBibl/msDesc/history/provenance/date		
manuscripts	1382.xml		/TEI/text/body/listBibl/msDesc/history/acquisition/date		
manuscripts	1383.xml		/TEI/text/body/listBibl/msDesc/physDesc/handDesc/handNote/origDate		
manuscripts	1383.xml		/TEI/text/body/listBibl/msDesc/physDesc/bindingDesc/binding/decoNote/origDate		
manuscripts	1383.xml		/TEI/text/body/listBibl/msDesc/history/provenance/date		
manuscripts	1383.xml		/TEI/text/body/listBibl/msDesc/history/acquisition/date		
manuscripts	1384.xml		/TEI/text/body/listBibl/msDesc/physDesc/handDesc/handNote/origDate		
manuscripts	1384.xml		/TEI/text/body/listBibl/msDesc/physDesc/bindingDesc/binding/decoNote/origDate		
manuscripts	1384.xml		/TEI/text/body/listBibl/msDesc/history/provenance/date		
manuscripts	1384.xml		/TEI/text/body/listBibl/msDesc/history/acquisition/date		
manuscripts	1385.xml		/TEI/text/body/listBibl/msDesc/physDesc/handDesc/handNote/origDate		
manuscripts	1385.xml		/TEI/text/body/listBibl/msDesc/physDesc/bindingDesc/binding/decoNote/origDate		
manuscripts	1385.xml		/TEI/text/body/listBibl/msDesc/history/provenance/date		
manuscripts	1385.xml		/TEI/text/body/listBibl/msDesc/history/acquisition/date		
manuscripts	1386.xml		/TEI/text/body/listBibl/msDesc/physDesc/handDesc/handNote/origDate		
manuscripts	1386.xml		/TEI/text/body/listBibl/msDesc/physDesc/bindingDesc/binding/decoNote/origDate		
manuscripts	1386.xml		/TEI/text/body/listBibl/msDesc/history/provenance/date		
manuscripts	1386.xml		/TEI/text/body/listBibl/msDesc/history/acquisition/date		
manuscripts	1387.xml		/TEI/text/body/listBibl/msDesc/physDesc/handDesc/handNote/origDate		
manuscripts	1387.xml		/TEI/text/body/listBibl/msDesc/physDesc/bindingDesc/binding/decoNote/origDate		
manuscripts	1387.xml		/TEI/text/body/listBibl/msDesc/history/provenance/date		
manuscripts	1387.xml		/TEI/text/body/listBibl/msDesc/history/acquisition/date		
manuscripts	1388.xml		/TEI/text/body/listBibl/msDesc/physDesc/handDesc/handNote/origDate		
manuscripts	1388.xml		/TEI/text/body/listBibl/msDesc/physDesc/bindingDesc/binding/decoNote/origDate		
manuscripts	1388.xml		/TEI/text/body/listBibl/msDesc/history/provenance/date		
manuscripts	1388.xml		/TEI/text/body/listBibl/msDesc/history/acquisition/date		
manuscripts	1389.xml		/TEI/text/body/listBibl/msDesc/physDesc/handDesc/handNote/origDate		
manuscripts	1389.xml		/TEI/text/body/listBibl/msDesc/physDesc/bindingDesc/binding/decoNote/origDate		
manuscripts	1389.xml		/TEI/text/body/listBibl/msDesc/history/provenance/date		
manuscripts	1389.xml		/TEI/text/body/listBibl/msDesc/history/acquisition/date		
manuscripts	139.xml		/TEI/text/body/listBibl/msDesc/physDesc/handDesc/handNote/origDate		
manuscripts	139.xml		/TEI/text/body/listBibl/msDesc/physDesc/bindingDesc/binding/decoNote/origDate		
manuscripts	139.xml		/TEI/text/body/listBibl/msDesc/history/provenance/date		
manuscripts	139.xml		/TEI/text/body/listBibl/msDesc/history/acquisition/date		
manuscripts	1390.xml		/TEI/text/body/listBibl/msDesc/physDesc/handDesc/handNote/origDate		
manuscripts	1390.xml		/TEI/text/body/listBibl/msDesc/physDesc/bindingDesc/binding/decoNote/origDate		
manuscripts	1390.xml		/TEI/text/body/listBibl/msDesc/history/provenance/date		
manuscripts	1390.xml		/TEI/text/body/listBibl/msDesc/history/acquisition/date		
manuscripts	1391.xml	0000 th	/TEI/text/body/listBibl/msDesc/physDesc/handDesc/handNote/origDate		
manuscripts	1391.xml		/TEI/text/body/listBibl/msDesc/physDesc/bindingDesc/binding/decoNote/origDate		
manuscripts	1391.xml		/TEI/text/body/listBibl/msDesc/history/provenance/date		
manuscripts	1391.xml		/TEI/text/body/listBibl/msDesc/history/acquisition/date		
manuscripts	1392.xml		/TEI/text/body/listBibl/msDesc/physDesc/handDesc/handNote/origDate		
manuscripts	1392.xml		/TEI/text/body/listBibl/msDesc/physDesc/bindingDesc/binding/decoNote/origDate		
manuscripts	1392.xml		/TEI/text/body/listBibl/msDesc/history/provenance/date		
manuscripts	1392.xml		/TEI/text/body/listBibl/msDesc/history/acquisition/date		
manuscripts	1393.xml		/TEI/text/body/listBibl/msDesc/physDesc/handDesc/handNote/origDate		
manuscripts	1393.xml		/TEI/text/body/listBibl/msDesc/physDesc/bindingDesc/binding/decoNote/origDate		
manuscripts	1393.xml		/TEI/text/body/listBibl/msDesc/history/provenance/date		
manuscripts	1393.xml		/TEI/text/body/listBibl/msDesc/history/acquisition/date		
manuscripts	1394.xml		/TEI/text/body/listBibl/msDesc/physDesc/handDesc/handNote/origDate		
manuscripts	1394.xml		/TEI/text/body/listBibl/msDesc/physDesc/bindingDesc/binding/decoNote/origDate		
manuscripts	1394.xml		/TEI/text/body/listBibl/msDesc/history/provenance/date		
manuscripts	1394.xml		/TEI/text/body/listBibl/msDesc/history/acquisition/date		
manuscripts	1395.xml		/TEI/text/body/listBibl/msDesc/physDesc/handDesc/handNote/origDate		
manuscripts	1395.xml		/TEI/text/body/listBibl/msDesc/physDesc/bindingDesc/binding/decoNote/origDate		
manuscripts	1395.xml		/TEI/text/body/listBibl/msDesc/history/provenance/date		
manuscripts	1395.xml		/TEI/text/body/listBibl/msDesc/history/acquisition/date		
manuscripts	1396.xml		/TEI/text/body/listBibl/msDesc/physDesc/handDesc/handNote/origDate		
manuscripts	1396.xml		/TEI/text/body/listBibl/msDesc/physDesc/bindingDesc/binding/decoNote/origDate		
manuscripts	1396.xml		/TEI/text/body/listBibl/msDesc/history/provenance/date		
manuscripts	1396.xml		/TEI/text/body/listBibl/msDesc/history/acquisition/date		
manuscripts	1397.xml		/TEI/text/body/listBibl/msDesc/physDesc/handDesc/handNote/origDate		
manuscripts	1397.xml		/TEI/text/body/listBibl/msDesc/physDesc/bindingDesc/binding/decoNote/origDate		
manuscripts	1397.xml		/TEI/text/body/listBibl/msDesc/history/provenance/date		
manuscripts	1397.xml		/TEI/text/body/listBibl/msDesc/history/acquisition/date		
manuscripts	1398.xml		/TEI/text/body/listBibl/msDesc/physDesc/handDesc/handNote/origDate		
manuscripts	1398.xml		/TEI/text/body/listBibl/msDesc/physDesc/bindingDesc/binding/decoNote/origDate		
manuscripts	1398.xml		/TEI/text/body/listBibl/msDesc/history/provenance/date		
manuscripts	1398.xml		/TEI/text/body/listBibl/msDesc/history/acquisition/date		
manuscripts	1399.xml		/TEI/text/body/listBibl/msDesc/physDesc/handDesc/handNote/origDate		
manuscripts	1399.xml		/TEI/text/body/listBibl/msDesc/physDesc/bindingDesc/binding/decoNote/origDate		
manuscripts	1399.xml		/TEI/text/body/listBibl/msDesc/history/provenance/date		
manuscripts	1399.xml		/TEI/text/body/listBibl/msDesc/history/acquisition/date		
manuscripts	14.xml	מאה יב - יד	/TEI/text/body/listBibl/msDesc/physDesc/handDesc/handNote/origDate		
manuscripts	14.xml		/TEI/text/body/listBibl/msDesc/physDesc/bindingDesc/binding/decoNote/origDate		
manuscripts	14.xml		/TEI/text/body/listBibl/msDesc/history/provenance/date		
manuscripts	14.xml		/TEI/text/body/listBibl/msDesc/history/acquisition/date		
manuscripts	140.xml		/TEI/text/body/listBibl/msDesc/physDesc/handDesc/handNote/origDate		
manuscripts	140.xml		/TEI/text/body/listBibl/msDesc/physDesc/bindingDesc/binding/decoNote/origDate		
manuscripts	140.xml		/TEI/text/body/listBibl/msDesc/history/provenance/date		
manuscripts	140.xml		/TEI/text/body/listBibl/msDesc/history/acquisition/date		
manuscripts	1400.xml		/TEI/text/body/listBibl/msDesc/physDesc/handDesc/handNote/origDate		
manuscripts	1400.xml		/TEI/text/body/listBibl/msDesc/physDesc/bindingDesc/binding/decoNote/origDate		
manuscripts	1400.xml		/TEI/text/body/listBibl/msDesc/history/provenance/date		
manuscripts	1400.xml		/TEI/text/body/listBibl/msDesc/history/acquisition/date		
manuscripts	1401.xml		/TEI/text/body/listBibl/msDesc/physDesc/handDesc/handNote/origDate		
manuscripts	1401.xml		/TEI/text/body/listBibl/msDesc/physDesc/bindingDesc/binding/decoNote/origDate		
manuscripts	1401.xml		/TEI/text/body/listBibl/msDesc/history/provenance/date		
manuscripts	1401.xml		/TEI/text/body/listBibl/msDesc/history/acquisition/date		
manuscripts	1402.xml		/TEI/text/body/listBibl/msDesc/physDesc/handDesc/handNote/origDate		
manuscripts	1402.xml		/TEI/text/body/listBibl/msDesc/physDesc/bindingDesc/binding/decoNote/origDate		
manuscripts	1402.xml		/TEI/text/body/listBibl/msDesc/history/provenance/date		
manuscripts	1402.xml		/TEI/text/body/listBibl/msDesc/history/acquisition/date		
manuscripts	1403.xml		/TEI/text/body/listBibl/msDesc/physDesc/handDesc/handNote/origDate		
manuscripts	1403.xml		/TEI/text/body/listBibl/msDesc/physDesc/bindingDesc/binding/decoNote/origDate		
manuscripts	1403.xml		/TEI/text/body/listBibl/msDesc/history/provenance/date		
manuscripts	1403.xml		/TEI/text/body/listBibl/msDesc/history/acquisition/date		
manuscripts	1404.xml		/TEI/text/body/listBibl/msDesc/physDesc/handDesc/handNote/origDate		
manuscripts	1404.xml		/TEI/text/body/listBibl/msDesc/physDesc/bindingDesc/binding/decoNote/origDate		
manuscripts	1404.xml		/TEI/text/body/listBibl/msDesc/history/provenance/date		
manuscripts	1404.xml		/TEI/text/body/listBibl/msDesc/history/acquisition/date		
manuscripts	1405.xml		/TEI/text/body/listBibl/msDesc/physDesc/handDesc/handNote/origDate		
manuscripts	1405.xml		/TEI/text/body/listBibl/msDesc/physDesc/bindingDesc/binding/decoNote/origDate		
manuscripts	1405.xml		/TEI/text/body/listBibl/msDesc/history/provenance/date		
manuscripts	1405.xml		/TEI/text/body/listBibl/msDesc/history/acquisition/date		
manuscripts	1406.xml	1066	/TEI/text/body/listBibl/msDesc/physDesc/handDesc/handNote/origDate		
manuscripts	1406.xml		/TEI/text/body/listBibl/msDesc/physDesc/bindingDesc/binding/decoNote/origDate		
manuscripts	1406.xml		/TEI/text/body/listBibl/msDesc/history/provenance/date		
manuscripts	1406.xml		/TEI/text/body/listBibl/msDesc/history/acquisition/date		
manuscripts	1407.xml	1000-1200?	/TEI/text/body/listBibl/msDesc/physDesc/handDesc/handNote/origDate		
manuscripts	1407.xml		/TEI/text/body/listBibl/msDesc/physDesc/bindingDesc/binding/decoNote/origDate		
manuscripts	1407.xml		/TEI/text/body/listBibl/msDesc/history/provenance/date		
manuscripts	1407.xml		/TEI/text/body/listBibl/msDesc/history/acquisition/date		
manuscripts	1408.xml		/TEI/text/body/listBibl/msDesc/physDesc/handDesc/handNote/origDate		
manuscripts	1408.xml		/TEI/text/body/listBibl/msDesc/physDesc/bindingDesc/binding/decoNote/origDate		
manuscripts	1408.xml		/TEI/text/body/listBibl/msDesc/history/provenance/date		
manuscripts	1408.xml		/TEI/text/body/listBibl/msDesc/history/acquisition/date		
manuscripts	1409.xml		/TEI/text/body/listBibl/msDesc/physDesc/handDesc/handNote/origDate		
manuscripts	1409.xml		/TEI/text/body/listBibl/msDesc/physDesc/bindingDesc/binding/decoNote/origDate		
manuscripts	1409.xml		/TEI/text/body/listBibl/msDesc/history/provenance/date		
manuscripts	1409.xml		/TEI/text/body/listBibl/msDesc/history/acquisition/date		
manuscripts	141.xml		/TEI/text/body/listBibl/msDesc/physDesc/handDesc/handNote/origDate		
manuscripts	141.xml		/TEI/text/body/listBibl/msDesc/physDesc/bindingDesc/binding/decoNote/origDate		
manuscripts	141.xml		/TEI/text/body/listBibl/msDesc/history/provenance/date		
manuscripts	141.xml		/TEI/text/body/listBibl/msDesc/history/acquisition/date		
manuscripts	1410.xml		/TEI/text/body/listBibl/msDesc/physDesc/handDesc/handNote/origDate		
manuscripts	1410.xml		/TEI/text/body/listBibl/msDesc/physDesc/bindingDesc/binding/decoNote/origDate		
manuscripts	1410.xml		/TEI/text/body/listBibl/msDesc/history/provenance/date		
manuscripts	1410.xml		/TEI/text/body/listBibl/msDesc/history/acquisition/date		
manuscripts	1411.xml		/TEI/text/body/listBibl/msDesc/physDesc/handDesc/handNote/origDate		
manuscripts	1411.xml		/TEI/text/body/listBibl/msDesc/physDesc/bindingDesc/binding/decoNote/origDate		
manuscripts	1411.xml		/TEI/text/body/listBibl/msDesc/history/provenance/date		
manuscripts	1411.xml		/TEI/text/body/listBibl/msDesc/history/acquisition/date		
manuscripts	1412.xml		/TEI/text/body/listBibl/msDesc/physDesc/handDesc/handNote/origDate		
manuscripts	1412.xml		/TEI/text/body/listBibl/msDesc/physDesc/bindingDesc/binding/decoNote/origDate		
manuscripts	1412.xml		/TEI/text/body/listBibl/msDesc/history/provenance/date		
manuscripts	1412.xml		/TEI/text/body/listBibl/msDesc/history/acquisition/date		
manuscripts	1413.xml		/TEI/text/body/listBibl/msDesc/physDesc/handDesc/handNote/origDate		
manuscripts	1413.xml		/TEI/text/body/listBibl/msDesc/physDesc/bindingDesc/binding/decoNote/origDate		
manuscripts	1413.xml		/TEI/text/body/listBibl/msDesc/history/provenance/date		
manuscripts	1413.xml		/TEI/text/body/listBibl/msDesc/history/acquisition/date		
manuscripts	1414.xml		/TEI/text/body/listBibl/msDesc/physDesc/handDesc/handNote/origDate		
manuscripts	1414.xml		/TEI/text/body/listBibl/msDesc/physDesc/bindingDesc/binding/decoNote/origDate		
manuscripts	1414.xml		/TEI/text/body/listBibl/msDesc/history/provenance/date		
manuscripts	1414.xml		/TEI/text/body/listBibl/msDesc/history/acquisition/date		
manuscripts	1415.xml		/TEI/text/body/listBibl/msDesc/physDesc/handDesc/handNote/origDate		
manuscripts	1415.xml		/TEI/text/body/listBibl/msDesc/physDesc/bindingDesc/binding/decoNote/origDate		
manuscripts	1415.xml		/TEI/text/body/listBibl/msDesc/history/provenance/date		
manuscripts	1415.xml		/TEI/text/body/listBibl/msDesc/history/acquisition/date		
manuscripts	1416.xml		/TEI/text/body/listBibl/msDesc/physDesc/handDesc/handNote/origDate		
manuscripts	1416.xml		/TEI/text/body/listBibl/msDesc/physDesc/bindingDesc/binding/decoNote/origDate		
manuscripts	1416.xml		/TEI/text/body/listBibl/msDesc/history/provenance/date		
manuscripts	1416.xml		/TEI/text/body/listBibl/msDesc/history/acquisition/date		
manuscripts	1417.xml		/TEI/text/body/listBibl/msDesc/physDesc/handDesc/handNote/origDate		
manuscripts	1417.xml		/TEI/text/body/listBibl/msDesc/physDesc/bindingDesc/binding/decoNote/origDate		
manuscripts	1417.xml		/TEI/text/body/listBibl/msDesc/history/provenance/date		
manuscripts	1417.xml		/TEI/text/body/listBibl/msDesc/history/acquisition/date		
manuscripts	1418.xml		/TEI/text/body/listBibl/msDesc/physDesc/handDesc/handNote/origDate		
manuscripts	1418.xml		/TEI/text/body/listBibl/msDesc/physDesc/bindingDesc/binding/decoNote/origDate		
manuscripts	1418.xml		/TEI/text/body/listBibl/msDesc/history/provenance/date		
manuscripts	1418.xml		/TEI/text/body/listBibl/msDesc/history/acquisition/date		
manuscripts	1419.xml	after 1000	/TEI/text/body/listBibl/msDesc/physDesc/handDesc/handNote/origDate		
manuscripts	1419.xml		/TEI/text/body/listBibl/msDesc/physDesc/bindingDesc/binding/decoNote/origDate		
manuscripts	1419.xml		/TEI/text/body/listBibl/msDesc/history/provenance/date		
manuscripts	1419.xml		/TEI/text/body/listBibl/msDesc/history/acquisition/date		
manuscripts	142.xml		/TEI/text/body/listBibl/msDesc/physDesc/handDesc/handNote/origDate		
manuscripts	142.xml		/TEI/text/body/listBibl/msDesc/physDesc/bindingDesc/binding/decoNote/origDate		
manuscripts	142.xml		/TEI/text/body/listBibl/msDesc/history/provenance/date		
manuscripts	142.xml		/TEI/text/body/listBibl/msDesc/history/acquisition/date		
manuscripts	1420.xml		/TEI/text/body/listBibl/msDesc/physDesc/bindingDesc/binding/decoNote/origDate		
manuscripts	1420.xml		/TEI/text/body/listBibl/msDesc/history/provenance/date		
manuscripts	1420.xml		/TEI/text/body/listBibl/msDesc/history/acquisition/date		
manuscripts	1421.xml	1000-1200?	/TEI/text/body/listBibl/msDesc/physDesc/handDesc/handNote/origDate		
manuscripts	1421.xml		/TEI/text/body/listBibl/msDesc/physDesc/bindingDesc/binding/decoNote/origDate		
manuscripts	1421.xml		/TEI/text/body/listBibl/msDesc/history/provenance/date		
manuscripts	1421.xml		/TEI/text/body/listBibl/msDesc/history/acquisition/date		
manuscripts	1422.xml	after 1000	/TEI/text/body/listBibl/msDesc/physDesc/handDesc/handNote/origDate		
manuscripts	1422.xml		/TEI/text/body/listBibl/msDesc/physDesc/bindingDesc/binding/decoNote/origDate		
manuscripts	1422.xml		/TEI/text/body/listBibl/msDesc/history/provenance/date		
manuscripts	1422.xml		/TEI/text/body/listBibl/msDesc/history/acquisition/date		
manuscripts	1423.xml	1035	/TEI/text/body/listBibl/msDesc/physDesc/handDesc/handNote/origDate		
manuscripts	1423.xml		/TEI/text/body/listBibl/msDesc/physDesc/bindingDesc/binding/decoNote/origDate		
manuscripts	1423.xml		/TEI/text/body/listBibl/msDesc/history/provenance/date		
manuscripts	1423.xml		/TEI/text/body/listBibl/msDesc/history/acquisition/date		
manuscripts	1424.xml		/TEI/text/body/listBibl/msDesc/physDesc/handDesc/handNote/origDate		
manuscripts	1424.xml		/TEI/text/body/listBibl/msDesc/physDesc/bindingDesc/binding/decoNote/origDate		
manuscripts	1424.xml		/TEI/text/body/listBibl/msDesc/history/provenance/date		
manuscripts	1424.xml		/TEI/text/body/listBibl/msDesc/history/acquisition/date		
manuscripts	1425.xml		/TEI/text/body/listBibl/msDesc/physDesc/handDesc/handNote/origDate		
manuscripts	1425.xml		/TEI/text/body/listBibl/msDesc/physDesc/bindingDesc/binding/decoNote/origDate		
manuscripts	1425.xml		/TEI/text/body/listBibl/msDesc/history/provenance/date		
manuscripts	1425.xml		/TEI/text/body/listBibl/msDesc/history/acquisition/date		
manuscripts	1426.xml		/TEI/text/body/listBibl/msDesc/physDesc/handDesc/handNote/origDate		
manuscripts	1426.xml		/TEI/text/body/listBibl/msDesc/physDesc/bindingDesc/binding/decoNote/origDate		
manuscripts	1426.xml		/TEI/text/body/listBibl/msDesc/history/provenance/date		
manuscripts	1426.xml		/TEI/text/body/listBibl/msDesc/history/acquisition/date		
manuscripts	1427.xml		/TEI/text/body/listBibl/msDesc/physDesc/handDesc/handNote/origDate		
manuscripts	1427.xml		/TEI/text/body/listBibl/msDesc/physDesc/bindingDesc/binding/decoNote/origDate		
manuscripts	1427.xml		/TEI/text/body/listBibl/msDesc/history/provenance/date		
manuscripts	1427.xml		/TEI/text/body/listBibl/msDesc/history/acquisition/date		
manuscripts	1428.xml	1000-1100	/TEI/text/body/listBibl/msDesc/physDesc/handDesc/handNote/origDate		
manuscripts	1428.xml		/TEI/text/body/listBibl/msDesc/physDesc/bindingDesc/binding/decoNote/origDate		
manuscripts	1428.xml		/TEI/text/body/listBibl/msDesc/history/provenance/date		
manuscripts	1428.xml		/TEI/text/body/listBibl/msDesc/history/acquisition/date		
manuscripts	1429.xml		/TEI/text/body/listBibl/msDesc/physDesc/bindingDesc/binding/decoNote/origDate		
manuscripts	1429.xml		/TEI/text/body/listBibl/msDesc/history/provenance/date		
manuscripts	1429.xml		/TEI/text/body/listBibl/msDesc/history/acquisition/date		
manuscripts	143.xml		/TEI/text/body/listBibl/msDesc/physDesc/handDesc/handNote/origDate		
manuscripts	143.xml		/TEI/text/body/listBibl/msDesc/physDesc/bindingDesc/binding/decoNote/origDate		
manuscripts	143.xml		/TEI/text/body/listBibl/msDesc/history/provenance/date		
manuscripts	143.xml		/TEI/text/body/listBibl/msDesc/history/acquisition/date		
manuscripts	1430.xml		/TEI/text/body/listBibl/msDesc/physDesc/bindingDesc/binding/decoNote/origDate		
manuscripts	1430.xml		/TEI/text/body/listBibl/msDesc/history/provenance/date		
manuscripts	1430.xml		/TEI/text/body/listBibl/msDesc/history/acquisition/date		
manuscripts	1431.xml		/TEI/text/body/listBibl/msDesc/physDesc/bindingDesc/binding/decoNote/origDate		
manuscripts	1431.xml		/TEI/text/body/listBibl/msDesc/history/provenance/date		
manuscripts	1431.xml		/TEI/text/body/listBibl/msDesc/history/acquisition/date		
manuscripts	1432.xml		/TEI/text/body/listBibl/msDesc/physDesc/bindingDesc/binding/decoNote/origDate		
manuscripts	1432.xml		/TEI/text/body/listBibl/msDesc/history/provenance/date		
manuscripts	1432.xml		/TEI/text/body/listBibl/msDesc/history/acquisition/date		
manuscripts	1433.xml	1004-5 [395]	/TEI/text/body/listBibl/msDesc/physDesc/handDesc/handNote/origDate		
manuscripts	1433.xml		/TEI/text/body/listBibl/msDesc/physDesc/bindingDesc/binding/decoNote/origDate		
manuscripts	1433.xml		/TEI/text/body/listBibl/msDesc/history/provenance/date		
manuscripts	1433.xml		/TEI/text/body/listBibl/msDesc/history/acquisition/date		
manuscripts	1434.xml		/TEI/text/body/listBibl/msDesc/physDesc/bindingDesc/binding/decoNote/origDate		
manuscripts	1434.xml		/TEI/text/body/listBibl/msDesc/history/provenance/date		
manuscripts	1434.xml		/TEI/text/body/listBibl/msDesc/history/acquisition/date		
manuscripts	1435.xml		/TEI/text/body/listBibl/msDesc/physDesc/bindingDesc/binding/decoNote/origDate		
manuscripts	1435.xml		/TEI/text/body/listBibl/msDesc/history/provenance/date		
manuscripts	1435.xml		/TEI/text/body/listBibl/msDesc/history/acquisition/date		
manuscripts	1436.xml	1200-1300	/TEI/text/body/listBibl/msDesc/physDesc/handDesc/handNote/origDate		
manuscripts	1436.xml		/TEI/text/body/listBibl/msDesc/physDesc/bindingDesc/binding/decoNote/origDate		
manuscripts	1436.xml		/TEI/text/body/listBibl/msDesc/history/provenance/date		
manuscripts	1436.xml		/TEI/text/body/listBibl/msDesc/history/acquisition/date		
manuscripts	1437.xml		/TEI/text/body/listBibl/msDesc/physDesc/handDesc/handNote/origDate		
manuscripts	1437.xml		/TEI/text/body/listBibl/msDesc/physDesc/bindingDesc/binding/decoNote/origDate		
manuscripts	1437.xml		/TEI/text/body/listBibl/msDesc/history/provenance/date		
manuscripts	1437.xml		/TEI/text/body/listBibl/msDesc/history/acquisition/date		
manuscripts	1438.xml	1091	/TEI/text/body/listBibl/msDesc/physDesc/handDesc/handNote/origDate		
manuscripts	1438.xml		/TEI/text/body/listBibl/msDesc/physDesc/bindingDesc/binding/decoNote/origDate		
manuscripts	1438.xml		/TEI/text/body/listBibl/msDesc/history/provenance/date		
manuscripts	1438.xml		/TEI/text/body/listBibl/msDesc/history/acquisition/date		
manuscripts	1439.xml	1051	/TEI/text/body/listBibl/msDesc/physDesc/handDesc/handNote/origDate		
manuscripts	1439.xml		/TEI/text/body/listBibl/msDesc/physDesc/bindingDesc/binding/decoNote/origDate		
manuscripts	1439.xml		/TEI/text/body/listBibl/msDesc/history/provenance/date		
manuscripts	1439.xml		/TEI/text/body/listBibl/msDesc/history/acquisition/date		
manuscripts	144.xml		/TEI/text/body/listBibl/msDesc/physDesc/handDesc/handNote/origDate		
manuscripts	144.xml		/TEI/text/body/listBibl/msDesc/physDesc/bindingDesc/binding/decoNote/origDate		
manuscripts	144.xml		/TEI/text/body/listBibl/msDesc/history/provenance/date		
manuscripts	144.xml		/TEI/text/body/listBibl/msDesc/history/acquisition/date		
manuscripts	1440.xml	1050	/TEI/text/body/listBibl/msDesc/physDesc/handDesc/handNote/origDate		
manuscripts	1440.xml		/TEI/text/body/listBibl/msDesc/physDesc/bindingDesc/binding/decoNote/origDate		
manuscripts	1440.xml		/TEI/text/body/listBibl/msDesc/history/provenance/date		
manuscripts	1440.xml		/TEI/text/body/listBibl/msDesc/history/acquisition/date		
manuscripts	1441.xml	1050	/TEI/text/body/listBibl/msDesc/physDesc/handDesc/handNote/origDate		
manuscripts	1441.xml		/TEI/text/body/listBibl/msDesc/physDesc/bindingDesc/binding/decoNote/origDate		
manuscripts	1441.xml		/TEI/text/body/listBibl/msDesc/history/provenance/date		
manuscripts	1441.xml		/TEI/text/body/listBibl/msDesc/history/acquisition/date		
manuscripts	1443.xml	11th or 12th century	/TEI/text/body/listBibl/msDesc/physDesc/handDesc/handNote/origDate		
manuscripts	1443.xml		/TEI/text/body/listBibl/msDesc/physDesc/bindingDesc/binding/decoNote/origDate		
manuscripts	1443.xml		/TEI/text/body/listBibl/msDesc/history/provenance/date		
manuscripts	1443.xml		/TEI/text/body/listBibl/msDesc/history/acquisition/date		
manuscripts	1444.xml	"מאה י""א"	/TEI/text/body/listBibl/msDesc/physDesc/handDesc/handNote/origDate		
manuscripts	1444.xml		/TEI/text/body/listBibl/msDesc/physDesc/bindingDesc/binding/decoNote/origDate		
manuscripts	1444.xml		/TEI/text/body/listBibl/msDesc/history/provenance/date		
manuscripts	1444.xml		/TEI/text/body/listBibl/msDesc/history/acquisition/date		
manuscripts	1445.xml		/TEI/text/body/listBibl/msDesc/physDesc/handDesc/handNote/origDate		
manuscripts	1445.xml		/TEI/text/body/listBibl/msDesc/physDesc/bindingDesc/binding/decoNote/origDate		
manuscripts	1445.xml		/TEI/text/body/listBibl/msDesc/history/provenance/date		
manuscripts	1445.xml		/TEI/text/body/listBibl/msDesc/history/acquisition/date		
manuscripts	1446.xml		/TEI/text/body/listBibl/msDesc/physDesc/handDesc/handNote/origDate		
manuscripts	1446.xml		/TEI/text/body/listBibl/msDesc/physDesc/bindingDesc/binding/decoNote/origDate		
manuscripts	1446.xml		/TEI/text/body/listBibl/msDesc/history/provenance/date		
manuscripts	1446.xml		/TEI/text/body/listBibl/msDesc/history/acquisition/date		
manuscripts	1447.xml		/TEI/text/body/listBibl/msDesc/physDesc/handDesc/handNote/origDate		
manuscripts	1447.xml		/TEI/text/body/listBibl/msDesc/physDesc/bindingDesc/binding/decoNote/origDate		
manuscripts	1447.xml		/TEI/text/body/listBibl/msDesc/history/provenance/date		
manuscripts	1447.xml		/TEI/text/body/listBibl/msDesc/history/acquisition/date		
manuscripts	1448.xml		/TEI/text/body/listBibl/msDesc/physDesc/handDesc/handNote/origDate		
manuscripts	1448.xml		/TEI/text/body/listBibl/msDesc/physDesc/bindingDesc/binding/decoNote/origDate		
manuscripts	1448.xml		/TEI/text/body/listBibl/msDesc/history/provenance/date		
manuscripts	1448.xml		/TEI/text/body/listBibl/msDesc/history/acquisition/date		
manuscripts	1449.xml	1000-1100	/TEI/text/body/listBibl/msDesc/physDesc/handDesc/handNote/origDate		
manuscripts	1449.xml		/TEI/text/body/listBibl/msDesc/physDesc/bindingDesc/binding/decoNote/origDate		
manuscripts	1449.xml		/TEI/text/body/listBibl/msDesc/history/provenance/date		
manuscripts	1449.xml		/TEI/text/body/listBibl/msDesc/history/acquisition/date		
manuscripts	145.xml		/TEI/text/body/listBibl/msDesc/physDesc/handDesc/handNote/origDate		
manuscripts	145.xml		/TEI/text/body/listBibl/msDesc/physDesc/bindingDesc/binding/decoNote/origDate		
manuscripts	145.xml		/TEI/text/body/listBibl/msDesc/history/provenance/date		
manuscripts	145.xml		/TEI/text/body/listBibl/msDesc/history/acquisition/date		
manuscripts	1450.xml	1000-1100	/TEI/text/body/listBibl/msDesc/physDesc/handDesc/handNote/origDate		
manuscripts	1450.xml		/TEI/text/body/listBibl/msDesc/physDesc/bindingDesc/binding/decoNote/origDate		
manuscripts	1450.xml		/TEI/text/body/listBibl/msDesc/history/provenance/date		
manuscripts	1450.xml		/TEI/text/body/listBibl/msDesc/history/acquisition/date		
manuscripts	1451.xml	1000-1100	/TEI/text/body/listBibl/msDesc/physDesc/handDesc/handNote/origDate		
manuscripts	1451.xml		/TEI/text/body/listBibl/msDesc/physDesc/bindingDesc/binding/decoNote/origDate		
manuscripts	1451.xml		/TEI/text/body/listBibl/msDesc/history/provenance/date		
manuscripts	1451.xml		/TEI/text/body/listBibl/msDesc/history/acquisition/date		
manuscripts	1452.xml		/TEI/text/body/listBibl/msDesc/physDesc/handDesc/handNote/origDate		
manuscripts	1452.xml		/TEI/text/body/listBibl/msDesc/physDesc/bindingDesc/binding/decoNote/origDate		
manuscripts	1452.xml		/TEI/text/body/listBibl/msDesc/history/provenance/date		
manuscripts	1452.xml		/TEI/text/body/listBibl/msDesc/history/acquisition/date		
manuscripts	1453.xml		/TEI/text/body/listBibl/msDesc/physDesc/handDesc/handNote/origDate		
manuscripts	1453.xml		/TEI/text/body/listBibl/msDesc/physDesc/bindingDesc/binding/decoNote/origDate		
manuscripts	1453.xml		/TEI/text/body/listBibl/msDesc/history/provenance/date		
manuscripts	1453.xml		/TEI/text/body/listBibl/msDesc/history/acquisition/date		
manuscripts	1454.xml		/TEI/text/body/listBibl/msDesc/physDesc/handDesc/handNote/origDate		
manuscripts	1454.xml		/TEI/text/body/listBibl/msDesc/physDesc/bindingDesc/binding/decoNote/origDate		
manuscripts	1454.xml		/TEI/text/body/listBibl/msDesc/history/provenance/date		
manuscripts	1454.xml		/TEI/text/body/listBibl/msDesc/history/acquisition/date		
manuscripts	1455.xml		/TEI/text/body/listBibl/msDesc/physDesc/handDesc/handNote/origDate		
manuscripts	1455.xml		/TEI/text/body/listBibl/msDesc/physDesc/bindingDesc/binding/decoNote/origDate		
manuscripts	1455.xml		/TEI/text/body/listBibl/msDesc/history/provenance/date		
manuscripts	1455.xml		/TEI/text/body/listBibl/msDesc/history/acquisition/date		
manuscripts	1456.xml		/TEI/text/body/listBibl/msDesc/physDesc/handDesc/handNote/origDate		
manuscripts	1456.xml		/TEI/text/body/listBibl/msDesc/physDesc/bindingDesc/binding/decoNote/origDate		
manuscripts	1456.xml		/TEI/text/body/listBibl/msDesc/history/provenance/date		
manuscripts	1456.xml		/TEI/text/body/listBibl/msDesc/history/acquisition/date		
manuscripts	1457.xml	after 1000	/TEI/text/body/listBibl/msDesc/physDesc/handDesc/handNote/origDate		
manuscripts	1457.xml		/TEI/text/body/listBibl/msDesc/physDesc/bindingDesc/binding/decoNote/origDate		
manuscripts	1457.xml		/TEI/text/body/listBibl/msDesc/history/provenance/date		
manuscripts	1457.xml		/TEI/text/body/listBibl/msDesc/history/acquisition/date		
manuscripts	1458.xml	1000-1200?	/TEI/text/body/listBibl/msDesc/physDesc/handDesc/handNote/origDate		
manuscripts	1458.xml		/TEI/text/body/listBibl/msDesc/physDesc/bindingDesc/binding/decoNote/origDate		
manuscripts	1458.xml		/TEI/text/body/listBibl/msDesc/history/provenance/date		
manuscripts	1458.xml		/TEI/text/body/listBibl/msDesc/history/acquisition/date		
manuscripts	1459.xml		/TEI/text/body/listBibl/msDesc/physDesc/handDesc/handNote/origDate		
manuscripts	1459.xml		/TEI/text/body/listBibl/msDesc/physDesc/bindingDesc/binding/decoNote/origDate		
manuscripts	1459.xml		/TEI/text/body/listBibl/msDesc/history/provenance/date		
manuscripts	1459.xml		/TEI/text/body/listBibl/msDesc/history/acquisition/date		
manuscripts	146.xml		/TEI/text/body/listBibl/msDesc/physDesc/handDesc/handNote/origDate		
manuscripts	146.xml		/TEI/text/body/listBibl/msDesc/physDesc/bindingDesc/binding/decoNote/origDate		
manuscripts	146.xml		/TEI/text/body/listBibl/msDesc/history/provenance/date		
manuscripts	146.xml		/TEI/text/body/listBibl/msDesc/history/acquisition/date		
manuscripts	1460.xml		/TEI/text/body/listBibl/msDesc/physDesc/handDesc/handNote/origDate		
manuscripts	1460.xml		/TEI/text/body/listBibl/msDesc/physDesc/bindingDesc/binding/decoNote/origDate		
manuscripts	1460.xml		/TEI/text/body/listBibl/msDesc/history/provenance/date		
manuscripts	1460.xml		/TEI/text/body/listBibl/msDesc/history/acquisition/date		
manuscripts	1461.xml		/TEI/text/body/listBibl/msDesc/physDesc/bindingDesc/binding/decoNote/origDate		
manuscripts	1461.xml		/TEI/text/body/listBibl/msDesc/history/provenance/date		
manuscripts	1461.xml		/TEI/text/body/listBibl/msDesc/history/acquisition/date		
manuscripts	1462.xml		/TEI/text/body/listBibl/msDesc/physDesc/bindingDesc/binding/decoNote/origDate		
manuscripts	1462.xml		/TEI/text/body/listBibl/msDesc/history/provenance/date		
manuscripts	1462.xml		/TEI/text/body/listBibl/msDesc/history/acquisition/date		
manuscripts	1464.xml		/TEI/text/body/listBibl/msDesc/physDesc/handDesc/handNote/origDate		
manuscripts	1464.xml		/TEI/text/body/listBibl/msDesc/physDesc/bindingDesc/binding/decoNote/origDate		
manuscripts	1464.xml		/TEI/text/body/listBibl/msDesc/history/provenance/date		
manuscripts	1464.xml		/TEI/text/body/listBibl/msDesc/history/acquisition/date		
manuscripts	1465.xml		/TEI/text/body/listBibl/msDesc/physDesc/handDesc/handNote/origDate		
manuscripts	1465.xml		/TEI/text/body/listBibl/msDesc/physDesc/bindingDesc/binding/decoNote/origDate		
manuscripts	1465.xml		/TEI/text/body/listBibl/msDesc/history/provenance/date		
manuscripts	1465.xml		/TEI/text/body/listBibl/msDesc/history/acquisition/date		
manuscripts	1466.xml		/TEI/text/body/listBibl/msDesc/physDesc/handDesc/handNote/origDate		
manuscripts	1466.xml		/TEI/text/body/listBibl/msDesc/physDesc/bindingDesc/binding/decoNote/origDate		
manuscripts	1466.xml		/TEI/text/body/listBibl/msDesc/history/provenance/date		
manuscripts	1466.xml		/TEI/text/body/listBibl/msDesc/history/acquisition/date		
manuscripts	1467.xml		/TEI/text/body/listBibl/msDesc/physDesc/handDesc/handNote/origDate		
manuscripts	1467.xml		/TEI/text/body/listBibl/msDesc/physDesc/bindingDesc/binding/decoNote/origDate		
manuscripts	1467.xml		/TEI/text/body/listBibl/msDesc/history/provenance/date		
manuscripts	1467.xml		/TEI/text/body/listBibl/msDesc/history/acquisition/date		
manuscripts	1468.xml		/TEI/text/body/listBibl/msDesc/physDesc/handDesc/handNote/origDate		
manuscripts	1468.xml		/TEI/text/body/listBibl/msDesc/physDesc/bindingDesc/binding/decoNote/origDate		
manuscripts	1468.xml		/TEI/text/body/listBibl/msDesc/history/provenance/date		
manuscripts	1468.xml		/TEI/text/body/listBibl/msDesc/history/acquisition/date		
manuscripts	1469.xml		/TEI/text/body/listBibl/msDesc/physDesc/handDesc/handNote/origDate	when	1049
manuscripts	1469.xml		/TEI/text/body/listBibl/msDesc/physDesc/bindingDesc/binding/decoNote/origDate		
manuscripts	1469.xml		/TEI/text/body/listBibl/msDesc/history/provenance/date		
manuscripts	1469.xml		/TEI/text/body/listBibl/msDesc/history/acquisition/date		
manuscripts	147.xml		/TEI/text/body/listBibl/msDesc/physDesc/handDesc/handNote/origDate		
manuscripts	147.xml		/TEI/text/body/listBibl/msDesc/physDesc/bindingDesc/binding/decoNote/origDate		
manuscripts	147.xml		/TEI/text/body/listBibl/msDesc/history/provenance/date		
manuscripts	147.xml		/TEI/text/body/listBibl/msDesc/history/acquisition/date		
manuscripts	1470.xml		/TEI/text/body/listBibl/msDesc/physDesc/handDesc/handNote/origDate		
manuscripts	1470.xml		/TEI/text/body/listBibl/msDesc/physDesc/bindingDesc/binding/decoNote/origDate		
manuscripts	1470.xml		/TEI/text/body/listBibl/msDesc/history/provenance/date		
manuscripts	1470.xml		/TEI/text/body/listBibl/msDesc/history/acquisition/date		
manuscripts	1471.xml		/TEI/text/body/listBibl/msDesc/physDesc/handDesc/handNote/origDate		
manuscripts	1471.xml		/TEI/text/body/listBibl/msDesc/physDesc/bindingDesc/binding/decoNote/origDate		
manuscripts	1471.xml		/TEI/text/body/listBibl/msDesc/history/provenance/date		
manuscripts	1471.xml		/TEI/text/body/listBibl/msDesc/history/acquisition/date		
manuscripts	1472.xml		/TEI/text/body/listBibl/msDesc/physDesc/handDesc/handNote/origDate		
manuscripts	1472.xml		/TEI/text/body/listBibl/msDesc/physDesc/bindingDesc/binding/decoNote/origDate		
manuscripts	1472.xml		/TEI/text/body/listBibl/msDesc/history/provenance/date		
manuscripts	1472.xml		/TEI/text/body/listBibl/msDesc/history/acquisition/date		
manuscripts	1473.xml		/TEI/text/body/listBibl/msDesc/physDesc/handDesc/handNote/origDate		
manuscripts	1473.xml		/TEI/text/body/listBibl/msDesc/physDesc/bindingDesc/binding/decoNote/origDate		
manuscripts	1473.xml		/TEI/text/body/listBibl/msDesc/history/provenance/date		
manuscripts	1473.xml		/TEI/text/body/listBibl/msDesc/history/acquisition/date		
manuscripts	1474.xml		/TEI/text/body/listBibl/msDesc/physDesc/handDesc/handNote/origDate		
manuscripts	1474.xml		/TEI/text/body/listBibl/msDesc/physDesc/bindingDesc/binding/decoNote/origDate		
manuscripts	1474.xml		/TEI/text/body/listBibl/msDesc/history/provenance/date		
manuscripts	1474.xml		/TEI/text/body/listBibl/msDesc/history/acquisition/date		
manuscripts	1475.xml		/TEI/text/body/listBibl/msDesc/physDesc/handDesc/handNote/origDate		
manuscripts	1475.xml		/TEI/text/body/listBibl/msDesc/physDesc/bindingDesc/binding/decoNote/origDate		
manuscripts	1475.xml		/TEI/text/body/listBibl/msDesc/history/provenance/date		
manuscripts	1475.xml		/TEI/text/body/listBibl/msDesc/history/acquisition/date		
manuscripts	1476.xml		/TEI/text/body/listBibl/msDesc/physDesc/handDesc/handNote/origDate		
manuscripts	1476.xml		/TEI/text/body/listBibl/msDesc/physDesc/bindingDesc/binding/decoNote/origDate		
manuscripts	1476.xml		/TEI/text/body/listBibl/msDesc/history/provenance/date		
manuscripts	1476.xml		/TEI/text/body/listBibl/msDesc/history/acquisition/date		
manuscripts	1477.xml		/TEI/text/body/listBibl/msDesc/physDesc/handDesc/handNote/origDate		
manuscripts	1477.xml		/TEI/text/body/listBibl/msDesc/physDesc/bindingDesc/binding/decoNote/origDate		
manuscripts	1477.xml		/TEI/text/body/listBibl/msDesc/history/provenance/date		
manuscripts	1477.xml		/TEI/text/body/listBibl/msDesc/history/acquisition/date		
manuscripts	1478.xml		/TEI/text/body/listBibl/msDesc/physDesc/handDesc/handNote/origDate		
manuscripts	1478.xml		/TEI/text/body/listBibl/msDesc/physDesc/bindingDesc/binding/decoNote/origDate		
manuscripts	1478.xml		/TEI/text/body/listBibl/msDesc/history/provenance/date		
manuscripts	1478.xml		/TEI/text/body/listBibl/msDesc/history/acquisition/date		
manuscripts	1479.xml		/TEI/text/body/listBibl/msDesc/physDesc/handDesc/handNote/origDate		
manuscripts	1479.xml		/TEI/text/body/listBibl/msDesc/physDesc/bindingDesc/binding/decoNote/origDate		
manuscripts	1479.xml		/TEI/text/body/listBibl/msDesc/history/provenance/date		
manuscripts	1479.xml		/TEI/text/body/listBibl/msDesc/history/acquisition/date		
manuscripts	148.xml		/TEI/text/body/listBibl/msDesc/physDesc/handDesc/handNote/origDate		
manuscripts	148.xml		/TEI/text/body/listBibl/msDesc/physDesc/bindingDesc/binding/decoNote/origDate		
manuscripts	148.xml		/TEI/text/body/listBibl/msDesc/history/provenance/date		
manuscripts	148.xml		/TEI/text/body/listBibl/msDesc/history/acquisition/date		
manuscripts	1480.xml		/TEI/text/body/listBibl/msDesc/physDesc/handDesc/handNote/origDate		
manuscripts	1480.xml		/TEI/text/body/listBibl/msDesc/physDesc/bindingDesc/binding/decoNote/origDate		
manuscripts	1480.xml		/TEI/text/body/listBibl/msDesc/history/provenance/date		
manuscripts	1480.xml		/TEI/text/body/listBibl/msDesc/history/acquisition/date		
manuscripts	1481.xml		/TEI/text/body/listBibl/msDesc/physDesc/handDesc/handNote/origDate		
manuscripts	1481.xml		/TEI/text/body/listBibl/msDesc/physDesc/bindingDesc/binding/decoNote/origDate		
manuscripts	1481.xml		/TEI/text/body/listBibl/msDesc/history/provenance/date		
manuscripts	1481.xml		/TEI/text/body/listBibl/msDesc/history/acquisition/date		
manuscripts	1482.xml		/TEI/text/body/listBibl/msDesc/physDesc/handDesc/handNote/origDate		
manuscripts	1482.xml		/TEI/text/body/listBibl/msDesc/physDesc/bindingDesc/binding/decoNote/origDate		
manuscripts	1482.xml		/TEI/text/body/listBibl/msDesc/history/provenance/date		
manuscripts	1482.xml		/TEI/text/body/listBibl/msDesc/history/acquisition/date		
manuscripts	1483.xml		/TEI/text/body/listBibl/msDesc/physDesc/handDesc/handNote/origDate		
manuscripts	1483.xml		/TEI/text/body/listBibl/msDesc/physDesc/bindingDesc/binding/decoNote/origDate		
manuscripts	1483.xml		/TEI/text/body/listBibl/msDesc/history/provenance/date		
manuscripts	1483.xml		/TEI/text/body/listBibl/msDesc/history/acquisition/date		
manuscripts	1484.xml		/TEI/text/body/listBibl/msDesc/physDesc/handDesc/handNote/origDate		
manuscripts	1484.xml		/TEI/text/body/listBibl/msDesc/physDesc/bindingDesc/binding/decoNote/origDate		
manuscripts	1484.xml		/TEI/text/body/listBibl/msDesc/history/provenance/date		
manuscripts	1484.xml		/TEI/text/body/listBibl/msDesc/history/acquisition/date		
manuscripts	1485.xml		/TEI/text/body/listBibl/msDesc/physDesc/handDesc/handNote/origDate		
manuscripts	1485.xml		/TEI/text/body/listBibl/msDesc/physDesc/bindingDesc/binding/decoNote/origDate		
manuscripts	1485.xml		/TEI/text/body/listBibl/msDesc/history/provenance/date		
manuscripts	1485.xml		/TEI/text/body/listBibl/msDesc/history/acquisition/date		
manuscripts	1486.xml		/TEI/text/body/listBibl/msDesc/physDesc/handDesc/handNote/origDate		
manuscripts	1486.xml		/TEI/text/body/listBibl/msDesc/physDesc/bindingDesc/binding/decoNote/origDate		
manuscripts	1486.xml		/TEI/text/body/listBibl/msDesc/history/provenance/date		
manuscripts	1486.xml		/TEI/text/body/listBibl/msDesc/history/acquisition/date		
manuscripts	1487.xml		/TEI/text/body/listBibl/msDesc/physDesc/handDesc/handNote/origDate		
manuscripts	1487.xml		/TEI/text/body/listBibl/msDesc/physDesc/bindingDesc/binding/decoNote/origDate		
manuscripts	1487.xml		/TEI/text/body/listBibl/msDesc/history/provenance/date		
manuscripts	1487.xml		/TEI/text/body/listBibl/msDesc/history/acquisition/date		
manuscripts	1488.xml		/TEI/text/body/listBibl/msDesc/physDesc/handDesc/handNote/origDate		
manuscripts	1488.xml		/TEI/text/body/listBibl/msDesc/physDesc/bindingDesc/binding/decoNote/origDate		
manuscripts	1488.xml		/TEI/text/body/listBibl/msDesc/history/provenance/date		
manuscripts	1488.xml		/TEI/text/body/listBibl/msDesc/history/acquisition/date		
manuscripts	1489.xml		/TEI/text/body/listBibl/msDesc/physDesc/handDesc/handNote/origDate		
manuscripts	1489.xml		/TEI/text/body/listBibl/msDesc/physDesc/bindingDesc/binding/decoNote/origDate		
manuscripts	1489.xml		/TEI/text/body/listBibl/msDesc/history/provenance/date		
manuscripts	1489.xml		/TEI/text/body/listBibl/msDesc/history/acquisition/date		
manuscripts	149.xml	המאה האחת עשרה	/TEI/text/body/listBibl/msDesc/physDesc/handDesc/handNote/origDate		
manuscripts	149.xml		/TEI/text/body/listBibl/msDesc/physDesc/bindingDesc/binding/decoNote/origDate		
manuscripts	149.xml		/TEI/text/body/listBibl/msDesc/history/provenance/date		
manuscripts	149.xml		/TEI/text/body/listBibl/msDesc/history/acquisition/date		
manuscripts	1490.xml		/TEI/text/body/listBibl/msDesc/physDesc/handDesc/handNote/origDate		
manuscripts	1490.xml		/TEI/text/body/listBibl/msDesc/physDesc/bindingDesc/binding/decoNote/origDate		
manuscripts	1490.xml		/TEI/text/body/listBibl/msDesc/history/provenance/date		
manuscripts	1490.xml		/TEI/text/body/listBibl/msDesc/history/acquisition/date		
manuscripts	1491.xml		/TEI/text/body/listBibl/msDesc/physDesc/handDesc/handNote/origDate		
manuscripts	1491.xml		/TEI/text/body/listBibl/msDesc/physDesc/bindingDesc/binding/decoNote/origDate		
manuscripts	1491.xml		/TEI/text/body/listBibl/msDesc/history/provenance/date		
manuscripts	1491.xml		/TEI/text/body/listBibl/msDesc/history/acquisition/date		
manuscripts	1492.xml		/TEI/text/body/listBibl/msDesc/physDesc/handDesc/handNote/origDate		
manuscripts	1492.xml		/TEI/text/body/listBibl/msDesc/physDesc/bindingDesc/binding/decoNote/origDate		
manuscripts	1492.xml		/TEI/text/body/listBibl/msDesc/history/provenance/date		
manuscripts	1492.xml		/TEI/text/body/listBibl/msDesc/history/acquisition/date		
manuscripts	1493.xml		/TEI/text/body/listBibl/msDesc/physDesc/handDesc/handNote/origDate		
manuscripts	1493.xml		/TEI/text/body/listBibl/msDesc/physDesc/bindingDesc/binding/decoNote/origDate		
manuscripts	1493.xml		/TEI/text/body/listBibl/msDesc/history/provenance/date		
manuscripts	1493.xml		/TEI/text/body/listBibl/msDesc/history/acquisition/date		
manuscripts	1494.xml		/TEI/text/body/listBibl/msDesc/physDesc/handDesc/handNote/origDate		
manuscripts	1494.xml		/TEI/text/body/listBibl/msDesc/physDesc/bindingDesc/binding/decoNote/origDate		
manuscripts	1494.xml		/TEI/text/body/listBibl/msDesc/history/provenance/date		
manuscripts	1494.xml		/TEI/text/body/listBibl/msDesc/history/acquisition/date		
manuscripts	1495.xml		/TEI/text/body/listBibl/msDesc/physDesc/handDesc/handNote/origDate		
manuscripts	1495.xml		/TEI/text/body/listBibl/msDesc/physDesc/bindingDesc/binding/decoNote/origDate		
manuscripts	1495.xml		/TEI/text/body/listBibl/msDesc/history/provenance/date		
manuscripts	1495.xml		/TEI/text/body/listBibl/msDesc/history/acquisition/date		
manuscripts	1496.xml		/TEI/text/body/listBibl/msDesc/physDesc/handDesc/handNote/origDate		
manuscripts	1496.xml		/TEI/text/body/listBibl/msDesc/physDesc/bindingDesc/binding/decoNote/origDate		
manuscripts	1496.xml		/TEI/text/body/listBibl/msDesc/history/provenance/date		
manuscripts	1496.xml		/TEI/text/body/listBibl/msDesc/history/acquisition/date		
manuscripts	1497.xml		/TEI/text/body/listBibl/msDesc/physDesc/handDesc/handNote/origDate		
manuscripts	1497.xml		/TEI/text/body/listBibl/msDesc/physDesc/bindingDesc/binding/decoNote/origDate		
manuscripts	1497.xml		/TEI/text/body/listBibl/msDesc/history/provenance/date		
manuscripts	1497.xml		/TEI/text/body/listBibl/msDesc/history/acquisition/date		
manuscripts	1498.xml		/TEI/text/body/listBibl/msDesc/physDesc/handDesc/handNote/origDate		
manuscripts	1498.xml		/TEI/text/body/listBibl/msDesc/physDesc/bindingDesc/binding/decoNote/origDate		
manuscripts	1498.xml		/TEI/text/body/listBibl/msDesc/history/provenance/date		
manuscripts	1498.xml		/TEI/text/body/listBibl/msDesc/history/acquisition/date		
manuscripts	1499.xml		/TEI/text/body/listBibl/msDesc/physDesc/handDesc/handNote/origDate		
manuscripts	1499.xml		/TEI/text/body/listBibl/msDesc/physDesc/bindingDesc/binding/decoNote/origDate		
manuscripts	1499.xml		/TEI/text/body/listBibl/msDesc/history/provenance/date		
manuscripts	1499.xml		/TEI/text/body/listBibl/msDesc/history/acquisition/date		
manuscripts	15.xml		/TEI/text/body/listBibl/msDesc/physDesc/handDesc/handNote/origDate[1]		
manuscripts	15.xml		/TEI/text/body/listBibl/msDesc/physDesc/handDesc/handNote/origDate[2]		
manuscripts	15.xml		/TEI/text/body/listBibl/msDesc/physDesc/bindingDesc/binding/decoNote/origDate		
manuscripts	15.xml		/TEI/text/body/listBibl/msDesc/history/provenance/date		
manuscripts	15.xml		/TEI/text/body/listBibl/msDesc/history/acquisition/date		
manuscripts	150.xml		/TEI/text/body/listBibl/msDesc/physDesc/handDesc/handNote/origDate		
manuscripts	150.xml		/TEI/text/body/listBibl/msDesc/physDesc/bindingDesc/binding/decoNote/origDate		
manuscripts	150.xml		/TEI/text/body/listBibl/msDesc/history/provenance/date		
manuscripts	150.xml		/TEI/text/body/listBibl/msDesc/history/acquisition/date		
manuscripts	1500.xml		/TEI/text/body/listBibl/msDesc/physDesc/handDesc/handNote/origDate		
manuscripts	1500.xml		/TEI/text/body/listBibl/msDesc/physDesc/bindingDesc/binding/decoNote/origDate		
manuscripts	1500.xml		/TEI/text/body/listBibl/msDesc/history/provenance/date		
manuscripts	1500.xml		/TEI/text/body/listBibl/msDesc/history/acquisition/date		
manuscripts	1501.xml		/TEI/text/body/listBibl/msDesc/physDesc/handDesc/handNote/origDate		
manuscripts	1501.xml		/TEI/text/body/listBibl/msDesc/physDesc/bindingDesc/binding/decoNote/origDate		
manuscripts	1501.xml		/TEI/text/body/listBibl/msDesc/history/provenance/date		
manuscripts	1501.xml		/TEI/text/body/listBibl/msDesc/history/acquisition/date		
manuscripts	1502.xml		/TEI/text/body/listBibl/msDesc/physDesc/handDesc/handNote/origDate		
manuscripts	1502.xml		/TEI/text/body/listBibl/msDesc/physDesc/bindingDesc/binding/decoNote/origDate		
manuscripts	1502.xml		/TEI/text/body/listBibl/msDesc/history/provenance/date		
manuscripts	1502.xml		/TEI/text/body/listBibl/msDesc/history/acquisition/date		
manuscripts	1504.xml		/TEI/text/body/listBibl/msDesc/physDesc/handDesc/handNote/origDate		
manuscripts	1504.xml		/TEI/text/body/listBibl/msDesc/physDesc/bindingDesc/binding/decoNote/origDate		
manuscripts	1504.xml		/TEI/text/body/listBibl/msDesc/history/provenance/date		
manuscripts	1504.xml		/TEI/text/body/listBibl/msDesc/history/acquisition/date		
manuscripts	1505.xml		/TEI/text/body/listBibl/msDesc/physDesc/handDesc/handNote/origDate		
manuscripts	1505.xml		/TEI/text/body/listBibl/msDesc/physDesc/bindingDesc/binding/decoNote/origDate		
manuscripts	1505.xml		/TEI/text/body/listBibl/msDesc/history/provenance/date		
manuscripts	1505.xml		/TEI/text/body/listBibl/msDesc/history/acquisition/date		
manuscripts	1506.xml		/TEI/text/body/listBibl/msDesc/physDesc/handDesc/handNote/origDate		
manuscripts	1506.xml		/TEI/text/body/listBibl/msDesc/physDesc/bindingDesc/binding/decoNote/origDate		
manuscripts	1506.xml		/TEI/text/body/listBibl/msDesc/history/provenance/date		
manuscripts	1506.xml		/TEI/text/body/listBibl/msDesc/history/acquisition/date		
manuscripts	1508.xml		/TEI/text/body/listBibl/msDesc/physDesc/handDesc/handNote/origDate		
manuscripts	1508.xml		/TEI/text/body/listBibl/msDesc/physDesc/bindingDesc/binding/decoNote/origDate		
manuscripts	1508.xml		/TEI/text/body/listBibl/msDesc/history/provenance/date		
manuscripts	1508.xml		/TEI/text/body/listBibl/msDesc/history/acquisition/date		
manuscripts	1509.xml		/TEI/text/body/listBibl/msDesc/physDesc/handDesc/handNote/origDate		
manuscripts	1509.xml		/TEI/text/body/listBibl/msDesc/physDesc/bindingDesc/binding/decoNote/origDate		
manuscripts	1509.xml		/TEI/text/body/listBibl/msDesc/history/provenance/date		
manuscripts	1509.xml		/TEI/text/body/listBibl/msDesc/history/acquisition/date		
manuscripts	151.xml		/TEI/text/body/listBibl/msDesc/physDesc/handDesc/handNote/origDate		
manuscripts	151.xml		/TEI/text/body/listBibl/msDesc/physDesc/bindingDesc/binding/decoNote/origDate		
manuscripts	151.xml		/TEI/text/body/listBibl/msDesc/history/provenance/date		
manuscripts	151.xml		/TEI/text/body/listBibl/msDesc/history/acquisition/date		
manuscripts	1510.xml		/TEI/text/body/listBibl/msDesc/physDesc/handDesc/handNote/origDate		
manuscripts	1510.xml		/TEI/text/body/listBibl/msDesc/physDesc/bindingDesc/binding/decoNote/origDate		
manuscripts	1510.xml		/TEI/text/body/listBibl/msDesc/history/provenance/date		
manuscripts	1510.xml		/TEI/text/body/listBibl/msDesc/history/acquisition/date		
manuscripts	1511.xml		/TEI/text/body/listBibl/msDesc/physDesc/handDesc/handNote/origDate		
manuscripts	1511.xml		/TEI/text/body/listBibl/msDesc/physDesc/bindingDesc/binding/decoNote/origDate		
manuscripts	1511.xml		/TEI/text/body/listBibl/msDesc/history/provenance/date		
manuscripts	1511.xml		/TEI/text/body/listBibl/msDesc/history/acquisition/date		
manuscripts	1512.xml		/TEI/text/body/listBibl/msDesc/physDesc/bindingDesc/binding/decoNote/origDate		
manuscripts	1512.xml		/TEI/text/body/listBibl/msDesc/history/provenance/date		
manuscripts	1512.xml		/TEI/text/body/listBibl/msDesc/history/acquisition/date		
manuscripts	1513.xml	960	/TEI/text/body/listBibl/msDesc/physDesc/handDesc/handNote/origDate		
manuscripts	1513.xml		/TEI/text/body/listBibl/msDesc/physDesc/bindingDesc/binding/decoNote/origDate		
manuscripts	1513.xml		/TEI/text/body/listBibl/msDesc/history/provenance/date		
manuscripts	1513.xml		/TEI/text/body/listBibl/msDesc/history/acquisition/date		
manuscripts	1514.xml		/TEI/text/body/listBibl/msDesc/physDesc/bindingDesc/binding/decoNote/origDate		
manuscripts	1514.xml		/TEI/text/body/listBibl/msDesc/history/provenance/date		
manuscripts	1514.xml		/TEI/text/body/listBibl/msDesc/history/acquisition/date		
manuscripts	1515.xml		/TEI/text/body/listBibl/msDesc/physDesc/bindingDesc/binding/decoNote/origDate		
manuscripts	1515.xml		/TEI/text/body/listBibl/msDesc/history/provenance/date		
manuscripts	1515.xml		/TEI/text/body/listBibl/msDesc/history/acquisition/date		
manuscripts	1517.xml		/TEI/text/body/listBibl/msDesc/physDesc/bindingDesc/binding/decoNote/origDate		
manuscripts	1517.xml		/TEI/text/body/listBibl/msDesc/history/provenance/date		
manuscripts	1517.xml		/TEI/text/body/listBibl/msDesc/history/acquisition/date		
manuscripts	1518.xml	early 11th c.	/TEI/text/body/listBibl/msDesc/physDesc/handDesc/handNote/origDate		
manuscripts	1518.xml		/TEI/text/body/listBibl/msDesc/physDesc/bindingDesc/binding/decoNote/origDate		
manuscripts	1518.xml		/TEI/text/body/listBibl/msDesc/history/provenance/date		
manuscripts	1518.xml		/TEI/text/body/listBibl/msDesc/history/acquisition/date		
manuscripts	1519.xml		/TEI/text/body/listBibl/msDesc/physDesc/bindingDesc/binding/decoNote/origDate		
manuscripts	1519.xml		/TEI/text/body/listBibl/msDesc/history/provenance/date		
manuscripts	1519.xml		/TEI/text/body/listBibl/msDesc/history/acquisition/date		
manuscripts	152.xml		/TEI/text/body/listBibl/msDesc/physDesc/handDesc/handNote/origDate		
manuscripts	152.xml		/TEI/text/body/listBibl/msDesc/physDesc/bindingDesc/binding/decoNote/origDate		
manuscripts	152.xml		/TEI/text/body/listBibl/msDesc/history/provenance/date		
manuscripts	152.xml		/TEI/text/body/listBibl/msDesc/history/acquisition/date		
manuscripts	1520.xml		/TEI/text/body/listBibl/msDesc/physDesc/bindingDesc/binding/decoNote/origDate		
manuscripts	1520.xml		/TEI/text/body/listBibl/msDesc/history/provenance/date		
manuscripts	1520.xml		/TEI/text/body/listBibl/msDesc/history/acquisition/date		
manuscripts	1521.xml		/TEI/text/body/listBibl/msDesc/physDesc/handDesc/handNote/origDate		
manuscripts	1521.xml		/TEI/text/body/listBibl/msDesc/physDesc/bindingDesc/binding/decoNote/origDate		
manuscripts	1521.xml		/TEI/text/body/listBibl/msDesc/history/provenance/date		
manuscripts	1521.xml		/TEI/text/body/listBibl/msDesc/history/acquisition/date		
manuscripts	1522.xml		/TEI/text/body/listBibl/msDesc/physDesc/handDesc/handNote/origDate		
manuscripts	1522.xml		/TEI/text/body/listBibl/msDesc/physDesc/bindingDesc/binding/decoNote/origDate		
manuscripts	1522.xml		/TEI/text/body/listBibl/msDesc/history/provenance/date		
manuscripts	1522.xml		/TEI/text/body/listBibl/msDesc/history/acquisition/date		
manuscripts	1523.xml		/TEI/text/body/listBibl/msDesc/physDesc/handDesc/handNote/origDate		
manuscripts	1523.xml		/TEI/text/body/listBibl/msDesc/physDesc/bindingDesc/binding/decoNote/origDate		
manuscripts	1523.xml		/TEI/text/body/listBibl/msDesc/history/provenance/date		
manuscripts	1523.xml		/TEI/text/body/listBibl/msDesc/history/acquisition/date		
manuscripts	1524.xml		/TEI/text/body/listBibl/msDesc/physDesc/bindingDesc/binding/decoNote/origDate		
manuscripts	1524.xml		/TEI/text/body/listBibl/msDesc/history/provenance/date		
manuscripts	1524.xml		/TEI/text/body/listBibl/msDesc/history/acquisition/date		
manuscripts	1525.xml		/TEI/text/body/listBibl/msDesc/physDesc/bindingDesc/binding/decoNote/origDate		
manuscripts	1525.xml		/TEI/text/body/listBibl/msDesc/history/provenance/date		
manuscripts	1525.xml		/TEI/text/body/listBibl/msDesc/history/acquisition/date		
manuscripts	1526.xml	1048 [439]	/TEI/text/body/listBibl/msDesc/physDesc/handDesc/handNote/origDate		
manuscripts	1526.xml		/TEI/text/body/listBibl/msDesc/physDesc/bindingDesc/binding/decoNote/origDate		
manuscripts	1526.xml		/TEI/text/body/listBibl/msDesc/history/provenance/date		
manuscripts	1526.xml		/TEI/text/body/listBibl/msDesc/history/acquisition/date		
manuscripts	1527.xml		/TEI/text/body/listBibl/msDesc/physDesc/handDesc/handNote/origDate		
manuscripts	1527.xml		/TEI/text/body/listBibl/msDesc/physDesc/bindingDesc/binding/decoNote/origDate		
manuscripts	1527.xml		/TEI/text/body/listBibl/msDesc/history/provenance/date		
manuscripts	1527.xml		/TEI/text/body/listBibl/msDesc/history/acquisition/date		
manuscripts	1528.xml	1000-1200?	/TEI/text/body/listBibl/msDesc/physDesc/handDesc/handNote/origDate		
manuscripts	1528.xml		/TEI/text/body/listBibl/msDesc/physDesc/bindingDesc/binding/decoNote/origDate		
manuscripts	1528.xml		/TEI/text/body/listBibl/msDesc/history/provenance/date		
manuscripts	1528.xml		/TEI/text/body/listBibl/msDesc/history/acquisition/date		
manuscripts	1529.xml		/TEI/text/body/listBibl/msDesc/physDesc/handDesc/handNote/origDate		
manuscripts	1529.xml		/TEI/text/body/listBibl/msDesc/physDesc/bindingDesc/binding/decoNote/origDate		
manuscripts	1529.xml		/TEI/text/body/listBibl/msDesc/history/provenance/date		
manuscripts	1529.xml		/TEI/text/body/listBibl/msDesc/history/acquisition/date		
manuscripts	153.xml		/TEI/text/body/listBibl/msDesc/physDesc/handDesc/handNote/origDate		
manuscripts	153.xml		/TEI/text/body/listBibl/msDesc/physDesc/bindingDesc/binding/decoNote/origDate		
manuscripts	153.xml		/TEI/text/body/listBibl/msDesc/history/provenance/date		
manuscripts	153.xml		/TEI/text/body/listBibl/msDesc/history/acquisition/date		
manuscripts	1530.xml		/TEI/text/body/listBibl/msDesc/physDesc/handDesc/handNote/origDate		
manuscripts	1530.xml		/TEI/text/body/listBibl/msDesc/physDesc/bindingDesc/binding/decoNote/origDate		
manuscripts	1530.xml		/TEI/text/body/listBibl/msDesc/history/provenance/date		
manuscripts	1530.xml		/TEI/text/body/listBibl/msDesc/history/acquisition/date		
manuscripts	1531.xml	1000-1100	/TEI/text/body/listBibl/msDesc/physDesc/handDesc/handNote[1]/origDate		
manuscripts	1531.xml		/TEI/text/body/listBibl/msDesc/physDesc/handDesc/handNote[2]/origDate	cert; evidence; from; to; when	; ; ; ; 
manuscripts	1531.xml		/TEI/text/body/listBibl/msDesc/physDesc/bindingDesc/binding/decoNote/origDate		
manuscripts	1531.xml		/TEI/text/body/listBibl/msDesc/history/provenance/date		
manuscripts	1531.xml		/TEI/text/body/listBibl/msDesc/history/acquisition/date		
manuscripts	1532.xml		/TEI/text/body/listBibl/msDesc/physDesc/handDesc/handNote/origDate		
manuscripts	1532.xml		/TEI/text/body/listBibl/msDesc/physDesc/bindingDesc/binding/decoNote/origDate		
manuscripts	1532.xml		/TEI/text/body/listBibl/msDesc/history/provenance/date		
manuscripts	1532.xml		/TEI/text/body/listBibl/msDesc/history/acquisition/date		
manuscripts	1533.xml		/TEI/text/body/listBibl/msDesc/physDesc/bindingDesc/binding/decoNote/origDate		
manuscripts	1533.xml		/TEI/text/body/listBibl/msDesc/history/provenance/date		
manuscripts	1533.xml		/TEI/text/body/listBibl/msDesc/history/acquisition/date		
manuscripts	1534.xml		/TEI/text/body/listBibl/msDesc/physDesc/handDesc/handNote/origDate		
manuscripts	1534.xml		/TEI/text/body/listBibl/msDesc/physDesc/bindingDesc/binding/decoNote/origDate		
manuscripts	1534.xml		/TEI/text/body/listBibl/msDesc/history/provenance/date		
manuscripts	1534.xml		/TEI/text/body/listBibl/msDesc/history/acquisition/date		
manuscripts	1535.xml		/TEI/text/body/listBibl/msDesc/physDesc/handDesc/handNote/origDate		
manuscripts	1535.xml		/TEI/text/body/listBibl/msDesc/physDesc/bindingDesc/binding/decoNote/origDate		
manuscripts	1535.xml		/TEI/text/body/listBibl/msDesc/history/provenance/date		
manuscripts	1535.xml		/TEI/text/body/listBibl/msDesc/history/acquisition/date		
manuscripts	1536.xml		/TEI/text/body/listBibl/msDesc/physDesc/handDesc/handNote/origDate		
manuscripts	1536.xml		/TEI/text/body/listBibl/msDesc/physDesc/bindingDesc/binding/decoNote/origDate		
manuscripts	1536.xml		/TEI/text/body/listBibl/msDesc/history/provenance/date		
manuscripts	1536.xml		/TEI/text/body/listBibl/msDesc/history/acquisition/date		
manuscripts	1537.xml		/TEI/text/body/listBibl/msDesc/physDesc/handDesc/handNote/origDate		
manuscripts	1537.xml		/TEI/text/body/listBibl/msDesc/physDesc/bindingDesc/binding/decoNote/origDate		
manuscripts	1537.xml		/TEI/text/body/listBibl/msDesc/history/provenance/date		
manuscripts	1537.xml		/TEI/text/body/listBibl/msDesc/history/acquisition/date		
manuscripts	1538.xml		/TEI/text/body/listBibl/msDesc/physDesc/handDesc/handNote/origDate		
manuscripts	1538.xml		/TEI/text/body/listBibl/msDesc/physDesc/bindingDesc/binding/decoNote/origDate		
manuscripts	1538.xml		/TEI/text/body/listBibl/msDesc/history/provenance/date		
manuscripts	1538.xml		/TEI/text/body/listBibl/msDesc/history/acquisition/date		
manuscripts	1539.xml	1000-1100	/TEI/text/body/listBibl/msDesc/physDesc/handDesc/handNote/origDate		
manuscripts	1539.xml		/TEI/text/body/listBibl/msDesc/physDesc/bindingDesc/binding/decoNote/origDate		
manuscripts	1539.xml		/TEI/text/body/listBibl/msDesc/history/provenance/date		
manuscripts	1539.xml		/TEI/text/body/listBibl/msDesc/history/acquisition/date		
manuscripts	154.xml		/TEI/text/body/listBibl/msDesc/physDesc/handDesc/handNote/origDate		
manuscripts	154.xml		/TEI/text/body/listBibl/msDesc/physDesc/bindingDesc/binding/decoNote/origDate		
manuscripts	154.xml		/TEI/text/body/listBibl/msDesc/history/provenance/date		
manuscripts	154.xml		/TEI/text/body/listBibl/msDesc/history/acquisition/date		
manuscripts	1540.xml		/TEI/text/body/listBibl/msDesc/physDesc/handDesc/handNote/origDate		
manuscripts	1540.xml		/TEI/text/body/listBibl/msDesc/physDesc/bindingDesc/binding/decoNote/origDate		
manuscripts	1540.xml		/TEI/text/body/listBibl/msDesc/history/provenance/date		
manuscripts	1540.xml		/TEI/text/body/listBibl/msDesc/history/acquisition/date		
manuscripts	1541.xml		/TEI/text/body/listBibl/msDesc/physDesc/handDesc/handNote/origDate		
manuscripts	1541.xml		/TEI/text/body/listBibl/msDesc/physDesc/bindingDesc/binding/decoNote/origDate		
manuscripts	1541.xml		/TEI/text/body/listBibl/msDesc/history/provenance/date		
manuscripts	1541.xml		/TEI/text/body/listBibl/msDesc/history/acquisition/date		
manuscripts	1542.xml		/TEI/text/body/listBibl/msDesc/physDesc/bindingDesc/binding/decoNote/origDate		
manuscripts	1542.xml		/TEI/text/body/listBibl/msDesc/history/provenance/date		
manuscripts	1542.xml		/TEI/text/body/listBibl/msDesc/history/acquisition/date		
manuscripts	1543.xml		/TEI/text/body/listBibl/msDesc/physDesc/bindingDesc/binding/decoNote/origDate		
manuscripts	1543.xml		/TEI/text/body/listBibl/msDesc/history/provenance/date		
manuscripts	1543.xml		/TEI/text/body/listBibl/msDesc/history/acquisition/date		
manuscripts	1544.xml		/TEI/text/body/listBibl/msDesc/physDesc/bindingDesc/binding/decoNote/origDate		
manuscripts	1544.xml		/TEI/text/body/listBibl/msDesc/history/provenance/date		
manuscripts	1544.xml		/TEI/text/body/listBibl/msDesc/history/acquisition/date		
manuscripts	1545.xml		/TEI/text/body/listBibl/msDesc/physDesc/bindingDesc/binding/decoNote/origDate		
manuscripts	1545.xml		/TEI/text/body/listBibl/msDesc/history/provenance/date		
manuscripts	1545.xml		/TEI/text/body/listBibl/msDesc/history/acquisition/date		
manuscripts	1548.xml		/TEI/text/body/listBibl/msDesc/physDesc/handDesc/handNote/origDate		
manuscripts	1548.xml		/TEI/text/body/listBibl/msDesc/physDesc/bindingDesc/binding/decoNote/origDate		
manuscripts	1548.xml		/TEI/text/body/listBibl/msDesc/history/provenance/date		
manuscripts	1548.xml		/TEI/text/body/listBibl/msDesc/history/acquisition/date		
manuscripts	155.xml		/TEI/text/body/listBibl/msDesc/physDesc/handDesc/handNote/origDate		
manuscripts	155.xml		/TEI/text/body/listBibl/msDesc/physDesc/bindingDesc/binding/decoNote/origDate		
manuscripts	155.xml		/TEI/text/body/listBibl/msDesc/history/provenance/date		
manuscripts	155.xml		/TEI/text/body/listBibl/msDesc/history/acquisition/date		
manuscripts	1551.xml		/TEI/text/body/listBibl/msDesc/physDesc/handDesc/handNote/origDate		
manuscripts	1551.xml		/TEI/text/body/listBibl/msDesc/physDesc/bindingDesc/binding/decoNote/origDate		
manuscripts	1551.xml		/TEI/text/body/listBibl/msDesc/history/provenance/date		
manuscripts	1551.xml		/TEI/text/body/listBibl/msDesc/history/acquisition/date		
manuscripts	1552.xml		/TEI/text/body/listBibl/msDesc/physDesc/handDesc/handNote/origDate		
manuscripts	1552.xml		/TEI/text/body/listBibl/msDesc/physDesc/bindingDesc/binding/decoNote/origDate		
manuscripts	1552.xml		/TEI/text/body/listBibl/msDesc/history/provenance/date		
manuscripts	1552.xml		/TEI/text/body/listBibl/msDesc/history/acquisition/date		
manuscripts	1553.xml		/TEI/text/body/listBibl/msDesc/physDesc/handDesc/handNote/origDate		
manuscripts	1553.xml		/TEI/text/body/listBibl/msDesc/physDesc/bindingDesc/binding/decoNote/origDate		
manuscripts	1553.xml		/TEI/text/body/listBibl/msDesc/history/provenance/date		
manuscripts	1553.xml		/TEI/text/body/listBibl/msDesc/history/acquisition/date		
manuscripts	1557.xml		/TEI/text/body/listBibl/msDesc/physDesc/handDesc/handNote/origDate		
manuscripts	1557.xml		/TEI/text/body/listBibl/msDesc/physDesc/bindingDesc/binding/decoNote/origDate		
manuscripts	1557.xml		/TEI/text/body/listBibl/msDesc/history/provenance/date		
manuscripts	1557.xml		/TEI/text/body/listBibl/msDesc/history/acquisition/date		
manuscripts	156.xml		/TEI/text/body/listBibl/msDesc/physDesc/handDesc/handNote/origDate		
manuscripts	156.xml		/TEI/text/body/listBibl/msDesc/physDesc/bindingDesc/binding/decoNote/origDate		
manuscripts	156.xml		/TEI/text/body/listBibl/msDesc/history/provenance/date		
manuscripts	156.xml		/TEI/text/body/listBibl/msDesc/history/acquisition/date		
manuscripts	1565.xml		/TEI/text/body/listBibl/msDesc/physDesc/handDesc/handNote/origDate		
manuscripts	1565.xml		/TEI/text/body/listBibl/msDesc/physDesc/bindingDesc/binding/decoNote/origDate		
manuscripts	1565.xml		/TEI/text/body/listBibl/msDesc/history/provenance/date		
manuscripts	1565.xml		/TEI/text/body/listBibl/msDesc/history/acquisition/date		
manuscripts	1567.xml	1000-1200?	/TEI/text/body/listBibl/msDesc/physDesc/handDesc/handNote/origDate		
manuscripts	1567.xml		/TEI/text/body/listBibl/msDesc/physDesc/bindingDesc/binding/decoNote/origDate		
manuscripts	1567.xml		/TEI/text/body/listBibl/msDesc/history/provenance/date		
manuscripts	1567.xml		/TEI/text/body/listBibl/msDesc/history/acquisition/date		
manuscripts	1568.xml	900-1100?	/TEI/text/body/listBibl/msDesc/physDesc/handDesc/handNote/origDate		
manuscripts	1568.xml		/TEI/text/body/listBibl/msDesc/physDesc/bindingDesc/binding/decoNote/origDate		
manuscripts	1568.xml		/TEI/text/body/listBibl/msDesc/history/provenance/date		
manuscripts	1568.xml		/TEI/text/body/listBibl/msDesc/history/acquisition/date		
manuscripts	1569.xml	1000-1100	/TEI/text/body/listBibl/msDesc/physDesc/handDesc/handNote/origDate		
manuscripts	1569.xml		/TEI/text/body/listBibl/msDesc/physDesc/bindingDesc/binding/decoNote/origDate		
manuscripts	1569.xml		/TEI/text/body/listBibl/msDesc/history/provenance/date		
manuscripts	1569.xml		/TEI/text/body/listBibl/msDesc/history/acquisition/date		
manuscripts	157.xml	המחצית השנייה של המאה האחת עשרה	/TEI/text/body/listBibl/msDesc/physDesc/handDesc/handNote/origDate		
manuscripts	157.xml		/TEI/text/body/listBibl/msDesc/physDesc/bindingDesc/binding/decoNote/origDate		
manuscripts	157.xml		/TEI/text/body/listBibl/msDesc/history/provenance/date		
manuscripts	157.xml		/TEI/text/body/listBibl/msDesc/history/acquisition/date		
manuscripts	1570.xml		/TEI/text/body/listBibl/msDesc/physDesc/bindingDesc/binding/decoNote/origDate		
manuscripts	1570.xml		/TEI/text/body/listBibl/msDesc/history/provenance/date		
manuscripts	1570.xml		/TEI/text/body/listBibl/msDesc/history/acquisition/date		
manuscripts	1571.xml	1048	/TEI/text/body/listBibl/msDesc/physDesc/handDesc/handNote/origDate		
manuscripts	1571.xml		/TEI/text/body/listBibl/msDesc/physDesc/bindingDesc/binding/decoNote/origDate		
manuscripts	1571.xml		/TEI/text/body/listBibl/msDesc/history/provenance/date		
manuscripts	1571.xml		/TEI/text/body/listBibl/msDesc/history/acquisition/date		
manuscripts	1574.xml		/TEI/text/body/listBibl/msDesc/physDesc/handDesc/handNote/origDate		
manuscripts	1574.xml		/TEI/text/body/listBibl/msDesc/physDesc/bindingDesc/binding/decoNote/origDate		
manuscripts	1574.xml		/TEI/text/body/listBibl/msDesc/history/provenance/date		
manuscripts	1574.xml		/TEI/text/body/listBibl/msDesc/history/acquisition/date		
manuscripts	1575.xml		/TEI/text/body/listBibl/msDesc/physDesc/handDesc/handNote/origDate	when	1020
manuscripts	1575.xml		/TEI/text/body/listBibl/msDesc/physDesc/bindingDesc/binding/decoNote/origDate		
manuscripts	1575.xml		/TEI/text/body/listBibl/msDesc/history/provenance/date		
manuscripts	1575.xml		/TEI/text/body/listBibl/msDesc/history/acquisition/date		
manuscripts	1576.xml		/TEI/text/body/listBibl/msDesc/physDesc/handDesc/handNote/origDate	when	1020
manuscripts	1576.xml		/TEI/text/body/listBibl/msDesc/physDesc/bindingDesc/binding/decoNote/origDate		
manuscripts	1576.xml		/TEI/text/body/listBibl/msDesc/history/provenance/date		
manuscripts	1576.xml		/TEI/text/body/listBibl/msDesc/history/acquisition/date		
manuscripts	1577.xml		/TEI/text/body/listBibl/msDesc/physDesc/handDesc/handNote/origDate	when	1020
manuscripts	1577.xml		/TEI/text/body/listBibl/msDesc/physDesc/bindingDesc/binding/decoNote/origDate		
manuscripts	1577.xml		/TEI/text/body/listBibl/msDesc/history/provenance/date		
manuscripts	1577.xml		/TEI/text/body/listBibl/msDesc/history/acquisition/date		
manuscripts	1578.xml		/TEI/text/body/listBibl/msDesc/physDesc/handDesc/handNote/origDate	when	1020
manuscripts	1578.xml		/TEI/text/body/listBibl/msDesc/physDesc/bindingDesc/binding/decoNote/origDate		
manuscripts	1578.xml		/TEI/text/body/listBibl/msDesc/history/provenance/date		
manuscripts	1578.xml		/TEI/text/body/listBibl/msDesc/history/acquisition/date		
manuscripts	1579.xml		/TEI/text/body/listBibl/msDesc/physDesc/bindingDesc/binding/decoNote/origDate		
manuscripts	1579.xml		/TEI/text/body/listBibl/msDesc/history/provenance/date		
manuscripts	1579.xml		/TEI/text/body/listBibl/msDesc/history/acquisition/date		
manuscripts	158.xml		/TEI/text/body/listBibl/msDesc/physDesc/handDesc/handNote/origDate		
manuscripts	158.xml		/TEI/text/body/listBibl/msDesc/physDesc/bindingDesc/binding/decoNote/origDate		
manuscripts	158.xml		/TEI/text/body/listBibl/msDesc/history/provenance/date		
manuscripts	158.xml		/TEI/text/body/listBibl/msDesc/history/acquisition/date		
manuscripts	1580.xml		/TEI/text/body/listBibl/msDesc/physDesc/handDesc/handNote/origDate		
manuscripts	1580.xml		/TEI/text/body/listBibl/msDesc/physDesc/bindingDesc/binding/decoNote/origDate		
manuscripts	1580.xml		/TEI/text/body/listBibl/msDesc/history/provenance/date		
manuscripts	1580.xml		/TEI/text/body/listBibl/msDesc/history/acquisition/date		
manuscripts	1581.xml		/TEI/text/body/listBibl/msDesc/physDesc/handDesc/handNote/origDate		
manuscripts	1581.xml		/TEI/text/body/listBibl/msDesc/physDesc/bindingDesc/binding/decoNote/origDate		
manuscripts	1581.xml		/TEI/text/body/listBibl/msDesc/history/provenance/date		
manuscripts	1581.xml		/TEI/text/body/listBibl/msDesc/history/acquisition/date		
manuscripts	1582.xml		/TEI/text/body/listBibl/msDesc/physDesc/handDesc/handNote/origDate		
manuscripts	1582.xml		/TEI/text/body/listBibl/msDesc/physDesc/bindingDesc/binding/decoNote/origDate		
manuscripts	1582.xml		/TEI/text/body/listBibl/msDesc/history/provenance/date		
manuscripts	1582.xml		/TEI/text/body/listBibl/msDesc/history/acquisition/date		
manuscripts	1583.xml		/TEI/text/body/listBibl/msDesc/physDesc/handDesc/handNote/origDate		
manuscripts	1583.xml		/TEI/text/body/listBibl/msDesc/physDesc/bindingDesc/binding/decoNote/origDate		
manuscripts	1583.xml		/TEI/text/body/listBibl/msDesc/history/provenance/date		
manuscripts	1583.xml		/TEI/text/body/listBibl/msDesc/history/acquisition/date		
manuscripts	1584.xml	1091	/TEI/text/body/listBibl/msDesc/physDesc/handDesc/handNote/origDate		
manuscripts	1584.xml		/TEI/text/body/listBibl/msDesc/physDesc/bindingDesc/binding/decoNote/origDate		
manuscripts	1584.xml		/TEI/text/body/listBibl/msDesc/history/provenance/date		
manuscripts	1584.xml		/TEI/text/body/listBibl/msDesc/history/acquisition/date		
manuscripts	1585.xml		/TEI/text/body/listBibl/msDesc/physDesc/handDesc/handNote/origDate	when; from; to	; ; 
manuscripts	1585.xml		/TEI/text/body/listBibl/msDesc/physDesc/bindingDesc/binding/decoNote/origDate	when; from; to	; ; 
manuscripts	1585.xml		/TEI/text/body/listBibl/msDesc/history/provenance/date	when; from; to	; ; 
manuscripts	1585.xml		/TEI/text/body/listBibl/msDesc/history/acquisition/date	when; from; to	; ; 
manuscripts	159.xml		/TEI/text/body/listBibl/msDesc/physDesc/handDesc/handNote/origDate		
manuscripts	159.xml		/TEI/text/body/listBibl/msDesc/physDesc/bindingDesc/binding/decoNote/origDate		
manuscripts	159.xml		/TEI/text/body/listBibl/msDesc/history/provenance/date		
manuscripts	159.xml		/TEI/text/body/listBibl/msDesc/history/acquisition/date		
manuscripts	16.xml		/TEI/text/body/listBibl/msDesc/physDesc/handDesc/handNote/origDate		
manuscripts	16.xml		/TEI/text/body/listBibl/msDesc/physDesc/bindingDesc/binding/decoNote/origDate		
manuscripts	16.xml		/TEI/text/body/listBibl/msDesc/history/provenance/date		
manuscripts	16.xml		/TEI/text/body/listBibl/msDesc/history/acquisition/date		
manuscripts	160.xml		/TEI/text/body/listBibl/msDesc/physDesc/handDesc/handNote/origDate		
manuscripts	160.xml		/TEI/text/body/listBibl/msDesc/physDesc/bindingDesc/binding/decoNote/origDate		
manuscripts	160.xml		/TEI/text/body/listBibl/msDesc/history/provenance/date		
manuscripts	160.xml		/TEI/text/body/listBibl/msDesc/history/acquisition/date		
manuscripts	161.xml		/TEI/text/body/listBibl/msDesc/physDesc/handDesc/handNote/origDate		
manuscripts	161.xml		/TEI/text/body/listBibl/msDesc/physDesc/bindingDesc/binding/decoNote/origDate		
manuscripts	161.xml		/TEI/text/body/listBibl/msDesc/history/provenance/date		
manuscripts	161.xml		/TEI/text/body/listBibl/msDesc/history/acquisition/date		
manuscripts	162.xml		/TEI/text/body/listBibl/msDesc/physDesc/handDesc/handNote/origDate		
manuscripts	162.xml		/TEI/text/body/listBibl/msDesc/physDesc/bindingDesc/binding/decoNote/origDate		
manuscripts	162.xml		/TEI/text/body/listBibl/msDesc/history/provenance/date		
manuscripts	162.xml		/TEI/text/body/listBibl/msDesc/history/acquisition/date		
manuscripts	163.xml		/TEI/text/body/listBibl/msDesc/physDesc/handDesc/handNote/origDate		
manuscripts	163.xml		/TEI/text/body/listBibl/msDesc/physDesc/bindingDesc/binding/decoNote/origDate		
manuscripts	163.xml		/TEI/text/body/listBibl/msDesc/history/provenance/date		
manuscripts	163.xml		/TEI/text/body/listBibl/msDesc/history/acquisition/date		
manuscripts	164.xml		/TEI/text/body/listBibl/msDesc/physDesc/handDesc/handNote/origDate		
manuscripts	164.xml		/TEI/text/body/listBibl/msDesc/physDesc/bindingDesc/binding/decoNote/origDate		
manuscripts	164.xml		/TEI/text/body/listBibl/msDesc/history/provenance/date		
manuscripts	164.xml		/TEI/text/body/listBibl/msDesc/history/acquisition/date		
manuscripts	165.xml		/TEI/text/body/listBibl/msDesc/physDesc/handDesc/handNote/origDate		
manuscripts	165.xml		/TEI/text/body/listBibl/msDesc/physDesc/bindingDesc/binding/decoNote/origDate		
manuscripts	165.xml		/TEI/text/body/listBibl/msDesc/history/provenance/date		
manuscripts	165.xml		/TEI/text/body/listBibl/msDesc/history/acquisition/date		
manuscripts	166.xml		/TEI/text/body/listBibl/msDesc/physDesc/handDesc/handNote/origDate		
manuscripts	166.xml		/TEI/text/body/listBibl/msDesc/physDesc/bindingDesc/binding/decoNote/origDate		
manuscripts	166.xml		/TEI/text/body/listBibl/msDesc/history/provenance/date		
manuscripts	166.xml		/TEI/text/body/listBibl/msDesc/history/acquisition/date		
manuscripts	167.xml		/TEI/text/body/listBibl/msDesc/physDesc/handDesc/handNote/origDate		
manuscripts	167.xml		/TEI/text/body/listBibl/msDesc/physDesc/bindingDesc/binding/decoNote/origDate		
manuscripts	167.xml		/TEI/text/body/listBibl/msDesc/history/provenance/date		
manuscripts	167.xml		/TEI/text/body/listBibl/msDesc/history/acquisition/date		
manuscripts	168.xml		/TEI/text/body/listBibl/msDesc/physDesc/handDesc/handNote/origDate		
manuscripts	168.xml		/TEI/text/body/listBibl/msDesc/physDesc/bindingDesc/binding/decoNote/origDate		
manuscripts	168.xml		/TEI/text/body/listBibl/msDesc/history/provenance/date		
manuscripts	168.xml		/TEI/text/body/listBibl/msDesc/history/acquisition/date		
manuscripts	169.xml		/TEI/text/body/listBibl/msDesc/physDesc/handDesc/handNote/origDate		
manuscripts	169.xml		/TEI/text/body/listBibl/msDesc/physDesc/bindingDesc/binding/decoNote/origDate		
manuscripts	169.xml		/TEI/text/body/listBibl/msDesc/history/provenance/date		
manuscripts	169.xml		/TEI/text/body/listBibl/msDesc/history/acquisition/date		
manuscripts	17.xml		/TEI/text/body/listBibl/msDesc/physDesc/handDesc/handNote/origDate		
manuscripts	17.xml		/TEI/text/body/listBibl/msDesc/physDesc/bindingDesc/binding/decoNote/origDate		
manuscripts	17.xml		/TEI/text/body/listBibl/msDesc/history/provenance/date		
manuscripts	17.xml		/TEI/text/body/listBibl/msDesc/history/acquisition/date		
manuscripts	170.xml		/TEI/text/body/listBibl/msDesc/physDesc/handDesc/handNote/origDate		
manuscripts	170.xml		/TEI/text/body/listBibl/msDesc/physDesc/bindingDesc/binding/decoNote/origDate		
manuscripts	170.xml		/TEI/text/body/listBibl/msDesc/history/provenance/date		
manuscripts	170.xml		/TEI/text/body/listBibl/msDesc/history/acquisition/date		
manuscripts	171.xml		/TEI/text/body/listBibl/msDesc/physDesc/handDesc/handNote/origDate		
manuscripts	171.xml		/TEI/text/body/listBibl/msDesc/physDesc/bindingDesc/binding/decoNote/origDate		
manuscripts	171.xml		/TEI/text/body/listBibl/msDesc/history/provenance/date		
manuscripts	171.xml		/TEI/text/body/listBibl/msDesc/history/acquisition/date		
manuscripts	172.xml		/TEI/text/body/listBibl/msDesc/physDesc/handDesc/handNote/origDate		
manuscripts	172.xml		/TEI/text/body/listBibl/msDesc/physDesc/bindingDesc/binding/decoNote/origDate		
manuscripts	172.xml		/TEI/text/body/listBibl/msDesc/history/provenance/date		
manuscripts	172.xml		/TEI/text/body/listBibl/msDesc/history/acquisition/date		
manuscripts	173.xml		/TEI/text/body/listBibl/msDesc/physDesc/handDesc/handNote/origDate		
manuscripts	173.xml		/TEI/text/body/listBibl/msDesc/physDesc/bindingDesc/binding/decoNote/origDate		
manuscripts	173.xml		/TEI/text/body/listBibl/msDesc/history/provenance/date		
manuscripts	173.xml		/TEI/text/body/listBibl/msDesc/history/acquisition/date		
manuscripts	174.xml		/TEI/text/body/listBibl/msDesc/physDesc/handDesc/handNote/origDate		
manuscripts	174.xml		/TEI/text/body/listBibl/msDesc/physDesc/bindingDesc/binding/decoNote/origDate		
manuscripts	174.xml		/TEI/text/body/listBibl/msDesc/history/provenance/date		
manuscripts	174.xml		/TEI/text/body/listBibl/msDesc/history/acquisition/date		
manuscripts	175.xml		/TEI/text/body/listBibl/msDesc/physDesc/handDesc/handNote/origDate		
manuscripts	175.xml		/TEI/text/body/listBibl/msDesc/physDesc/bindingDesc/binding/decoNote/origDate		
manuscripts	175.xml		/TEI/text/body/listBibl/msDesc/history/provenance/date		
manuscripts	175.xml		/TEI/text/body/listBibl/msDesc/history/acquisition/date		
manuscripts	176.xml		/TEI/text/body/listBibl/msDesc/physDesc/handDesc/handNote/origDate		
manuscripts	176.xml		/TEI/text/body/listBibl/msDesc/physDesc/bindingDesc/binding/decoNote/origDate		
manuscripts	176.xml		/TEI/text/body/listBibl/msDesc/history/provenance/date		
manuscripts	176.xml		/TEI/text/body/listBibl/msDesc/history/acquisition/date		
manuscripts	177.xml		/TEI/text/body/listBibl/msDesc/physDesc/handDesc/handNote/origDate		
manuscripts	177.xml		/TEI/text/body/listBibl/msDesc/physDesc/bindingDesc/binding/decoNote/origDate		
manuscripts	177.xml		/TEI/text/body/listBibl/msDesc/history/provenance/date		
manuscripts	177.xml		/TEI/text/body/listBibl/msDesc/history/acquisition/date		
manuscripts	178.xml		/TEI/text/body/listBibl/msDesc/physDesc/handDesc/handNote/origDate		
manuscripts	178.xml		/TEI/text/body/listBibl/msDesc/physDesc/bindingDesc/binding/decoNote/origDate		
manuscripts	178.xml		/TEI/text/body/listBibl/msDesc/history/provenance/date		
manuscripts	178.xml		/TEI/text/body/listBibl/msDesc/history/acquisition/date		
manuscripts	179.xml		/TEI/text/body/listBibl/msDesc/physDesc/handDesc/handNote/origDate		
manuscripts	179.xml		/TEI/text/body/listBibl/msDesc/physDesc/bindingDesc/binding/decoNote/origDate		
manuscripts	179.xml		/TEI/text/body/listBibl/msDesc/history/provenance/date		
manuscripts	179.xml		/TEI/text/body/listBibl/msDesc/history/acquisition/date		
manuscripts	18.xml	מאה יז-יח ?	/TEI/text/body/listBibl/msDesc/physDesc/handDesc/handNote/origDate		
manuscripts	18.xml		/TEI/text/body/listBibl/msDesc/physDesc/bindingDesc/binding/decoNote/origDate		
manuscripts	18.xml		/TEI/text/body/listBibl/msDesc/history/provenance/date		
manuscripts	18.xml		/TEI/text/body/listBibl/msDesc/history/acquisition/date		
manuscripts	180.xml		/TEI/text/body/listBibl/msDesc/physDesc/handDesc/handNote/origDate		
manuscripts	180.xml		/TEI/text/body/listBibl/msDesc/physDesc/bindingDesc/binding/decoNote/origDate		
manuscripts	180.xml		/TEI/text/body/listBibl/msDesc/history/provenance/date		
manuscripts	180.xml		/TEI/text/body/listBibl/msDesc/history/acquisition/date		
manuscripts	181.xml		/TEI/text/body/listBibl/msDesc/physDesc/handDesc/handNote/origDate		
manuscripts	181.xml		/TEI/text/body/listBibl/msDesc/physDesc/bindingDesc/binding/decoNote/origDate		
manuscripts	181.xml		/TEI/text/body/listBibl/msDesc/history/provenance/date		
manuscripts	181.xml		/TEI/text/body/listBibl/msDesc/history/acquisition/date		
manuscripts	182.xml		/TEI/text/body/listBibl/msDesc/physDesc/handDesc/handNote/origDate		
manuscripts	182.xml		/TEI/text/body/listBibl/msDesc/physDesc/bindingDesc/binding/decoNote/origDate		
manuscripts	182.xml		/TEI/text/body/listBibl/msDesc/history/provenance/date		
manuscripts	182.xml		/TEI/text/body/listBibl/msDesc/history/acquisition/date		
manuscripts	183.xml		/TEI/text/body/listBibl/msDesc/physDesc/handDesc/handNote/origDate		
manuscripts	183.xml		/TEI/text/body/listBibl/msDesc/physDesc/bindingDesc/binding/decoNote/origDate		
manuscripts	183.xml		/TEI/text/body/listBibl/msDesc/history/provenance/date		
manuscripts	183.xml		/TEI/text/body/listBibl/msDesc/history/acquisition/date		
manuscripts	184.xml		/TEI/text/body/listBibl/msDesc/physDesc/handDesc/handNote/origDate		
manuscripts	184.xml		/TEI/text/body/listBibl/msDesc/physDesc/bindingDesc/binding/decoNote/origDate		
manuscripts	184.xml		/TEI/text/body/listBibl/msDesc/history/provenance/date		
manuscripts	184.xml		/TEI/text/body/listBibl/msDesc/history/acquisition/date		
manuscripts	185.xml		/TEI/text/body/listBibl/msDesc/physDesc/handDesc/handNote/origDate		
manuscripts	185.xml		/TEI/text/body/listBibl/msDesc/physDesc/bindingDesc/binding/decoNote/origDate		
manuscripts	185.xml		/TEI/text/body/listBibl/msDesc/history/provenance/date		
manuscripts	185.xml		/TEI/text/body/listBibl/msDesc/history/acquisition/date		
manuscripts	186.xml		/TEI/text/body/listBibl/msDesc/physDesc/handDesc/handNote/origDate		
manuscripts	186.xml		/TEI/text/body/listBibl/msDesc/physDesc/bindingDesc/binding/decoNote/origDate		
manuscripts	186.xml		/TEI/text/body/listBibl/msDesc/history/provenance/date		
manuscripts	186.xml		/TEI/text/body/listBibl/msDesc/history/acquisition/date		
manuscripts	187.xml		/TEI/text/body/listBibl/msDesc/physDesc/handDesc/handNote/origDate		
manuscripts	187.xml		/TEI/text/body/listBibl/msDesc/physDesc/bindingDesc/binding/decoNote/origDate		
manuscripts	187.xml		/TEI/text/body/listBibl/msDesc/history/provenance/date		
manuscripts	187.xml		/TEI/text/body/listBibl/msDesc/history/acquisition/date		
manuscripts	188.xml		/TEI/text/body/listBibl/msDesc/physDesc/handDesc/handNote/origDate		
manuscripts	188.xml		/TEI/text/body/listBibl/msDesc/physDesc/bindingDesc/binding/decoNote/origDate		
manuscripts	188.xml		/TEI/text/body/listBibl/msDesc/history/provenance/date		
manuscripts	188.xml		/TEI/text/body/listBibl/msDesc/history/acquisition/date		
manuscripts	189.xml		/TEI/text/body/listBibl/msDesc/physDesc/handDesc/handNote/origDate		
manuscripts	189.xml		/TEI/text/body/listBibl/msDesc/physDesc/bindingDesc/binding/decoNote/origDate		
manuscripts	189.xml		/TEI/text/body/listBibl/msDesc/history/provenance/date		
manuscripts	189.xml		/TEI/text/body/listBibl/msDesc/history/acquisition/date		
manuscripts	19.xml		/TEI/text/body/listBibl/msDesc/physDesc/handDesc/handNote/origDate		
manuscripts	19.xml		/TEI/text/body/listBibl/msDesc/physDesc/bindingDesc/binding/decoNote/origDate		
manuscripts	19.xml		/TEI/text/body/listBibl/msDesc/history/provenance/date		
manuscripts	19.xml		/TEI/text/body/listBibl/msDesc/history/acquisition/date		
manuscripts	190.xml		/TEI/text/body/listBibl/msDesc/physDesc/handDesc/handNote/origDate		
manuscripts	190.xml		/TEI/text/body/listBibl/msDesc/physDesc/bindingDesc/binding/decoNote/origDate		
manuscripts	190.xml		/TEI/text/body/listBibl/msDesc/history/provenance/date		
manuscripts	190.xml		/TEI/text/body/listBibl/msDesc/history/acquisition/date		
manuscripts	191.xml		/TEI/text/body/listBibl/msDesc/physDesc/handDesc/handNote/origDate		
manuscripts	191.xml		/TEI/text/body/listBibl/msDesc/physDesc/bindingDesc/binding/decoNote/origDate		
manuscripts	191.xml		/TEI/text/body/listBibl/msDesc/history/provenance/date		
manuscripts	191.xml		/TEI/text/body/listBibl/msDesc/history/acquisition/date		
manuscripts	192.xml		/TEI/text/body/listBibl/msDesc/physDesc/handDesc/handNote/origDate		
manuscripts	192.xml		/TEI/text/body/listBibl/msDesc/physDesc/bindingDesc/binding/decoNote/origDate		
manuscripts	192.xml		/TEI/text/body/listBibl/msDesc/history/provenance/date		
manuscripts	192.xml		/TEI/text/body/listBibl/msDesc/history/acquisition/date		
manuscripts	193.xml		/TEI/text/body/listBibl/msDesc/physDesc/handDesc/handNote/origDate		
manuscripts	193.xml		/TEI/text/body/listBibl/msDesc/physDesc/bindingDesc/binding/decoNote/origDate		
manuscripts	193.xml		/TEI/text/body/listBibl/msDesc/history/provenance/date		
manuscripts	193.xml		/TEI/text/body/listBibl/msDesc/history/acquisition/date		
manuscripts	194.xml		/TEI/text/body/listBibl/msDesc/physDesc/handDesc/handNote/origDate		
manuscripts	194.xml		/TEI/text/body/listBibl/msDesc/physDesc/bindingDesc/binding/decoNote/origDate		
manuscripts	194.xml		/TEI/text/body/listBibl/msDesc/history/provenance/date		
manuscripts	194.xml		/TEI/text/body/listBibl/msDesc/history/acquisition/date		
manuscripts	195.xml		/TEI/text/body/listBibl/msDesc/physDesc/handDesc/handNote/origDate		
manuscripts	195.xml		/TEI/text/body/listBibl/msDesc/physDesc/bindingDesc/binding/decoNote/origDate		
manuscripts	195.xml		/TEI/text/body/listBibl/msDesc/history/provenance/date		
manuscripts	195.xml		/TEI/text/body/listBibl/msDesc/history/acquisition/date		
manuscripts	196.xml		/TEI/text/body/listBibl/msDesc/physDesc/handDesc/handNote/origDate		
manuscripts	196.xml		/TEI/text/body/listBibl/msDesc/physDesc/bindingDesc/binding/decoNote/origDate		
manuscripts	196.xml		/TEI/text/body/listBibl/msDesc/history/provenance/date		
manuscripts	196.xml		/TEI/text/body/listBibl/msDesc/history/acquisition/date		
manuscripts	197.xml		/TEI/text/body/listBibl/msDesc/physDesc/handDesc/handNote/origDate		
manuscripts	197.xml		/TEI/text/body/listBibl/msDesc/physDesc/bindingDesc/binding/decoNote/origDate		
manuscripts	197.xml		/TEI/text/body/listBibl/msDesc/history/provenance/date		
manuscripts	197.xml		/TEI/text/body/listBibl/msDesc/history/acquisition/date		
manuscripts	198.xml		/TEI/text/body/listBibl/msDesc/physDesc/handDesc/handNote/origDate		
manuscripts	198.xml		/TEI/text/body/listBibl/msDesc/physDesc/bindingDesc/binding/decoNote/origDate		
manuscripts	198.xml		/TEI/text/body/listBibl/msDesc/history/provenance/date		
manuscripts	198.xml		/TEI/text/body/listBibl/msDesc/history/acquisition/date		
manuscripts	199.xml		/TEI/text/body/listBibl/msDesc/physDesc/handDesc/handNote/origDate		
manuscripts	199.xml		/TEI/text/body/listBibl/msDesc/physDesc/bindingDesc/binding/decoNote/origDate		
manuscripts	199.xml		/TEI/text/body/listBibl/msDesc/history/provenance/date		
manuscripts	199.xml		/TEI/text/body/listBibl/msDesc/history/acquisition/date		
manuscripts	2.xml		/TEI/text/body/listBibl/msDesc/physDesc/handDesc/handNote/origDate		
manuscripts	2.xml		/TEI/text/body/listBibl/msDesc/physDesc/bindingDesc/binding/decoNote/origDate		
manuscripts	2.xml		/TEI/text/body/listBibl/msDesc/history/provenance/date		
manuscripts	2.xml		/TEI/text/body/listBibl/msDesc/history/acquisition/date		
manuscripts	20.xml		/TEI/text/body/listBibl/msDesc/physDesc/handDesc/handNote/origDate		
manuscripts	20.xml		/TEI/text/body/listBibl/msDesc/physDesc/bindingDesc/binding/decoNote/origDate		
manuscripts	20.xml		/TEI/text/body/listBibl/msDesc/history/provenance/date		
manuscripts	20.xml		/TEI/text/body/listBibl/msDesc/history/acquisition/date		
manuscripts	200.xml		/TEI/text/body/listBibl/msDesc/physDesc/handDesc/handNote/origDate		
manuscripts	200.xml		/TEI/text/body/listBibl/msDesc/physDesc/bindingDesc/binding/decoNote/origDate		
manuscripts	200.xml		/TEI/text/body/listBibl/msDesc/history/provenance/date		
manuscripts	200.xml		/TEI/text/body/listBibl/msDesc/history/acquisition/date		
manuscripts	201.xml		/TEI/text/body/listBibl/msDesc/physDesc/handDesc/handNote/origDate		
manuscripts	201.xml		/TEI/text/body/listBibl/msDesc/physDesc/bindingDesc/binding/decoNote/origDate		
manuscripts	201.xml		/TEI/text/body/listBibl/msDesc/history/provenance/date		
manuscripts	201.xml		/TEI/text/body/listBibl/msDesc/history/acquisition/date		
manuscripts	202.xml		/TEI/text/body/listBibl/msDesc/physDesc/handDesc/handNote/origDate		
manuscripts	202.xml		/TEI/text/body/listBibl/msDesc/physDesc/bindingDesc/binding/decoNote/origDate		
manuscripts	202.xml		/TEI/text/body/listBibl/msDesc/history/provenance/date		
manuscripts	202.xml		/TEI/text/body/listBibl/msDesc/history/acquisition/date		
manuscripts	203.xml		/TEI/text/body/listBibl/msDesc/physDesc/handDesc/handNote/origDate		
manuscripts	203.xml		/TEI/text/body/listBibl/msDesc/physDesc/bindingDesc/binding/decoNote/origDate		
manuscripts	203.xml		/TEI/text/body/listBibl/msDesc/history/provenance/date		
manuscripts	203.xml		/TEI/text/body/listBibl/msDesc/history/acquisition/date		
manuscripts	204.xml		/TEI/text/body/listBibl/msDesc/physDesc/handDesc/handNote/origDate		
manuscripts	204.xml		/TEI/text/body/listBibl/msDesc/physDesc/bindingDesc/binding/decoNote/origDate		
manuscripts	204.xml		/TEI/text/body/listBibl/msDesc/history/provenance/date		
manuscripts	204.xml		/TEI/text/body/listBibl/msDesc/history/acquisition/date		
manuscripts	205.xml		/TEI/text/body/listBibl/msDesc/physDesc/handDesc/handNote/origDate		
manuscripts	205.xml		/TEI/text/body/listBibl/msDesc/physDesc/bindingDesc/binding/decoNote/origDate		
manuscripts	205.xml		/TEI/text/body/listBibl/msDesc/history/provenance/date		
manuscripts	205.xml		/TEI/text/body/listBibl/msDesc/history/acquisition/date		
manuscripts	206.xml		/TEI/text/body/listBibl/msDesc/physDesc/handDesc/handNote/origDate		
manuscripts	206.xml		/TEI/text/body/listBibl/msDesc/physDesc/bindingDesc/binding/decoNote/origDate		
manuscripts	206.xml		/TEI/text/body/listBibl/msDesc/history/provenance/date		
manuscripts	206.xml		/TEI/text/body/listBibl/msDesc/history/acquisition/date		
manuscripts	207.xml		/TEI/text/body/listBibl/msDesc/physDesc/handDesc/handNote/origDate		
manuscripts	207.xml		/TEI/text/body/listBibl/msDesc/physDesc/bindingDesc/binding/decoNote/origDate		
manuscripts	207.xml		/TEI/text/body/listBibl/msDesc/history/provenance/date		
manuscripts	207.xml		/TEI/text/body/listBibl/msDesc/history/acquisition/date		
manuscripts	208.xml		/TEI/text/body/listBibl/msDesc/physDesc/handDesc/handNote/origDate		
manuscripts	208.xml		/TEI/text/body/listBibl/msDesc/physDesc/bindingDesc/binding/decoNote/origDate		
manuscripts	208.xml		/TEI/text/body/listBibl/msDesc/history/provenance/date		
manuscripts	208.xml		/TEI/text/body/listBibl/msDesc/history/acquisition/date		
manuscripts	209.xml		/TEI/text/body/listBibl/msDesc/physDesc/handDesc/handNote/origDate		
manuscripts	209.xml		/TEI/text/body/listBibl/msDesc/physDesc/bindingDesc/binding/decoNote/origDate		
manuscripts	209.xml		/TEI/text/body/listBibl/msDesc/history/provenance/date		
manuscripts	209.xml		/TEI/text/body/listBibl/msDesc/history/acquisition/date		
manuscripts	21.xml		/TEI/text/body/listBibl/msDesc/physDesc/handDesc/handNote/origDate		
manuscripts	21.xml		/TEI/text/body/listBibl/msDesc/physDesc/bindingDesc/binding/decoNote/origDate		
manuscripts	21.xml		/TEI/text/body/listBibl/msDesc/history/provenance/date		
manuscripts	21.xml		/TEI/text/body/listBibl/msDesc/history/acquisition/date		
manuscripts	210.xml		/TEI/text/body/listBibl/msDesc/physDesc/handDesc/handNote/origDate		
manuscripts	210.xml		/TEI/text/body/listBibl/msDesc/physDesc/bindingDesc/binding/decoNote/origDate		
manuscripts	210.xml		/TEI/text/body/listBibl/msDesc/history/provenance/date		
manuscripts	210.xml		/TEI/text/body/listBibl/msDesc/history/acquisition/date		
manuscripts	211.xml		/TEI/text/body/listBibl/msDesc/physDesc/handDesc/handNote/origDate		
manuscripts	211.xml		/TEI/text/body/listBibl/msDesc/physDesc/bindingDesc/binding/decoNote/origDate		
manuscripts	211.xml		/TEI/text/body/listBibl/msDesc/history/provenance/date		
manuscripts	211.xml		/TEI/text/body/listBibl/msDesc/history/acquisition/date		
manuscripts	212.xml		/TEI/text/body/listBibl/msDesc/physDesc/handDesc/handNote/origDate		
manuscripts	212.xml		/TEI/text/body/listBibl/msDesc/physDesc/bindingDesc/binding/decoNote/origDate		
manuscripts	212.xml		/TEI/text/body/listBibl/msDesc/history/provenance/date		
manuscripts	212.xml		/TEI/text/body/listBibl/msDesc/history/acquisition/date		
manuscripts	213.xml		/TEI/text/body/listBibl/msDesc/physDesc/handDesc/handNote/origDate		
manuscripts	213.xml		/TEI/text/body/listBibl/msDesc/physDesc/bindingDesc/binding/decoNote/origDate		
manuscripts	213.xml		/TEI/text/body/listBibl/msDesc/history/provenance/date		
manuscripts	213.xml		/TEI/text/body/listBibl/msDesc/history/acquisition/date		
manuscripts	214.xml		/TEI/text/body/listBibl/msDesc/physDesc/handDesc/handNote/origDate		
manuscripts	214.xml		/TEI/text/body/listBibl/msDesc/physDesc/bindingDesc/binding/decoNote/origDate		
manuscripts	214.xml		/TEI/text/body/listBibl/msDesc/history/provenance/date		
manuscripts	214.xml		/TEI/text/body/listBibl/msDesc/history/acquisition/date		
manuscripts	215.xml		/TEI/text/body/listBibl/msDesc/physDesc/handDesc/handNote/origDate		
manuscripts	215.xml		/TEI/text/body/listBibl/msDesc/physDesc/bindingDesc/binding/decoNote/origDate		
manuscripts	215.xml		/TEI/text/body/listBibl/msDesc/history/provenance/date		
manuscripts	215.xml		/TEI/text/body/listBibl/msDesc/history/acquisition/date		
manuscripts	216.xml		/TEI/text/body/listBibl/msDesc/physDesc/handDesc/handNote/origDate		
manuscripts	216.xml		/TEI/text/body/listBibl/msDesc/physDesc/bindingDesc/binding/decoNote/origDate		
manuscripts	216.xml		/TEI/text/body/listBibl/msDesc/history/provenance/date		
manuscripts	216.xml		/TEI/text/body/listBibl/msDesc/history/acquisition/date		
manuscripts	217.xml		/TEI/text/body/listBibl/msDesc/physDesc/handDesc/handNote/origDate		
manuscripts	217.xml		/TEI/text/body/listBibl/msDesc/physDesc/bindingDesc/binding/decoNote/origDate		
manuscripts	217.xml		/TEI/text/body/listBibl/msDesc/history/provenance/date		
manuscripts	217.xml		/TEI/text/body/listBibl/msDesc/history/acquisition/date		
manuscripts	218.xml		/TEI/text/body/listBibl/msDesc/physDesc/handDesc/handNote/origDate		
manuscripts	218.xml		/TEI/text/body/listBibl/msDesc/physDesc/bindingDesc/binding/decoNote/origDate		
manuscripts	218.xml		/TEI/text/body/listBibl/msDesc/history/provenance/date		
manuscripts	218.xml		/TEI/text/body/listBibl/msDesc/history/acquisition/date		
manuscripts	219.xml		/TEI/text/body/listBibl/msDesc/physDesc/handDesc/handNote/origDate		
manuscripts	219.xml		/TEI/text/body/listBibl/msDesc/physDesc/bindingDesc/binding/decoNote/origDate		
manuscripts	219.xml		/TEI/text/body/listBibl/msDesc/history/provenance/date		
manuscripts	219.xml		/TEI/text/body/listBibl/msDesc/history/acquisition/date		
manuscripts	22.xml		/TEI/text/body/listBibl/msDesc/physDesc/handDesc/handNote/origDate		
manuscripts	22.xml		/TEI/text/body/listBibl/msDesc/physDesc/bindingDesc/binding/decoNote/origDate		
manuscripts	22.xml		/TEI/text/body/listBibl/msDesc/history/provenance/date		
manuscripts	22.xml		/TEI/text/body/listBibl/msDesc/history/acquisition/date		
manuscripts	220.xml		/TEI/text/body/listBibl/msDesc/physDesc/handDesc/handNote/origDate		
manuscripts	220.xml		/TEI/text/body/listBibl/msDesc/physDesc/bindingDesc/binding/decoNote/origDate		
manuscripts	220.xml		/TEI/text/body/listBibl/msDesc/history/provenance/date		
manuscripts	220.xml		/TEI/text/body/listBibl/msDesc/history/acquisition/date		
manuscripts	221.xml		/TEI/text/body/listBibl/msDesc/physDesc/handDesc/handNote/origDate		
manuscripts	221.xml		/TEI/text/body/listBibl/msDesc/physDesc/bindingDesc/binding/decoNote/origDate		
manuscripts	221.xml		/TEI/text/body/listBibl/msDesc/history/provenance/date		
manuscripts	221.xml		/TEI/text/body/listBibl/msDesc/history/acquisition/date		
manuscripts	222.xml		/TEI/text/body/listBibl/msDesc/physDesc/handDesc/handNote/origDate		
manuscripts	222.xml		/TEI/text/body/listBibl/msDesc/physDesc/bindingDesc/binding/decoNote/origDate		
manuscripts	222.xml		/TEI/text/body/listBibl/msDesc/history/provenance/date		
manuscripts	222.xml		/TEI/text/body/listBibl/msDesc/history/acquisition/date		
manuscripts	223.xml		/TEI/text/body/listBibl/msDesc/physDesc/handDesc/handNote/origDate		
manuscripts	223.xml		/TEI/text/body/listBibl/msDesc/physDesc/bindingDesc/binding/decoNote/origDate		
manuscripts	223.xml		/TEI/text/body/listBibl/msDesc/history/provenance/date		
manuscripts	223.xml		/TEI/text/body/listBibl/msDesc/history/acquisition/date		
manuscripts	224.xml		/TEI/text/body/listBibl/msDesc/physDesc/handDesc/handNote/origDate		
manuscripts	224.xml		/TEI/text/body/listBibl/msDesc/physDesc/bindingDesc/binding/decoNote/origDate		
manuscripts	224.xml		/TEI/text/body/listBibl/msDesc/history/provenance/date		
manuscripts	224.xml		/TEI/text/body/listBibl/msDesc/history/acquisition/date		
manuscripts	225.xml		/TEI/text/body/listBibl/msDesc/physDesc/handDesc/handNote/origDate		
manuscripts	225.xml		/TEI/text/body/listBibl/msDesc/physDesc/bindingDesc/binding/decoNote/origDate		
manuscripts	225.xml		/TEI/text/body/listBibl/msDesc/history/provenance/date		
manuscripts	225.xml		/TEI/text/body/listBibl/msDesc/history/acquisition/date		
manuscripts	226.xml		/TEI/text/body/listBibl/msDesc/physDesc/handDesc/handNote/origDate		
manuscripts	226.xml		/TEI/text/body/listBibl/msDesc/physDesc/bindingDesc/binding/decoNote/origDate		
manuscripts	226.xml		/TEI/text/body/listBibl/msDesc/history/provenance/date		
manuscripts	226.xml		/TEI/text/body/listBibl/msDesc/history/acquisition/date		
manuscripts	227.xml		/TEI/text/body/listBibl/msDesc/physDesc/handDesc/handNote/origDate		
manuscripts	227.xml		/TEI/text/body/listBibl/msDesc/physDesc/bindingDesc/binding/decoNote/origDate		
manuscripts	227.xml		/TEI/text/body/listBibl/msDesc/history/provenance/date		
manuscripts	227.xml		/TEI/text/body/listBibl/msDesc/history/acquisition/date		
manuscripts	228.xml		/TEI/text/body/listBibl/msDesc/physDesc/handDesc/handNote/origDate		
manuscripts	228.xml		/TEI/text/body/listBibl/msDesc/physDesc/bindingDesc/binding/decoNote/origDate		
manuscripts	228.xml		/TEI/text/body/listBibl/msDesc/history/provenance/date		
manuscripts	228.xml		/TEI/text/body/listBibl/msDesc/history/acquisition/date		
manuscripts	229.xml		/TEI/text/body/listBibl/msDesc/physDesc/handDesc/handNote/origDate		
manuscripts	229.xml		/TEI/text/body/listBibl/msDesc/physDesc/bindingDesc/binding/decoNote/origDate		
manuscripts	229.xml		/TEI/text/body/listBibl/msDesc/history/provenance/date		
manuscripts	229.xml		/TEI/text/body/listBibl/msDesc/history/acquisition/date		
manuscripts	23.xml		/TEI/text/body/listBibl/msDesc/physDesc/handDesc/handNote/origDate		
manuscripts	23.xml		/TEI/text/body/listBibl/msDesc/physDesc/bindingDesc/binding/decoNote/origDate		
manuscripts	23.xml		/TEI/text/body/listBibl/msDesc/history/provenance/date		
manuscripts	23.xml		/TEI/text/body/listBibl/msDesc/history/acquisition/date		
manuscripts	230.xml		/TEI/text/body/listBibl/msDesc/physDesc/handDesc/handNote/origDate		
manuscripts	230.xml		/TEI/text/body/listBibl/msDesc/physDesc/bindingDesc/binding/decoNote/origDate		
manuscripts	230.xml		/TEI/text/body/listBibl/msDesc/history/provenance/date		
manuscripts	230.xml		/TEI/text/body/listBibl/msDesc/history/acquisition/date		
manuscripts	231.xml		/TEI/text/body/listBibl/msDesc/physDesc/handDesc/handNote/origDate		
manuscripts	231.xml		/TEI/text/body/listBibl/msDesc/physDesc/bindingDesc/binding/decoNote/origDate		
manuscripts	231.xml		/TEI/text/body/listBibl/msDesc/history/provenance/date		
manuscripts	231.xml		/TEI/text/body/listBibl/msDesc/history/acquisition/date		
manuscripts	232.xml		/TEI/text/body/listBibl/msDesc/physDesc/handDesc/handNote/origDate		
manuscripts	232.xml		/TEI/text/body/listBibl/msDesc/physDesc/bindingDesc/binding/decoNote/origDate		
manuscripts	232.xml		/TEI/text/body/listBibl/msDesc/history/provenance/date		
manuscripts	232.xml		/TEI/text/body/listBibl/msDesc/history/acquisition/date		
manuscripts	233.xml		/TEI/text/body/listBibl/msDesc/physDesc/handDesc/handNote/origDate		
manuscripts	233.xml		/TEI/text/body/listBibl/msDesc/physDesc/bindingDesc/binding/decoNote/origDate		
manuscripts	233.xml		/TEI/text/body/listBibl/msDesc/history/provenance/date		
manuscripts	233.xml		/TEI/text/body/listBibl/msDesc/history/acquisition/date		
manuscripts	234.xml		/TEI/text/body/listBibl/msDesc/physDesc/handDesc/handNote/origDate		
manuscripts	234.xml		/TEI/text/body/listBibl/msDesc/physDesc/bindingDesc/binding/decoNote/origDate		
manuscripts	234.xml		/TEI/text/body/listBibl/msDesc/history/provenance/date		
manuscripts	234.xml		/TEI/text/body/listBibl/msDesc/history/acquisition/date		
manuscripts	235.xml		/TEI/text/body/listBibl/msDesc/physDesc/handDesc/handNote/origDate		
manuscripts	235.xml		/TEI/text/body/listBibl/msDesc/physDesc/bindingDesc/binding/decoNote/origDate		
manuscripts	235.xml		/TEI/text/body/listBibl/msDesc/history/provenance/date		
manuscripts	235.xml		/TEI/text/body/listBibl/msDesc/history/acquisition/date		
manuscripts	236.xml		/TEI/text/body/listBibl/msDesc/physDesc/handDesc/handNote/origDate		
manuscripts	236.xml		/TEI/text/body/listBibl/msDesc/physDesc/bindingDesc/binding/decoNote/origDate		
manuscripts	236.xml		/TEI/text/body/listBibl/msDesc/history/provenance/date		
manuscripts	236.xml		/TEI/text/body/listBibl/msDesc/history/acquisition/date		
manuscripts	237.xml		/TEI/text/body/listBibl/msDesc/physDesc/handDesc/handNote/origDate		
manuscripts	237.xml		/TEI/text/body/listBibl/msDesc/physDesc/bindingDesc/binding/decoNote/origDate		
manuscripts	237.xml		/TEI/text/body/listBibl/msDesc/history/provenance/date		
manuscripts	237.xml		/TEI/text/body/listBibl/msDesc/history/acquisition/date		
manuscripts	238.xml		/TEI/text/body/listBibl/msDesc/physDesc/handDesc/handNote/origDate		
manuscripts	238.xml		/TEI/text/body/listBibl/msDesc/physDesc/bindingDesc/binding/decoNote/origDate		
manuscripts	238.xml		/TEI/text/body/listBibl/msDesc/history/provenance/date		
manuscripts	238.xml		/TEI/text/body/listBibl/msDesc/history/acquisition/date		
manuscripts	239.xml		/TEI/text/body/listBibl/msDesc/physDesc/handDesc/handNote/origDate		
manuscripts	239.xml		/TEI/text/body/listBibl/msDesc/physDesc/bindingDesc/binding/decoNote/origDate		
manuscripts	239.xml		/TEI/text/body/listBibl/msDesc/history/provenance/date		
manuscripts	239.xml		/TEI/text/body/listBibl/msDesc/history/acquisition/date		
manuscripts	24.xml		/TEI/text/body/listBibl/msDesc/physDesc/handDesc/handNote/origDate		
manuscripts	24.xml		/TEI/text/body/listBibl/msDesc/physDesc/bindingDesc/binding/decoNote/origDate		
manuscripts	24.xml		/TEI/text/body/listBibl/msDesc/history/provenance/date		
manuscripts	24.xml		/TEI/text/body/listBibl/msDesc/history/acquisition/date		
manuscripts	240.xml		/TEI/text/body/listBibl/msDesc/physDesc/handDesc/handNote/origDate		
manuscripts	240.xml		/TEI/text/body/listBibl/msDesc/physDesc/bindingDesc/binding/decoNote/origDate		
manuscripts	240.xml		/TEI/text/body/listBibl/msDesc/history/provenance/date		
manuscripts	240.xml		/TEI/text/body/listBibl/msDesc/history/acquisition/date		
manuscripts	241.xml		/TEI/text/body/listBibl/msDesc/physDesc/handDesc/handNote/origDate		
manuscripts	241.xml		/TEI/text/body/listBibl/msDesc/physDesc/bindingDesc/binding/decoNote/origDate		
manuscripts	241.xml		/TEI/text/body/listBibl/msDesc/history/provenance/date		
manuscripts	241.xml		/TEI/text/body/listBibl/msDesc/history/acquisition/date		
manuscripts	242.xml		/TEI/text/body/listBibl/msDesc/physDesc/handDesc/handNote/origDate		
manuscripts	242.xml		/TEI/text/body/listBibl/msDesc/physDesc/bindingDesc/binding/decoNote/origDate		
manuscripts	242.xml		/TEI/text/body/listBibl/msDesc/history/provenance/date		
manuscripts	242.xml		/TEI/text/body/listBibl/msDesc/history/acquisition/date		
manuscripts	243.xml		/TEI/text/body/listBibl/msDesc/physDesc/handDesc/handNote/origDate[1]		
manuscripts	243.xml		/TEI/text/body/listBibl/msDesc/physDesc/handDesc/handNote/origDate[2]		
manuscripts	243.xml		/TEI/text/body/listBibl/msDesc/physDesc/bindingDesc/binding/decoNote/origDate		
manuscripts	243.xml		/TEI/text/body/listBibl/msDesc/history/provenance/date		
manuscripts	243.xml		/TEI/text/body/listBibl/msDesc/history/acquisition/date		
manuscripts	244.xml		/TEI/text/body/listBibl/msDesc/physDesc/handDesc/handNote/origDate		
manuscripts	244.xml		/TEI/text/body/listBibl/msDesc/physDesc/bindingDesc/binding/decoNote/origDate		
manuscripts	244.xml		/TEI/text/body/listBibl/msDesc/history/provenance/date		
manuscripts	244.xml		/TEI/text/body/listBibl/msDesc/history/acquisition/date		
manuscripts	245.xml		/TEI/text/body/listBibl/msDesc/physDesc/handDesc/handNote/origDate		
manuscripts	245.xml		/TEI/text/body/listBibl/msDesc/physDesc/bindingDesc/binding/decoNote/origDate		
manuscripts	245.xml		/TEI/text/body/listBibl/msDesc/history/provenance/date		
manuscripts	245.xml		/TEI/text/body/listBibl/msDesc/history/acquisition/date		
manuscripts	246.xml		/TEI/text/body/listBibl/msDesc/physDesc/handDesc/handNote/origDate[1]		
manuscripts	246.xml		/TEI/text/body/listBibl/msDesc/physDesc/handDesc/handNote/origDate[2]		
manuscripts	246.xml		/TEI/text/body/listBibl/msDesc/physDesc/bindingDesc/binding/decoNote/origDate		
manuscripts	246.xml		/TEI/text/body/listBibl/msDesc/history/provenance/date		
manuscripts	246.xml		/TEI/text/body/listBibl/msDesc/history/acquisition/date		
manuscripts	247.xml		/TEI/text/body/listBibl/msDesc/physDesc/handDesc/handNote/origDate[1]		
manuscripts	247.xml		/TEI/text/body/listBibl/msDesc/physDesc/handDesc/handNote/origDate[2]		
manuscripts	247.xml		/TEI/text/body/listBibl/msDesc/physDesc/bindingDesc/binding/decoNote/origDate		
manuscripts	247.xml		/TEI/text/body/listBibl/msDesc/history/provenance/date		
manuscripts	247.xml		/TEI/text/body/listBibl/msDesc/history/acquisition/date		
manuscripts	248.xml	1464-1463	/TEI/text/body/listBibl/msDesc/physDesc/handDesc/handNote/origDate		
manuscripts	248.xml		/TEI/text/body/listBibl/msDesc/physDesc/bindingDesc/binding/decoNote/origDate		
manuscripts	248.xml		/TEI/text/body/listBibl/msDesc/history/provenance/date		
manuscripts	248.xml		/TEI/text/body/listBibl/msDesc/history/acquisition/date		
manuscripts	249.xml	1457	/TEI/text/body/listBibl/msDesc/physDesc/handDesc/handNote/origDate		
manuscripts	249.xml		/TEI/text/body/listBibl/msDesc/physDesc/bindingDesc/binding/decoNote/origDate		
manuscripts	249.xml		/TEI/text/body/listBibl/msDesc/history/provenance/date		
manuscripts	249.xml		/TEI/text/body/listBibl/msDesc/history/acquisition/date		
manuscripts	25.xml		/TEI/text/body/listBibl/msDesc/physDesc/handDesc/handNote/origDate		
manuscripts	25.xml		/TEI/text/body/listBibl/msDesc/physDesc/bindingDesc/binding/decoNote/origDate		
manuscripts	25.xml		/TEI/text/body/listBibl/msDesc/history/provenance/date		
manuscripts	25.xml		/TEI/text/body/listBibl/msDesc/history/acquisition/date		
manuscripts	250.xml	1515	/TEI/text/body/listBibl/msDesc/physDesc/handDesc/handNote/origDate		
manuscripts	250.xml		/TEI/text/body/listBibl/msDesc/physDesc/bindingDesc/binding/decoNote/origDate		
manuscripts	250.xml		/TEI/text/body/listBibl/msDesc/history/provenance/date		
manuscripts	250.xml		/TEI/text/body/listBibl/msDesc/history/acquisition/date		
manuscripts	251.xml	1391	/TEI/text/body/listBibl/msDesc/physDesc/handDesc/handNote/origDate		
manuscripts	251.xml		/TEI/text/body/listBibl/msDesc/physDesc/bindingDesc/binding/decoNote/origDate		
manuscripts	251.xml		/TEI/text/body/listBibl/msDesc/history/provenance/date		
manuscripts	251.xml		/TEI/text/body/listBibl/msDesc/history/acquisition/date		
manuscripts	252.xml	1481	/TEI/text/body/listBibl/msDesc/physDesc/handDesc/handNote/origDate		
manuscripts	252.xml		/TEI/text/body/listBibl/msDesc/physDesc/bindingDesc/binding/decoNote/origDate		
manuscripts	252.xml		/TEI/text/body/listBibl/msDesc/history/provenance/date		
manuscripts	252.xml		/TEI/text/body/listBibl/msDesc/history/acquisition/date		
manuscripts	253.xml	1466	/TEI/text/body/listBibl/msDesc/physDesc/handDesc/handNote/origDate		
manuscripts	253.xml		/TEI/text/body/listBibl/msDesc/physDesc/bindingDesc/binding/decoNote/origDate		
manuscripts	253.xml		/TEI/text/body/listBibl/msDesc/history/provenance/date		
manuscripts	253.xml		/TEI/text/body/listBibl/msDesc/history/acquisition/date		
manuscripts	254.xml	"1814 לשטרות (=1503 לסה""נ)"	/TEI/text/body/listBibl/msDesc/physDesc/handDesc/handNote/origDate		
manuscripts	254.xml		/TEI/text/body/listBibl/msDesc/physDesc/bindingDesc/binding/decoNote/origDate		
manuscripts	254.xml		/TEI/text/body/listBibl/msDesc/history/provenance/date		
manuscripts	254.xml		/TEI/text/body/listBibl/msDesc/history/acquisition/date		
manuscripts	255.xml	מאה יד-טז	/TEI/text/body/listBibl/msDesc/physDesc/handDesc/handNote/origDate		
manuscripts	255.xml		/TEI/text/body/listBibl/msDesc/physDesc/bindingDesc/binding/decoNote/origDate		
manuscripts	255.xml		/TEI/text/body/listBibl/msDesc/history/provenance/date		
manuscripts	255.xml		/TEI/text/body/listBibl/msDesc/history/acquisition/date		
manuscripts	256.xml		/TEI/text/body/listBibl/msDesc/physDesc/handDesc/handNote/origDate		
manuscripts	256.xml		/TEI/text/body/listBibl/msDesc/physDesc/bindingDesc/binding/decoNote/origDate		
manuscripts	256.xml		/TEI/text/body/listBibl/msDesc/history/provenance/date		
manuscripts	256.xml		/TEI/text/body/listBibl/msDesc/history/acquisition/date		
manuscripts	257.xml		/TEI/text/body/listBibl/msDesc/physDesc/handDesc/handNote/origDate		
manuscripts	257.xml		/TEI/text/body/listBibl/msDesc/physDesc/bindingDesc/binding/decoNote/origDate		
manuscripts	257.xml		/TEI/text/body/listBibl/msDesc/history/provenance/date		
manuscripts	257.xml		/TEI/text/body/listBibl/msDesc/history/acquisition/date		
manuscripts	258.xml		/TEI/text/body/listBibl/msDesc/physDesc/handDesc/handNote/origDate		
manuscripts	258.xml		/TEI/text/body/listBibl/msDesc/physDesc/bindingDesc/binding/decoNote/origDate		
manuscripts	258.xml		/TEI/text/body/listBibl/msDesc/history/provenance/date		
manuscripts	258.xml		/TEI/text/body/listBibl/msDesc/history/acquisition/date		
manuscripts	259.xml		/TEI/text/body/listBibl/msDesc/physDesc/handDesc/handNote/origDate		
manuscripts	259.xml		/TEI/text/body/listBibl/msDesc/physDesc/bindingDesc/binding/decoNote/origDate		
manuscripts	259.xml		/TEI/text/body/listBibl/msDesc/history/provenance/date		
manuscripts	259.xml		/TEI/text/body/listBibl/msDesc/history/acquisition/date		
manuscripts	26.xml		/TEI/text/body/listBibl/msDesc/physDesc/handDesc/handNote/origDate		
manuscripts	26.xml		/TEI/text/body/listBibl/msDesc/physDesc/bindingDesc/binding/decoNote/origDate		
manuscripts	26.xml		/TEI/text/body/listBibl/msDesc/history/provenance/date		
manuscripts	26.xml		/TEI/text/body/listBibl/msDesc/history/acquisition/date		
manuscripts	260.xml		/TEI/text/body/listBibl/msDesc/physDesc/handDesc/handNote/origDate		
manuscripts	260.xml		/TEI/text/body/listBibl/msDesc/physDesc/bindingDesc/binding/decoNote/origDate		
manuscripts	260.xml		/TEI/text/body/listBibl/msDesc/history/provenance/date		
manuscripts	260.xml		/TEI/text/body/listBibl/msDesc/history/acquisition/date		
manuscripts	261.xml		/TEI/text/body/listBibl/msDesc/physDesc/handDesc/handNote/origDate		
manuscripts	261.xml		/TEI/text/body/listBibl/msDesc/physDesc/bindingDesc/binding/decoNote/origDate		
manuscripts	261.xml		/TEI/text/body/listBibl/msDesc/history/provenance/date		
manuscripts	261.xml		/TEI/text/body/listBibl/msDesc/history/acquisition/date		
manuscripts	262.xml		/TEI/text/body/listBibl/msDesc/physDesc/handDesc/handNote/origDate		
manuscripts	262.xml		/TEI/text/body/listBibl/msDesc/physDesc/bindingDesc/binding/decoNote/origDate		
manuscripts	262.xml		/TEI/text/body/listBibl/msDesc/history/provenance/date		
manuscripts	262.xml		/TEI/text/body/listBibl/msDesc/history/acquisition/date		
manuscripts	263.xml		/TEI/text/body/listBibl/msDesc/physDesc/handDesc/handNote/origDate		
manuscripts	263.xml		/TEI/text/body/listBibl/msDesc/physDesc/bindingDesc/binding/decoNote/origDate		
manuscripts	263.xml		/TEI/text/body/listBibl/msDesc/history/provenance/date		
manuscripts	263.xml		/TEI/text/body/listBibl/msDesc/history/acquisition/date		
manuscripts	264.xml		/TEI/text/body/listBibl/msDesc/physDesc/handDesc/handNote/origDate		
manuscripts	264.xml		/TEI/text/body/listBibl/msDesc/physDesc/bindingDesc/binding/decoNote/origDate		
manuscripts	264.xml		/TEI/text/body/listBibl/msDesc/history/provenance/date		
manuscripts	264.xml		/TEI/text/body/listBibl/msDesc/history/acquisition/date		
manuscripts	265.xml		/TEI/text/body/listBibl/msDesc/physDesc/handDesc/handNote/origDate		
manuscripts	265.xml		/TEI/text/body/listBibl/msDesc/physDesc/bindingDesc/binding/decoNote/origDate		
manuscripts	265.xml		/TEI/text/body/listBibl/msDesc/history/provenance/date		
manuscripts	265.xml		/TEI/text/body/listBibl/msDesc/history/acquisition/date		
manuscripts	266.xml		/TEI/text/body/listBibl/msDesc/physDesc/handDesc/handNote/origDate		
manuscripts	266.xml		/TEI/text/body/listBibl/msDesc/physDesc/bindingDesc/binding/decoNote/origDate		
manuscripts	266.xml		/TEI/text/body/listBibl/msDesc/history/provenance/date		
manuscripts	266.xml		/TEI/text/body/listBibl/msDesc/history/acquisition/date		
manuscripts	267.xml		/TEI/text/body/listBibl/msDesc/physDesc/handDesc/handNote/origDate		
manuscripts	267.xml		/TEI/text/body/listBibl/msDesc/physDesc/bindingDesc/binding/decoNote/origDate		
manuscripts	267.xml		/TEI/text/body/listBibl/msDesc/history/provenance/date		
manuscripts	267.xml		/TEI/text/body/listBibl/msDesc/history/acquisition/date		
manuscripts	268.xml		/TEI/text/body/listBibl/msDesc/physDesc/handDesc/handNote/origDate		
manuscripts	268.xml		/TEI/text/body/listBibl/msDesc/physDesc/bindingDesc/binding/decoNote/origDate		
manuscripts	268.xml		/TEI/text/body/listBibl/msDesc/history/provenance/date		
manuscripts	268.xml		/TEI/text/body/listBibl/msDesc/history/acquisition/date		
manuscripts	269.xml		/TEI/text/body/listBibl/msDesc/physDesc/handDesc/handNote/origDate		
manuscripts	269.xml		/TEI/text/body/listBibl/msDesc/physDesc/bindingDesc/binding/decoNote/origDate		
manuscripts	269.xml		/TEI/text/body/listBibl/msDesc/history/provenance/date		
manuscripts	269.xml		/TEI/text/body/listBibl/msDesc/history/acquisition/date		
manuscripts	27.xml		/TEI/text/body/listBibl/msDesc/physDesc/handDesc/handNote/origDate		
manuscripts	27.xml		/TEI/text/body/listBibl/msDesc/physDesc/bindingDesc/binding/decoNote/origDate		
manuscripts	27.xml		/TEI/text/body/listBibl/msDesc/history/provenance/date		
manuscripts	27.xml		/TEI/text/body/listBibl/msDesc/history/acquisition/date		
manuscripts	270.xml		/TEI/text/body/listBibl/msDesc/physDesc/handDesc/handNote/origDate		
manuscripts	270.xml		/TEI/text/body/listBibl/msDesc/physDesc/bindingDesc/binding/decoNote/origDate		
manuscripts	270.xml		/TEI/text/body/listBibl/msDesc/history/provenance/date		
manuscripts	270.xml		/TEI/text/body/listBibl/msDesc/history/acquisition/date		
manuscripts	271.xml		/TEI/text/body/listBibl/msDesc/physDesc/handDesc/handNote/origDate		
manuscripts	271.xml		/TEI/text/body/listBibl/msDesc/physDesc/bindingDesc/binding/decoNote/origDate		
manuscripts	271.xml		/TEI/text/body/listBibl/msDesc/history/provenance/date		
manuscripts	271.xml		/TEI/text/body/listBibl/msDesc/history/acquisition/date		
manuscripts	272.xml		/TEI/text/body/listBibl/msDesc/physDesc/handDesc/handNote/origDate		
manuscripts	272.xml		/TEI/text/body/listBibl/msDesc/physDesc/bindingDesc/binding/decoNote/origDate		
manuscripts	272.xml		/TEI/text/body/listBibl/msDesc/history/provenance/date		
manuscripts	272.xml		/TEI/text/body/listBibl/msDesc/history/acquisition/date		
manuscripts	273.xml		/TEI/text/body/listBibl/msDesc/physDesc/handDesc/handNote/origDate		
manuscripts	273.xml		/TEI/text/body/listBibl/msDesc/physDesc/bindingDesc/binding/decoNote/origDate		
manuscripts	273.xml		/TEI/text/body/listBibl/msDesc/history/provenance/date		
manuscripts	273.xml		/TEI/text/body/listBibl/msDesc/history/acquisition/date		
manuscripts	274.xml		/TEI/text/body/listBibl/msDesc/physDesc/handDesc/handNote/origDate		
manuscripts	274.xml		/TEI/text/body/listBibl/msDesc/physDesc/bindingDesc/binding/decoNote/origDate		
manuscripts	274.xml		/TEI/text/body/listBibl/msDesc/history/provenance/date		
manuscripts	274.xml		/TEI/text/body/listBibl/msDesc/history/acquisition/date		
manuscripts	275.xml		/TEI/text/body/listBibl/msDesc/physDesc/handDesc/handNote/origDate		
manuscripts	275.xml		/TEI/text/body/listBibl/msDesc/physDesc/bindingDesc/binding/decoNote/origDate		
manuscripts	275.xml		/TEI/text/body/listBibl/msDesc/history/provenance/date		
manuscripts	275.xml		/TEI/text/body/listBibl/msDesc/history/acquisition/date		
manuscripts	276.xml		/TEI/text/body/listBibl/msDesc/physDesc/handDesc/handNote/origDate		
manuscripts	276.xml		/TEI/text/body/listBibl/msDesc/physDesc/bindingDesc/binding/decoNote/origDate		
manuscripts	276.xml		/TEI/text/body/listBibl/msDesc/history/provenance/date		
manuscripts	276.xml		/TEI/text/body/listBibl/msDesc/history/acquisition/date		
manuscripts	277.xml		/TEI/text/body/listBibl/msDesc/physDesc/handDesc/handNote/origDate		
manuscripts	277.xml		/TEI/text/body/listBibl/msDesc/physDesc/bindingDesc/binding/decoNote/origDate		
manuscripts	277.xml		/TEI/text/body/listBibl/msDesc/history/provenance/date		
manuscripts	277.xml		/TEI/text/body/listBibl/msDesc/history/acquisition/date		
manuscripts	278.xml		/TEI/text/body/listBibl/msDesc/physDesc/handDesc/handNote/origDate		
manuscripts	278.xml		/TEI/text/body/listBibl/msDesc/physDesc/bindingDesc/binding/decoNote/origDate		
manuscripts	278.xml		/TEI/text/body/listBibl/msDesc/history/provenance/date		
manuscripts	278.xml		/TEI/text/body/listBibl/msDesc/history/acquisition/date		
manuscripts	279.xml		/TEI/text/body/listBibl/msDesc/physDesc/handDesc/handNote/origDate		
manuscripts	279.xml		/TEI/text/body/listBibl/msDesc/physDesc/bindingDesc/binding/decoNote/origDate		
manuscripts	279.xml		/TEI/text/body/listBibl/msDesc/history/provenance/date		
manuscripts	279.xml		/TEI/text/body/listBibl/msDesc/history/acquisition/date		
manuscripts	28.xml		/TEI/text/body/listBibl/msDesc/physDesc/handDesc/handNote/origDate		
manuscripts	28.xml		/TEI/text/body/listBibl/msDesc/physDesc/bindingDesc/binding/decoNote/origDate		
manuscripts	28.xml		/TEI/text/body/listBibl/msDesc/history/provenance/date		
manuscripts	28.xml		/TEI/text/body/listBibl/msDesc/history/acquisition/date		
manuscripts	280.xml		/TEI/text/body/listBibl/msDesc/physDesc/handDesc/handNote/origDate		
manuscripts	280.xml		/TEI/text/body/listBibl/msDesc/physDesc/bindingDesc/binding/decoNote/origDate		
manuscripts	280.xml		/TEI/text/body/listBibl/msDesc/history/provenance/date		
manuscripts	280.xml		/TEI/text/body/listBibl/msDesc/history/acquisition/date		
manuscripts	281.xml	מאה יב-יג	/TEI/text/body/listBibl/msDesc/physDesc/handDesc/handNote/origDate[1]		
manuscripts	281.xml	מאה יב-יג	/TEI/text/body/listBibl/msDesc/physDesc/handDesc/handNote/origDate[2]		
manuscripts	281.xml		/TEI/text/body/listBibl/msDesc/physDesc/bindingDesc/binding/decoNote/origDate		
manuscripts	281.xml		/TEI/text/body/listBibl/msDesc/history/provenance/date		
manuscripts	281.xml		/TEI/text/body/listBibl/msDesc/history/acquisition/date		
manuscripts	282.xml	"אתרנ""ד לשטרות (ראו הקולופון להלן)"	/TEI/text/body/listBibl/msDesc/physDesc/handDesc/handNote/origDate		
manuscripts	282.xml		/TEI/text/body/listBibl/msDesc/physDesc/bindingDesc/binding/decoNote/origDate		
manuscripts	282.xml		/TEI/text/body/listBibl/msDesc/history/provenance/date		
manuscripts	282.xml		/TEI/text/body/listBibl/msDesc/history/acquisition/date		
manuscripts	283.xml		/TEI/text/body/listBibl/msDesc/physDesc/handDesc/handNote/origDate		
manuscripts	283.xml		/TEI/text/body/listBibl/msDesc/physDesc/bindingDesc/binding/decoNote/origDate		
manuscripts	283.xml		/TEI/text/body/listBibl/msDesc/history/provenance/date		
manuscripts	283.xml		/TEI/text/body/listBibl/msDesc/history/acquisition/date		
manuscripts	284.xml		/TEI/text/body/listBibl/msDesc/physDesc/handDesc/handNote/origDate		
manuscripts	284.xml		/TEI/text/body/listBibl/msDesc/physDesc/bindingDesc/binding/decoNote/origDate		
manuscripts	284.xml		/TEI/text/body/listBibl/msDesc/history/provenance/date		
manuscripts	284.xml		/TEI/text/body/listBibl/msDesc/history/acquisition/date		
manuscripts	285.xml	המחצית השנייה של המאה האחת עשרה?	/TEI/text/body/listBibl/msDesc/physDesc/handDesc/handNote/origDate		
manuscripts	285.xml		/TEI/text/body/listBibl/msDesc/physDesc/bindingDesc/binding/decoNote/origDate		
manuscripts	285.xml		/TEI/text/body/listBibl/msDesc/history/provenance/date		
manuscripts	285.xml		/TEI/text/body/listBibl/msDesc/history/acquisition/date		
manuscripts	286.xml		/TEI/text/body/listBibl/msDesc/physDesc/handDesc/handNote/origDate[1]		
manuscripts	286.xml		/TEI/text/body/listBibl/msDesc/physDesc/handDesc/handNote/origDate[2]		
manuscripts	286.xml		/TEI/text/body/listBibl/msDesc/physDesc/bindingDesc/binding/decoNote/origDate		
manuscripts	286.xml		/TEI/text/body/listBibl/msDesc/history/provenance/date		
manuscripts	286.xml		/TEI/text/body/listBibl/msDesc/history/acquisition/date		
manuscripts	287.xml		/TEI/text/body/listBibl/msDesc/physDesc/handDesc/handNote/origDate		
manuscripts	287.xml		/TEI/text/body/listBibl/msDesc/physDesc/bindingDesc/binding/decoNote/origDate		
manuscripts	287.xml		/TEI/text/body/listBibl/msDesc/history/provenance/date		
manuscripts	287.xml		/TEI/text/body/listBibl/msDesc/history/acquisition/date		
manuscripts	288.xml		/TEI/text/body/listBibl/msDesc/physDesc/handDesc/handNote/origDate[1]		
manuscripts	288.xml		/TEI/text/body/listBibl/msDesc/physDesc/handDesc/handNote/origDate[2]		
manuscripts	288.xml		/TEI/text/body/listBibl/msDesc/physDesc/bindingDesc/binding/decoNote/origDate		
manuscripts	288.xml		/TEI/text/body/listBibl/msDesc/history/provenance/date		
manuscripts	288.xml		/TEI/text/body/listBibl/msDesc/history/acquisition/date		
manuscripts	289.xml		/TEI/text/body/listBibl/msDesc/physDesc/handDesc/handNote/origDate		
manuscripts	289.xml		/TEI/text/body/listBibl/msDesc/physDesc/bindingDesc/binding/decoNote/origDate		
manuscripts	289.xml		/TEI/text/body/listBibl/msDesc/history/provenance/date		
manuscripts	289.xml		/TEI/text/body/listBibl/msDesc/history/acquisition/date		
manuscripts	29.xml		/TEI/text/body/listBibl/msDesc/physDesc/handDesc/handNote/origDate		
manuscripts	29.xml		/TEI/text/body/listBibl/msDesc/physDesc/bindingDesc/binding/decoNote/origDate		
manuscripts	29.xml		/TEI/text/body/listBibl/msDesc/history/provenance/date		
manuscripts	29.xml		/TEI/text/body/listBibl/msDesc/history/acquisition/date		
manuscripts	290.xml		/TEI/text/body/listBibl/msDesc/physDesc/handDesc/handNote/origDate		
manuscripts	290.xml		/TEI/text/body/listBibl/msDesc/physDesc/bindingDesc/binding/decoNote/origDate		
manuscripts	290.xml		/TEI/text/body/listBibl/msDesc/history/provenance/date		
manuscripts	290.xml		/TEI/text/body/listBibl/msDesc/history/acquisition/date		
manuscripts	291.xml	מאה יג ?	/TEI/text/body/listBibl/msDesc/physDesc/handDesc/handNote/origDate[1]		
manuscripts	291.xml	מאה יג ?	/TEI/text/body/listBibl/msDesc/physDesc/handDesc/handNote/origDate[2]		
manuscripts	291.xml		/TEI/text/body/listBibl/msDesc/physDesc/bindingDesc/binding/decoNote/origDate		
manuscripts	291.xml		/TEI/text/body/listBibl/msDesc/history/provenance/date		
manuscripts	291.xml		/TEI/text/body/listBibl/msDesc/history/acquisition/date		
manuscripts	292.xml		/TEI/text/body/listBibl/msDesc/physDesc/handDesc/handNote[1]/origDate		
manuscripts	292.xml		/TEI/text/body/listBibl/msDesc/physDesc/handDesc/handNote[2]/origDate	cert; evidence; from; to; when	; ; ; ; 
manuscripts	292.xml		/TEI/text/body/listBibl/msDesc/physDesc/bindingDesc/binding/decoNote/origDate		
manuscripts	292.xml		/TEI/text/body/listBibl/msDesc/history/provenance/date		
manuscripts	292.xml		/TEI/text/body/listBibl/msDesc/history/acquisition/date		
manuscripts	293.xml		/TEI/text/body/listBibl/msDesc/physDesc/handDesc/handNote/origDate		
manuscripts	293.xml		/TEI/text/body/listBibl/msDesc/physDesc/bindingDesc/binding/decoNote/origDate		
manuscripts	293.xml		/TEI/text/body/listBibl/msDesc/history/provenance/date		
manuscripts	293.xml		/TEI/text/body/listBibl/msDesc/history/acquisition/date		
manuscripts	294.xml		/TEI/text/body/listBibl/msDesc/physDesc/handDesc/handNote/origDate		
manuscripts	294.xml		/TEI/text/body/listBibl/msDesc/physDesc/bindingDesc/binding/decoNote/origDate		
manuscripts	294.xml		/TEI/text/body/listBibl/msDesc/history/provenance/date		
manuscripts	294.xml		/TEI/text/body/listBibl/msDesc/history/acquisition/date		
manuscripts	295.xml		/TEI/text/body/listBibl/msDesc/physDesc/handDesc/handNote/origDate		
manuscripts	295.xml		/TEI/text/body/listBibl/msDesc/physDesc/bindingDesc/binding/decoNote/origDate		
manuscripts	295.xml		/TEI/text/body/listBibl/msDesc/history/provenance/date		
manuscripts	295.xml		/TEI/text/body/listBibl/msDesc/history/acquisition/date		
manuscripts	296.xml		/TEI/text/body/listBibl/msDesc/physDesc/handDesc/handNote/origDate		
manuscripts	296.xml		/TEI/text/body/listBibl/msDesc/physDesc/bindingDesc/binding/decoNote/origDate		
manuscripts	296.xml		/TEI/text/body/listBibl/msDesc/history/provenance/date		
manuscripts	296.xml		/TEI/text/body/listBibl/msDesc/history/acquisition/date		
manuscripts	297.xml		/TEI/text/body/listBibl/msDesc/physDesc/handDesc/handNote/origDate		
manuscripts	297.xml		/TEI/text/body/listBibl/msDesc/physDesc/bindingDesc/binding/decoNote/origDate		
manuscripts	297.xml		/TEI/text/body/listBibl/msDesc/history/provenance/date		
manuscripts	297.xml		/TEI/text/body/listBibl/msDesc/history/acquisition/date		
manuscripts	298.xml		/TEI/text/body/listBibl/msDesc/physDesc/handDesc/handNote/origDate		
manuscripts	298.xml		/TEI/text/body/listBibl/msDesc/physDesc/bindingDesc/binding/decoNote/origDate		
manuscripts	298.xml		/TEI/text/body/listBibl/msDesc/history/provenance/date		
manuscripts	298.xml		/TEI/text/body/listBibl/msDesc/history/acquisition/date		
manuscripts	299.xml		/TEI/text/body/listBibl/msDesc/physDesc/handDesc/handNote/origDate		
manuscripts	299.xml		/TEI/text/body/listBibl/msDesc/physDesc/bindingDesc/binding/decoNote/origDate		
manuscripts	299.xml		/TEI/text/body/listBibl/msDesc/history/provenance/date		
manuscripts	299.xml		/TEI/text/body/listBibl/msDesc/history/acquisition/date		
manuscripts	3.xml		/TEI/text/body/listBibl/msDesc/physDesc/handDesc/handNote/origDate		
manuscripts	3.xml		/TEI/text/body/listBibl/msDesc/physDesc/bindingDesc/binding/decoNote/origDate		
manuscripts	3.xml		/TEI/text/body/listBibl/msDesc/history/provenance/date		
manuscripts	3.xml		/TEI/text/body/listBibl/msDesc/history/acquisition/date		
manuscripts	30.xml		/TEI/text/body/listBibl/msDesc/physDesc/handDesc/handNote/origDate		
manuscripts	30.xml		/TEI/text/body/listBibl/msDesc/physDesc/bindingDesc/binding/decoNote/origDate		
manuscripts	30.xml		/TEI/text/body/listBibl/msDesc/history/provenance/date		
manuscripts	30.xml		/TEI/text/body/listBibl/msDesc/history/acquisition/date		
manuscripts	300.xml		/TEI/text/body/listBibl/msDesc/physDesc/handDesc/handNote/origDate		
manuscripts	300.xml		/TEI/text/body/listBibl/msDesc/physDesc/bindingDesc/binding/decoNote/origDate		
manuscripts	300.xml		/TEI/text/body/listBibl/msDesc/history/provenance/date		
manuscripts	300.xml		/TEI/text/body/listBibl/msDesc/history/acquisition/date		
manuscripts	301.xml		/TEI/text/body/listBibl/msDesc/physDesc/handDesc/handNote/origDate		
manuscripts	301.xml		/TEI/text/body/listBibl/msDesc/physDesc/bindingDesc/binding/decoNote/origDate		
manuscripts	301.xml		/TEI/text/body/listBibl/msDesc/history/provenance/date		
manuscripts	301.xml		/TEI/text/body/listBibl/msDesc/history/acquisition/date		
manuscripts	302.xml		/TEI/text/body/listBibl/msDesc/physDesc/handDesc/handNote/origDate		
manuscripts	302.xml		/TEI/text/body/listBibl/msDesc/physDesc/bindingDesc/binding/decoNote/origDate		
manuscripts	302.xml		/TEI/text/body/listBibl/msDesc/history/provenance/date		
manuscripts	302.xml		/TEI/text/body/listBibl/msDesc/history/acquisition/date		
manuscripts	303.xml		/TEI/text/body/listBibl/msDesc/physDesc/handDesc/handNote/origDate		
manuscripts	303.xml		/TEI/text/body/listBibl/msDesc/physDesc/bindingDesc/binding/decoNote/origDate		
manuscripts	303.xml		/TEI/text/body/listBibl/msDesc/history/provenance/date		
manuscripts	303.xml		/TEI/text/body/listBibl/msDesc/history/acquisition/date		
manuscripts	304.xml		/TEI/text/body/listBibl/msDesc/physDesc/handDesc/handNote/origDate		
manuscripts	304.xml		/TEI/text/body/listBibl/msDesc/physDesc/bindingDesc/binding/decoNote/origDate		
manuscripts	304.xml		/TEI/text/body/listBibl/msDesc/history/provenance/date		
manuscripts	304.xml		/TEI/text/body/listBibl/msDesc/history/acquisition/date		
manuscripts	305.xml	900-1100?	/TEI/text/body/listBibl/msDesc/physDesc/handDesc/handNote/origDate		
manuscripts	305.xml		/TEI/text/body/listBibl/msDesc/physDesc/bindingDesc/binding/decoNote/origDate		
manuscripts	305.xml		/TEI/text/body/listBibl/msDesc/history/provenance/date		
manuscripts	305.xml		/TEI/text/body/listBibl/msDesc/history/acquisition/date		
manuscripts	306.xml	900-1100?	/TEI/text/body/listBibl/msDesc/physDesc/handDesc/handNote/origDate		
manuscripts	306.xml		/TEI/text/body/listBibl/msDesc/physDesc/bindingDesc/binding/decoNote/origDate		
manuscripts	306.xml		/TEI/text/body/listBibl/msDesc/history/provenance/date		
manuscripts	306.xml		/TEI/text/body/listBibl/msDesc/history/acquisition/date		
manuscripts	307.xml	1100-1300?	/TEI/text/body/listBibl/msDesc/physDesc/handDesc/handNote/origDate		
manuscripts	307.xml		/TEI/text/body/listBibl/msDesc/physDesc/bindingDesc/binding/decoNote/origDate		
manuscripts	307.xml		/TEI/text/body/listBibl/msDesc/history/provenance/date		
manuscripts	307.xml		/TEI/text/body/listBibl/msDesc/history/acquisition/date		
manuscripts	308.xml	900-1000?	/TEI/text/body/listBibl/msDesc/physDesc/handDesc/handNote/origDate		
manuscripts	308.xml		/TEI/text/body/listBibl/msDesc/physDesc/bindingDesc/binding/decoNote/origDate		
manuscripts	308.xml		/TEI/text/body/listBibl/msDesc/history/provenance/date		
manuscripts	308.xml		/TEI/text/body/listBibl/msDesc/history/acquisition/date		
manuscripts	309.xml	1051	/TEI/text/body/listBibl/msDesc/physDesc/handDesc/handNote[1]/origDate		
manuscripts	309.xml		/TEI/text/body/listBibl/msDesc/physDesc/handDesc/handNote[2]/origDate	cert; evidence; from; to; when	; ; ; ; 
manuscripts	309.xml		/TEI/text/body/listBibl/msDesc/physDesc/bindingDesc/binding/decoNote/origDate		
manuscripts	309.xml		/TEI/text/body/listBibl/msDesc/history/provenance/date		
manuscripts	309.xml		/TEI/text/body/listBibl/msDesc/history/acquisition/date		
manuscripts	31.xml		/TEI/text/body/listBibl/msDesc/physDesc/handDesc/handNote/origDate		
manuscripts	31.xml		/TEI/text/body/listBibl/msDesc/physDesc/bindingDesc/binding/decoNote/origDate		
manuscripts	31.xml		/TEI/text/body/listBibl/msDesc/history/provenance/date		
manuscripts	31.xml		/TEI/text/body/listBibl/msDesc/history/acquisition/date		
manuscripts	310.xml	1049	/TEI/text/body/listBibl/msDesc/physDesc/handDesc/handNote/origDate		
manuscripts	310.xml		/TEI/text/body/listBibl/msDesc/physDesc/bindingDesc/binding/decoNote/origDate		
manuscripts	310.xml		/TEI/text/body/listBibl/msDesc/history/provenance/date		
manuscripts	310.xml		/TEI/text/body/listBibl/msDesc/history/acquisition/date		
manuscripts	311.xml	1020	/TEI/text/body/listBibl/msDesc/physDesc/handDesc/handNote/origDate	when	1020
manuscripts	311.xml		/TEI/text/body/listBibl/msDesc/physDesc/bindingDesc/binding/decoNote/origDate		
manuscripts	311.xml		/TEI/text/body/listBibl/msDesc/history/provenance/date		
manuscripts	311.xml		/TEI/text/body/listBibl/msDesc/history/acquisition/date		
manuscripts	312.xml	1000-1200?	/TEI/text/body/listBibl/msDesc/physDesc/handDesc/handNote/origDate		
manuscripts	312.xml		/TEI/text/body/listBibl/msDesc/physDesc/bindingDesc/binding/decoNote/origDate		
manuscripts	312.xml		/TEI/text/body/listBibl/msDesc/history/provenance/date		
manuscripts	312.xml		/TEI/text/body/listBibl/msDesc/history/acquisition/date		
manuscripts	313.xml	1020	/TEI/text/body/listBibl/msDesc/physDesc/handDesc/handNote/origDate	when	1020
manuscripts	313.xml		/TEI/text/body/listBibl/msDesc/physDesc/bindingDesc/binding/decoNote/origDate		
manuscripts	313.xml		/TEI/text/body/listBibl/msDesc/history/provenance/date		
manuscripts	313.xml		/TEI/text/body/listBibl/msDesc/history/acquisition/date		
manuscripts	314.xml		/TEI/text/body/listBibl/msDesc/physDesc/handDesc/handNote/origDate		
manuscripts	314.xml		/TEI/text/body/listBibl/msDesc/physDesc/bindingDesc/binding/decoNote/origDate		
manuscripts	314.xml		/TEI/text/body/listBibl/msDesc/history/provenance/date		
manuscripts	314.xml		/TEI/text/body/listBibl/msDesc/history/acquisition/date		
manuscripts	315.xml		/TEI/text/body/listBibl/msDesc/physDesc/handDesc/handNote/origDate		
manuscripts	315.xml		/TEI/text/body/listBibl/msDesc/physDesc/bindingDesc/binding/decoNote/origDate		
manuscripts	315.xml		/TEI/text/body/listBibl/msDesc/history/provenance/date		
manuscripts	315.xml		/TEI/text/body/listBibl/msDesc/history/acquisition/date		
manuscripts	316.xml		/TEI/text/body/listBibl/msDesc/physDesc/handDesc/handNote/origDate		
manuscripts	316.xml		/TEI/text/body/listBibl/msDesc/physDesc/bindingDesc/binding/decoNote/origDate		
manuscripts	316.xml		/TEI/text/body/listBibl/msDesc/history/provenance/date		
manuscripts	316.xml		/TEI/text/body/listBibl/msDesc/history/acquisition/date		
manuscripts	317.xml		/TEI/text/body/listBibl/msDesc/physDesc/handDesc/handNote/origDate		
manuscripts	317.xml		/TEI/text/body/listBibl/msDesc/physDesc/bindingDesc/binding/decoNote/origDate		
manuscripts	317.xml		/TEI/text/body/listBibl/msDesc/history/provenance/date		
manuscripts	317.xml		/TEI/text/body/listBibl/msDesc/history/acquisition/date		
manuscripts	318.xml	1021	/TEI/text/body/listBibl/msDesc/physDesc/handDesc/handNote/origDate	when	1021
manuscripts	318.xml		/TEI/text/body/listBibl/msDesc/physDesc/bindingDesc/binding/decoNote/origDate		
manuscripts	318.xml		/TEI/text/body/listBibl/msDesc/history/provenance/date		
manuscripts	318.xml		/TEI/text/body/listBibl/msDesc/history/acquisition/date		
manuscripts	319.xml	1047	/TEI/text/body/listBibl/msDesc/physDesc/handDesc/handNote/origDate	when	1046
manuscripts	319.xml		/TEI/text/body/listBibl/msDesc/physDesc/bindingDesc/binding/decoNote/origDate		
manuscripts	319.xml		/TEI/text/body/listBibl/msDesc/history/provenance/date		
manuscripts	319.xml		/TEI/text/body/listBibl/msDesc/history/acquisition/date		
manuscripts	32.xml		/TEI/text/body/listBibl/msDesc/physDesc/handDesc/handNote/origDate		
manuscripts	32.xml		/TEI/text/body/listBibl/msDesc/physDesc/bindingDesc/binding/decoNote/origDate		
manuscripts	32.xml		/TEI/text/body/listBibl/msDesc/history/provenance/date		
manuscripts	32.xml		/TEI/text/body/listBibl/msDesc/history/acquisition/date		
manuscripts	320.xml		/TEI/text/body/listBibl/msDesc/physDesc/handDesc/handNote/origDate		
manuscripts	320.xml		/TEI/text/body/listBibl/msDesc/physDesc/bindingDesc/binding/decoNote/origDate		
manuscripts	320.xml		/TEI/text/body/listBibl/msDesc/history/provenance/date		
manuscripts	320.xml		/TEI/text/body/listBibl/msDesc/history/acquisition/date		
manuscripts	321.xml		/TEI/text/body/listBibl/msDesc/physDesc/handDesc/handNote/origDate		
manuscripts	321.xml		/TEI/text/body/listBibl/msDesc/physDesc/bindingDesc/binding/decoNote/origDate		
manuscripts	321.xml		/TEI/text/body/listBibl/msDesc/history/provenance/date		
manuscripts	321.xml		/TEI/text/body/listBibl/msDesc/history/acquisition/date		
manuscripts	322.xml		/TEI/text/body/listBibl/msDesc/physDesc/handDesc/handNote/origDate		
manuscripts	322.xml		/TEI/text/body/listBibl/msDesc/physDesc/bindingDesc/binding/decoNote/origDate		
manuscripts	322.xml		/TEI/text/body/listBibl/msDesc/history/provenance/date		
manuscripts	322.xml		/TEI/text/body/listBibl/msDesc/history/acquisition/date		
manuscripts	323.xml		/TEI/text/body/listBibl/msDesc/physDesc/handDesc/handNote/origDate		
manuscripts	323.xml		/TEI/text/body/listBibl/msDesc/physDesc/bindingDesc/binding/decoNote/origDate		
manuscripts	323.xml		/TEI/text/body/listBibl/msDesc/history/provenance/date		
manuscripts	323.xml		/TEI/text/body/listBibl/msDesc/history/acquisition/date		
manuscripts	324.xml	ca. 1030	/TEI/text/body/listBibl/msDesc/physDesc/handDesc/handNote/origDate		
manuscripts	324.xml		/TEI/text/body/listBibl/msDesc/physDesc/bindingDesc/binding/decoNote/origDate		
manuscripts	324.xml		/TEI/text/body/listBibl/msDesc/history/provenance/date		
manuscripts	324.xml		/TEI/text/body/listBibl/msDesc/history/acquisition/date		
manuscripts	325.xml	1041, 9 June [6 Shawwāl 432]	/TEI/text/body/listBibl/msDesc/physDesc/handDesc/handNote/origDate		
manuscripts	325.xml		/TEI/text/body/listBibl/msDesc/physDesc/bindingDesc/binding/decoNote/origDate		
manuscripts	325.xml		/TEI/text/body/listBibl/msDesc/history/provenance/date		
manuscripts	325.xml		/TEI/text/body/listBibl/msDesc/history/acquisition/date		
manuscripts	326.xml	1006	/TEI/text/body/listBibl/msDesc/physDesc/handDesc/handNote/origDate	when	1006
manuscripts	326.xml		/TEI/text/body/listBibl/msDesc/physDesc/bindingDesc/binding/decoNote/origDate		
manuscripts	326.xml		/TEI/text/body/listBibl/msDesc/history/provenance/date		
manuscripts	326.xml		/TEI/text/body/listBibl/msDesc/history/acquisition/date		
manuscripts	327.xml	1026-1095	/TEI/text/body/listBibl/msDesc/physDesc/handDesc/handNote/origDate		
manuscripts	327.xml		/TEI/text/body/listBibl/msDesc/physDesc/bindingDesc/binding/decoNote/origDate		
manuscripts	327.xml		/TEI/text/body/listBibl/msDesc/history/provenance/date		
manuscripts	327.xml		/TEI/text/body/listBibl/msDesc/history/acquisition/date		
manuscripts	328.xml		/TEI/text/body/listBibl/msDesc/physDesc/handDesc/handNote/origDate		
manuscripts	328.xml		/TEI/text/body/listBibl/msDesc/physDesc/bindingDesc/binding/decoNote/origDate		
manuscripts	328.xml		/TEI/text/body/listBibl/msDesc/history/provenance/date		
manuscripts	328.xml		/TEI/text/body/listBibl/msDesc/history/acquisition/date		
manuscripts	329.xml	1021 [Ktiv]; 1021-1023 [FGP]	/TEI/text/body/listBibl/msDesc/physDesc/handDesc/handNote/origDate	from; to	1021; 1023
manuscripts	329.xml		/TEI/text/body/listBibl/msDesc/physDesc/bindingDesc/binding/decoNote/origDate		
manuscripts	329.xml		/TEI/text/body/listBibl/msDesc/history/provenance/date		
manuscripts	329.xml		/TEI/text/body/listBibl/msDesc/history/acquisition/date		
manuscripts	33.xml		/TEI/text/body/listBibl/msDesc/physDesc/handDesc/handNote/origDate		
manuscripts	33.xml		/TEI/text/body/listBibl/msDesc/physDesc/bindingDesc/binding/decoNote/origDate		
manuscripts	33.xml		/TEI/text/body/listBibl/msDesc/history/provenance/date		
manuscripts	33.xml		/TEI/text/body/listBibl/msDesc/history/acquisition/date		
manuscripts	330.xml	1096	/TEI/text/body/listBibl/msDesc/physDesc/handDesc/handNote/origDate		
manuscripts	330.xml		/TEI/text/body/listBibl/msDesc/physDesc/bindingDesc/binding/decoNote/origDate		
manuscripts	330.xml		/TEI/text/body/listBibl/msDesc/history/provenance/date		
manuscripts	330.xml		/TEI/text/body/listBibl/msDesc/history/acquisition/date		
manuscripts	331.xml	1002-1003 [FGP]; 1003 [Ktiv]	/TEI/text/body/listBibl/msDesc/physDesc/handDesc/handNote/origDate	when	1002-1003
manuscripts	331.xml		/TEI/text/body/listBibl/msDesc/physDesc/bindingDesc/binding/decoNote/origDate		
manuscripts	331.xml		/TEI/text/body/listBibl/msDesc/history/provenance/date		
manuscripts	331.xml		/TEI/text/body/listBibl/msDesc/history/acquisition/date		
manuscripts	332.xml		/TEI/text/body/listBibl/msDesc/physDesc/handDesc/handNote/origDate		
manuscripts	332.xml		/TEI/text/body/listBibl/msDesc/physDesc/bindingDesc/binding/decoNote/origDate		
manuscripts	332.xml		/TEI/text/body/listBibl/msDesc/history/provenance/date		
manuscripts	332.xml		/TEI/text/body/listBibl/msDesc/history/acquisition/date		
manuscripts	333.xml		/TEI/text/body/listBibl/msDesc/physDesc/bindingDesc/binding/decoNote/origDate		
manuscripts	333.xml		/TEI/text/body/listBibl/msDesc/history/provenance/date		
manuscripts	333.xml		/TEI/text/body/listBibl/msDesc/history/acquisition/date		
manuscripts	334.xml	1063	/TEI/text/body/listBibl/msDesc/physDesc/handDesc/handNote[1]/origDate		
manuscripts	334.xml		/TEI/text/body/listBibl/msDesc/physDesc/handDesc/handNote[2]/origDate	when	
manuscripts	334.xml		/TEI/text/body/listBibl/msDesc/physDesc/bindingDesc/binding/decoNote/origDate		
manuscripts	334.xml		/TEI/text/body/listBibl/msDesc/history/provenance/date		
manuscripts	334.xml		/TEI/text/body/listBibl/msDesc/history/acquisition/date		
manuscripts	335.xml	1091	/TEI/text/body/listBibl/msDesc/physDesc/handDesc/handNote/origDate	when	1091
manuscripts	335.xml		/TEI/text/body/listBibl/msDesc/physDesc/bindingDesc/binding/decoNote/origDate		
manuscripts	335.xml		/TEI/text/body/listBibl/msDesc/history/provenance/date		
manuscripts	335.xml		/TEI/text/body/listBibl/msDesc/history/acquisition/date		
manuscripts	336.xml	1000-1100	/TEI/text/body/listBibl/msDesc/physDesc/handDesc/handNote/origDate		
manuscripts	336.xml		/TEI/text/body/listBibl/msDesc/physDesc/bindingDesc/binding/decoNote/origDate		
manuscripts	336.xml		/TEI/text/body/listBibl/msDesc/history/provenance/date		
manuscripts	336.xml		/TEI/text/body/listBibl/msDesc/history/acquisition/date		
manuscripts	337.xml		/TEI/text/body/listBibl/msDesc/physDesc/handDesc/handNote/origDate		
manuscripts	337.xml		/TEI/text/body/listBibl/msDesc/physDesc/bindingDesc/binding/decoNote/origDate		
manuscripts	337.xml		/TEI/text/body/listBibl/msDesc/history/provenance/date		
manuscripts	337.xml		/TEI/text/body/listBibl/msDesc/history/acquisition/date		
manuscripts	338.xml		/TEI/text/body/listBibl/msDesc/physDesc/handDesc/handNote/origDate		
manuscripts	338.xml		/TEI/text/body/listBibl/msDesc/physDesc/bindingDesc/binding/decoNote/origDate		
manuscripts	338.xml		/TEI/text/body/listBibl/msDesc/history/provenance/date		
manuscripts	338.xml		/TEI/text/body/listBibl/msDesc/history/acquisition/date		
manuscripts	339.xml		/TEI/text/body/listBibl/msDesc/physDesc/handDesc/handNote/origDate		
manuscripts	339.xml		/TEI/text/body/listBibl/msDesc/physDesc/bindingDesc/binding/decoNote/origDate		
manuscripts	339.xml		/TEI/text/body/listBibl/msDesc/history/provenance/date		
manuscripts	339.xml		/TEI/text/body/listBibl/msDesc/history/acquisition/date		
manuscripts	34.xml		/TEI/text/body/listBibl/msDesc/physDesc/handDesc/handNote/origDate		
manuscripts	34.xml		/TEI/text/body/listBibl/msDesc/physDesc/bindingDesc/binding/decoNote/origDate		
manuscripts	34.xml		/TEI/text/body/listBibl/msDesc/history/provenance/date		
manuscripts	34.xml		/TEI/text/body/listBibl/msDesc/history/acquisition/date		
manuscripts	340.xml		/TEI/text/body/listBibl/msDesc/physDesc/handDesc/handNote/origDate		
manuscripts	340.xml		/TEI/text/body/listBibl/msDesc/physDesc/bindingDesc/binding/decoNote/origDate		
manuscripts	340.xml		/TEI/text/body/listBibl/msDesc/history/provenance/date		
manuscripts	340.xml		/TEI/text/body/listBibl/msDesc/history/acquisition/date		
manuscripts	341.xml	1048-1049?	/TEI/text/body/listBibl/msDesc/physDesc/handDesc/handNote/origDate	when	1049
manuscripts	341.xml		/TEI/text/body/listBibl/msDesc/physDesc/bindingDesc/binding/decoNote/origDate		
manuscripts	341.xml		/TEI/text/body/listBibl/msDesc/history/provenance/date		
manuscripts	341.xml		/TEI/text/body/listBibl/msDesc/history/acquisition/date		
manuscripts	342.xml		/TEI/text/body/listBibl/msDesc/physDesc/handDesc/handNote/origDate		
manuscripts	342.xml		/TEI/text/body/listBibl/msDesc/physDesc/bindingDesc/binding/decoNote/origDate		
manuscripts	342.xml		/TEI/text/body/listBibl/msDesc/history/provenance/date		
manuscripts	342.xml		/TEI/text/body/listBibl/msDesc/history/acquisition/date		
manuscripts	343.xml	1000-1200?	/TEI/text/body/listBibl/msDesc/physDesc/handDesc/handNote[1]/origDate		
manuscripts	343.xml		/TEI/text/body/listBibl/msDesc/physDesc/handDesc/handNote[2]/origDate	when	
manuscripts	343.xml		/TEI/text/body/listBibl/msDesc/physDesc/bindingDesc/binding/decoNote/origDate		
manuscripts	343.xml		/TEI/text/body/listBibl/msDesc/history/provenance/date		
manuscripts	343.xml		/TEI/text/body/listBibl/msDesc/history/acquisition/date		
manuscripts	344.xml	after 1000	/TEI/text/body/listBibl/msDesc/physDesc/handDesc/handNote/origDate		
manuscripts	344.xml		/TEI/text/body/listBibl/msDesc/physDesc/bindingDesc/binding/decoNote/origDate		
manuscripts	344.xml		/TEI/text/body/listBibl/msDesc/history/provenance/date		
manuscripts	344.xml		/TEI/text/body/listBibl/msDesc/history/acquisition/date		
manuscripts	345.xml	1020	/TEI/text/body/listBibl/msDesc/physDesc/handDesc/handNote/origDate	when	1020
manuscripts	345.xml		/TEI/text/body/listBibl/msDesc/physDesc/bindingDesc/binding/decoNote/origDate		
manuscripts	345.xml		/TEI/text/body/listBibl/msDesc/history/provenance/date		
manuscripts	345.xml		/TEI/text/body/listBibl/msDesc/history/acquisition/date		
manuscripts	346.xml	1034	/TEI/text/body/listBibl/msDesc/physDesc/handDesc/handNote/origDate		
manuscripts	346.xml		/TEI/text/body/listBibl/msDesc/physDesc/bindingDesc/binding/decoNote/origDate		
manuscripts	346.xml		/TEI/text/body/listBibl/msDesc/history/provenance/date		
manuscripts	346.xml		/TEI/text/body/listBibl/msDesc/history/acquisition/date		
manuscripts	347.xml	1000-1100	/TEI/text/body/listBibl/msDesc/physDesc/handDesc/handNote/origDate		
manuscripts	347.xml		/TEI/text/body/listBibl/msDesc/physDesc/bindingDesc/binding/decoNote/origDate		
manuscripts	347.xml		/TEI/text/body/listBibl/msDesc/history/provenance/date		
manuscripts	347.xml		/TEI/text/body/listBibl/msDesc/history/acquisition/date		
manuscripts	348.xml	1000-1100	/TEI/text/body/listBibl/msDesc/physDesc/handDesc/handNote/origDate		
manuscripts	348.xml		/TEI/text/body/listBibl/msDesc/physDesc/bindingDesc/binding/decoNote/origDate		
manuscripts	348.xml		/TEI/text/body/listBibl/msDesc/history/provenance/date		
manuscripts	348.xml		/TEI/text/body/listBibl/msDesc/history/acquisition/date		
manuscripts	349.xml	1000-1100	/TEI/text/body/listBibl/msDesc/physDesc/handDesc/handNote/origDate		
manuscripts	349.xml		/TEI/text/body/listBibl/msDesc/physDesc/bindingDesc/binding/decoNote/origDate		
manuscripts	349.xml		/TEI/text/body/listBibl/msDesc/history/provenance/date		
manuscripts	349.xml		/TEI/text/body/listBibl/msDesc/history/acquisition/date		
manuscripts	35.xml		/TEI/text/body/listBibl/msDesc/physDesc/handDesc/handNote/origDate		
manuscripts	35.xml		/TEI/text/body/listBibl/msDesc/physDesc/bindingDesc/binding/decoNote/origDate		
manuscripts	35.xml		/TEI/text/body/listBibl/msDesc/history/provenance/date		
manuscripts	35.xml		/TEI/text/body/listBibl/msDesc/history/acquisition/date		
manuscripts	350.xml	1000-1100	/TEI/text/body/listBibl/msDesc/physDesc/handDesc/handNote/origDate		
manuscripts	350.xml		/TEI/text/body/listBibl/msDesc/physDesc/bindingDesc/binding/decoNote/origDate		
manuscripts	350.xml		/TEI/text/body/listBibl/msDesc/history/provenance/date		
manuscripts	350.xml		/TEI/text/body/listBibl/msDesc/history/acquisition/date		
manuscripts	351.xml	1000-1100	/TEI/text/body/listBibl/msDesc/physDesc/handDesc/handNote/origDate		
manuscripts	351.xml		/TEI/text/body/listBibl/msDesc/physDesc/bindingDesc/binding/decoNote/origDate		
manuscripts	351.xml		/TEI/text/body/listBibl/msDesc/history/provenance/date		
manuscripts	351.xml		/TEI/text/body/listBibl/msDesc/history/acquisition/date		
manuscripts	353.xml	1000-1100	/TEI/text/body/listBibl/msDesc/physDesc/handDesc/handNote/origDate		
manuscripts	353.xml		/TEI/text/body/listBibl/msDesc/physDesc/bindingDesc/binding/decoNote/origDate		
manuscripts	353.xml		/TEI/text/body/listBibl/msDesc/history/provenance/date		
manuscripts	353.xml		/TEI/text/body/listBibl/msDesc/history/acquisition/date		
manuscripts	354.xml	1000(?)	/TEI/text/body/listBibl/msDesc/physDesc/handDesc/handNote/origDate		
manuscripts	354.xml		/TEI/text/body/listBibl/msDesc/physDesc/bindingDesc/binding/decoNote/origDate		
manuscripts	354.xml		/TEI/text/body/listBibl/msDesc/history/provenance/date		
manuscripts	354.xml		/TEI/text/body/listBibl/msDesc/history/acquisition/date		
manuscripts	355.xml		/TEI/text/body/listBibl/msDesc/physDesc/handDesc/handNote/origDate		
manuscripts	355.xml		/TEI/text/body/listBibl/msDesc/physDesc/bindingDesc/binding/decoNote/origDate		
manuscripts	355.xml		/TEI/text/body/listBibl/msDesc/history/provenance/date		
manuscripts	355.xml		/TEI/text/body/listBibl/msDesc/history/acquisition/date		
manuscripts	356.xml	1000-1200?	/TEI/text/body/listBibl/msDesc/physDesc/handDesc/handNote/origDate		
manuscripts	356.xml		/TEI/text/body/listBibl/msDesc/physDesc/bindingDesc/binding/decoNote/origDate		
manuscripts	356.xml		/TEI/text/body/listBibl/msDesc/history/provenance/date		
manuscripts	356.xml		/TEI/text/body/listBibl/msDesc/history/acquisition/date		
manuscripts	357.xml	1000-1100	/TEI/text/body/listBibl/msDesc/physDesc/handDesc/handNote/origDate		
manuscripts	357.xml		/TEI/text/body/listBibl/msDesc/physDesc/bindingDesc/binding/decoNote/origDate		
manuscripts	357.xml		/TEI/text/body/listBibl/msDesc/history/provenance/date		
manuscripts	357.xml		/TEI/text/body/listBibl/msDesc/history/acquisition/date		
manuscripts	358.xml	1000-1100	/TEI/text/body/listBibl/msDesc/physDesc/handDesc/handNote[1]/origDate		
manuscripts	358.xml		/TEI/text/body/listBibl/msDesc/physDesc/handDesc/handNote[2]/origDate	when	
manuscripts	358.xml		/TEI/text/body/listBibl/msDesc/physDesc/bindingDesc/binding/decoNote/origDate		
manuscripts	358.xml		/TEI/text/body/listBibl/msDesc/history/provenance/date		
manuscripts	358.xml		/TEI/text/body/listBibl/msDesc/history/acquisition/date		
manuscripts	359.xml	1023-4	/TEI/text/body/listBibl/msDesc/physDesc/handDesc/handNote/origDate		
manuscripts	359.xml		/TEI/text/body/listBibl/msDesc/physDesc/bindingDesc/binding/decoNote/origDate		
manuscripts	359.xml		/TEI/text/body/listBibl/msDesc/history/provenance/date		
manuscripts	359.xml		/TEI/text/body/listBibl/msDesc/history/acquisition/date		
manuscripts	36.xml		/TEI/text/body/listBibl/msDesc/physDesc/handDesc/handNote/origDate		
manuscripts	36.xml		/TEI/text/body/listBibl/msDesc/physDesc/bindingDesc/binding/decoNote/origDate		
manuscripts	36.xml		/TEI/text/body/listBibl/msDesc/history/provenance/date		
manuscripts	36.xml		/TEI/text/body/listBibl/msDesc/history/acquisition/date		
manuscripts	360.xml	1000-1100	/TEI/text/body/listBibl/msDesc/physDesc/handDesc/handNote/origDate	when	1020
manuscripts	360.xml		/TEI/text/body/listBibl/msDesc/physDesc/bindingDesc/binding/decoNote/origDate		
manuscripts	360.xml		/TEI/text/body/listBibl/msDesc/history/provenance/date		
manuscripts	360.xml		/TEI/text/body/listBibl/msDesc/history/acquisition/date		
manuscripts	361.xml	1048	/TEI/text/body/listBibl/msDesc/physDesc/handDesc/handNote/origDate		
manuscripts	361.xml		/TEI/text/body/listBibl/msDesc/physDesc/bindingDesc/binding/decoNote/origDate		
manuscripts	361.xml		/TEI/text/body/listBibl/msDesc/history/provenance/date		
manuscripts	361.xml		/TEI/text/body/listBibl/msDesc/history/acquisition/date		
manuscripts	362.xml		/TEI/text/body/listBibl/msDesc/physDesc/handDesc/handNote/origDate		
manuscripts	362.xml		/TEI/text/body/listBibl/msDesc/physDesc/bindingDesc/binding/decoNote/origDate		
manuscripts	362.xml		/TEI/text/body/listBibl/msDesc/history/provenance/date		
manuscripts	362.xml		/TEI/text/body/listBibl/msDesc/history/acquisition/date		
manuscripts	363.xml	1043	/TEI/text/body/listBibl/msDesc/physDesc/handDesc/handNote/origDate		
manuscripts	363.xml		/TEI/text/body/listBibl/msDesc/physDesc/bindingDesc/binding/decoNote/origDate		
manuscripts	363.xml		/TEI/text/body/listBibl/msDesc/history/provenance/date		
manuscripts	363.xml		/TEI/text/body/listBibl/msDesc/history/acquisition/date		
manuscripts	364.xml		/TEI/text/body/listBibl/msDesc/physDesc/handDesc/handNote/origDate		
manuscripts	364.xml		/TEI/text/body/listBibl/msDesc/physDesc/bindingDesc/binding/decoNote/origDate		
manuscripts	364.xml		/TEI/text/body/listBibl/msDesc/history/provenance/date		
manuscripts	364.xml		/TEI/text/body/listBibl/msDesc/history/acquisition/date		
manuscripts	365.xml		/TEI/text/body/listBibl/msDesc/physDesc/handDesc/handNote/origDate		
manuscripts	365.xml		/TEI/text/body/listBibl/msDesc/physDesc/bindingDesc/binding/decoNote/origDate		
manuscripts	365.xml		/TEI/text/body/listBibl/msDesc/history/provenance/date		
manuscripts	365.xml		/TEI/text/body/listBibl/msDesc/history/acquisition/date		
manuscripts	366.xml		/TEI/text/body/listBibl/msDesc/physDesc/handDesc/handNote[1]/origDate	when	1049
manuscripts	366.xml	1048	/TEI/text/body/listBibl/msDesc/physDesc/handDesc/handNote[2]/origDate		
manuscripts	366.xml		/TEI/text/body/listBibl/msDesc/physDesc/bindingDesc/binding/decoNote/origDate		
manuscripts	366.xml		/TEI/text/body/listBibl/msDesc/history/provenance/date		
manuscripts	366.xml		/TEI/text/body/listBibl/msDesc/history/acquisition/date		
manuscripts	367.xml	1017[?]	/TEI/text/body/listBibl/msDesc/physDesc/handDesc/handNote/origDate		
manuscripts	367.xml		/TEI/text/body/listBibl/msDesc/physDesc/bindingDesc/binding/decoNote/origDate		
manuscripts	367.xml		/TEI/text/body/listBibl/msDesc/history/provenance/date		
manuscripts	367.xml		/TEI/text/body/listBibl/msDesc/history/acquisition/date		
manuscripts	368.xml	"1000-1099
                                [FGP]; 1010 [FGP, Ktiv]"	/TEI/text/body/listBibl/msDesc/physDesc/handDesc/handNote/origDate		
manuscripts	368.xml		/TEI/text/body/listBibl/msDesc/physDesc/bindingDesc/binding/decoNote/origDate		
manuscripts	368.xml		/TEI/text/body/listBibl/msDesc/history/provenance/date		
manuscripts	368.xml		/TEI/text/body/listBibl/msDesc/history/acquisition/date		
manuscripts	369.xml	926	/TEI/text/body/listBibl/msDesc/physDesc/handDesc/handNote/origDate		
manuscripts	369.xml		/TEI/text/body/listBibl/msDesc/physDesc/bindingDesc/binding/decoNote/origDate		
manuscripts	369.xml		/TEI/text/body/listBibl/msDesc/history/provenance/date		
manuscripts	369.xml		/TEI/text/body/listBibl/msDesc/history/acquisition/date		
manuscripts	37.xml		/TEI/text/body/listBibl/msDesc/physDesc/handDesc/handNote/origDate[1]		
manuscripts	37.xml		/TEI/text/body/listBibl/msDesc/physDesc/handDesc/handNote/origDate[2]		
manuscripts	37.xml		/TEI/text/body/listBibl/msDesc/physDesc/bindingDesc/binding/decoNote/origDate		
manuscripts	37.xml		/TEI/text/body/listBibl/msDesc/history/provenance/date		
manuscripts	37.xml		/TEI/text/body/listBibl/msDesc/history/acquisition/date		
manuscripts	370.xml	"900 [FGP];
                                1016 [Ktiv]"	/TEI/text/body/listBibl/msDesc/physDesc/handDesc/handNote/origDate		
manuscripts	370.xml		/TEI/text/body/listBibl/msDesc/physDesc/bindingDesc/binding/decoNote/origDate		
manuscripts	370.xml		/TEI/text/body/listBibl/msDesc/history/provenance/date		
manuscripts	370.xml		/TEI/text/body/listBibl/msDesc/history/acquisition/date		
manuscripts	371.xml	943	/TEI/text/body/listBibl/msDesc/physDesc/handDesc/handNote/origDate		
manuscripts	371.xml		/TEI/text/body/listBibl/msDesc/physDesc/bindingDesc/binding/decoNote/origDate		
manuscripts	371.xml		/TEI/text/body/listBibl/msDesc/history/provenance/date		
manuscripts	371.xml		/TEI/text/body/listBibl/msDesc/history/acquisition/date		
manuscripts	372.xml	916	/TEI/text/body/listBibl/msDesc/physDesc/handDesc/handNote/origDate		
manuscripts	372.xml		/TEI/text/body/listBibl/msDesc/physDesc/bindingDesc/binding/decoNote/origDate		
manuscripts	372.xml		/TEI/text/body/listBibl/msDesc/history/provenance/date		
manuscripts	372.xml		/TEI/text/body/listBibl/msDesc/history/acquisition/date		
manuscripts	373.xml	1200-1400?	/TEI/text/body/listBibl/msDesc/physDesc/handDesc/handNote/origDate		
manuscripts	373.xml		/TEI/text/body/listBibl/msDesc/physDesc/bindingDesc/binding/decoNote/origDate		
manuscripts	373.xml		/TEI/text/body/listBibl/msDesc/history/provenance/date		
manuscripts	373.xml		/TEI/text/body/listBibl/msDesc/history/acquisition/date		
manuscripts	374.xml	1010	/TEI/text/body/listBibl/msDesc/physDesc/handDesc/handNote/origDate		
manuscripts	374.xml		/TEI/text/body/listBibl/msDesc/physDesc/bindingDesc/binding/decoNote/origDate		
manuscripts	374.xml		/TEI/text/body/listBibl/msDesc/history/provenance/date		
manuscripts	374.xml		/TEI/text/body/listBibl/msDesc/history/acquisition/date		
manuscripts	375.xml	0976 - 1050	/TEI/text/body/listBibl/msDesc/physDesc/handDesc/handNote/origDate		
manuscripts	375.xml		/TEI/text/body/listBibl/msDesc/physDesc/bindingDesc/binding/decoNote/origDate		
manuscripts	375.xml		/TEI/text/body/listBibl/msDesc/history/provenance/date		
manuscripts	375.xml		/TEI/text/body/listBibl/msDesc/history/acquisition/date		
manuscripts	376.xml	1008-9	/TEI/text/body/listBibl/msDesc/physDesc/handDesc/handNote/origDate		
manuscripts	376.xml		/TEI/text/body/listBibl/msDesc/physDesc/bindingDesc/binding/decoNote/origDate		
manuscripts	376.xml		/TEI/text/body/listBibl/msDesc/history/provenance/date		
manuscripts	376.xml		/TEI/text/body/listBibl/msDesc/history/acquisition/date		
manuscripts	377.xml		/TEI/text/body/listBibl/msDesc/physDesc/bindingDesc/binding/decoNote/origDate		
manuscripts	377.xml		/TEI/text/body/listBibl/msDesc/history/provenance/date		
manuscripts	377.xml		/TEI/text/body/listBibl/msDesc/history/acquisition/date		
manuscripts	378.xml	1030	/TEI/text/body/listBibl/msDesc/physDesc/handDesc/handNote/origDate		
manuscripts	378.xml		/TEI/text/body/listBibl/msDesc/physDesc/bindingDesc/binding/decoNote/origDate		
manuscripts	378.xml		/TEI/text/body/listBibl/msDesc/history/provenance/date		
manuscripts	378.xml		/TEI/text/body/listBibl/msDesc/history/acquisition/date		
manuscripts	379.xml	1000-1199	/TEI/text/body/listBibl/msDesc/physDesc/handDesc/handNote/origDate		
manuscripts	379.xml		/TEI/text/body/listBibl/msDesc/physDesc/bindingDesc/binding/decoNote/origDate		
manuscripts	379.xml		/TEI/text/body/listBibl/msDesc/history/provenance/date		
manuscripts	379.xml		/TEI/text/body/listBibl/msDesc/history/acquisition/date		
manuscripts	38.xml		/TEI/text/body/listBibl/msDesc/physDesc/handDesc/handNote/origDate		
manuscripts	38.xml		/TEI/text/body/listBibl/msDesc/physDesc/bindingDesc/binding/decoNote/origDate		
manuscripts	38.xml		/TEI/text/body/listBibl/msDesc/history/provenance/date		
manuscripts	38.xml		/TEI/text/body/listBibl/msDesc/history/acquisition/date		
manuscripts	380.xml	1000-1199	/TEI/text/body/listBibl/msDesc/physDesc/handDesc/handNote/origDate		
manuscripts	380.xml		/TEI/text/body/listBibl/msDesc/physDesc/bindingDesc/binding/decoNote/origDate		
manuscripts	380.xml		/TEI/text/body/listBibl/msDesc/history/provenance/date		
manuscripts	380.xml		/TEI/text/body/listBibl/msDesc/history/acquisition/date		
manuscripts	381.xml	1000-1199	/TEI/text/body/listBibl/msDesc/physDesc/handDesc/handNote/origDate		
manuscripts	381.xml		/TEI/text/body/listBibl/msDesc/physDesc/bindingDesc/binding/decoNote/origDate		
manuscripts	381.xml		/TEI/text/body/listBibl/msDesc/history/provenance/date		
manuscripts	381.xml		/TEI/text/body/listBibl/msDesc/history/acquisition/date		
manuscripts	382.xml	1000-1199	/TEI/text/body/listBibl/msDesc/physDesc/handDesc/handNote/origDate		
manuscripts	382.xml		/TEI/text/body/listBibl/msDesc/physDesc/bindingDesc/binding/decoNote/origDate		
manuscripts	382.xml		/TEI/text/body/listBibl/msDesc/history/provenance/date		
manuscripts	382.xml		/TEI/text/body/listBibl/msDesc/history/acquisition/date		
manuscripts	383.xml	1000-1199	/TEI/text/body/listBibl/msDesc/physDesc/handDesc/handNote/origDate		
manuscripts	383.xml		/TEI/text/body/listBibl/msDesc/physDesc/bindingDesc/binding/decoNote/origDate		
manuscripts	383.xml		/TEI/text/body/listBibl/msDesc/history/provenance/date		
manuscripts	383.xml		/TEI/text/body/listBibl/msDesc/history/acquisition/date		
manuscripts	384.xml	1000-1199	/TEI/text/body/listBibl/msDesc/physDesc/handDesc/handNote/origDate		
manuscripts	384.xml		/TEI/text/body/listBibl/msDesc/physDesc/bindingDesc/binding/decoNote/origDate		
manuscripts	384.xml		/TEI/text/body/listBibl/msDesc/history/provenance/date		
manuscripts	384.xml		/TEI/text/body/listBibl/msDesc/history/acquisition/date		
manuscripts	385.xml	1000-1199	/TEI/text/body/listBibl/msDesc/physDesc/handDesc/handNote/origDate		
manuscripts	385.xml		/TEI/text/body/listBibl/msDesc/physDesc/bindingDesc/binding/decoNote/origDate		
manuscripts	385.xml		/TEI/text/body/listBibl/msDesc/history/provenance/date		
manuscripts	385.xml		/TEI/text/body/listBibl/msDesc/history/acquisition/date		
manuscripts	386.xml	1000-1199	/TEI/text/body/listBibl/msDesc/physDesc/handDesc/handNote/origDate		
manuscripts	386.xml		/TEI/text/body/listBibl/msDesc/physDesc/bindingDesc/binding/decoNote/origDate		
manuscripts	386.xml		/TEI/text/body/listBibl/msDesc/history/provenance/date		
manuscripts	386.xml		/TEI/text/body/listBibl/msDesc/history/acquisition/date		
manuscripts	387.xml	1000-1199	/TEI/text/body/listBibl/msDesc/physDesc/handDesc/handNote/origDate		
manuscripts	387.xml		/TEI/text/body/listBibl/msDesc/physDesc/bindingDesc/binding/decoNote/origDate		
manuscripts	387.xml		/TEI/text/body/listBibl/msDesc/history/provenance/date		
manuscripts	387.xml		/TEI/text/body/listBibl/msDesc/history/acquisition/date		
manuscripts	388.xml	1000-1199	/TEI/text/body/listBibl/msDesc/physDesc/handDesc/handNote/origDate		
manuscripts	388.xml		/TEI/text/body/listBibl/msDesc/physDesc/bindingDesc/binding/decoNote/origDate		
manuscripts	388.xml		/TEI/text/body/listBibl/msDesc/history/provenance/date		
manuscripts	388.xml		/TEI/text/body/listBibl/msDesc/history/acquisition/date		
manuscripts	389.xml	1000-1199	/TEI/text/body/listBibl/msDesc/physDesc/handDesc/handNote/origDate		
manuscripts	389.xml		/TEI/text/body/listBibl/msDesc/physDesc/bindingDesc/binding/decoNote/origDate		
manuscripts	389.xml		/TEI/text/body/listBibl/msDesc/history/provenance/date		
manuscripts	389.xml		/TEI/text/body/listBibl/msDesc/history/acquisition/date		
manuscripts	39.xml		/TEI/text/body/listBibl/msDesc/physDesc/handDesc/handNote/origDate		
manuscripts	39.xml		/TEI/text/body/listBibl/msDesc/physDesc/bindingDesc/binding/decoNote/origDate		
manuscripts	39.xml		/TEI/text/body/listBibl/msDesc/history/provenance/date		
manuscripts	39.xml		/TEI/text/body/listBibl/msDesc/history/acquisition/date		
manuscripts	390.xml	1000-1199	/TEI/text/body/listBibl/msDesc/physDesc/handDesc/handNote/origDate		
manuscripts	390.xml		/TEI/text/body/listBibl/msDesc/physDesc/bindingDesc/binding/decoNote/origDate		
manuscripts	390.xml		/TEI/text/body/listBibl/msDesc/history/provenance/date		
manuscripts	390.xml		/TEI/text/body/listBibl/msDesc/history/acquisition/date		
manuscripts	391.xml	1000-1199	/TEI/text/body/listBibl/msDesc/physDesc/handDesc/handNote/origDate		
manuscripts	391.xml		/TEI/text/body/listBibl/msDesc/physDesc/bindingDesc/binding/decoNote/origDate		
manuscripts	391.xml		/TEI/text/body/listBibl/msDesc/history/provenance/date		
manuscripts	391.xml		/TEI/text/body/listBibl/msDesc/history/acquisition/date		
manuscripts	392.xml	1000-1199	/TEI/text/body/listBibl/msDesc/physDesc/handDesc/handNote/origDate		
manuscripts	392.xml		/TEI/text/body/listBibl/msDesc/physDesc/bindingDesc/binding/decoNote/origDate		
manuscripts	392.xml		/TEI/text/body/listBibl/msDesc/history/provenance/date		
manuscripts	392.xml		/TEI/text/body/listBibl/msDesc/history/acquisition/date		
manuscripts	393.xml	1000-1199	/TEI/text/body/listBibl/msDesc/physDesc/handDesc/handNote/origDate		
manuscripts	393.xml		/TEI/text/body/listBibl/msDesc/physDesc/bindingDesc/binding/decoNote/origDate		
manuscripts	393.xml		/TEI/text/body/listBibl/msDesc/history/provenance/date		
manuscripts	393.xml		/TEI/text/body/listBibl/msDesc/history/acquisition/date		
manuscripts	394.xml	1000-1199	/TEI/text/body/listBibl/msDesc/physDesc/handDesc/handNote/origDate		
manuscripts	394.xml		/TEI/text/body/listBibl/msDesc/physDesc/bindingDesc/binding/decoNote/origDate		
manuscripts	394.xml		/TEI/text/body/listBibl/msDesc/history/provenance/date		
manuscripts	394.xml		/TEI/text/body/listBibl/msDesc/history/acquisition/date		
manuscripts	395.xml	1000-1199	/TEI/text/body/listBibl/msDesc/physDesc/handDesc/handNote/origDate		
manuscripts	395.xml		/TEI/text/body/listBibl/msDesc/physDesc/bindingDesc/binding/decoNote/origDate		
manuscripts	395.xml		/TEI/text/body/listBibl/msDesc/history/provenance/date		
manuscripts	395.xml		/TEI/text/body/listBibl/msDesc/history/acquisition/date		
manuscripts	396.xml	1000-1199	/TEI/text/body/listBibl/msDesc/physDesc/handDesc/handNote/origDate		
manuscripts	396.xml		/TEI/text/body/listBibl/msDesc/physDesc/bindingDesc/binding/decoNote/origDate		
manuscripts	396.xml		/TEI/text/body/listBibl/msDesc/history/provenance/date		
manuscripts	396.xml		/TEI/text/body/listBibl/msDesc/history/acquisition/date		
manuscripts	397.xml	1000-1199	/TEI/text/body/listBibl/msDesc/physDesc/handDesc/handNote/origDate		
manuscripts	397.xml		/TEI/text/body/listBibl/msDesc/physDesc/bindingDesc/binding/decoNote/origDate		
manuscripts	397.xml		/TEI/text/body/listBibl/msDesc/history/provenance/date		
manuscripts	397.xml		/TEI/text/body/listBibl/msDesc/history/acquisition/date		
manuscripts	398.xml	1000-1199	/TEI/text/body/listBibl/msDesc/physDesc/handDesc/handNote/origDate		
manuscripts	398.xml		/TEI/text/body/listBibl/msDesc/physDesc/bindingDesc/binding/decoNote/origDate		
manuscripts	398.xml		/TEI/text/body/listBibl/msDesc/history/provenance/date		
manuscripts	398.xml		/TEI/text/body/listBibl/msDesc/history/acquisition/date		
manuscripts	399.xml	1000-1199	/TEI/text/body/listBibl/msDesc/physDesc/handDesc/handNote/origDate		
manuscripts	399.xml		/TEI/text/body/listBibl/msDesc/physDesc/bindingDesc/binding/decoNote/origDate		
manuscripts	399.xml		/TEI/text/body/listBibl/msDesc/history/provenance/date		
manuscripts	399.xml		/TEI/text/body/listBibl/msDesc/history/acquisition/date		
manuscripts	4.xml	המחצית השנייה של המאה האחת עשרה?	/TEI/text/body/listBibl/msDesc/physDesc/handDesc/handNote/origDate		
manuscripts	4.xml		/TEI/text/body/listBibl/msDesc/physDesc/bindingDesc/binding/decoNote/origDate		
manuscripts	4.xml		/TEI/text/body/listBibl/msDesc/history/provenance/date		
manuscripts	4.xml		/TEI/text/body/listBibl/msDesc/history/acquisition/date		
manuscripts	40.xml		/TEI/text/body/listBibl/msDesc/physDesc/handDesc/handNote/origDate		
manuscripts	40.xml		/TEI/text/body/listBibl/msDesc/physDesc/bindingDesc/binding/decoNote/origDate		
manuscripts	40.xml		/TEI/text/body/listBibl/msDesc/history/provenance/date		
manuscripts	40.xml		/TEI/text/body/listBibl/msDesc/history/acquisition/date		
manuscripts	400.xml	1000-1199	/TEI/text/body/listBibl/msDesc/physDesc/handDesc/handNote/origDate		
manuscripts	400.xml		/TEI/text/body/listBibl/msDesc/physDesc/bindingDesc/binding/decoNote/origDate		
manuscripts	400.xml		/TEI/text/body/listBibl/msDesc/history/provenance/date		
manuscripts	400.xml		/TEI/text/body/listBibl/msDesc/history/acquisition/date		
manuscripts	401.xml	1000-1199	/TEI/text/body/listBibl/msDesc/physDesc/handDesc/handNote/origDate		
manuscripts	401.xml		/TEI/text/body/listBibl/msDesc/physDesc/bindingDesc/binding/decoNote/origDate		
manuscripts	401.xml		/TEI/text/body/listBibl/msDesc/history/provenance/date		
manuscripts	401.xml		/TEI/text/body/listBibl/msDesc/history/acquisition/date		
manuscripts	402.xml	1000-1199	/TEI/text/body/listBibl/msDesc/physDesc/handDesc/handNote/origDate		
manuscripts	402.xml		/TEI/text/body/listBibl/msDesc/physDesc/bindingDesc/binding/decoNote/origDate		
manuscripts	402.xml		/TEI/text/body/listBibl/msDesc/history/provenance/date		
manuscripts	402.xml		/TEI/text/body/listBibl/msDesc/history/acquisition/date		
manuscripts	403.xml	1000-1199	/TEI/text/body/listBibl/msDesc/physDesc/handDesc/handNote/origDate		
manuscripts	403.xml		/TEI/text/body/listBibl/msDesc/physDesc/bindingDesc/binding/decoNote/origDate		
manuscripts	403.xml		/TEI/text/body/listBibl/msDesc/history/provenance/date		
manuscripts	403.xml		/TEI/text/body/listBibl/msDesc/history/acquisition/date		
manuscripts	405.xml		/TEI/text/body/listBibl/msDesc/physDesc/handDesc/handNote/origDate		
manuscripts	405.xml		/TEI/text/body/listBibl/msDesc/physDesc/bindingDesc/binding/decoNote/origDate		
manuscripts	405.xml		/TEI/text/body/listBibl/msDesc/history/provenance/date		
manuscripts	405.xml		/TEI/text/body/listBibl/msDesc/history/acquisition/date		
manuscripts	406.xml		/TEI/text/body/listBibl/msDesc/physDesc/handDesc/handNote/origDate		
manuscripts	406.xml		/TEI/text/body/listBibl/msDesc/physDesc/bindingDesc/binding/decoNote/origDate		
manuscripts	406.xml		/TEI/text/body/listBibl/msDesc/history/provenance/date		
manuscripts	406.xml		/TEI/text/body/listBibl/msDesc/history/acquisition/date		
manuscripts	407.xml		/TEI/text/body/listBibl/msDesc/physDesc/handDesc/handNote/origDate		
manuscripts	407.xml		/TEI/text/body/listBibl/msDesc/physDesc/bindingDesc/binding/decoNote/origDate		
manuscripts	407.xml		/TEI/text/body/listBibl/msDesc/history/provenance/date		
manuscripts	407.xml		/TEI/text/body/listBibl/msDesc/history/acquisition/date		
manuscripts	408.xml	1030	/TEI/text/body/listBibl/msDesc/physDesc/handDesc/handNote/origDate		
manuscripts	408.xml		/TEI/text/body/listBibl/msDesc/physDesc/bindingDesc/binding/decoNote/origDate		
manuscripts	408.xml		/TEI/text/body/listBibl/msDesc/history/provenance/date		
manuscripts	408.xml		/TEI/text/body/listBibl/msDesc/history/acquisition/date		
manuscripts	409.xml		/TEI/text/body/listBibl/msDesc/physDesc/handDesc/handNote/origDate		
manuscripts	409.xml		/TEI/text/body/listBibl/msDesc/physDesc/bindingDesc/binding/decoNote/origDate		
manuscripts	409.xml		/TEI/text/body/listBibl/msDesc/history/provenance/date		
manuscripts	409.xml		/TEI/text/body/listBibl/msDesc/history/acquisition/date		
manuscripts	41.xml		/TEI/text/body/listBibl/msDesc/physDesc/handDesc/handNote/origDate		
manuscripts	41.xml		/TEI/text/body/listBibl/msDesc/physDesc/bindingDesc/binding/decoNote/origDate		
manuscripts	41.xml		/TEI/text/body/listBibl/msDesc/history/provenance/date		
manuscripts	41.xml		/TEI/text/body/listBibl/msDesc/history/acquisition/date		
manuscripts	410.xml		/TEI/text/body/listBibl/msDesc/physDesc/handDesc/handNote/origDate		
manuscripts	410.xml		/TEI/text/body/listBibl/msDesc/physDesc/bindingDesc/binding/decoNote/origDate		
manuscripts	410.xml		/TEI/text/body/listBibl/msDesc/history/provenance/date		
manuscripts	410.xml		/TEI/text/body/listBibl/msDesc/history/acquisition/date		
manuscripts	411.xml	1017 [408]	/TEI/text/body/listBibl/msDesc/physDesc/handDesc/handNote/origDate		
manuscripts	411.xml		/TEI/text/body/listBibl/msDesc/physDesc/bindingDesc/binding/decoNote/origDate		
manuscripts	411.xml		/TEI/text/body/listBibl/msDesc/history/provenance/date		
manuscripts	411.xml		/TEI/text/body/listBibl/msDesc/history/acquisition/date		
manuscripts	412.xml		/TEI/text/body/listBibl/msDesc/physDesc/handDesc/handNote/origDate		
manuscripts	412.xml		/TEI/text/body/listBibl/msDesc/physDesc/bindingDesc/binding/decoNote/origDate		
manuscripts	412.xml		/TEI/text/body/listBibl/msDesc/history/provenance/date		
manuscripts	412.xml		/TEI/text/body/listBibl/msDesc/history/acquisition/date		
manuscripts	413.xml		/TEI/text/body/listBibl/msDesc/physDesc/handDesc/handNote/origDate		
manuscripts	413.xml		/TEI/text/body/listBibl/msDesc/physDesc/bindingDesc/binding/decoNote/origDate		
manuscripts	413.xml		/TEI/text/body/listBibl/msDesc/history/provenance/date		
manuscripts	413.xml		/TEI/text/body/listBibl/msDesc/history/acquisition/date		
manuscripts	414.xml		/TEI/text/body/listBibl/msDesc/physDesc/handDesc/handNote/origDate		
manuscripts	414.xml		/TEI/text/body/listBibl/msDesc/physDesc/bindingDesc/binding/decoNote/origDate		
manuscripts	414.xml		/TEI/text/body/listBibl/msDesc/history/provenance/date		
manuscripts	414.xml		/TEI/text/body/listBibl/msDesc/history/acquisition/date		
manuscripts	415.xml		/TEI/text/body/listBibl/msDesc/physDesc/handDesc/handNote/origDate		
manuscripts	415.xml		/TEI/text/body/listBibl/msDesc/physDesc/bindingDesc/binding/decoNote/origDate		
manuscripts	415.xml		/TEI/text/body/listBibl/msDesc/history/provenance/date		
manuscripts	415.xml		/TEI/text/body/listBibl/msDesc/history/acquisition/date		
manuscripts	416.xml		/TEI/text/body/listBibl/msDesc/physDesc/handDesc/handNote/origDate		
manuscripts	416.xml		/TEI/text/body/listBibl/msDesc/physDesc/bindingDesc/binding/decoNote/origDate		
manuscripts	416.xml		/TEI/text/body/listBibl/msDesc/history/provenance/date		
manuscripts	416.xml		/TEI/text/body/listBibl/msDesc/history/acquisition/date		
manuscripts	417.xml		/TEI/text/body/listBibl/msDesc/physDesc/handDesc/handNote/origDate		
manuscripts	417.xml		/TEI/text/body/listBibl/msDesc/physDesc/bindingDesc/binding/decoNote/origDate		
manuscripts	417.xml		/TEI/text/body/listBibl/msDesc/history/provenance/date		
manuscripts	417.xml		/TEI/text/body/listBibl/msDesc/history/acquisition/date		
manuscripts	418.xml		/TEI/text/body/listBibl/msDesc/physDesc/handDesc/handNote/origDate		
manuscripts	418.xml		/TEI/text/body/listBibl/msDesc/physDesc/bindingDesc/binding/decoNote/origDate		
manuscripts	418.xml		/TEI/text/body/listBibl/msDesc/history/provenance/date		
manuscripts	418.xml		/TEI/text/body/listBibl/msDesc/history/acquisition/date		
manuscripts	419.xml		/TEI/text/body/listBibl/msDesc/physDesc/handDesc/handNote/origDate		
manuscripts	419.xml		/TEI/text/body/listBibl/msDesc/physDesc/bindingDesc/binding/decoNote/origDate		
manuscripts	419.xml		/TEI/text/body/listBibl/msDesc/history/provenance/date		
manuscripts	419.xml		/TEI/text/body/listBibl/msDesc/history/acquisition/date		
manuscripts	42.xml		/TEI/text/body/listBibl/msDesc/physDesc/handDesc/handNote/origDate		
manuscripts	42.xml		/TEI/text/body/listBibl/msDesc/physDesc/bindingDesc/binding/decoNote/origDate		
manuscripts	42.xml		/TEI/text/body/listBibl/msDesc/history/provenance/date		
manuscripts	42.xml		/TEI/text/body/listBibl/msDesc/history/acquisition/date		
manuscripts	420.xml		/TEI/text/body/listBibl/msDesc/physDesc/handDesc/handNote/origDate		
manuscripts	420.xml		/TEI/text/body/listBibl/msDesc/physDesc/bindingDesc/binding/decoNote/origDate		
manuscripts	420.xml		/TEI/text/body/listBibl/msDesc/history/provenance/date		
manuscripts	420.xml		/TEI/text/body/listBibl/msDesc/history/acquisition/date		
manuscripts	421.xml		/TEI/text/body/listBibl/msDesc/physDesc/handDesc/handNote/origDate		
manuscripts	421.xml		/TEI/text/body/listBibl/msDesc/physDesc/bindingDesc/binding/decoNote/origDate		
manuscripts	421.xml		/TEI/text/body/listBibl/msDesc/history/provenance/date		
manuscripts	421.xml		/TEI/text/body/listBibl/msDesc/history/acquisition/date		
manuscripts	422.xml		/TEI/text/body/listBibl/msDesc/physDesc/handDesc/handNote/origDate	from; to	1021; 1023
manuscripts	422.xml		/TEI/text/body/listBibl/msDesc/physDesc/bindingDesc/binding/decoNote/origDate		
manuscripts	422.xml		/TEI/text/body/listBibl/msDesc/history/provenance/date		
manuscripts	422.xml		/TEI/text/body/listBibl/msDesc/history/acquisition/date		
manuscripts	423.xml		/TEI/text/body/listBibl/msDesc/physDesc/handDesc/handNote/origDate		
manuscripts	423.xml		/TEI/text/body/listBibl/msDesc/physDesc/bindingDesc/binding/decoNote/origDate		
manuscripts	423.xml		/TEI/text/body/listBibl/msDesc/history/provenance/date		
manuscripts	423.xml		/TEI/text/body/listBibl/msDesc/history/acquisition/date		
manuscripts	424.xml		/TEI/text/body/listBibl/msDesc/physDesc/handDesc/handNote/origDate		
manuscripts	424.xml		/TEI/text/body/listBibl/msDesc/physDesc/bindingDesc/binding/decoNote/origDate		
manuscripts	424.xml		/TEI/text/body/listBibl/msDesc/history/provenance/date		
manuscripts	424.xml		/TEI/text/body/listBibl/msDesc/history/acquisition/date		
manuscripts	425.xml		/TEI/text/body/listBibl/msDesc/physDesc/handDesc/handNote/origDate		
manuscripts	425.xml		/TEI/text/body/listBibl/msDesc/physDesc/bindingDesc/binding/decoNote/origDate		
manuscripts	425.xml		/TEI/text/body/listBibl/msDesc/history/provenance/date		
manuscripts	425.xml		/TEI/text/body/listBibl/msDesc/history/acquisition/date		
manuscripts	426.xml	1100-1300?	/TEI/text/body/listBibl/msDesc/physDesc/handDesc/handNote/origDate		
manuscripts	426.xml		/TEI/text/body/listBibl/msDesc/physDesc/bindingDesc/binding/decoNote/origDate		
manuscripts	426.xml		/TEI/text/body/listBibl/msDesc/history/provenance/date		
manuscripts	426.xml		/TEI/text/body/listBibl/msDesc/history/acquisition/date		
manuscripts	428.xml		/TEI/text/body/listBibl/msDesc/physDesc/bindingDesc/binding/decoNote/origDate		
manuscripts	428.xml		/TEI/text/body/listBibl/msDesc/history/provenance/date		
manuscripts	428.xml		/TEI/text/body/listBibl/msDesc/history/acquisition/date		
manuscripts	429.xml		/TEI/text/body/listBibl/msDesc/physDesc/bindingDesc/binding/decoNote/origDate		
manuscripts	429.xml		/TEI/text/body/listBibl/msDesc/history/provenance/date		
manuscripts	429.xml		/TEI/text/body/listBibl/msDesc/history/acquisition/date		
manuscripts	43.xml		/TEI/text/body/listBibl/msDesc/physDesc/handDesc/handNote/origDate		
manuscripts	43.xml		/TEI/text/body/listBibl/msDesc/physDesc/bindingDesc/binding/decoNote/origDate		
manuscripts	43.xml		/TEI/text/body/listBibl/msDesc/history/provenance/date		
manuscripts	43.xml		/TEI/text/body/listBibl/msDesc/history/acquisition/date		
manuscripts	430.xml		/TEI/text/body/listBibl/msDesc/physDesc/bindingDesc/binding/decoNote/origDate		
manuscripts	430.xml		/TEI/text/body/listBibl/msDesc/history/provenance/date		
manuscripts	430.xml		/TEI/text/body/listBibl/msDesc/history/acquisition/date		
manuscripts	431.xml		/TEI/text/body/listBibl/msDesc/physDesc/bindingDesc/binding/decoNote/origDate		
manuscripts	431.xml		/TEI/text/body/listBibl/msDesc/history/provenance/date		
manuscripts	431.xml		/TEI/text/body/listBibl/msDesc/history/acquisition/date		
manuscripts	432.xml		/TEI/text/body/listBibl/msDesc/physDesc/bindingDesc/binding/decoNote/origDate		
manuscripts	432.xml		/TEI/text/body/listBibl/msDesc/history/provenance/date		
manuscripts	432.xml		/TEI/text/body/listBibl/msDesc/history/acquisition/date		
manuscripts	434.xml		/TEI/text/body/listBibl/msDesc/physDesc/bindingDesc/binding/decoNote/origDate		
manuscripts	434.xml		/TEI/text/body/listBibl/msDesc/history/provenance/date		
manuscripts	434.xml		/TEI/text/body/listBibl/msDesc/history/acquisition/date		
manuscripts	435.xml		/TEI/text/body/listBibl/msDesc/physDesc/bindingDesc/binding/decoNote/origDate		
manuscripts	435.xml		/TEI/text/body/listBibl/msDesc/history/provenance/date		
manuscripts	435.xml		/TEI/text/body/listBibl/msDesc/history/acquisition/date		
manuscripts	436.xml	early 11th c.	/TEI/text/body/listBibl/msDesc/physDesc/handDesc/handNote/origDate		
manuscripts	436.xml		/TEI/text/body/listBibl/msDesc/physDesc/bindingDesc/binding/decoNote/origDate		
manuscripts	436.xml		/TEI/text/body/listBibl/msDesc/history/provenance/date		
manuscripts	436.xml		/TEI/text/body/listBibl/msDesc/history/acquisition/date		
manuscripts	437.xml	early 11th c.	/TEI/text/body/listBibl/msDesc/physDesc/handDesc/handNote/origDate		
manuscripts	437.xml		/TEI/text/body/listBibl/msDesc/physDesc/bindingDesc/binding/decoNote/origDate		
manuscripts	437.xml		/TEI/text/body/listBibl/msDesc/history/provenance/date		
manuscripts	437.xml		/TEI/text/body/listBibl/msDesc/history/acquisition/date		
manuscripts	439.xml	early 11th c.	/TEI/text/body/listBibl/msDesc/physDesc/handDesc/handNote/origDate		
manuscripts	439.xml		/TEI/text/body/listBibl/msDesc/physDesc/bindingDesc/binding/decoNote/origDate		
manuscripts	439.xml		/TEI/text/body/listBibl/msDesc/history/provenance/date		
manuscripts	439.xml		/TEI/text/body/listBibl/msDesc/history/acquisition/date		
manuscripts	44.xml		/TEI/text/body/listBibl/msDesc/physDesc/handDesc/handNote/origDate		
manuscripts	44.xml		/TEI/text/body/listBibl/msDesc/physDesc/bindingDesc/binding/decoNote/origDate		
manuscripts	44.xml		/TEI/text/body/listBibl/msDesc/history/provenance/date		
manuscripts	44.xml		/TEI/text/body/listBibl/msDesc/history/acquisition/date		
manuscripts	440.xml	early 11th c.	/TEI/text/body/listBibl/msDesc/physDesc/handDesc/handNote/origDate		
manuscripts	440.xml		/TEI/text/body/listBibl/msDesc/physDesc/bindingDesc/binding/decoNote/origDate		
manuscripts	440.xml		/TEI/text/body/listBibl/msDesc/history/provenance/date		
manuscripts	440.xml		/TEI/text/body/listBibl/msDesc/history/acquisition/date		
manuscripts	441.xml	early 11th c.	/TEI/text/body/listBibl/msDesc/physDesc/handDesc/handNote/origDate		
manuscripts	441.xml		/TEI/text/body/listBibl/msDesc/physDesc/bindingDesc/binding/decoNote/origDate		
manuscripts	441.xml		/TEI/text/body/listBibl/msDesc/history/provenance/date		
manuscripts	441.xml		/TEI/text/body/listBibl/msDesc/history/acquisition/date		
manuscripts	442.xml	early 11th c.	/TEI/text/body/listBibl/msDesc/physDesc/handDesc/handNote/origDate		
manuscripts	442.xml		/TEI/text/body/listBibl/msDesc/physDesc/bindingDesc/binding/decoNote/origDate		
manuscripts	442.xml		/TEI/text/body/listBibl/msDesc/history/provenance/date		
manuscripts	442.xml		/TEI/text/body/listBibl/msDesc/history/acquisition/date		
manuscripts	443.xml	early 11th c.	/TEI/text/body/listBibl/msDesc/physDesc/handDesc/handNote/origDate		
manuscripts	443.xml		/TEI/text/body/listBibl/msDesc/physDesc/bindingDesc/binding/decoNote/origDate		
manuscripts	443.xml		/TEI/text/body/listBibl/msDesc/history/provenance/date		
manuscripts	443.xml		/TEI/text/body/listBibl/msDesc/history/acquisition/date		
manuscripts	445.xml	early 11th c.	/TEI/text/body/listBibl/msDesc/physDesc/handDesc/handNote/origDate		
manuscripts	445.xml		/TEI/text/body/listBibl/msDesc/physDesc/bindingDesc/binding/decoNote/origDate		
manuscripts	445.xml		/TEI/text/body/listBibl/msDesc/history/provenance/date		
manuscripts	445.xml		/TEI/text/body/listBibl/msDesc/history/acquisition/date		
manuscripts	446.xml		/TEI/text/body/listBibl/msDesc/physDesc/bindingDesc/binding/decoNote/origDate		
manuscripts	446.xml		/TEI/text/body/listBibl/msDesc/history/provenance/date		
manuscripts	446.xml		/TEI/text/body/listBibl/msDesc/history/acquisition/date		
manuscripts	448.xml	early 11th c.	/TEI/text/body/listBibl/msDesc/physDesc/handDesc/handNote/origDate		
manuscripts	448.xml		/TEI/text/body/listBibl/msDesc/physDesc/bindingDesc/binding/decoNote/origDate		
manuscripts	448.xml		/TEI/text/body/listBibl/msDesc/history/provenance/date		
manuscripts	448.xml		/TEI/text/body/listBibl/msDesc/history/acquisition/date		
manuscripts	449.xml	early 11th c.	/TEI/text/body/listBibl/msDesc/physDesc/handDesc/handNote/origDate		
manuscripts	449.xml		/TEI/text/body/listBibl/msDesc/physDesc/bindingDesc/binding/decoNote/origDate		
manuscripts	449.xml		/TEI/text/body/listBibl/msDesc/history/provenance/date		
manuscripts	449.xml		/TEI/text/body/listBibl/msDesc/history/acquisition/date		
manuscripts	45.xml		/TEI/text/body/listBibl/msDesc/physDesc/handDesc/handNote/origDate		
manuscripts	45.xml		/TEI/text/body/listBibl/msDesc/physDesc/bindingDesc/binding/decoNote/origDate		
manuscripts	45.xml		/TEI/text/body/listBibl/msDesc/history/provenance/date		
manuscripts	45.xml		/TEI/text/body/listBibl/msDesc/history/acquisition/date		
manuscripts	451.xml	1004-5 [395]	/TEI/text/body/listBibl/msDesc/physDesc/handDesc/handNote/origDate		
manuscripts	451.xml		/TEI/text/body/listBibl/msDesc/physDesc/bindingDesc/binding/decoNote/origDate		
manuscripts	451.xml		/TEI/text/body/listBibl/msDesc/history/provenance/date		
manuscripts	451.xml		/TEI/text/body/listBibl/msDesc/history/acquisition/date		
manuscripts	452.xml	1004-5 [395]	/TEI/text/body/listBibl/msDesc/physDesc/handDesc/handNote/origDate		
manuscripts	452.xml		/TEI/text/body/listBibl/msDesc/physDesc/bindingDesc/binding/decoNote/origDate		
manuscripts	452.xml		/TEI/text/body/listBibl/msDesc/history/provenance/date		
manuscripts	452.xml		/TEI/text/body/listBibl/msDesc/history/acquisition/date		
manuscripts	454.xml		/TEI/text/body/listBibl/msDesc/physDesc/bindingDesc/binding/decoNote/origDate		
manuscripts	454.xml		/TEI/text/body/listBibl/msDesc/history/provenance/date		
manuscripts	454.xml		/TEI/text/body/listBibl/msDesc/history/acquisition/date		
manuscripts	455.xml		/TEI/text/body/listBibl/msDesc/physDesc/bindingDesc/binding/decoNote/origDate		
manuscripts	455.xml		/TEI/text/body/listBibl/msDesc/history/provenance/date		
manuscripts	455.xml		/TEI/text/body/listBibl/msDesc/history/acquisition/date		
manuscripts	456.xml		/TEI/text/body/listBibl/msDesc/physDesc/bindingDesc/binding/decoNote/origDate		
manuscripts	456.xml		/TEI/text/body/listBibl/msDesc/history/provenance/date		
manuscripts	456.xml		/TEI/text/body/listBibl/msDesc/history/acquisition/date		
manuscripts	457.xml		/TEI/text/body/listBibl/msDesc/physDesc/handDesc/handNote/origDate		
manuscripts	457.xml		/TEI/text/body/listBibl/msDesc/physDesc/bindingDesc/binding/decoNote/origDate		
manuscripts	457.xml		/TEI/text/body/listBibl/msDesc/history/provenance/date		
manuscripts	457.xml		/TEI/text/body/listBibl/msDesc/history/acquisition/date		
manuscripts	458.xml	1021	/TEI/text/body/listBibl/msDesc/physDesc/handDesc/handNote/origDate	when	1021
manuscripts	458.xml		/TEI/text/body/listBibl/msDesc/physDesc/bindingDesc/binding/decoNote/origDate		
manuscripts	458.xml		/TEI/text/body/listBibl/msDesc/history/provenance/date		
manuscripts	458.xml		/TEI/text/body/listBibl/msDesc/history/acquisition/date		
manuscripts	459.xml	10th c. (?)	/TEI/text/body/listBibl/msDesc/physDesc/handDesc/handNote/origDate		
manuscripts	459.xml		/TEI/text/body/listBibl/msDesc/physDesc/bindingDesc/binding/decoNote/origDate		
manuscripts	459.xml		/TEI/text/body/listBibl/msDesc/history/provenance/date		
manuscripts	459.xml		/TEI/text/body/listBibl/msDesc/history/acquisition/date		
manuscripts	46.xml		/TEI/text/body/listBibl/msDesc/physDesc/handDesc/handNote/origDate		
manuscripts	46.xml		/TEI/text/body/listBibl/msDesc/physDesc/bindingDesc/binding/decoNote/origDate		
manuscripts	46.xml		/TEI/text/body/listBibl/msDesc/history/provenance/date		
manuscripts	46.xml		/TEI/text/body/listBibl/msDesc/history/acquisition/date		
manuscripts	460.xml	1008	/TEI/text/body/listBibl/msDesc/physDesc/handDesc/handNote/origDate		
manuscripts	460.xml		/TEI/text/body/listBibl/msDesc/physDesc/bindingDesc/binding/decoNote/origDate		
manuscripts	460.xml		/TEI/text/body/listBibl/msDesc/history/provenance/date		
manuscripts	460.xml		/TEI/text/body/listBibl/msDesc/history/acquisition/date		
manuscripts	461.xml	1028	/TEI/text/body/listBibl/msDesc/physDesc/handDesc/handNote/origDate		
manuscripts	461.xml		/TEI/text/body/listBibl/msDesc/physDesc/bindingDesc/binding/decoNote/origDate		
manuscripts	461.xml		/TEI/text/body/listBibl/msDesc/history/provenance/date		
manuscripts	461.xml		/TEI/text/body/listBibl/msDesc/history/acquisition/date		
manuscripts	462.xml	"930 [ד'תר""צ]"	/TEI/text/body/listBibl/msDesc/physDesc/handDesc/handNote/origDate		
manuscripts	462.xml		/TEI/text/body/listBibl/msDesc/physDesc/bindingDesc/binding/decoNote/origDate		
manuscripts	462.xml		/TEI/text/body/listBibl/msDesc/history/provenance/date		
manuscripts	462.xml		/TEI/text/body/listBibl/msDesc/history/acquisition/date		
manuscripts	463.xml	1045	/TEI/text/body/listBibl/msDesc/physDesc/handDesc/handNote/origDate		
manuscripts	463.xml		/TEI/text/body/listBibl/msDesc/physDesc/bindingDesc/binding/decoNote/origDate		
manuscripts	463.xml		/TEI/text/body/listBibl/msDesc/history/provenance/date		
manuscripts	463.xml		/TEI/text/body/listBibl/msDesc/history/acquisition/date		
manuscripts	464.xml		/TEI/text/body/listBibl/msDesc/physDesc/handDesc/handNote/origDate		
manuscripts	464.xml		/TEI/text/body/listBibl/msDesc/physDesc/bindingDesc/binding/decoNote/origDate		
manuscripts	464.xml		/TEI/text/body/listBibl/msDesc/history/provenance/date		
manuscripts	464.xml		/TEI/text/body/listBibl/msDesc/history/acquisition/date		
manuscripts	465.xml	1004-1005 [395]	/TEI/text/body/listBibl/msDesc/physDesc/handDesc/handNote/origDate		
manuscripts	465.xml		/TEI/text/body/listBibl/msDesc/physDesc/bindingDesc/binding/decoNote/origDate		
manuscripts	465.xml		/TEI/text/body/listBibl/msDesc/history/provenance/date		
manuscripts	465.xml		/TEI/text/body/listBibl/msDesc/history/acquisition/date		
manuscripts	466.xml		/TEI/text/body/listBibl/msDesc/physDesc/bindingDesc/binding/decoNote/origDate		
manuscripts	466.xml		/TEI/text/body/listBibl/msDesc/history/provenance/date		
manuscripts	466.xml		/TEI/text/body/listBibl/msDesc/history/acquisition/date		
manuscripts	467.xml		/TEI/text/body/listBibl/msDesc/physDesc/bindingDesc/binding/decoNote/origDate		
manuscripts	467.xml		/TEI/text/body/listBibl/msDesc/history/provenance/date		
manuscripts	467.xml		/TEI/text/body/listBibl/msDesc/history/acquisition/date		
manuscripts	468.xml		/TEI/text/body/listBibl/msDesc/physDesc/bindingDesc/binding/decoNote/origDate		
manuscripts	468.xml		/TEI/text/body/listBibl/msDesc/history/provenance/date		
manuscripts	468.xml		/TEI/text/body/listBibl/msDesc/history/acquisition/date		
manuscripts	47.xml		/TEI/text/body/listBibl/msDesc/physDesc/handDesc/handNote/origDate		
manuscripts	47.xml		/TEI/text/body/listBibl/msDesc/physDesc/bindingDesc/binding/decoNote/origDate		
manuscripts	47.xml		/TEI/text/body/listBibl/msDesc/history/provenance/date		
manuscripts	47.xml		/TEI/text/body/listBibl/msDesc/history/acquisition/date		
manuscripts	470.xml	1017-1019 / 1027	/TEI/text/body/listBibl/msDesc/physDesc/handDesc/handNote/origDate		
manuscripts	470.xml		/TEI/text/body/listBibl/msDesc/physDesc/bindingDesc/binding/decoNote/origDate		
manuscripts	470.xml		/TEI/text/body/listBibl/msDesc/history/provenance/date		
manuscripts	470.xml		/TEI/text/body/listBibl/msDesc/history/acquisition/date		
manuscripts	471.xml		/TEI/text/body/listBibl/msDesc/physDesc/bindingDesc/binding/decoNote/origDate		
manuscripts	471.xml		/TEI/text/body/listBibl/msDesc/history/provenance/date		
manuscripts	471.xml		/TEI/text/body/listBibl/msDesc/history/acquisition/date		
manuscripts	472.xml	1019	/TEI/text/body/listBibl/msDesc/physDesc/handDesc/handNote/origDate		
manuscripts	472.xml		/TEI/text/body/listBibl/msDesc/physDesc/bindingDesc/binding/decoNote/origDate		
manuscripts	472.xml		/TEI/text/body/listBibl/msDesc/history/provenance/date		
manuscripts	472.xml		/TEI/text/body/listBibl/msDesc/history/acquisition/date		
manuscripts	474.xml		/TEI/text/body/listBibl/msDesc/physDesc/bindingDesc/binding/decoNote/origDate		
manuscripts	474.xml		/TEI/text/body/listBibl/msDesc/history/provenance/date		
manuscripts	474.xml		/TEI/text/body/listBibl/msDesc/history/acquisition/date		
manuscripts	475.xml		/TEI/text/body/listBibl/msDesc/physDesc/bindingDesc/binding/decoNote/origDate		
manuscripts	475.xml		/TEI/text/body/listBibl/msDesc/history/provenance/date		
manuscripts	475.xml		/TEI/text/body/listBibl/msDesc/history/acquisition/date		
manuscripts	476.xml		/TEI/text/body/listBibl/msDesc/physDesc/bindingDesc/binding/decoNote/origDate		
manuscripts	476.xml		/TEI/text/body/listBibl/msDesc/history/provenance/date		
manuscripts	476.xml		/TEI/text/body/listBibl/msDesc/history/acquisition/date		
manuscripts	477.xml		/TEI/text/body/listBibl/msDesc/physDesc/bindingDesc/binding/decoNote/origDate		
manuscripts	477.xml		/TEI/text/body/listBibl/msDesc/history/provenance/date		
manuscripts	477.xml		/TEI/text/body/listBibl/msDesc/history/acquisition/date		
manuscripts	478.xml		/TEI/text/body/listBibl/msDesc/physDesc/bindingDesc/binding/decoNote/origDate		
manuscripts	478.xml		/TEI/text/body/listBibl/msDesc/history/provenance/date		
manuscripts	478.xml		/TEI/text/body/listBibl/msDesc/history/acquisition/date		
manuscripts	479.xml	1072/3; 1093	/TEI/text/body/listBibl/msDesc/physDesc/handDesc/handNote/origDate		
manuscripts	479.xml		/TEI/text/body/listBibl/msDesc/physDesc/bindingDesc/binding/decoNote/origDate		
manuscripts	479.xml		/TEI/text/body/listBibl/msDesc/history/provenance/date		
manuscripts	479.xml		/TEI/text/body/listBibl/msDesc/history/acquisition/date		
manuscripts	48.xml		/TEI/text/body/listBibl/msDesc/physDesc/handDesc/handNote/origDate		
manuscripts	48.xml		/TEI/text/body/listBibl/msDesc/physDesc/bindingDesc/binding/decoNote/origDate		
manuscripts	48.xml		/TEI/text/body/listBibl/msDesc/history/provenance/date		
manuscripts	48.xml		/TEI/text/body/listBibl/msDesc/history/acquisition/date		
manuscripts	481.xml		/TEI/text/body/listBibl/msDesc/physDesc/bindingDesc/binding/decoNote/origDate		
manuscripts	481.xml		/TEI/text/body/listBibl/msDesc/history/provenance/date		
manuscripts	481.xml		/TEI/text/body/listBibl/msDesc/history/acquisition/date		
manuscripts	482.xml		/TEI/text/body/listBibl/msDesc/physDesc/bindingDesc/binding/decoNote/origDate		
manuscripts	482.xml		/TEI/text/body/listBibl/msDesc/history/provenance/date		
manuscripts	482.xml		/TEI/text/body/listBibl/msDesc/history/acquisition/date		
manuscripts	483.xml		/TEI/text/body/listBibl/msDesc/physDesc/bindingDesc/binding/decoNote/origDate		
manuscripts	483.xml		/TEI/text/body/listBibl/msDesc/history/provenance/date		
manuscripts	483.xml		/TEI/text/body/listBibl/msDesc/history/acquisition/date		
manuscripts	484.xml		/TEI/text/body/listBibl/msDesc/physDesc/bindingDesc/binding/decoNote/origDate		
manuscripts	484.xml		/TEI/text/body/listBibl/msDesc/history/provenance/date		
manuscripts	484.xml		/TEI/text/body/listBibl/msDesc/history/acquisition/date		
manuscripts	485.xml	1211	/TEI/text/body/listBibl/msDesc/physDesc/handDesc/handNote/origDate		
manuscripts	485.xml		/TEI/text/body/listBibl/msDesc/physDesc/bindingDesc/binding/decoNote/origDate		
manuscripts	485.xml		/TEI/text/body/listBibl/msDesc/history/provenance/date		
manuscripts	485.xml		/TEI/text/body/listBibl/msDesc/history/acquisition/date		
manuscripts	486.xml	1045	/TEI/text/body/listBibl/msDesc/physDesc/handDesc/handNote/origDate		
manuscripts	486.xml		/TEI/text/body/listBibl/msDesc/physDesc/bindingDesc/binding/decoNote/origDate		
manuscripts	486.xml		/TEI/text/body/listBibl/msDesc/history/provenance/date		
manuscripts	486.xml		/TEI/text/body/listBibl/msDesc/history/acquisition/date		
manuscripts	488.xml	1043	/TEI/text/body/listBibl/msDesc/physDesc/handDesc/handNote/origDate		
manuscripts	488.xml		/TEI/text/body/listBibl/msDesc/physDesc/bindingDesc/binding/decoNote/origDate		
manuscripts	488.xml		/TEI/text/body/listBibl/msDesc/history/provenance/date		
manuscripts	488.xml		/TEI/text/body/listBibl/msDesc/history/acquisition/date		
manuscripts	489.xml		/TEI/text/body/listBibl/msDesc/physDesc/bindingDesc/binding/decoNote/origDate		
manuscripts	489.xml		/TEI/text/body/listBibl/msDesc/history/provenance/date		
manuscripts	489.xml		/TEI/text/body/listBibl/msDesc/history/acquisition/date		
manuscripts	49.xml		/TEI/text/body/listBibl/msDesc/physDesc/handDesc/handNote/origDate		
manuscripts	49.xml		/TEI/text/body/listBibl/msDesc/physDesc/bindingDesc/binding/decoNote/origDate		
manuscripts	49.xml		/TEI/text/body/listBibl/msDesc/history/provenance/date		
manuscripts	49.xml		/TEI/text/body/listBibl/msDesc/history/acquisition/date		
manuscripts	490.xml		/TEI/text/body/listBibl/msDesc/physDesc/bindingDesc/binding/decoNote/origDate		
manuscripts	490.xml		/TEI/text/body/listBibl/msDesc/history/provenance/date		
manuscripts	490.xml		/TEI/text/body/listBibl/msDesc/history/acquisition/date		
manuscripts	491.xml		/TEI/text/body/listBibl/msDesc/physDesc/bindingDesc/binding/decoNote/origDate		
manuscripts	491.xml		/TEI/text/body/listBibl/msDesc/history/provenance/date		
manuscripts	491.xml		/TEI/text/body/listBibl/msDesc/history/acquisition/date		
manuscripts	492.xml		/TEI/text/body/listBibl/msDesc/physDesc/bindingDesc/binding/decoNote/origDate		
manuscripts	492.xml		/TEI/text/body/listBibl/msDesc/history/provenance/date		
manuscripts	492.xml		/TEI/text/body/listBibl/msDesc/history/acquisition/date		
manuscripts	493.xml		/TEI/text/body/listBibl/msDesc/physDesc/bindingDesc/binding/decoNote/origDate		
manuscripts	493.xml		/TEI/text/body/listBibl/msDesc/history/provenance/date		
manuscripts	493.xml		/TEI/text/body/listBibl/msDesc/history/acquisition/date		
manuscripts	494.xml		/TEI/text/body/listBibl/msDesc/physDesc/bindingDesc/binding/decoNote/origDate		
manuscripts	494.xml		/TEI/text/body/listBibl/msDesc/history/provenance/date		
manuscripts	494.xml		/TEI/text/body/listBibl/msDesc/history/acquisition/date		
manuscripts	495.xml		/TEI/text/body/listBibl/msDesc/physDesc/bindingDesc/binding/decoNote/origDate		
manuscripts	495.xml		/TEI/text/body/listBibl/msDesc/history/provenance/date		
manuscripts	495.xml		/TEI/text/body/listBibl/msDesc/history/acquisition/date		
manuscripts	496.xml		/TEI/text/body/listBibl/msDesc/physDesc/bindingDesc/binding/decoNote/origDate		
manuscripts	496.xml		/TEI/text/body/listBibl/msDesc/history/provenance/date		
manuscripts	496.xml		/TEI/text/body/listBibl/msDesc/history/acquisition/date		
manuscripts	497.xml		/TEI/text/body/listBibl/msDesc/physDesc/bindingDesc/binding/decoNote/origDate		
manuscripts	497.xml		/TEI/text/body/listBibl/msDesc/history/provenance/date		
manuscripts	497.xml		/TEI/text/body/listBibl/msDesc/history/acquisition/date		
manuscripts	498.xml		/TEI/text/body/listBibl/msDesc/physDesc/bindingDesc/binding/decoNote/origDate		
manuscripts	498.xml		/TEI/text/body/listBibl/msDesc/history/provenance/date		
manuscripts	498.xml		/TEI/text/body/listBibl/msDesc/history/acquisition/date		
manuscripts	499.xml	1097	/TEI/text/body/listBibl/msDesc/physDesc/handDesc/handNote/origDate		
manuscripts	499.xml		/TEI/text/body/listBibl/msDesc/physDesc/bindingDesc/binding/decoNote/origDate		
manuscripts	499.xml		/TEI/text/body/listBibl/msDesc/history/provenance/date		
manuscripts	499.xml		/TEI/text/body/listBibl/msDesc/history/acquisition/date		
manuscripts	5.xml	מאה יא	/TEI/text/body/listBibl/msDesc/physDesc/handDesc/handNote/origDate[1]		
manuscripts	5.xml	מאה יא	/TEI/text/body/listBibl/msDesc/physDesc/handDesc/handNote/origDate[2]		
manuscripts	5.xml		/TEI/text/body/listBibl/msDesc/physDesc/bindingDesc/binding/decoNote/origDate		
manuscripts	5.xml		/TEI/text/body/listBibl/msDesc/history/provenance/date		
manuscripts	5.xml		/TEI/text/body/listBibl/msDesc/history/acquisition/date		
manuscripts	50.xml		/TEI/text/body/listBibl/msDesc/physDesc/handDesc/handNote/origDate		
manuscripts	50.xml		/TEI/text/body/listBibl/msDesc/physDesc/bindingDesc/binding/decoNote/origDate		
manuscripts	50.xml		/TEI/text/body/listBibl/msDesc/history/provenance/date		
manuscripts	50.xml		/TEI/text/body/listBibl/msDesc/history/acquisition/date		
manuscripts	500.xml	1097	/TEI/text/body/listBibl/msDesc/physDesc/handDesc/handNote/origDate		
manuscripts	500.xml		/TEI/text/body/listBibl/msDesc/physDesc/bindingDesc/binding/decoNote/origDate		
manuscripts	500.xml		/TEI/text/body/listBibl/msDesc/history/provenance/date		
manuscripts	500.xml		/TEI/text/body/listBibl/msDesc/history/acquisition/date		
manuscripts	501.xml		/TEI/text/body/listBibl/msDesc/physDesc/bindingDesc/binding/decoNote/origDate		
manuscripts	501.xml		/TEI/text/body/listBibl/msDesc/history/provenance/date		
manuscripts	501.xml		/TEI/text/body/listBibl/msDesc/history/acquisition/date		
manuscripts	502.xml		/TEI/text/body/listBibl/msDesc/physDesc/bindingDesc/binding/decoNote/origDate		
manuscripts	502.xml		/TEI/text/body/listBibl/msDesc/history/provenance/date		
manuscripts	502.xml		/TEI/text/body/listBibl/msDesc/history/acquisition/date		
manuscripts	503.xml		/TEI/text/body/listBibl/msDesc/physDesc/bindingDesc/binding/decoNote/origDate		
manuscripts	503.xml		/TEI/text/body/listBibl/msDesc/history/provenance/date		
manuscripts	503.xml		/TEI/text/body/listBibl/msDesc/history/acquisition/date		
manuscripts	504.xml		/TEI/text/body/listBibl/msDesc/physDesc/bindingDesc/binding/decoNote/origDate		
manuscripts	504.xml		/TEI/text/body/listBibl/msDesc/history/provenance/date		
manuscripts	504.xml		/TEI/text/body/listBibl/msDesc/history/acquisition/date		
manuscripts	505.xml		/TEI/text/body/listBibl/msDesc/physDesc/bindingDesc/binding/decoNote/origDate		
manuscripts	505.xml		/TEI/text/body/listBibl/msDesc/history/provenance/date		
manuscripts	505.xml		/TEI/text/body/listBibl/msDesc/history/acquisition/date		
manuscripts	506.xml		/TEI/text/body/listBibl/msDesc/physDesc/bindingDesc/binding/decoNote/origDate		
manuscripts	506.xml		/TEI/text/body/listBibl/msDesc/history/provenance/date		
manuscripts	506.xml		/TEI/text/body/listBibl/msDesc/history/acquisition/date		
manuscripts	507.xml	1030 [421]	/TEI/text/body/listBibl/msDesc/physDesc/handDesc/handNote/origDate		
manuscripts	507.xml		/TEI/text/body/listBibl/msDesc/physDesc/bindingDesc/binding/decoNote/origDate		
manuscripts	507.xml		/TEI/text/body/listBibl/msDesc/history/provenance/date		
manuscripts	507.xml		/TEI/text/body/listBibl/msDesc/history/acquisition/date		
manuscripts	508.xml	1030 [421]	/TEI/text/body/listBibl/msDesc/physDesc/handDesc/handNote/origDate		
manuscripts	508.xml		/TEI/text/body/listBibl/msDesc/physDesc/bindingDesc/binding/decoNote/origDate		
manuscripts	508.xml		/TEI/text/body/listBibl/msDesc/history/provenance/date		
manuscripts	508.xml		/TEI/text/body/listBibl/msDesc/history/acquisition/date		
manuscripts	509.xml		/TEI/text/body/listBibl/msDesc/physDesc/handDesc/handNote/origDate		
manuscripts	509.xml		/TEI/text/body/listBibl/msDesc/physDesc/bindingDesc/binding/decoNote/origDate		
manuscripts	509.xml		/TEI/text/body/listBibl/msDesc/history/provenance/date		
manuscripts	509.xml		/TEI/text/body/listBibl/msDesc/history/acquisition/date		
manuscripts	51.xml		/TEI/text/body/listBibl/msDesc/physDesc/handDesc/handNote/origDate		
manuscripts	51.xml		/TEI/text/body/listBibl/msDesc/physDesc/bindingDesc/binding/decoNote/origDate		
manuscripts	51.xml		/TEI/text/body/listBibl/msDesc/history/provenance/date		
manuscripts	51.xml		/TEI/text/body/listBibl/msDesc/history/acquisition/date		
manuscripts	510.xml	901	/TEI/text/body/listBibl/msDesc/physDesc/handDesc/handNote/origDate		
manuscripts	510.xml		/TEI/text/body/listBibl/msDesc/physDesc/bindingDesc/binding/decoNote/origDate		
manuscripts	510.xml		/TEI/text/body/listBibl/msDesc/history/provenance/date		
manuscripts	510.xml		/TEI/text/body/listBibl/msDesc/history/acquisition/date		
manuscripts	511.xml	1048	/TEI/text/body/listBibl/msDesc/physDesc/handDesc/handNote/origDate	when	1049
manuscripts	511.xml		/TEI/text/body/listBibl/msDesc/physDesc/bindingDesc/binding/decoNote/origDate		
manuscripts	511.xml		/TEI/text/body/listBibl/msDesc/history/provenance/date		
manuscripts	511.xml		/TEI/text/body/listBibl/msDesc/history/acquisition/date		
manuscripts	512.xml	1000-1100	/TEI/text/body/listBibl/msDesc/physDesc/handDesc/handNote/origDate		
manuscripts	512.xml		/TEI/text/body/listBibl/msDesc/physDesc/bindingDesc/binding/decoNote/origDate		
manuscripts	512.xml		/TEI/text/body/listBibl/msDesc/history/provenance/date		
manuscripts	512.xml		/TEI/text/body/listBibl/msDesc/history/acquisition/date		
manuscripts	513.xml		/TEI/text/body/listBibl/msDesc/physDesc/handDesc/handNote/origDate		
manuscripts	513.xml		/TEI/text/body/listBibl/msDesc/physDesc/bindingDesc/binding/decoNote/origDate		
manuscripts	513.xml		/TEI/text/body/listBibl/msDesc/history/provenance/date		
manuscripts	513.xml		/TEI/text/body/listBibl/msDesc/history/acquisition/date		
manuscripts	514.xml	1000-1100	/TEI/text/body/listBibl/msDesc/physDesc/handDesc/handNote/origDate		
manuscripts	514.xml		/TEI/text/body/listBibl/msDesc/physDesc/bindingDesc/binding/decoNote/origDate		
manuscripts	514.xml		/TEI/text/body/listBibl/msDesc/history/provenance/date		
manuscripts	514.xml		/TEI/text/body/listBibl/msDesc/history/acquisition/date		
manuscripts	516.xml		/TEI/text/body/listBibl/msDesc/physDesc/bindingDesc/binding/decoNote/origDate		
manuscripts	516.xml		/TEI/text/body/listBibl/msDesc/history/provenance/date		
manuscripts	516.xml		/TEI/text/body/listBibl/msDesc/history/acquisition/date		
manuscripts	517.xml	11th c.	/TEI/text/body/listBibl/msDesc/physDesc/handDesc/handNote/origDate		
manuscripts	517.xml		/TEI/text/body/listBibl/msDesc/physDesc/bindingDesc/binding/decoNote/origDate		
manuscripts	517.xml		/TEI/text/body/listBibl/msDesc/history/provenance/date		
manuscripts	517.xml		/TEI/text/body/listBibl/msDesc/history/acquisition/date		
manuscripts	518.xml	1000-1100	/TEI/text/body/listBibl/msDesc/physDesc/handDesc/handNote/origDate		
manuscripts	518.xml		/TEI/text/body/listBibl/msDesc/physDesc/bindingDesc/binding/decoNote/origDate		
manuscripts	518.xml		/TEI/text/body/listBibl/msDesc/history/provenance/date		
manuscripts	518.xml		/TEI/text/body/listBibl/msDesc/history/acquisition/date		
manuscripts	519.xml		/TEI/text/body/listBibl/msDesc/physDesc/handDesc/handNote/origDate		
manuscripts	519.xml		/TEI/text/body/listBibl/msDesc/physDesc/bindingDesc/binding/decoNote/origDate		
manuscripts	519.xml		/TEI/text/body/listBibl/msDesc/history/provenance/date		
manuscripts	519.xml		/TEI/text/body/listBibl/msDesc/history/acquisition/date		
manuscripts	52.xml		/TEI/text/body/listBibl/msDesc/physDesc/handDesc/handNote/origDate		
manuscripts	52.xml		/TEI/text/body/listBibl/msDesc/physDesc/bindingDesc/binding/decoNote/origDate		
manuscripts	52.xml		/TEI/text/body/listBibl/msDesc/history/provenance/date		
manuscripts	52.xml		/TEI/text/body/listBibl/msDesc/history/acquisition/date		
manuscripts	520.xml	1000-1100	/TEI/text/body/listBibl/msDesc/physDesc/handDesc/handNote/origDate		
manuscripts	520.xml		/TEI/text/body/listBibl/msDesc/physDesc/bindingDesc/binding/decoNote/origDate		
manuscripts	520.xml		/TEI/text/body/listBibl/msDesc/history/provenance/date		
manuscripts	520.xml		/TEI/text/body/listBibl/msDesc/history/acquisition/date		
manuscripts	521.xml	1000-1100	/TEI/text/body/listBibl/msDesc/physDesc/handDesc/handNote/origDate		
manuscripts	521.xml		/TEI/text/body/listBibl/msDesc/physDesc/bindingDesc/binding/decoNote/origDate		
manuscripts	521.xml		/TEI/text/body/listBibl/msDesc/history/provenance/date		
manuscripts	521.xml		/TEI/text/body/listBibl/msDesc/history/acquisition/date		
manuscripts	522.xml	1000-1100	/TEI/text/body/listBibl/msDesc/physDesc/handDesc/handNote/origDate		
manuscripts	522.xml		/TEI/text/body/listBibl/msDesc/physDesc/bindingDesc/binding/decoNote/origDate		
manuscripts	522.xml		/TEI/text/body/listBibl/msDesc/history/provenance/date		
manuscripts	522.xml		/TEI/text/body/listBibl/msDesc/history/acquisition/date		
manuscripts	523.xml	1000-1200?	/TEI/text/body/listBibl/msDesc/physDesc/handDesc/handNote/origDate		
manuscripts	523.xml		/TEI/text/body/listBibl/msDesc/physDesc/bindingDesc/binding/decoNote/origDate		
manuscripts	523.xml		/TEI/text/body/listBibl/msDesc/history/provenance/date		
manuscripts	523.xml		/TEI/text/body/listBibl/msDesc/history/acquisition/date		
manuscripts	524.xml		/TEI/text/body/listBibl/msDesc/physDesc/handDesc/handNote/origDate		
manuscripts	524.xml		/TEI/text/body/listBibl/msDesc/physDesc/bindingDesc/binding/decoNote/origDate		
manuscripts	524.xml		/TEI/text/body/listBibl/msDesc/history/provenance/date		
manuscripts	524.xml		/TEI/text/body/listBibl/msDesc/history/acquisition/date		
manuscripts	525.xml		/TEI/text/body/listBibl/msDesc/physDesc/handDesc/handNote/origDate		
manuscripts	525.xml		/TEI/text/body/listBibl/msDesc/physDesc/bindingDesc/binding/decoNote/origDate		
manuscripts	525.xml		/TEI/text/body/listBibl/msDesc/history/provenance/date		
manuscripts	525.xml		/TEI/text/body/listBibl/msDesc/history/acquisition/date		
manuscripts	526.xml		/TEI/text/body/listBibl/msDesc/physDesc/handDesc/handNote/origDate		
manuscripts	526.xml		/TEI/text/body/listBibl/msDesc/physDesc/bindingDesc/binding/decoNote/origDate		
manuscripts	526.xml		/TEI/text/body/listBibl/msDesc/history/provenance/date		
manuscripts	526.xml		/TEI/text/body/listBibl/msDesc/history/acquisition/date		
manuscripts	527.xml		/TEI/text/body/listBibl/msDesc/physDesc/handDesc/handNote/origDate		
manuscripts	527.xml		/TEI/text/body/listBibl/msDesc/physDesc/bindingDesc/binding/decoNote/origDate		
manuscripts	527.xml		/TEI/text/body/listBibl/msDesc/history/provenance/date		
manuscripts	527.xml		/TEI/text/body/listBibl/msDesc/history/acquisition/date		
manuscripts	528.xml	1000-1100	/TEI/text/body/listBibl/msDesc/physDesc/handDesc/handNote[1]/origDate		
manuscripts	528.xml		/TEI/text/body/listBibl/msDesc/physDesc/handDesc/handNote[2]/origDate	cert; evidence; from; to; when	; ; ; ; 
manuscripts	528.xml		/TEI/text/body/listBibl/msDesc/physDesc/handDesc/handNote[3]/origDate	cert; evidence; from; to; when	; ; ; ; 
manuscripts	528.xml		/TEI/text/body/listBibl/msDesc/physDesc/bindingDesc/binding/decoNote/origDate		
manuscripts	528.xml		/TEI/text/body/listBibl/msDesc/history/provenance/date		
manuscripts	528.xml		/TEI/text/body/listBibl/msDesc/history/acquisition/date		
manuscripts	529.xml		/TEI/text/body/listBibl/msDesc/physDesc/handDesc/handNote/origDate		
manuscripts	529.xml		/TEI/text/body/listBibl/msDesc/physDesc/bindingDesc/binding/decoNote/origDate		
manuscripts	529.xml		/TEI/text/body/listBibl/msDesc/history/provenance/date		
manuscripts	529.xml		/TEI/text/body/listBibl/msDesc/history/acquisition/date		
manuscripts	53.xml		/TEI/text/body/listBibl/msDesc/physDesc/handDesc/handNote/origDate		
manuscripts	53.xml		/TEI/text/body/listBibl/msDesc/physDesc/bindingDesc/binding/decoNote/origDate		
manuscripts	53.xml		/TEI/text/body/listBibl/msDesc/history/provenance/date		
manuscripts	53.xml		/TEI/text/body/listBibl/msDesc/history/acquisition/date		
manuscripts	530.xml		/TEI/text/body/listBibl/msDesc/physDesc/handDesc/handNote/origDate		
manuscripts	530.xml		/TEI/text/body/listBibl/msDesc/physDesc/bindingDesc/binding/decoNote/origDate		
manuscripts	530.xml		/TEI/text/body/listBibl/msDesc/history/provenance/date		
manuscripts	530.xml		/TEI/text/body/listBibl/msDesc/history/acquisition/date		
manuscripts	531.xml		/TEI/text/body/listBibl/msDesc/physDesc/handDesc/handNote/origDate		
manuscripts	531.xml		/TEI/text/body/listBibl/msDesc/physDesc/bindingDesc/binding/decoNote/origDate		
manuscripts	531.xml		/TEI/text/body/listBibl/msDesc/history/provenance/date		
manuscripts	531.xml		/TEI/text/body/listBibl/msDesc/history/acquisition/date		
manuscripts	532.xml		/TEI/text/body/listBibl/msDesc/physDesc/handDesc/handNote/origDate		
manuscripts	532.xml		/TEI/text/body/listBibl/msDesc/physDesc/bindingDesc/binding/decoNote/origDate		
manuscripts	532.xml		/TEI/text/body/listBibl/msDesc/history/provenance/date		
manuscripts	532.xml		/TEI/text/body/listBibl/msDesc/history/acquisition/date		
manuscripts	533.xml		/TEI/text/body/listBibl/msDesc/physDesc/handDesc/handNote/origDate		
manuscripts	533.xml		/TEI/text/body/listBibl/msDesc/physDesc/bindingDesc/binding/decoNote/origDate		
manuscripts	533.xml		/TEI/text/body/listBibl/msDesc/history/provenance/date		
manuscripts	533.xml		/TEI/text/body/listBibl/msDesc/history/acquisition/date		
manuscripts	534.xml		/TEI/text/body/listBibl/msDesc/physDesc/handDesc/handNote/origDate		
manuscripts	534.xml		/TEI/text/body/listBibl/msDesc/physDesc/bindingDesc/binding/decoNote/origDate		
manuscripts	534.xml		/TEI/text/body/listBibl/msDesc/history/provenance/date		
manuscripts	534.xml		/TEI/text/body/listBibl/msDesc/history/acquisition/date		
manuscripts	535.xml		/TEI/text/body/listBibl/msDesc/physDesc/handDesc/handNote/origDate		
manuscripts	535.xml		/TEI/text/body/listBibl/msDesc/physDesc/bindingDesc/binding/decoNote/origDate		
manuscripts	535.xml		/TEI/text/body/listBibl/msDesc/history/provenance/date		
manuscripts	535.xml		/TEI/text/body/listBibl/msDesc/history/acquisition/date		
manuscripts	536.xml		/TEI/text/body/listBibl/msDesc/physDesc/handDesc/handNote/origDate		
manuscripts	536.xml		/TEI/text/body/listBibl/msDesc/physDesc/bindingDesc/binding/decoNote/origDate		
manuscripts	536.xml		/TEI/text/body/listBibl/msDesc/history/provenance/date		
manuscripts	536.xml		/TEI/text/body/listBibl/msDesc/history/acquisition/date		
manuscripts	537.xml		/TEI/text/body/listBibl/msDesc/physDesc/handDesc/handNote/origDate		
manuscripts	537.xml		/TEI/text/body/listBibl/msDesc/physDesc/bindingDesc/binding/decoNote/origDate		
manuscripts	537.xml		/TEI/text/body/listBibl/msDesc/history/provenance/date		
manuscripts	537.xml		/TEI/text/body/listBibl/msDesc/history/acquisition/date		
manuscripts	538.xml		/TEI/text/body/listBibl/msDesc/physDesc/handDesc/handNote/origDate		
manuscripts	538.xml		/TEI/text/body/listBibl/msDesc/physDesc/bindingDesc/binding/decoNote/origDate		
manuscripts	538.xml		/TEI/text/body/listBibl/msDesc/history/provenance/date		
manuscripts	538.xml		/TEI/text/body/listBibl/msDesc/history/acquisition/date		
manuscripts	539.xml		/TEI/text/body/listBibl/msDesc/physDesc/handDesc/handNote/origDate		
manuscripts	539.xml		/TEI/text/body/listBibl/msDesc/physDesc/bindingDesc/binding/decoNote/origDate		
manuscripts	539.xml		/TEI/text/body/listBibl/msDesc/history/provenance/date		
manuscripts	539.xml		/TEI/text/body/listBibl/msDesc/history/acquisition/date		
manuscripts	54.xml		/TEI/text/body/listBibl/msDesc/physDesc/handDesc/handNote/origDate		
manuscripts	54.xml		/TEI/text/body/listBibl/msDesc/physDesc/bindingDesc/binding/decoNote/origDate		
manuscripts	54.xml		/TEI/text/body/listBibl/msDesc/history/provenance/date		
manuscripts	54.xml		/TEI/text/body/listBibl/msDesc/history/acquisition/date		
manuscripts	540.xml		/TEI/text/body/listBibl/msDesc/physDesc/handDesc/handNote/origDate		
manuscripts	540.xml		/TEI/text/body/listBibl/msDesc/physDesc/bindingDesc/binding/decoNote/origDate		
manuscripts	540.xml		/TEI/text/body/listBibl/msDesc/history/provenance/date		
manuscripts	540.xml		/TEI/text/body/listBibl/msDesc/history/acquisition/date		
manuscripts	541.xml		/TEI/text/body/listBibl/msDesc/physDesc/handDesc/handNote/origDate		
manuscripts	541.xml		/TEI/text/body/listBibl/msDesc/physDesc/bindingDesc/binding/decoNote/origDate		
manuscripts	541.xml		/TEI/text/body/listBibl/msDesc/history/provenance/date		
manuscripts	541.xml		/TEI/text/body/listBibl/msDesc/history/acquisition/date		
manuscripts	542.xml		/TEI/text/body/listBibl/msDesc/physDesc/handDesc/handNote/origDate		
manuscripts	542.xml		/TEI/text/body/listBibl/msDesc/physDesc/bindingDesc/binding/decoNote/origDate		
manuscripts	542.xml		/TEI/text/body/listBibl/msDesc/history/provenance/date		
manuscripts	542.xml		/TEI/text/body/listBibl/msDesc/history/acquisition/date		
manuscripts	543.xml		/TEI/text/body/listBibl/msDesc/physDesc/handDesc/handNote/origDate		
manuscripts	543.xml		/TEI/text/body/listBibl/msDesc/physDesc/bindingDesc/binding/decoNote/origDate		
manuscripts	543.xml		/TEI/text/body/listBibl/msDesc/history/provenance/date		
manuscripts	543.xml		/TEI/text/body/listBibl/msDesc/history/acquisition/date		
manuscripts	544.xml		/TEI/text/body/listBibl/msDesc/physDesc/handDesc/handNote/origDate		
manuscripts	544.xml		/TEI/text/body/listBibl/msDesc/physDesc/bindingDesc/binding/decoNote/origDate		
manuscripts	544.xml		/TEI/text/body/listBibl/msDesc/history/provenance/date		
manuscripts	544.xml		/TEI/text/body/listBibl/msDesc/history/acquisition/date		
manuscripts	545.xml		/TEI/text/body/listBibl/msDesc/physDesc/handDesc/handNote/origDate		
manuscripts	545.xml		/TEI/text/body/listBibl/msDesc/physDesc/bindingDesc/binding/decoNote/origDate		
manuscripts	545.xml		/TEI/text/body/listBibl/msDesc/history/provenance/date		
manuscripts	545.xml		/TEI/text/body/listBibl/msDesc/history/acquisition/date		
manuscripts	546.xml		/TEI/text/body/listBibl/msDesc/physDesc/handDesc/handNote/origDate		
manuscripts	546.xml		/TEI/text/body/listBibl/msDesc/physDesc/bindingDesc/binding/decoNote/origDate		
manuscripts	546.xml		/TEI/text/body/listBibl/msDesc/history/provenance/date		
manuscripts	546.xml		/TEI/text/body/listBibl/msDesc/history/acquisition/date		
manuscripts	547.xml		/TEI/text/body/listBibl/msDesc/physDesc/handDesc/handNote/origDate		
manuscripts	547.xml		/TEI/text/body/listBibl/msDesc/physDesc/bindingDesc/binding/decoNote/origDate		
manuscripts	547.xml		/TEI/text/body/listBibl/msDesc/history/provenance/date		
manuscripts	547.xml		/TEI/text/body/listBibl/msDesc/history/acquisition/date		
manuscripts	548.xml		/TEI/text/body/listBibl/msDesc/physDesc/handDesc/handNote/origDate		
manuscripts	548.xml		/TEI/text/body/listBibl/msDesc/physDesc/bindingDesc/binding/decoNote/origDate		
manuscripts	548.xml		/TEI/text/body/listBibl/msDesc/history/provenance/date		
manuscripts	548.xml		/TEI/text/body/listBibl/msDesc/history/acquisition/date		
manuscripts	549.xml		/TEI/text/body/listBibl/msDesc/physDesc/handDesc/handNote/origDate		
manuscripts	549.xml		/TEI/text/body/listBibl/msDesc/physDesc/bindingDesc/binding/decoNote/origDate		
manuscripts	549.xml		/TEI/text/body/listBibl/msDesc/history/provenance/date		
manuscripts	549.xml		/TEI/text/body/listBibl/msDesc/history/acquisition/date		
manuscripts	55.xml	מאה יא	/TEI/text/body/listBibl/msDesc/physDesc/handDesc/handNote/origDate		
manuscripts	55.xml		/TEI/text/body/listBibl/msDesc/physDesc/bindingDesc/binding/decoNote/origDate		
manuscripts	55.xml		/TEI/text/body/listBibl/msDesc/history/provenance/date		
manuscripts	55.xml		/TEI/text/body/listBibl/msDesc/history/acquisition/date		
manuscripts	550.xml		/TEI/text/body/listBibl/msDesc/physDesc/handDesc/handNote/origDate		
manuscripts	550.xml		/TEI/text/body/listBibl/msDesc/physDesc/bindingDesc/binding/decoNote/origDate		
manuscripts	550.xml		/TEI/text/body/listBibl/msDesc/history/provenance/date		
manuscripts	550.xml		/TEI/text/body/listBibl/msDesc/history/acquisition/date		
manuscripts	551.xml		/TEI/text/body/listBibl/msDesc/physDesc/handDesc/handNote/origDate		
manuscripts	551.xml		/TEI/text/body/listBibl/msDesc/physDesc/bindingDesc/binding/decoNote/origDate		
manuscripts	551.xml		/TEI/text/body/listBibl/msDesc/history/provenance/date		
manuscripts	551.xml		/TEI/text/body/listBibl/msDesc/history/acquisition/date		
manuscripts	552.xml		/TEI/text/body/listBibl/msDesc/physDesc/handDesc/handNote/origDate		
manuscripts	552.xml		/TEI/text/body/listBibl/msDesc/physDesc/bindingDesc/binding/decoNote/origDate		
manuscripts	552.xml		/TEI/text/body/listBibl/msDesc/history/provenance/date		
manuscripts	552.xml		/TEI/text/body/listBibl/msDesc/history/acquisition/date		
manuscripts	553.xml		/TEI/text/body/listBibl/msDesc/physDesc/handDesc/handNote/origDate		
manuscripts	553.xml		/TEI/text/body/listBibl/msDesc/physDesc/bindingDesc/binding/decoNote/origDate		
manuscripts	553.xml		/TEI/text/body/listBibl/msDesc/history/provenance/date		
manuscripts	553.xml		/TEI/text/body/listBibl/msDesc/history/acquisition/date		
manuscripts	554.xml		/TEI/text/body/listBibl/msDesc/physDesc/handDesc/handNote/origDate		
manuscripts	554.xml		/TEI/text/body/listBibl/msDesc/physDesc/bindingDesc/binding/decoNote/origDate		
manuscripts	554.xml		/TEI/text/body/listBibl/msDesc/history/provenance/date		
manuscripts	554.xml		/TEI/text/body/listBibl/msDesc/history/acquisition/date		
manuscripts	555.xml		/TEI/text/body/listBibl/msDesc/physDesc/handDesc/handNote/origDate		
manuscripts	555.xml		/TEI/text/body/listBibl/msDesc/physDesc/bindingDesc/binding/decoNote/origDate		
manuscripts	555.xml		/TEI/text/body/listBibl/msDesc/history/provenance/date		
manuscripts	555.xml		/TEI/text/body/listBibl/msDesc/history/acquisition/date		
manuscripts	556.xml		/TEI/text/body/listBibl/msDesc/physDesc/handDesc/handNote/origDate		
manuscripts	556.xml		/TEI/text/body/listBibl/msDesc/physDesc/bindingDesc/binding/decoNote/origDate		
manuscripts	556.xml		/TEI/text/body/listBibl/msDesc/history/provenance/date		
manuscripts	556.xml		/TEI/text/body/listBibl/msDesc/history/acquisition/date		
manuscripts	557.xml		/TEI/text/body/listBibl/msDesc/physDesc/handDesc/handNote/origDate		
manuscripts	557.xml		/TEI/text/body/listBibl/msDesc/physDesc/bindingDesc/binding/decoNote/origDate		
manuscripts	557.xml		/TEI/text/body/listBibl/msDesc/history/provenance/date		
manuscripts	557.xml		/TEI/text/body/listBibl/msDesc/history/acquisition/date		
manuscripts	558.xml		/TEI/text/body/listBibl/msDesc/physDesc/handDesc/handNote/origDate		
manuscripts	558.xml		/TEI/text/body/listBibl/msDesc/physDesc/bindingDesc/binding/decoNote/origDate		
manuscripts	558.xml		/TEI/text/body/listBibl/msDesc/history/provenance/date		
manuscripts	558.xml		/TEI/text/body/listBibl/msDesc/history/acquisition/date		
manuscripts	559.xml		/TEI/text/body/listBibl/msDesc/physDesc/handDesc/handNote/origDate		
manuscripts	559.xml		/TEI/text/body/listBibl/msDesc/physDesc/bindingDesc/binding/decoNote/origDate		
manuscripts	559.xml		/TEI/text/body/listBibl/msDesc/history/provenance/date		
manuscripts	559.xml		/TEI/text/body/listBibl/msDesc/history/acquisition/date		
manuscripts	56.xml	מאה יב	/TEI/text/body/listBibl/msDesc/physDesc/handDesc/handNote/origDate		
manuscripts	56.xml		/TEI/text/body/listBibl/msDesc/physDesc/bindingDesc/binding/decoNote/origDate		
manuscripts	56.xml		/TEI/text/body/listBibl/msDesc/history/provenance/date		
manuscripts	56.xml		/TEI/text/body/listBibl/msDesc/history/acquisition/date		
manuscripts	560.xml		/TEI/text/body/listBibl/msDesc/physDesc/handDesc/handNote/origDate		
manuscripts	560.xml		/TEI/text/body/listBibl/msDesc/physDesc/bindingDesc/binding/decoNote/origDate		
manuscripts	560.xml		/TEI/text/body/listBibl/msDesc/history/provenance/date		
manuscripts	560.xml		/TEI/text/body/listBibl/msDesc/history/acquisition/date		
manuscripts	561.xml		/TEI/text/body/listBibl/msDesc/physDesc/handDesc/handNote/origDate		
manuscripts	561.xml		/TEI/text/body/listBibl/msDesc/physDesc/bindingDesc/binding/decoNote/origDate		
manuscripts	561.xml		/TEI/text/body/listBibl/msDesc/history/provenance/date		
manuscripts	561.xml		/TEI/text/body/listBibl/msDesc/history/acquisition/date		
manuscripts	562.xml		/TEI/text/body/listBibl/msDesc/physDesc/handDesc/handNote/origDate		
manuscripts	562.xml		/TEI/text/body/listBibl/msDesc/physDesc/bindingDesc/binding/decoNote/origDate		
manuscripts	562.xml		/TEI/text/body/listBibl/msDesc/history/provenance/date		
manuscripts	562.xml		/TEI/text/body/listBibl/msDesc/history/acquisition/date		
manuscripts	563.xml		/TEI/text/body/listBibl/msDesc/physDesc/handDesc/handNote/origDate		
manuscripts	563.xml		/TEI/text/body/listBibl/msDesc/physDesc/bindingDesc/binding/decoNote/origDate		
manuscripts	563.xml		/TEI/text/body/listBibl/msDesc/history/provenance/date		
manuscripts	563.xml		/TEI/text/body/listBibl/msDesc/history/acquisition/date		
manuscripts	564.xml		/TEI/text/body/listBibl/msDesc/physDesc/handDesc/handNote/origDate		
manuscripts	564.xml		/TEI/text/body/listBibl/msDesc/physDesc/bindingDesc/binding/decoNote/origDate		
manuscripts	564.xml		/TEI/text/body/listBibl/msDesc/history/provenance/date		
manuscripts	564.xml		/TEI/text/body/listBibl/msDesc/history/acquisition/date		
manuscripts	565.xml		/TEI/text/body/listBibl/msDesc/physDesc/handDesc/handNote/origDate		
manuscripts	565.xml		/TEI/text/body/listBibl/msDesc/physDesc/bindingDesc/binding/decoNote/origDate		
manuscripts	565.xml		/TEI/text/body/listBibl/msDesc/history/provenance/date		
manuscripts	565.xml		/TEI/text/body/listBibl/msDesc/history/acquisition/date		
manuscripts	566.xml		/TEI/text/body/listBibl/msDesc/physDesc/handDesc/handNote/origDate		
manuscripts	566.xml		/TEI/text/body/listBibl/msDesc/physDesc/bindingDesc/binding/decoNote/origDate		
manuscripts	566.xml		/TEI/text/body/listBibl/msDesc/history/provenance/date		
manuscripts	566.xml		/TEI/text/body/listBibl/msDesc/history/acquisition/date		
manuscripts	567.xml		/TEI/text/body/listBibl/msDesc/physDesc/handDesc/handNote/origDate		
manuscripts	567.xml		/TEI/text/body/listBibl/msDesc/physDesc/bindingDesc/binding/decoNote/origDate		
manuscripts	567.xml		/TEI/text/body/listBibl/msDesc/history/provenance/date		
manuscripts	567.xml		/TEI/text/body/listBibl/msDesc/history/acquisition/date		
manuscripts	568.xml		/TEI/text/body/listBibl/msDesc/physDesc/handDesc/handNote/origDate		
manuscripts	568.xml		/TEI/text/body/listBibl/msDesc/physDesc/bindingDesc/binding/decoNote/origDate		
manuscripts	568.xml		/TEI/text/body/listBibl/msDesc/history/provenance/date		
manuscripts	568.xml		/TEI/text/body/listBibl/msDesc/history/acquisition/date		
manuscripts	569.xml		/TEI/text/body/listBibl/msDesc/physDesc/handDesc/handNote/origDate		
manuscripts	569.xml		/TEI/text/body/listBibl/msDesc/physDesc/bindingDesc/binding/decoNote/origDate		
manuscripts	569.xml		/TEI/text/body/listBibl/msDesc/history/provenance/date		
manuscripts	569.xml		/TEI/text/body/listBibl/msDesc/history/acquisition/date		
manuscripts	57.xml		/TEI/text/body/listBibl/msDesc/physDesc/handDesc/handNote/origDate		
manuscripts	57.xml		/TEI/text/body/listBibl/msDesc/physDesc/bindingDesc/binding/decoNote/origDate		
manuscripts	57.xml		/TEI/text/body/listBibl/msDesc/history/provenance/date		
manuscripts	57.xml		/TEI/text/body/listBibl/msDesc/history/acquisition/date		
manuscripts	570.xml		/TEI/text/body/listBibl/msDesc/physDesc/handDesc/handNote/origDate		
manuscripts	570.xml		/TEI/text/body/listBibl/msDesc/physDesc/bindingDesc/binding/decoNote/origDate		
manuscripts	570.xml		/TEI/text/body/listBibl/msDesc/history/provenance/date		
manuscripts	570.xml		/TEI/text/body/listBibl/msDesc/history/acquisition/date		
manuscripts	571.xml		/TEI/text/body/listBibl/msDesc/physDesc/handDesc/handNote/origDate		
manuscripts	571.xml		/TEI/text/body/listBibl/msDesc/physDesc/bindingDesc/binding/decoNote/origDate		
manuscripts	571.xml		/TEI/text/body/listBibl/msDesc/history/provenance/date		
manuscripts	571.xml		/TEI/text/body/listBibl/msDesc/history/acquisition/date		
manuscripts	572.xml		/TEI/text/body/listBibl/msDesc/physDesc/handDesc/handNote/origDate		
manuscripts	572.xml		/TEI/text/body/listBibl/msDesc/physDesc/bindingDesc/binding/decoNote/origDate		
manuscripts	572.xml		/TEI/text/body/listBibl/msDesc/history/provenance/date		
manuscripts	572.xml		/TEI/text/body/listBibl/msDesc/history/acquisition/date		
manuscripts	573.xml		/TEI/text/body/listBibl/msDesc/physDesc/handDesc/handNote/origDate		
manuscripts	573.xml		/TEI/text/body/listBibl/msDesc/physDesc/bindingDesc/binding/decoNote/origDate		
manuscripts	573.xml		/TEI/text/body/listBibl/msDesc/history/provenance/date		
manuscripts	573.xml		/TEI/text/body/listBibl/msDesc/history/acquisition/date		
manuscripts	574.xml		/TEI/text/body/listBibl/msDesc/physDesc/handDesc/handNote/origDate		
manuscripts	574.xml		/TEI/text/body/listBibl/msDesc/physDesc/bindingDesc/binding/decoNote/origDate		
manuscripts	574.xml		/TEI/text/body/listBibl/msDesc/history/provenance/date		
manuscripts	574.xml		/TEI/text/body/listBibl/msDesc/history/acquisition/date		
manuscripts	575.xml		/TEI/text/body/listBibl/msDesc/physDesc/handDesc/handNote/origDate		
manuscripts	575.xml		/TEI/text/body/listBibl/msDesc/physDesc/bindingDesc/binding/decoNote/origDate		
manuscripts	575.xml		/TEI/text/body/listBibl/msDesc/history/provenance/date		
manuscripts	575.xml		/TEI/text/body/listBibl/msDesc/history/acquisition/date		
manuscripts	576.xml		/TEI/text/body/listBibl/msDesc/physDesc/handDesc/handNote/origDate		
manuscripts	576.xml		/TEI/text/body/listBibl/msDesc/physDesc/bindingDesc/binding/decoNote/origDate		
manuscripts	576.xml		/TEI/text/body/listBibl/msDesc/history/provenance/date		
manuscripts	576.xml		/TEI/text/body/listBibl/msDesc/history/acquisition/date		
manuscripts	577.xml		/TEI/text/body/listBibl/msDesc/physDesc/handDesc/handNote/origDate		
manuscripts	577.xml		/TEI/text/body/listBibl/msDesc/physDesc/bindingDesc/binding/decoNote/origDate		
manuscripts	577.xml		/TEI/text/body/listBibl/msDesc/history/provenance/date		
manuscripts	577.xml		/TEI/text/body/listBibl/msDesc/history/acquisition/date		
manuscripts	578.xml		/TEI/text/body/listBibl/msDesc/physDesc/handDesc/handNote/origDate		
manuscripts	578.xml		/TEI/text/body/listBibl/msDesc/physDesc/bindingDesc/binding/decoNote/origDate		
manuscripts	578.xml		/TEI/text/body/listBibl/msDesc/history/provenance/date		
manuscripts	578.xml		/TEI/text/body/listBibl/msDesc/history/acquisition/date		
manuscripts	579.xml		/TEI/text/body/listBibl/msDesc/physDesc/handDesc/handNote/origDate		
manuscripts	579.xml		/TEI/text/body/listBibl/msDesc/physDesc/bindingDesc/binding/decoNote/origDate		
manuscripts	579.xml		/TEI/text/body/listBibl/msDesc/history/provenance/date		
manuscripts	579.xml		/TEI/text/body/listBibl/msDesc/history/acquisition/date		
manuscripts	58.xml		/TEI/text/body/listBibl/msDesc/physDesc/handDesc/handNote/origDate		
manuscripts	58.xml		/TEI/text/body/listBibl/msDesc/physDesc/bindingDesc/binding/decoNote/origDate		
manuscripts	58.xml		/TEI/text/body/listBibl/msDesc/history/provenance/date		
manuscripts	58.xml		/TEI/text/body/listBibl/msDesc/history/acquisition/date		
manuscripts	580.xml		/TEI/text/body/listBibl/msDesc/physDesc/handDesc/handNote/origDate		
manuscripts	580.xml		/TEI/text/body/listBibl/msDesc/physDesc/bindingDesc/binding/decoNote/origDate		
manuscripts	580.xml		/TEI/text/body/listBibl/msDesc/history/provenance/date		
manuscripts	580.xml		/TEI/text/body/listBibl/msDesc/history/acquisition/date		
manuscripts	581.xml		/TEI/text/body/listBibl/msDesc/physDesc/handDesc/handNote/origDate		
manuscripts	581.xml		/TEI/text/body/listBibl/msDesc/physDesc/bindingDesc/binding/decoNote/origDate		
manuscripts	581.xml		/TEI/text/body/listBibl/msDesc/history/provenance/date		
manuscripts	581.xml		/TEI/text/body/listBibl/msDesc/history/acquisition/date		
manuscripts	582.xml		/TEI/text/body/listBibl/msDesc/physDesc/handDesc/handNote/origDate		
manuscripts	582.xml		/TEI/text/body/listBibl/msDesc/physDesc/bindingDesc/binding/decoNote/origDate		
manuscripts	582.xml		/TEI/text/body/listBibl/msDesc/history/provenance/date		
manuscripts	582.xml		/TEI/text/body/listBibl/msDesc/history/acquisition/date		
manuscripts	583.xml		/TEI/text/body/listBibl/msDesc/physDesc/handDesc/handNote/origDate		
manuscripts	583.xml		/TEI/text/body/listBibl/msDesc/physDesc/bindingDesc/binding/decoNote/origDate		
manuscripts	583.xml		/TEI/text/body/listBibl/msDesc/history/provenance/date		
manuscripts	583.xml		/TEI/text/body/listBibl/msDesc/history/acquisition/date		
manuscripts	584.xml		/TEI/text/body/listBibl/msDesc/physDesc/handDesc/handNote/origDate		
manuscripts	584.xml		/TEI/text/body/listBibl/msDesc/physDesc/bindingDesc/binding/decoNote/origDate		
manuscripts	584.xml		/TEI/text/body/listBibl/msDesc/history/provenance/date		
manuscripts	584.xml		/TEI/text/body/listBibl/msDesc/history/acquisition/date		
manuscripts	585.xml		/TEI/text/body/listBibl/msDesc/physDesc/handDesc/handNote/origDate		
manuscripts	585.xml		/TEI/text/body/listBibl/msDesc/physDesc/bindingDesc/binding/decoNote/origDate		
manuscripts	585.xml		/TEI/text/body/listBibl/msDesc/history/provenance/date		
manuscripts	585.xml		/TEI/text/body/listBibl/msDesc/history/acquisition/date		
manuscripts	586.xml		/TEI/text/body/listBibl/msDesc/physDesc/handDesc/handNote/origDate		
manuscripts	586.xml		/TEI/text/body/listBibl/msDesc/physDesc/bindingDesc/binding/decoNote/origDate		
manuscripts	586.xml		/TEI/text/body/listBibl/msDesc/history/provenance/date		
manuscripts	586.xml		/TEI/text/body/listBibl/msDesc/history/acquisition/date		
manuscripts	587.xml		/TEI/text/body/listBibl/msDesc/physDesc/handDesc/handNote/origDate		
manuscripts	587.xml		/TEI/text/body/listBibl/msDesc/physDesc/bindingDesc/binding/decoNote/origDate		
manuscripts	587.xml		/TEI/text/body/listBibl/msDesc/history/provenance/date		
manuscripts	587.xml		/TEI/text/body/listBibl/msDesc/history/acquisition/date		
manuscripts	588.xml		/TEI/text/body/listBibl/msDesc/physDesc/handDesc/handNote/origDate		
manuscripts	588.xml		/TEI/text/body/listBibl/msDesc/physDesc/bindingDesc/binding/decoNote/origDate		
manuscripts	588.xml		/TEI/text/body/listBibl/msDesc/history/provenance/date		
manuscripts	588.xml		/TEI/text/body/listBibl/msDesc/history/acquisition/date		
manuscripts	589.xml		/TEI/text/body/listBibl/msDesc/physDesc/handDesc/handNote/origDate		
manuscripts	589.xml		/TEI/text/body/listBibl/msDesc/physDesc/bindingDesc/binding/decoNote/origDate		
manuscripts	589.xml		/TEI/text/body/listBibl/msDesc/history/provenance/date		
manuscripts	589.xml		/TEI/text/body/listBibl/msDesc/history/acquisition/date		
manuscripts	59.xml	המחצית השנייה של המאה האחת עשרה?	/TEI/text/body/listBibl/msDesc/physDesc/handDesc/handNote/origDate		
manuscripts	59.xml		/TEI/text/body/listBibl/msDesc/physDesc/bindingDesc/binding/decoNote/origDate		
manuscripts	59.xml		/TEI/text/body/listBibl/msDesc/history/provenance/date		
manuscripts	59.xml		/TEI/text/body/listBibl/msDesc/history/acquisition/date		
manuscripts	590.xml		/TEI/text/body/listBibl/msDesc/physDesc/handDesc/handNote/origDate		
manuscripts	590.xml		/TEI/text/body/listBibl/msDesc/physDesc/bindingDesc/binding/decoNote/origDate		
manuscripts	590.xml		/TEI/text/body/listBibl/msDesc/history/provenance/date		
manuscripts	590.xml		/TEI/text/body/listBibl/msDesc/history/acquisition/date		
manuscripts	591.xml		/TEI/text/body/listBibl/msDesc/physDesc/handDesc/handNote/origDate		
manuscripts	591.xml		/TEI/text/body/listBibl/msDesc/physDesc/bindingDesc/binding/decoNote/origDate		
manuscripts	591.xml		/TEI/text/body/listBibl/msDesc/history/provenance/date		
manuscripts	591.xml		/TEI/text/body/listBibl/msDesc/history/acquisition/date		
manuscripts	592.xml		/TEI/text/body/listBibl/msDesc/physDesc/handDesc/handNote/origDate		
manuscripts	592.xml		/TEI/text/body/listBibl/msDesc/physDesc/bindingDesc/binding/decoNote/origDate		
manuscripts	592.xml		/TEI/text/body/listBibl/msDesc/history/provenance/date		
manuscripts	592.xml		/TEI/text/body/listBibl/msDesc/history/acquisition/date		
manuscripts	593.xml		/TEI/text/body/listBibl/msDesc/physDesc/handDesc/handNote/origDate		
manuscripts	593.xml		/TEI/text/body/listBibl/msDesc/physDesc/bindingDesc/binding/decoNote/origDate		
manuscripts	593.xml		/TEI/text/body/listBibl/msDesc/history/provenance/date		
manuscripts	593.xml		/TEI/text/body/listBibl/msDesc/history/acquisition/date		
manuscripts	594.xml		/TEI/text/body/listBibl/msDesc/physDesc/handDesc/handNote/origDate		
manuscripts	594.xml		/TEI/text/body/listBibl/msDesc/physDesc/bindingDesc/binding/decoNote/origDate		
manuscripts	594.xml		/TEI/text/body/listBibl/msDesc/history/provenance/date		
manuscripts	594.xml		/TEI/text/body/listBibl/msDesc/history/acquisition/date		
manuscripts	595.xml		/TEI/text/body/listBibl/msDesc/physDesc/handDesc/handNote/origDate		
manuscripts	595.xml		/TEI/text/body/listBibl/msDesc/physDesc/bindingDesc/binding/decoNote/origDate		
manuscripts	595.xml		/TEI/text/body/listBibl/msDesc/history/provenance/date		
manuscripts	595.xml		/TEI/text/body/listBibl/msDesc/history/acquisition/date		
manuscripts	596.xml		/TEI/text/body/listBibl/msDesc/physDesc/handDesc/handNote/origDate		
manuscripts	596.xml		/TEI/text/body/listBibl/msDesc/physDesc/bindingDesc/binding/decoNote/origDate		
manuscripts	596.xml		/TEI/text/body/listBibl/msDesc/history/provenance/date		
manuscripts	596.xml		/TEI/text/body/listBibl/msDesc/history/acquisition/date		
manuscripts	597.xml		/TEI/text/body/listBibl/msDesc/physDesc/handDesc/handNote/origDate		
manuscripts	597.xml		/TEI/text/body/listBibl/msDesc/physDesc/bindingDesc/binding/decoNote/origDate		
manuscripts	597.xml		/TEI/text/body/listBibl/msDesc/history/provenance/date		
manuscripts	597.xml		/TEI/text/body/listBibl/msDesc/history/acquisition/date		
manuscripts	598.xml		/TEI/text/body/listBibl/msDesc/physDesc/handDesc/handNote/origDate		
manuscripts	598.xml		/TEI/text/body/listBibl/msDesc/physDesc/bindingDesc/binding/decoNote/origDate		
manuscripts	598.xml		/TEI/text/body/listBibl/msDesc/history/provenance/date		
manuscripts	598.xml		/TEI/text/body/listBibl/msDesc/history/acquisition/date		
manuscripts	599.xml		/TEI/text/body/listBibl/msDesc/physDesc/handDesc/handNote/origDate		
manuscripts	599.xml		/TEI/text/body/listBibl/msDesc/physDesc/bindingDesc/binding/decoNote/origDate		
manuscripts	599.xml		/TEI/text/body/listBibl/msDesc/history/provenance/date		
manuscripts	599.xml		/TEI/text/body/listBibl/msDesc/history/acquisition/date		
manuscripts	6.xml	מאה יא	/TEI/text/body/listBibl/msDesc/physDesc/handDesc/handNote/origDate		
manuscripts	6.xml		/TEI/text/body/listBibl/msDesc/physDesc/bindingDesc/binding/decoNote/origDate		
manuscripts	6.xml		/TEI/text/body/listBibl/msDesc/history/provenance/date		
manuscripts	6.xml		/TEI/text/body/listBibl/msDesc/history/acquisition/date		
manuscripts	60.xml		/TEI/text/body/listBibl/msDesc/physDesc/handDesc/handNote/origDate		
manuscripts	60.xml		/TEI/text/body/listBibl/msDesc/physDesc/bindingDesc/binding/decoNote/origDate		
manuscripts	60.xml		/TEI/text/body/listBibl/msDesc/history/provenance/date		
manuscripts	60.xml		/TEI/text/body/listBibl/msDesc/history/acquisition/date		
manuscripts	600.xml		/TEI/text/body/listBibl/msDesc/physDesc/handDesc/handNote/origDate		
manuscripts	600.xml		/TEI/text/body/listBibl/msDesc/physDesc/bindingDesc/binding/decoNote/origDate		
manuscripts	600.xml		/TEI/text/body/listBibl/msDesc/history/provenance/date		
manuscripts	600.xml		/TEI/text/body/listBibl/msDesc/history/acquisition/date		
manuscripts	601.xml		/TEI/text/body/listBibl/msDesc/physDesc/handDesc/handNote/origDate		
manuscripts	601.xml		/TEI/text/body/listBibl/msDesc/physDesc/bindingDesc/binding/decoNote/origDate		
manuscripts	601.xml		/TEI/text/body/listBibl/msDesc/history/provenance/date		
manuscripts	601.xml		/TEI/text/body/listBibl/msDesc/history/acquisition/date		
manuscripts	602.xml		/TEI/text/body/listBibl/msDesc/physDesc/handDesc/handNote/origDate		
manuscripts	602.xml		/TEI/text/body/listBibl/msDesc/physDesc/bindingDesc/binding/decoNote/origDate		
manuscripts	602.xml		/TEI/text/body/listBibl/msDesc/history/provenance/date		
manuscripts	602.xml		/TEI/text/body/listBibl/msDesc/history/acquisition/date		
manuscripts	603.xml		/TEI/text/body/listBibl/msDesc/physDesc/handDesc/handNote/origDate		
manuscripts	603.xml		/TEI/text/body/listBibl/msDesc/physDesc/bindingDesc/binding/decoNote/origDate		
manuscripts	603.xml		/TEI/text/body/listBibl/msDesc/history/provenance/date		
manuscripts	603.xml		/TEI/text/body/listBibl/msDesc/history/acquisition/date		
manuscripts	604.xml		/TEI/text/body/listBibl/msDesc/physDesc/handDesc/handNote/origDate		
manuscripts	604.xml		/TEI/text/body/listBibl/msDesc/physDesc/bindingDesc/binding/decoNote/origDate		
manuscripts	604.xml		/TEI/text/body/listBibl/msDesc/history/provenance/date		
manuscripts	604.xml		/TEI/text/body/listBibl/msDesc/history/acquisition/date		
manuscripts	605.xml		/TEI/text/body/listBibl/msDesc/physDesc/handDesc/handNote/origDate		
manuscripts	605.xml		/TEI/text/body/listBibl/msDesc/physDesc/bindingDesc/binding/decoNote/origDate		
manuscripts	605.xml		/TEI/text/body/listBibl/msDesc/history/provenance/date		
manuscripts	605.xml		/TEI/text/body/listBibl/msDesc/history/acquisition/date		
manuscripts	606.xml	0000 th	/TEI/text/body/listBibl/msDesc/physDesc/handDesc/handNote/origDate		
manuscripts	606.xml		/TEI/text/body/listBibl/msDesc/physDesc/bindingDesc/binding/decoNote/origDate		
manuscripts	606.xml		/TEI/text/body/listBibl/msDesc/history/provenance/date		
manuscripts	606.xml		/TEI/text/body/listBibl/msDesc/history/acquisition/date		
manuscripts	607.xml		/TEI/text/body/listBibl/msDesc/physDesc/handDesc/handNote/origDate		
manuscripts	607.xml		/TEI/text/body/listBibl/msDesc/physDesc/bindingDesc/binding/decoNote/origDate		
manuscripts	607.xml		/TEI/text/body/listBibl/msDesc/history/provenance/date		
manuscripts	607.xml		/TEI/text/body/listBibl/msDesc/history/acquisition/date		
manuscripts	608.xml		/TEI/text/body/listBibl/msDesc/physDesc/handDesc/handNote/origDate		
manuscripts	608.xml		/TEI/text/body/listBibl/msDesc/physDesc/bindingDesc/binding/decoNote/origDate		
manuscripts	608.xml		/TEI/text/body/listBibl/msDesc/history/provenance/date		
manuscripts	608.xml		/TEI/text/body/listBibl/msDesc/history/acquisition/date		
manuscripts	609.xml		/TEI/text/body/listBibl/msDesc/physDesc/handDesc/handNote/origDate		
manuscripts	609.xml		/TEI/text/body/listBibl/msDesc/physDesc/bindingDesc/binding/decoNote/origDate		
manuscripts	609.xml		/TEI/text/body/listBibl/msDesc/history/provenance/date		
manuscripts	609.xml		/TEI/text/body/listBibl/msDesc/history/acquisition/date		
manuscripts	61.xml		/TEI/text/body/listBibl/msDesc/physDesc/handDesc/handNote/origDate		
manuscripts	61.xml		/TEI/text/body/listBibl/msDesc/physDesc/bindingDesc/binding/decoNote/origDate		
manuscripts	61.xml		/TEI/text/body/listBibl/msDesc/history/provenance/date		
manuscripts	61.xml		/TEI/text/body/listBibl/msDesc/history/acquisition/date		
manuscripts	610.xml		/TEI/text/body/listBibl/msDesc/physDesc/handDesc/handNote/origDate		
manuscripts	610.xml		/TEI/text/body/listBibl/msDesc/physDesc/bindingDesc/binding/decoNote/origDate		
manuscripts	610.xml		/TEI/text/body/listBibl/msDesc/history/provenance/date		
manuscripts	610.xml		/TEI/text/body/listBibl/msDesc/history/acquisition/date		
manuscripts	611.xml		/TEI/text/body/listBibl/msDesc/physDesc/handDesc/handNote/origDate		
manuscripts	611.xml		/TEI/text/body/listBibl/msDesc/physDesc/bindingDesc/binding/decoNote/origDate		
manuscripts	611.xml		/TEI/text/body/listBibl/msDesc/history/provenance/date		
manuscripts	611.xml		/TEI/text/body/listBibl/msDesc/history/acquisition/date		
manuscripts	612.xml		/TEI/text/body/listBibl/msDesc/physDesc/handDesc/handNote/origDate		
manuscripts	612.xml		/TEI/text/body/listBibl/msDesc/physDesc/bindingDesc/binding/decoNote/origDate		
manuscripts	612.xml		/TEI/text/body/listBibl/msDesc/history/provenance/date		
manuscripts	612.xml		/TEI/text/body/listBibl/msDesc/history/acquisition/date		
manuscripts	613.xml		/TEI/text/body/listBibl/msDesc/physDesc/handDesc/handNote/origDate		
manuscripts	613.xml		/TEI/text/body/listBibl/msDesc/physDesc/bindingDesc/binding/decoNote/origDate		
manuscripts	613.xml		/TEI/text/body/listBibl/msDesc/history/provenance/date		
manuscripts	613.xml		/TEI/text/body/listBibl/msDesc/history/acquisition/date		
manuscripts	614.xml		/TEI/text/body/listBibl/msDesc/physDesc/handDesc/handNote/origDate		
manuscripts	614.xml		/TEI/text/body/listBibl/msDesc/physDesc/bindingDesc/binding/decoNote/origDate		
manuscripts	614.xml		/TEI/text/body/listBibl/msDesc/history/provenance/date		
manuscripts	614.xml		/TEI/text/body/listBibl/msDesc/history/acquisition/date		
manuscripts	615.xml	1038-1042 [430-433](?)	/TEI/text/body/listBibl/msDesc/physDesc/handDesc/handNote/origDate		
manuscripts	615.xml		/TEI/text/body/listBibl/msDesc/physDesc/bindingDesc/binding/decoNote/origDate		
manuscripts	615.xml		/TEI/text/body/listBibl/msDesc/history/provenance/date		
manuscripts	615.xml		/TEI/text/body/listBibl/msDesc/history/acquisition/date		
manuscripts	617.xml	1000-1100	/TEI/text/body/listBibl/msDesc/physDesc/handDesc/handNote/origDate		
manuscripts	617.xml		/TEI/text/body/listBibl/msDesc/physDesc/bindingDesc/binding/decoNote/origDate		
manuscripts	617.xml		/TEI/text/body/listBibl/msDesc/history/provenance/date		
manuscripts	617.xml		/TEI/text/body/listBibl/msDesc/history/acquisition/date		
manuscripts	618.xml	1200-1300	/TEI/text/body/listBibl/msDesc/physDesc/handDesc/handNote/origDate		
manuscripts	618.xml		/TEI/text/body/listBibl/msDesc/physDesc/bindingDesc/binding/decoNote/origDate		
manuscripts	618.xml		/TEI/text/body/listBibl/msDesc/history/provenance/date		
manuscripts	618.xml		/TEI/text/body/listBibl/msDesc/history/acquisition/date		
manuscripts	619.xml	1000-1100	/TEI/text/body/listBibl/msDesc/physDesc/handDesc/handNote/origDate		
manuscripts	619.xml		/TEI/text/body/listBibl/msDesc/physDesc/bindingDesc/binding/decoNote/origDate		
manuscripts	619.xml		/TEI/text/body/listBibl/msDesc/history/provenance/date		
manuscripts	619.xml		/TEI/text/body/listBibl/msDesc/history/acquisition/date		
manuscripts	62.xml	465 להג'רה (1072 לספירה)	/TEI/text/body/listBibl/msDesc/physDesc/handDesc/handNote/origDate		
manuscripts	62.xml		/TEI/text/body/listBibl/msDesc/physDesc/bindingDesc/binding/decoNote/origDate		
manuscripts	62.xml		/TEI/text/body/listBibl/msDesc/history/provenance/date		
manuscripts	62.xml		/TEI/text/body/listBibl/msDesc/history/acquisition/date		
manuscripts	620.xml	1000-1200?	/TEI/text/body/listBibl/msDesc/physDesc/handDesc/handNote/origDate		
manuscripts	620.xml		/TEI/text/body/listBibl/msDesc/physDesc/bindingDesc/binding/decoNote/origDate		
manuscripts	620.xml		/TEI/text/body/listBibl/msDesc/history/provenance/date		
manuscripts	620.xml		/TEI/text/body/listBibl/msDesc/history/acquisition/date		
manuscripts	621.xml	1000-1100	/TEI/text/body/listBibl/msDesc/physDesc/handDesc/handNote/origDate		
manuscripts	621.xml		/TEI/text/body/listBibl/msDesc/physDesc/bindingDesc/binding/decoNote/origDate		
manuscripts	621.xml		/TEI/text/body/listBibl/msDesc/history/provenance/date		
manuscripts	621.xml		/TEI/text/body/listBibl/msDesc/history/acquisition/date		
manuscripts	622.xml		/TEI/text/body/listBibl/msDesc/physDesc/handDesc/handNote/origDate		
manuscripts	622.xml		/TEI/text/body/listBibl/msDesc/physDesc/bindingDesc/binding/decoNote/origDate		
manuscripts	622.xml		/TEI/text/body/listBibl/msDesc/history/provenance/date		
manuscripts	622.xml		/TEI/text/body/listBibl/msDesc/history/acquisition/date		
manuscripts	623.xml	1200-1300	/TEI/text/body/listBibl/msDesc/physDesc/handDesc/handNote/origDate		
manuscripts	623.xml		/TEI/text/body/listBibl/msDesc/physDesc/bindingDesc/binding/decoNote/origDate		
manuscripts	623.xml		/TEI/text/body/listBibl/msDesc/history/provenance/date		
manuscripts	623.xml		/TEI/text/body/listBibl/msDesc/history/acquisition/date		
manuscripts	624.xml		/TEI/text/body/listBibl/msDesc/physDesc/handDesc/handNote/origDate		
manuscripts	624.xml		/TEI/text/body/listBibl/msDesc/physDesc/bindingDesc/binding/decoNote/origDate		
manuscripts	624.xml		/TEI/text/body/listBibl/msDesc/history/provenance/date		
manuscripts	624.xml		/TEI/text/body/listBibl/msDesc/history/acquisition/date		
manuscripts	625.xml	1200-1300	/TEI/text/body/listBibl/msDesc/physDesc/handDesc/handNote/origDate		
manuscripts	625.xml		/TEI/text/body/listBibl/msDesc/physDesc/bindingDesc/binding/decoNote/origDate		
manuscripts	625.xml		/TEI/text/body/listBibl/msDesc/history/provenance/date		
manuscripts	625.xml		/TEI/text/body/listBibl/msDesc/history/acquisition/date		
manuscripts	626.xml	1000-1100	/TEI/text/body/listBibl/msDesc/physDesc/handDesc/handNote/origDate		
manuscripts	626.xml		/TEI/text/body/listBibl/msDesc/physDesc/bindingDesc/binding/decoNote/origDate		
manuscripts	626.xml		/TEI/text/body/listBibl/msDesc/history/provenance/date		
manuscripts	626.xml		/TEI/text/body/listBibl/msDesc/history/acquisition/date		
manuscripts	627.xml	1000-1100	/TEI/text/body/listBibl/msDesc/physDesc/handDesc/handNote/origDate		
manuscripts	627.xml		/TEI/text/body/listBibl/msDesc/physDesc/bindingDesc/binding/decoNote/origDate		
manuscripts	627.xml		/TEI/text/body/listBibl/msDesc/history/provenance/date		
manuscripts	627.xml		/TEI/text/body/listBibl/msDesc/history/acquisition/date		
manuscripts	628.xml	1200-1300	/TEI/text/body/listBibl/msDesc/physDesc/handDesc/handNote/origDate		
manuscripts	628.xml		/TEI/text/body/listBibl/msDesc/physDesc/bindingDesc/binding/decoNote/origDate		
manuscripts	628.xml		/TEI/text/body/listBibl/msDesc/history/provenance/date		
manuscripts	628.xml		/TEI/text/body/listBibl/msDesc/history/acquisition/date		
manuscripts	629.xml	1200-1300	/TEI/text/body/listBibl/msDesc/physDesc/handDesc/handNote/origDate		
manuscripts	629.xml		/TEI/text/body/listBibl/msDesc/physDesc/bindingDesc/binding/decoNote/origDate		
manuscripts	629.xml		/TEI/text/body/listBibl/msDesc/history/provenance/date		
manuscripts	629.xml		/TEI/text/body/listBibl/msDesc/history/acquisition/date		
manuscripts	63.xml		/TEI/text/body/listBibl/msDesc/physDesc/handDesc/handNote/origDate		
manuscripts	63.xml		/TEI/text/body/listBibl/msDesc/physDesc/bindingDesc/binding/decoNote/origDate		
manuscripts	63.xml		/TEI/text/body/listBibl/msDesc/history/provenance/date		
manuscripts	63.xml		/TEI/text/body/listBibl/msDesc/history/acquisition/date		
manuscripts	630.xml	1048	/TEI/text/body/listBibl/msDesc/physDesc/handDesc/handNote/origDate	when	1049
manuscripts	630.xml		/TEI/text/body/listBibl/msDesc/physDesc/bindingDesc/binding/decoNote/origDate		
manuscripts	630.xml		/TEI/text/body/listBibl/msDesc/history/provenance/date		
manuscripts	630.xml		/TEI/text/body/listBibl/msDesc/history/acquisition/date		
manuscripts	631.xml	1100-1300?	/TEI/text/body/listBibl/msDesc/physDesc/handDesc/handNote/origDate		
manuscripts	631.xml		/TEI/text/body/listBibl/msDesc/physDesc/bindingDesc/binding/decoNote/origDate		
manuscripts	631.xml		/TEI/text/body/listBibl/msDesc/history/provenance/date		
manuscripts	631.xml		/TEI/text/body/listBibl/msDesc/history/acquisition/date		
manuscripts	632.xml	1108	/TEI/text/body/listBibl/msDesc/physDesc/handDesc/handNote/origDate		
manuscripts	632.xml		/TEI/text/body/listBibl/msDesc/physDesc/bindingDesc/binding/decoNote/origDate		
manuscripts	632.xml		/TEI/text/body/listBibl/msDesc/history/provenance/date		
manuscripts	632.xml		/TEI/text/body/listBibl/msDesc/history/acquisition/date		
manuscripts	633.xml	1000-1100	/TEI/text/body/listBibl/msDesc/physDesc/handDesc/handNote/origDate		
manuscripts	633.xml		/TEI/text/body/listBibl/msDesc/physDesc/bindingDesc/binding/decoNote/origDate		
manuscripts	633.xml		/TEI/text/body/listBibl/msDesc/history/provenance/date		
manuscripts	633.xml		/TEI/text/body/listBibl/msDesc/history/acquisition/date		
manuscripts	634.xml	1000-1200?	/TEI/text/body/listBibl/msDesc/physDesc/handDesc/handNote/origDate		
manuscripts	634.xml		/TEI/text/body/listBibl/msDesc/physDesc/bindingDesc/binding/decoNote/origDate		
manuscripts	634.xml		/TEI/text/body/listBibl/msDesc/history/provenance/date		
manuscripts	634.xml		/TEI/text/body/listBibl/msDesc/history/acquisition/date		
manuscripts	635.xml	1000-1100	/TEI/text/body/listBibl/msDesc/physDesc/handDesc/handNote/origDate		
manuscripts	635.xml		/TEI/text/body/listBibl/msDesc/physDesc/bindingDesc/binding/decoNote/origDate		
manuscripts	635.xml		/TEI/text/body/listBibl/msDesc/history/provenance/date		
manuscripts	635.xml		/TEI/text/body/listBibl/msDesc/history/acquisition/date		
manuscripts	636.xml	1000-1200?	/TEI/text/body/listBibl/msDesc/physDesc/handDesc/handNote/origDate		
manuscripts	636.xml		/TEI/text/body/listBibl/msDesc/physDesc/bindingDesc/binding/decoNote/origDate		
manuscripts	636.xml		/TEI/text/body/listBibl/msDesc/history/provenance/date		
manuscripts	636.xml		/TEI/text/body/listBibl/msDesc/history/acquisition/date		
manuscripts	637.xml	1000-1100	/TEI/text/body/listBibl/msDesc/physDesc/handDesc/handNote/origDate		
manuscripts	637.xml		/TEI/text/body/listBibl/msDesc/physDesc/bindingDesc/binding/decoNote/origDate		
manuscripts	637.xml		/TEI/text/body/listBibl/msDesc/history/provenance/date		
manuscripts	637.xml		/TEI/text/body/listBibl/msDesc/history/acquisition/date		
manuscripts	638.xml		/TEI/text/body/listBibl/msDesc/physDesc/bindingDesc/binding/decoNote/origDate		
manuscripts	638.xml		/TEI/text/body/listBibl/msDesc/history/provenance/date		
manuscripts	638.xml		/TEI/text/body/listBibl/msDesc/history/acquisition/date		
manuscripts	639.xml		/TEI/text/body/listBibl/msDesc/physDesc/bindingDesc/binding/decoNote/origDate		
manuscripts	639.xml		/TEI/text/body/listBibl/msDesc/history/provenance/date		
manuscripts	639.xml		/TEI/text/body/listBibl/msDesc/history/acquisition/date		
manuscripts	64.xml		/TEI/text/body/listBibl/msDesc/physDesc/handDesc/handNote/origDate		
manuscripts	64.xml		/TEI/text/body/listBibl/msDesc/physDesc/bindingDesc/binding/decoNote/origDate		
manuscripts	64.xml		/TEI/text/body/listBibl/msDesc/history/provenance/date		
manuscripts	64.xml		/TEI/text/body/listBibl/msDesc/history/acquisition/date		
manuscripts	640.xml		/TEI/text/body/listBibl/msDesc/physDesc/handDesc/handNote/origDate		
manuscripts	640.xml		/TEI/text/body/listBibl/msDesc/physDesc/bindingDesc/binding/decoNote/origDate		
manuscripts	640.xml		/TEI/text/body/listBibl/msDesc/history/provenance/date		
manuscripts	640.xml		/TEI/text/body/listBibl/msDesc/history/acquisition/date		
manuscripts	641.xml		/TEI/text/body/listBibl/msDesc/physDesc/handDesc/handNote/origDate	when	1049
manuscripts	641.xml		/TEI/text/body/listBibl/msDesc/physDesc/bindingDesc/binding/decoNote/origDate		
manuscripts	641.xml		/TEI/text/body/listBibl/msDesc/history/provenance/date		
manuscripts	641.xml		/TEI/text/body/listBibl/msDesc/history/acquisition/date		
manuscripts	642.xml		/TEI/text/body/listBibl/msDesc/physDesc/handDesc/handNote/origDate		
manuscripts	642.xml		/TEI/text/body/listBibl/msDesc/physDesc/bindingDesc/binding/decoNote/origDate		
manuscripts	642.xml		/TEI/text/body/listBibl/msDesc/history/provenance/date		
manuscripts	642.xml		/TEI/text/body/listBibl/msDesc/history/acquisition/date		
manuscripts	643.xml		/TEI/text/body/listBibl/msDesc/physDesc/handDesc/handNote/origDate		
manuscripts	643.xml		/TEI/text/body/listBibl/msDesc/physDesc/bindingDesc/binding/decoNote/origDate		
manuscripts	643.xml		/TEI/text/body/listBibl/msDesc/history/provenance/date		
manuscripts	643.xml		/TEI/text/body/listBibl/msDesc/history/acquisition/date		
manuscripts	644.xml		/TEI/text/body/listBibl/msDesc/physDesc/bindingDesc/binding/decoNote/origDate		
manuscripts	644.xml		/TEI/text/body/listBibl/msDesc/history/provenance/date		
manuscripts	644.xml		/TEI/text/body/listBibl/msDesc/history/acquisition/date		
manuscripts	645.xml		/TEI/text/body/listBibl/msDesc/physDesc/bindingDesc/binding/decoNote/origDate		
manuscripts	645.xml		/TEI/text/body/listBibl/msDesc/history/provenance/date		
manuscripts	645.xml		/TEI/text/body/listBibl/msDesc/history/acquisition/date		
manuscripts	646.xml		/TEI/text/body/listBibl/msDesc/physDesc/bindingDesc/binding/decoNote/origDate		
manuscripts	646.xml		/TEI/text/body/listBibl/msDesc/history/provenance/date		
manuscripts	646.xml		/TEI/text/body/listBibl/msDesc/history/acquisition/date		
manuscripts	648.xml		/TEI/text/body/listBibl/msDesc/physDesc/bindingDesc/binding/decoNote/origDate		
manuscripts	648.xml		/TEI/text/body/listBibl/msDesc/history/provenance/date		
manuscripts	648.xml		/TEI/text/body/listBibl/msDesc/history/acquisition/date		
manuscripts	649.xml		/TEI/text/body/listBibl/msDesc/physDesc/bindingDesc/binding/decoNote/origDate		
manuscripts	649.xml		/TEI/text/body/listBibl/msDesc/history/provenance/date		
manuscripts	649.xml		/TEI/text/body/listBibl/msDesc/history/acquisition/date		
manuscripts	65.xml		/TEI/text/body/listBibl/msDesc/physDesc/handDesc/handNote/origDate		
manuscripts	65.xml		/TEI/text/body/listBibl/msDesc/physDesc/bindingDesc/binding/decoNote/origDate		
manuscripts	65.xml		/TEI/text/body/listBibl/msDesc/history/provenance/date		
manuscripts	65.xml		/TEI/text/body/listBibl/msDesc/history/acquisition/date		
manuscripts	650.xml		/TEI/text/body/listBibl/msDesc/physDesc/bindingDesc/binding/decoNote/origDate		
manuscripts	650.xml		/TEI/text/body/listBibl/msDesc/history/provenance/date		
manuscripts	650.xml		/TEI/text/body/listBibl/msDesc/history/acquisition/date		
manuscripts	651.xml		/TEI/text/body/listBibl/msDesc/physDesc/bindingDesc/binding/decoNote/origDate		
manuscripts	651.xml		/TEI/text/body/listBibl/msDesc/history/provenance/date		
manuscripts	651.xml		/TEI/text/body/listBibl/msDesc/history/acquisition/date		
manuscripts	652.xml		/TEI/text/body/listBibl/msDesc/physDesc/bindingDesc/binding/decoNote/origDate		
manuscripts	652.xml		/TEI/text/body/listBibl/msDesc/history/provenance/date		
manuscripts	652.xml		/TEI/text/body/listBibl/msDesc/history/acquisition/date		
manuscripts	654.xml		/TEI/text/body/listBibl/msDesc/physDesc/bindingDesc/binding/decoNote/origDate		
manuscripts	654.xml		/TEI/text/body/listBibl/msDesc/history/provenance/date		
manuscripts	654.xml		/TEI/text/body/listBibl/msDesc/history/acquisition/date		
manuscripts	655.xml		/TEI/text/body/listBibl/msDesc/physDesc/bindingDesc/binding/decoNote/origDate		
manuscripts	655.xml		/TEI/text/body/listBibl/msDesc/history/provenance/date		
manuscripts	655.xml		/TEI/text/body/listBibl/msDesc/history/acquisition/date		
manuscripts	656.xml		/TEI/text/body/listBibl/msDesc/physDesc/bindingDesc/binding/decoNote/origDate		
manuscripts	656.xml		/TEI/text/body/listBibl/msDesc/history/provenance/date		
manuscripts	656.xml		/TEI/text/body/listBibl/msDesc/history/acquisition/date		
manuscripts	658.xml	1100-1299	/TEI/text/body/listBibl/msDesc/physDesc/handDesc/handNote/origDate		
manuscripts	658.xml		/TEI/text/body/listBibl/msDesc/physDesc/bindingDesc/binding/decoNote/origDate		
manuscripts	658.xml		/TEI/text/body/listBibl/msDesc/history/provenance/date		
manuscripts	658.xml		/TEI/text/body/listBibl/msDesc/history/acquisition/date		
manuscripts	659.xml	1100-1299	/TEI/text/body/listBibl/msDesc/physDesc/handDesc/handNote/origDate		
manuscripts	659.xml		/TEI/text/body/listBibl/msDesc/physDesc/bindingDesc/binding/decoNote/origDate		
manuscripts	659.xml		/TEI/text/body/listBibl/msDesc/history/provenance/date		
manuscripts	659.xml		/TEI/text/body/listBibl/msDesc/history/acquisition/date		
manuscripts	66.xml		/TEI/text/body/listBibl/msDesc/physDesc/handDesc/handNote/origDate		
manuscripts	66.xml		/TEI/text/body/listBibl/msDesc/physDesc/bindingDesc/binding/decoNote/origDate		
manuscripts	66.xml		/TEI/text/body/listBibl/msDesc/history/provenance/date		
manuscripts	66.xml		/TEI/text/body/listBibl/msDesc/history/acquisition/date		
manuscripts	660.xml	1100-1299	/TEI/text/body/listBibl/msDesc/physDesc/handDesc/handNote/origDate		
manuscripts	660.xml		/TEI/text/body/listBibl/msDesc/physDesc/bindingDesc/binding/decoNote/origDate		
manuscripts	660.xml		/TEI/text/body/listBibl/msDesc/history/provenance/date		
manuscripts	660.xml		/TEI/text/body/listBibl/msDesc/history/acquisition/date		
manuscripts	661.xml	1100-1299	/TEI/text/body/listBibl/msDesc/physDesc/handDesc/handNote/origDate		
manuscripts	661.xml		/TEI/text/body/listBibl/msDesc/physDesc/bindingDesc/binding/decoNote/origDate		
manuscripts	661.xml		/TEI/text/body/listBibl/msDesc/history/provenance/date		
manuscripts	661.xml		/TEI/text/body/listBibl/msDesc/history/acquisition/date		
manuscripts	662.xml	1100-1299	/TEI/text/body/listBibl/msDesc/physDesc/handDesc/handNote/origDate		
manuscripts	662.xml		/TEI/text/body/listBibl/msDesc/physDesc/bindingDesc/binding/decoNote/origDate		
manuscripts	662.xml		/TEI/text/body/listBibl/msDesc/history/provenance/date		
manuscripts	662.xml		/TEI/text/body/listBibl/msDesc/history/acquisition/date		
manuscripts	663.xml	1100-1299	/TEI/text/body/listBibl/msDesc/physDesc/handDesc/handNote/origDate		
manuscripts	663.xml		/TEI/text/body/listBibl/msDesc/physDesc/bindingDesc/binding/decoNote/origDate		
manuscripts	663.xml		/TEI/text/body/listBibl/msDesc/history/provenance/date		
manuscripts	663.xml		/TEI/text/body/listBibl/msDesc/history/acquisition/date		
manuscripts	664.xml	1100-1299	/TEI/text/body/listBibl/msDesc/physDesc/handDesc/handNote/origDate		
manuscripts	664.xml		/TEI/text/body/listBibl/msDesc/physDesc/bindingDesc/binding/decoNote/origDate		
manuscripts	664.xml		/TEI/text/body/listBibl/msDesc/history/provenance/date		
manuscripts	664.xml		/TEI/text/body/listBibl/msDesc/history/acquisition/date		
manuscripts	665.xml	1100-1299	/TEI/text/body/listBibl/msDesc/physDesc/handDesc/handNote/origDate		
manuscripts	665.xml		/TEI/text/body/listBibl/msDesc/physDesc/bindingDesc/binding/decoNote/origDate		
manuscripts	665.xml		/TEI/text/body/listBibl/msDesc/history/provenance/date		
manuscripts	665.xml		/TEI/text/body/listBibl/msDesc/history/acquisition/date		
manuscripts	667.xml		/TEI/text/body/listBibl/msDesc/physDesc/bindingDesc/binding/decoNote/origDate		
manuscripts	667.xml		/TEI/text/body/listBibl/msDesc/history/provenance/date		
manuscripts	667.xml		/TEI/text/body/listBibl/msDesc/history/acquisition/date		
manuscripts	669.xml		/TEI/text/body/listBibl/msDesc/physDesc/handDesc/handNote/origDate		
manuscripts	669.xml		/TEI/text/body/listBibl/msDesc/physDesc/bindingDesc/binding/decoNote/origDate		
manuscripts	669.xml		/TEI/text/body/listBibl/msDesc/history/provenance/date		
manuscripts	669.xml		/TEI/text/body/listBibl/msDesc/history/acquisition/date		
manuscripts	67.xml		/TEI/text/body/listBibl/msDesc/physDesc/handDesc/handNote/origDate		
manuscripts	67.xml		/TEI/text/body/listBibl/msDesc/physDesc/bindingDesc/binding/decoNote/origDate		
manuscripts	67.xml		/TEI/text/body/listBibl/msDesc/history/provenance/date		
manuscripts	67.xml		/TEI/text/body/listBibl/msDesc/history/acquisition/date		
manuscripts	670.xml		/TEI/text/body/listBibl/msDesc/physDesc/handDesc/handNote/origDate		
manuscripts	670.xml		/TEI/text/body/listBibl/msDesc/physDesc/bindingDesc/binding/decoNote/origDate		
manuscripts	670.xml		/TEI/text/body/listBibl/msDesc/history/provenance/date		
manuscripts	670.xml		/TEI/text/body/listBibl/msDesc/history/acquisition/date		
manuscripts	671.xml		/TEI/text/body/listBibl/msDesc/physDesc/handDesc/handNote/origDate		
manuscripts	671.xml		/TEI/text/body/listBibl/msDesc/physDesc/bindingDesc/binding/decoNote/origDate		
manuscripts	671.xml		/TEI/text/body/listBibl/msDesc/history/provenance/date		
manuscripts	671.xml		/TEI/text/body/listBibl/msDesc/history/acquisition/date		
manuscripts	672.xml		/TEI/text/body/listBibl/msDesc/physDesc/handDesc/handNote/origDate		
manuscripts	672.xml		/TEI/text/body/listBibl/msDesc/physDesc/bindingDesc/binding/decoNote/origDate		
manuscripts	672.xml		/TEI/text/body/listBibl/msDesc/history/provenance/date		
manuscripts	672.xml		/TEI/text/body/listBibl/msDesc/history/acquisition/date		
manuscripts	673.xml		/TEI/text/body/listBibl/msDesc/physDesc/handDesc/handNote/origDate		
manuscripts	673.xml		/TEI/text/body/listBibl/msDesc/physDesc/bindingDesc/binding/decoNote/origDate		
manuscripts	673.xml		/TEI/text/body/listBibl/msDesc/history/provenance/date		
manuscripts	673.xml		/TEI/text/body/listBibl/msDesc/history/acquisition/date		
manuscripts	674.xml		/TEI/text/body/listBibl/msDesc/physDesc/handDesc/handNote/origDate		
manuscripts	674.xml		/TEI/text/body/listBibl/msDesc/physDesc/bindingDesc/binding/decoNote/origDate		
manuscripts	674.xml		/TEI/text/body/listBibl/msDesc/history/provenance/date		
manuscripts	674.xml		/TEI/text/body/listBibl/msDesc/history/acquisition/date		
manuscripts	675.xml		/TEI/text/body/listBibl/msDesc/physDesc/handDesc/handNote/origDate		
manuscripts	675.xml		/TEI/text/body/listBibl/msDesc/physDesc/bindingDesc/binding/decoNote/origDate		
manuscripts	675.xml		/TEI/text/body/listBibl/msDesc/history/provenance/date		
manuscripts	675.xml		/TEI/text/body/listBibl/msDesc/history/acquisition/date		
manuscripts	676.xml		/TEI/text/body/listBibl/msDesc/physDesc/handDesc/handNote/origDate		
manuscripts	676.xml		/TEI/text/body/listBibl/msDesc/physDesc/bindingDesc/binding/decoNote/origDate		
manuscripts	676.xml		/TEI/text/body/listBibl/msDesc/history/provenance/date		
manuscripts	676.xml		/TEI/text/body/listBibl/msDesc/history/acquisition/date		
manuscripts	677.xml		/TEI/text/body/listBibl/msDesc/physDesc/handDesc/handNote/origDate		
manuscripts	677.xml		/TEI/text/body/listBibl/msDesc/physDesc/bindingDesc/binding/decoNote/origDate		
manuscripts	677.xml		/TEI/text/body/listBibl/msDesc/history/provenance/date		
manuscripts	677.xml		/TEI/text/body/listBibl/msDesc/history/acquisition/date		
manuscripts	678.xml		/TEI/text/body/listBibl/msDesc/physDesc/handDesc/handNote/origDate		
manuscripts	678.xml		/TEI/text/body/listBibl/msDesc/physDesc/bindingDesc/binding/decoNote/origDate		
manuscripts	678.xml		/TEI/text/body/listBibl/msDesc/history/provenance/date		
manuscripts	678.xml		/TEI/text/body/listBibl/msDesc/history/acquisition/date		
manuscripts	68.xml		/TEI/text/body/listBibl/msDesc/physDesc/handDesc/handNote/origDate		
manuscripts	68.xml		/TEI/text/body/listBibl/msDesc/physDesc/bindingDesc/binding/decoNote/origDate		
manuscripts	68.xml		/TEI/text/body/listBibl/msDesc/history/provenance/date		
manuscripts	68.xml		/TEI/text/body/listBibl/msDesc/history/acquisition/date		
manuscripts	683.xml	1101-1119	/TEI/text/body/listBibl/msDesc/physDesc/handDesc/handNote/origDate		
manuscripts	683.xml		/TEI/text/body/listBibl/msDesc/physDesc/bindingDesc/binding/decoNote/origDate		
manuscripts	683.xml		/TEI/text/body/listBibl/msDesc/history/provenance/date		
manuscripts	683.xml		/TEI/text/body/listBibl/msDesc/history/acquisition/date		
manuscripts	684.xml		/TEI/text/body/listBibl/msDesc/physDesc/bindingDesc/binding/decoNote/origDate		
manuscripts	684.xml		/TEI/text/body/listBibl/msDesc/history/provenance/date		
manuscripts	684.xml		/TEI/text/body/listBibl/msDesc/history/acquisition/date		
manuscripts	685.xml		/TEI/text/body/listBibl/msDesc/physDesc/bindingDesc/binding/decoNote/origDate		
manuscripts	685.xml		/TEI/text/body/listBibl/msDesc/history/provenance/date		
manuscripts	685.xml		/TEI/text/body/listBibl/msDesc/history/acquisition/date		
manuscripts	686.xml		/TEI/text/body/listBibl/msDesc/physDesc/bindingDesc/binding/decoNote/origDate		
manuscripts	686.xml		/TEI/text/body/listBibl/msDesc/history/provenance/date		
manuscripts	686.xml		/TEI/text/body/listBibl/msDesc/history/acquisition/date		
manuscripts	687.xml		/TEI/text/body/listBibl/msDesc/physDesc/handDesc/handNote/origDate		
manuscripts	687.xml		/TEI/text/body/listBibl/msDesc/physDesc/bindingDesc/binding/decoNote/origDate		
manuscripts	687.xml		/TEI/text/body/listBibl/msDesc/history/provenance/date		
manuscripts	687.xml		/TEI/text/body/listBibl/msDesc/history/acquisition/date		
manuscripts	688.xml		/TEI/text/body/listBibl/msDesc/physDesc/handDesc/handNote/origDate		
manuscripts	688.xml		/TEI/text/body/listBibl/msDesc/physDesc/bindingDesc/binding/decoNote/origDate		
manuscripts	688.xml		/TEI/text/body/listBibl/msDesc/history/provenance/date		
manuscripts	688.xml		/TEI/text/body/listBibl/msDesc/history/acquisition/date		
manuscripts	689.xml		/TEI/text/body/listBibl/msDesc/physDesc/handDesc/handNote/origDate		
manuscripts	689.xml		/TEI/text/body/listBibl/msDesc/physDesc/bindingDesc/binding/decoNote/origDate		
manuscripts	689.xml		/TEI/text/body/listBibl/msDesc/history/provenance/date		
manuscripts	689.xml		/TEI/text/body/listBibl/msDesc/history/acquisition/date		
manuscripts	69.xml		/TEI/text/body/listBibl/msDesc/physDesc/handDesc/handNote/origDate		
manuscripts	69.xml		/TEI/text/body/listBibl/msDesc/physDesc/bindingDesc/binding/decoNote/origDate		
manuscripts	69.xml		/TEI/text/body/listBibl/msDesc/history/provenance/date		
manuscripts	69.xml		/TEI/text/body/listBibl/msDesc/history/acquisition/date		
manuscripts	690.xml	900-1000	/TEI/text/body/listBibl/msDesc/physDesc/handDesc/handNote/origDate		
manuscripts	690.xml		/TEI/text/body/listBibl/msDesc/physDesc/bindingDesc/binding/decoNote/origDate		
manuscripts	690.xml		/TEI/text/body/listBibl/msDesc/history/provenance/date		
manuscripts	690.xml		/TEI/text/body/listBibl/msDesc/history/acquisition/date		
manuscripts	691.xml		/TEI/text/body/listBibl/msDesc/physDesc/handDesc/handNote/origDate		
manuscripts	691.xml		/TEI/text/body/listBibl/msDesc/physDesc/bindingDesc/binding/decoNote/origDate		
manuscripts	691.xml		/TEI/text/body/listBibl/msDesc/history/provenance/date		
manuscripts	691.xml		/TEI/text/body/listBibl/msDesc/history/acquisition/date		
manuscripts	692.xml		/TEI/text/body/listBibl/msDesc/physDesc/bindingDesc/binding/decoNote/origDate		
manuscripts	692.xml		/TEI/text/body/listBibl/msDesc/history/provenance/date		
manuscripts	692.xml		/TEI/text/body/listBibl/msDesc/history/acquisition/date		
manuscripts	693.xml		/TEI/text/body/listBibl/msDesc/physDesc/bindingDesc/binding/decoNote/origDate		
manuscripts	693.xml		/TEI/text/body/listBibl/msDesc/history/provenance/date		
manuscripts	693.xml		/TEI/text/body/listBibl/msDesc/history/acquisition/date		
manuscripts	694.xml		/TEI/text/body/listBibl/msDesc/physDesc/bindingDesc/binding/decoNote/origDate		
manuscripts	694.xml		/TEI/text/body/listBibl/msDesc/history/provenance/date		
manuscripts	694.xml		/TEI/text/body/listBibl/msDesc/history/acquisition/date		
manuscripts	696.xml		/TEI/text/body/listBibl/msDesc/physDesc/bindingDesc/binding/decoNote/origDate		
manuscripts	696.xml		/TEI/text/body/listBibl/msDesc/history/provenance/date		
manuscripts	696.xml		/TEI/text/body/listBibl/msDesc/history/acquisition/date		
manuscripts	697.xml		/TEI/text/body/listBibl/msDesc/physDesc/bindingDesc/binding/decoNote/origDate		
manuscripts	697.xml		/TEI/text/body/listBibl/msDesc/history/provenance/date		
manuscripts	697.xml		/TEI/text/body/listBibl/msDesc/history/acquisition/date		
manuscripts	698.xml		/TEI/text/body/listBibl/msDesc/physDesc/bindingDesc/binding/decoNote/origDate		
manuscripts	698.xml		/TEI/text/body/listBibl/msDesc/history/provenance/date		
manuscripts	698.xml		/TEI/text/body/listBibl/msDesc/history/acquisition/date		
manuscripts	7.xml		/TEI/text/body/listBibl/msDesc/physDesc/handDesc/handNote/origDate		
manuscripts	7.xml		/TEI/text/body/listBibl/msDesc/physDesc/bindingDesc/binding/decoNote/origDate		
manuscripts	7.xml		/TEI/text/body/listBibl/msDesc/history/provenance/date		
manuscripts	7.xml		/TEI/text/body/listBibl/msDesc/history/acquisition/date		
manuscripts	70.xml		/TEI/text/body/listBibl/msDesc/physDesc/handDesc/handNote/origDate		
manuscripts	70.xml		/TEI/text/body/listBibl/msDesc/physDesc/bindingDesc/binding/decoNote/origDate		
manuscripts	70.xml		/TEI/text/body/listBibl/msDesc/history/provenance/date		
manuscripts	70.xml		/TEI/text/body/listBibl/msDesc/history/acquisition/date		
manuscripts	700.xml		/TEI/text/body/listBibl/msDesc/physDesc/handDesc/handNote/origDate		
manuscripts	700.xml		/TEI/text/body/listBibl/msDesc/physDesc/bindingDesc/binding/decoNote/origDate		
manuscripts	700.xml		/TEI/text/body/listBibl/msDesc/history/provenance/date		
manuscripts	700.xml		/TEI/text/body/listBibl/msDesc/history/acquisition/date		
manuscripts	701.xml		/TEI/text/body/listBibl/msDesc/physDesc/handDesc/handNote/origDate		
manuscripts	701.xml		/TEI/text/body/listBibl/msDesc/physDesc/bindingDesc/binding/decoNote/origDate		
manuscripts	701.xml		/TEI/text/body/listBibl/msDesc/history/provenance/date		
manuscripts	701.xml		/TEI/text/body/listBibl/msDesc/history/acquisition/date		
manuscripts	702.xml	1000-1100	/TEI/text/body/listBibl/msDesc/physDesc/handDesc/handNote/origDate		
manuscripts	702.xml		/TEI/text/body/listBibl/msDesc/physDesc/bindingDesc/binding/decoNote/origDate		
manuscripts	702.xml		/TEI/text/body/listBibl/msDesc/history/provenance/date		
manuscripts	702.xml		/TEI/text/body/listBibl/msDesc/history/acquisition/date		
manuscripts	703.xml		/TEI/text/body/listBibl/msDesc/physDesc/handDesc/handNote/origDate		
manuscripts	703.xml		/TEI/text/body/listBibl/msDesc/physDesc/bindingDesc/binding/decoNote/origDate		
manuscripts	703.xml		/TEI/text/body/listBibl/msDesc/history/provenance/date		
manuscripts	703.xml		/TEI/text/body/listBibl/msDesc/history/acquisition/date		
manuscripts	704.xml		/TEI/text/body/listBibl/msDesc/physDesc/handDesc/handNote/origDate		
manuscripts	704.xml		/TEI/text/body/listBibl/msDesc/physDesc/bindingDesc/binding/decoNote/origDate		
manuscripts	704.xml		/TEI/text/body/listBibl/msDesc/history/provenance/date		
manuscripts	704.xml		/TEI/text/body/listBibl/msDesc/history/acquisition/date		
manuscripts	705.xml		/TEI/text/body/listBibl/msDesc/physDesc/handDesc/handNote/origDate		
manuscripts	705.xml		/TEI/text/body/listBibl/msDesc/physDesc/bindingDesc/binding/decoNote/origDate		
manuscripts	705.xml		/TEI/text/body/listBibl/msDesc/history/provenance/date		
manuscripts	705.xml		/TEI/text/body/listBibl/msDesc/history/acquisition/date		
manuscripts	706.xml		/TEI/text/body/listBibl/msDesc/physDesc/handDesc/handNote/origDate		
manuscripts	706.xml		/TEI/text/body/listBibl/msDesc/physDesc/bindingDesc/binding/decoNote/origDate		
manuscripts	706.xml		/TEI/text/body/listBibl/msDesc/history/provenance/date		
manuscripts	706.xml		/TEI/text/body/listBibl/msDesc/history/acquisition/date		
manuscripts	707.xml	after 1000	/TEI/text/body/listBibl/msDesc/physDesc/handDesc/handNote/origDate		
manuscripts	707.xml		/TEI/text/body/listBibl/msDesc/physDesc/bindingDesc/binding/decoNote/origDate		
manuscripts	707.xml		/TEI/text/body/listBibl/msDesc/history/provenance/date		
manuscripts	707.xml		/TEI/text/body/listBibl/msDesc/history/acquisition/date		
manuscripts	708.xml	1200-1300	/TEI/text/body/listBibl/msDesc/physDesc/handDesc/handNote/origDate		
manuscripts	708.xml		/TEI/text/body/listBibl/msDesc/physDesc/bindingDesc/binding/decoNote/origDate		
manuscripts	708.xml		/TEI/text/body/listBibl/msDesc/history/provenance/date		
manuscripts	708.xml		/TEI/text/body/listBibl/msDesc/history/acquisition/date		
manuscripts	709.xml		/TEI/text/body/listBibl/msDesc/physDesc/handDesc/handNote/origDate		
manuscripts	709.xml		/TEI/text/body/listBibl/msDesc/physDesc/bindingDesc/binding/decoNote/origDate		
manuscripts	709.xml		/TEI/text/body/listBibl/msDesc/history/provenance/date		
manuscripts	709.xml		/TEI/text/body/listBibl/msDesc/history/acquisition/date		
manuscripts	71.xml		/TEI/text/body/listBibl/msDesc/physDesc/handDesc/handNote/origDate		
manuscripts	71.xml		/TEI/text/body/listBibl/msDesc/physDesc/bindingDesc/binding/decoNote/origDate		
manuscripts	71.xml		/TEI/text/body/listBibl/msDesc/history/provenance/date		
manuscripts	71.xml		/TEI/text/body/listBibl/msDesc/history/acquisition/date		
manuscripts	710.xml		/TEI/text/body/listBibl/msDesc/physDesc/handDesc/handNote/origDate		
manuscripts	710.xml		/TEI/text/body/listBibl/msDesc/physDesc/bindingDesc/binding/decoNote/origDate		
manuscripts	710.xml		/TEI/text/body/listBibl/msDesc/history/provenance/date		
manuscripts	710.xml		/TEI/text/body/listBibl/msDesc/history/acquisition/date		
manuscripts	711.xml		/TEI/text/body/listBibl/msDesc/physDesc/handDesc/handNote/origDate		
manuscripts	711.xml		/TEI/text/body/listBibl/msDesc/physDesc/bindingDesc/binding/decoNote/origDate		
manuscripts	711.xml		/TEI/text/body/listBibl/msDesc/history/provenance/date		
manuscripts	711.xml		/TEI/text/body/listBibl/msDesc/history/acquisition/date		
manuscripts	712.xml		/TEI/text/body/listBibl/msDesc/physDesc/handDesc/handNote/origDate		
manuscripts	712.xml		/TEI/text/body/listBibl/msDesc/physDesc/bindingDesc/binding/decoNote/origDate		
manuscripts	712.xml		/TEI/text/body/listBibl/msDesc/history/provenance/date		
manuscripts	712.xml		/TEI/text/body/listBibl/msDesc/history/acquisition/date		
manuscripts	713.xml	1000-1100	/TEI/text/body/listBibl/msDesc/physDesc/handDesc/handNote/origDate		
manuscripts	713.xml		/TEI/text/body/listBibl/msDesc/physDesc/bindingDesc/binding/decoNote/origDate		
manuscripts	713.xml		/TEI/text/body/listBibl/msDesc/history/provenance/date		
manuscripts	713.xml		/TEI/text/body/listBibl/msDesc/history/acquisition/date		
manuscripts	714.xml		/TEI/text/body/listBibl/msDesc/physDesc/handDesc/handNote/origDate		
manuscripts	714.xml		/TEI/text/body/listBibl/msDesc/physDesc/bindingDesc/binding/decoNote/origDate		
manuscripts	714.xml		/TEI/text/body/listBibl/msDesc/history/provenance/date		
manuscripts	714.xml		/TEI/text/body/listBibl/msDesc/history/acquisition/date		
manuscripts	715.xml	1200-1300	/TEI/text/body/listBibl/msDesc/physDesc/handDesc/handNote/origDate		
manuscripts	715.xml		/TEI/text/body/listBibl/msDesc/physDesc/bindingDesc/binding/decoNote/origDate		
manuscripts	715.xml		/TEI/text/body/listBibl/msDesc/history/provenance/date		
manuscripts	715.xml		/TEI/text/body/listBibl/msDesc/history/acquisition/date		
manuscripts	716.xml	1001	/TEI/text/body/listBibl/msDesc/physDesc/handDesc/handNote/origDate		
manuscripts	716.xml		/TEI/text/body/listBibl/msDesc/physDesc/bindingDesc/binding/decoNote/origDate		
manuscripts	716.xml		/TEI/text/body/listBibl/msDesc/history/provenance/date		
manuscripts	716.xml		/TEI/text/body/listBibl/msDesc/history/acquisition/date		
manuscripts	717.xml	1100-1300?	/TEI/text/body/listBibl/msDesc/physDesc/handDesc/handNote/origDate		
manuscripts	717.xml		/TEI/text/body/listBibl/msDesc/physDesc/bindingDesc/binding/decoNote/origDate		
manuscripts	717.xml		/TEI/text/body/listBibl/msDesc/history/provenance/date		
manuscripts	717.xml		/TEI/text/body/listBibl/msDesc/history/acquisition/date		
manuscripts	718.xml		/TEI/text/body/listBibl/msDesc/physDesc/handDesc/handNote/origDate		
manuscripts	718.xml		/TEI/text/body/listBibl/msDesc/physDesc/bindingDesc/binding/decoNote/origDate		
manuscripts	718.xml		/TEI/text/body/listBibl/msDesc/history/provenance/date		
manuscripts	718.xml		/TEI/text/body/listBibl/msDesc/history/acquisition/date		
manuscripts	719.xml		/TEI/text/body/listBibl/msDesc/physDesc/handDesc/handNote/origDate		
manuscripts	719.xml		/TEI/text/body/listBibl/msDesc/physDesc/bindingDesc/binding/decoNote/origDate		
manuscripts	719.xml		/TEI/text/body/listBibl/msDesc/history/provenance/date		
manuscripts	719.xml		/TEI/text/body/listBibl/msDesc/history/acquisition/date		
manuscripts	72.xml		/TEI/text/body/listBibl/msDesc/physDesc/handDesc/handNote/origDate		
manuscripts	72.xml		/TEI/text/body/listBibl/msDesc/physDesc/bindingDesc/binding/decoNote/origDate		
manuscripts	72.xml		/TEI/text/body/listBibl/msDesc/history/provenance/date		
manuscripts	72.xml		/TEI/text/body/listBibl/msDesc/history/acquisition/date		
manuscripts	720.xml		/TEI/text/body/listBibl/msDesc/physDesc/handDesc/handNote/origDate		
manuscripts	720.xml		/TEI/text/body/listBibl/msDesc/physDesc/bindingDesc/binding/decoNote/origDate		
manuscripts	720.xml		/TEI/text/body/listBibl/msDesc/history/provenance/date		
manuscripts	720.xml		/TEI/text/body/listBibl/msDesc/history/acquisition/date		
manuscripts	721.xml		/TEI/text/body/listBibl/msDesc/physDesc/handDesc/handNote/origDate		
manuscripts	721.xml		/TEI/text/body/listBibl/msDesc/physDesc/bindingDesc/binding/decoNote/origDate		
manuscripts	721.xml		/TEI/text/body/listBibl/msDesc/history/provenance/date		
manuscripts	721.xml		/TEI/text/body/listBibl/msDesc/history/acquisition/date		
manuscripts	722.xml		/TEI/text/body/listBibl/msDesc/physDesc/handDesc/handNote/origDate		
manuscripts	722.xml		/TEI/text/body/listBibl/msDesc/physDesc/bindingDesc/binding/decoNote/origDate		
manuscripts	722.xml		/TEI/text/body/listBibl/msDesc/history/provenance/date		
manuscripts	722.xml		/TEI/text/body/listBibl/msDesc/history/acquisition/date		
manuscripts	723.xml		/TEI/text/body/listBibl/msDesc/physDesc/handDesc/handNote/origDate		
manuscripts	723.xml		/TEI/text/body/listBibl/msDesc/physDesc/bindingDesc/binding/decoNote/origDate		
manuscripts	723.xml		/TEI/text/body/listBibl/msDesc/history/provenance/date		
manuscripts	723.xml		/TEI/text/body/listBibl/msDesc/history/acquisition/date		
manuscripts	724.xml		/TEI/text/body/listBibl/msDesc/physDesc/handDesc/handNote/origDate		
manuscripts	724.xml		/TEI/text/body/listBibl/msDesc/physDesc/bindingDesc/binding/decoNote/origDate		
manuscripts	724.xml		/TEI/text/body/listBibl/msDesc/history/provenance/date		
manuscripts	724.xml		/TEI/text/body/listBibl/msDesc/history/acquisition/date		
manuscripts	725.xml		/TEI/text/body/listBibl/msDesc/physDesc/handDesc/handNote/origDate		
manuscripts	725.xml		/TEI/text/body/listBibl/msDesc/physDesc/bindingDesc/binding/decoNote/origDate		
manuscripts	725.xml		/TEI/text/body/listBibl/msDesc/history/provenance/date		
manuscripts	725.xml		/TEI/text/body/listBibl/msDesc/history/acquisition/date		
manuscripts	726.xml		/TEI/text/body/listBibl/msDesc/physDesc/handDesc/handNote/origDate		
manuscripts	726.xml		/TEI/text/body/listBibl/msDesc/physDesc/bindingDesc/binding/decoNote/origDate		
manuscripts	726.xml		/TEI/text/body/listBibl/msDesc/history/provenance/date		
manuscripts	726.xml		/TEI/text/body/listBibl/msDesc/history/acquisition/date		
manuscripts	727.xml		/TEI/text/body/listBibl/msDesc/physDesc/handDesc/handNote/origDate		
manuscripts	727.xml		/TEI/text/body/listBibl/msDesc/physDesc/bindingDesc/binding/decoNote/origDate		
manuscripts	727.xml		/TEI/text/body/listBibl/msDesc/history/provenance/date		
manuscripts	727.xml		/TEI/text/body/listBibl/msDesc/history/acquisition/date		
manuscripts	728.xml		/TEI/text/body/listBibl/msDesc/physDesc/handDesc/handNote/origDate		
manuscripts	728.xml		/TEI/text/body/listBibl/msDesc/physDesc/bindingDesc/binding/decoNote/origDate		
manuscripts	728.xml		/TEI/text/body/listBibl/msDesc/history/provenance/date		
manuscripts	728.xml		/TEI/text/body/listBibl/msDesc/history/acquisition/date		
manuscripts	729.xml	1000-1200?	/TEI/text/body/listBibl/msDesc/physDesc/handDesc/handNote/origDate		
manuscripts	729.xml		/TEI/text/body/listBibl/msDesc/physDesc/bindingDesc/binding/decoNote/origDate		
manuscripts	729.xml		/TEI/text/body/listBibl/msDesc/history/provenance/date		
manuscripts	729.xml		/TEI/text/body/listBibl/msDesc/history/acquisition/date		
manuscripts	73.xml		/TEI/text/body/listBibl/msDesc/physDesc/handDesc/handNote/origDate		
manuscripts	73.xml		/TEI/text/body/listBibl/msDesc/physDesc/bindingDesc/binding/decoNote/origDate		
manuscripts	73.xml		/TEI/text/body/listBibl/msDesc/history/provenance/date		
manuscripts	73.xml		/TEI/text/body/listBibl/msDesc/history/acquisition/date		
manuscripts	730.xml	1000-1100	/TEI/text/body/listBibl/msDesc/physDesc/handDesc/handNote/origDate		
manuscripts	730.xml		/TEI/text/body/listBibl/msDesc/physDesc/bindingDesc/binding/decoNote/origDate		
manuscripts	730.xml		/TEI/text/body/listBibl/msDesc/history/provenance/date		
manuscripts	730.xml		/TEI/text/body/listBibl/msDesc/history/acquisition/date		
manuscripts	731.xml	1000-1200?	/TEI/text/body/listBibl/msDesc/physDesc/handDesc/handNote/origDate		
manuscripts	731.xml		/TEI/text/body/listBibl/msDesc/physDesc/bindingDesc/binding/decoNote/origDate		
manuscripts	731.xml		/TEI/text/body/listBibl/msDesc/history/provenance/date		
manuscripts	731.xml		/TEI/text/body/listBibl/msDesc/history/acquisition/date		
manuscripts	732.xml		/TEI/text/body/listBibl/msDesc/physDesc/handDesc/handNote/origDate		
manuscripts	732.xml		/TEI/text/body/listBibl/msDesc/physDesc/bindingDesc/binding/decoNote/origDate		
manuscripts	732.xml		/TEI/text/body/listBibl/msDesc/history/provenance/date		
manuscripts	732.xml		/TEI/text/body/listBibl/msDesc/history/acquisition/date		
manuscripts	733.xml		/TEI/text/body/listBibl/msDesc/physDesc/handDesc/handNote/origDate		
manuscripts	733.xml		/TEI/text/body/listBibl/msDesc/physDesc/bindingDesc/binding/decoNote/origDate		
manuscripts	733.xml		/TEI/text/body/listBibl/msDesc/history/provenance/date		
manuscripts	733.xml		/TEI/text/body/listBibl/msDesc/history/acquisition/date		
manuscripts	734.xml	1000-1100	/TEI/text/body/listBibl/msDesc/physDesc/handDesc/handNote/origDate		
manuscripts	734.xml		/TEI/text/body/listBibl/msDesc/physDesc/bindingDesc/binding/decoNote/origDate		
manuscripts	734.xml		/TEI/text/body/listBibl/msDesc/history/provenance/date		
manuscripts	734.xml		/TEI/text/body/listBibl/msDesc/history/acquisition/date		
manuscripts	735.xml	1000-1200?	/TEI/text/body/listBibl/msDesc/physDesc/handDesc/handNote/origDate		
manuscripts	735.xml		/TEI/text/body/listBibl/msDesc/physDesc/bindingDesc/binding/decoNote/origDate		
manuscripts	735.xml		/TEI/text/body/listBibl/msDesc/history/provenance/date		
manuscripts	735.xml		/TEI/text/body/listBibl/msDesc/history/acquisition/date		
manuscripts	736.xml	1000-1200?	/TEI/text/body/listBibl/msDesc/physDesc/handDesc/handNote/origDate		
manuscripts	736.xml		/TEI/text/body/listBibl/msDesc/physDesc/bindingDesc/binding/decoNote/origDate		
manuscripts	736.xml		/TEI/text/body/listBibl/msDesc/history/provenance/date		
manuscripts	736.xml		/TEI/text/body/listBibl/msDesc/history/acquisition/date		
manuscripts	737.xml	1000-1200?	/TEI/text/body/listBibl/msDesc/physDesc/handDesc/handNote/origDate		
manuscripts	737.xml		/TEI/text/body/listBibl/msDesc/physDesc/bindingDesc/binding/decoNote/origDate		
manuscripts	737.xml		/TEI/text/body/listBibl/msDesc/history/provenance/date		
manuscripts	737.xml		/TEI/text/body/listBibl/msDesc/history/acquisition/date		
manuscripts	738.xml		/TEI/text/body/listBibl/msDesc/physDesc/bindingDesc/binding/decoNote/origDate		
manuscripts	738.xml		/TEI/text/body/listBibl/msDesc/history/provenance/date		
manuscripts	738.xml		/TEI/text/body/listBibl/msDesc/history/acquisition/date		
manuscripts	739.xml		/TEI/text/body/listBibl/msDesc/physDesc/handDesc/handNote/origDate		
manuscripts	739.xml		/TEI/text/body/listBibl/msDesc/physDesc/bindingDesc/binding/decoNote/origDate		
manuscripts	739.xml		/TEI/text/body/listBibl/msDesc/history/provenance/date		
manuscripts	739.xml		/TEI/text/body/listBibl/msDesc/history/acquisition/date		
manuscripts	74.xml		/TEI/text/body/listBibl/msDesc/physDesc/handDesc/handNote/origDate		
manuscripts	74.xml		/TEI/text/body/listBibl/msDesc/physDesc/bindingDesc/binding/decoNote/origDate		
manuscripts	74.xml		/TEI/text/body/listBibl/msDesc/history/provenance/date		
manuscripts	74.xml		/TEI/text/body/listBibl/msDesc/history/acquisition/date		
manuscripts	740.xml		/TEI/text/body/listBibl/msDesc/physDesc/handDesc/handNote/origDate		
manuscripts	740.xml		/TEI/text/body/listBibl/msDesc/physDesc/bindingDesc/binding/decoNote/origDate		
manuscripts	740.xml		/TEI/text/body/listBibl/msDesc/history/provenance/date		
manuscripts	740.xml		/TEI/text/body/listBibl/msDesc/history/acquisition/date		
manuscripts	741.xml		/TEI/text/body/listBibl/msDesc/physDesc/handDesc/handNote/origDate		
manuscripts	741.xml		/TEI/text/body/listBibl/msDesc/physDesc/bindingDesc/binding/decoNote/origDate		
manuscripts	741.xml		/TEI/text/body/listBibl/msDesc/history/provenance/date		
manuscripts	741.xml		/TEI/text/body/listBibl/msDesc/history/acquisition/date		
manuscripts	742.xml		/TEI/text/body/listBibl/msDesc/physDesc/handDesc/handNote/origDate		
manuscripts	742.xml		/TEI/text/body/listBibl/msDesc/physDesc/bindingDesc/binding/decoNote/origDate		
manuscripts	742.xml		/TEI/text/body/listBibl/msDesc/history/provenance/date		
manuscripts	742.xml		/TEI/text/body/listBibl/msDesc/history/acquisition/date		
manuscripts	743.xml		/TEI/text/body/listBibl/msDesc/physDesc/handDesc/handNote/origDate		
manuscripts	743.xml		/TEI/text/body/listBibl/msDesc/physDesc/bindingDesc/binding/decoNote/origDate		
manuscripts	743.xml		/TEI/text/body/listBibl/msDesc/history/provenance/date		
manuscripts	743.xml		/TEI/text/body/listBibl/msDesc/history/acquisition/date		
manuscripts	744.xml		/TEI/text/body/listBibl/msDesc/physDesc/handDesc/handNote/origDate		
manuscripts	744.xml		/TEI/text/body/listBibl/msDesc/physDesc/bindingDesc/binding/decoNote/origDate		
manuscripts	744.xml		/TEI/text/body/listBibl/msDesc/history/provenance/date		
manuscripts	744.xml		/TEI/text/body/listBibl/msDesc/history/acquisition/date		
manuscripts	745.xml		/TEI/text/body/listBibl/msDesc/physDesc/handDesc/handNote/origDate		
manuscripts	745.xml		/TEI/text/body/listBibl/msDesc/physDesc/bindingDesc/binding/decoNote/origDate		
manuscripts	745.xml		/TEI/text/body/listBibl/msDesc/history/provenance/date		
manuscripts	745.xml		/TEI/text/body/listBibl/msDesc/history/acquisition/date		
manuscripts	746.xml		/TEI/text/body/listBibl/msDesc/physDesc/handDesc/handNote/origDate		
manuscripts	746.xml		/TEI/text/body/listBibl/msDesc/physDesc/bindingDesc/binding/decoNote/origDate		
manuscripts	746.xml		/TEI/text/body/listBibl/msDesc/history/provenance/date		
manuscripts	746.xml		/TEI/text/body/listBibl/msDesc/history/acquisition/date		
manuscripts	747.xml		/TEI/text/body/listBibl/msDesc/physDesc/handDesc/handNote/origDate		
manuscripts	747.xml		/TEI/text/body/listBibl/msDesc/physDesc/bindingDesc/binding/decoNote/origDate		
manuscripts	747.xml		/TEI/text/body/listBibl/msDesc/history/provenance/date		
manuscripts	747.xml		/TEI/text/body/listBibl/msDesc/history/acquisition/date		
manuscripts	748.xml		/TEI/text/body/listBibl/msDesc/physDesc/handDesc/handNote/origDate		
manuscripts	748.xml		/TEI/text/body/listBibl/msDesc/physDesc/bindingDesc/binding/decoNote/origDate		
manuscripts	748.xml		/TEI/text/body/listBibl/msDesc/history/provenance/date		
manuscripts	748.xml		/TEI/text/body/listBibl/msDesc/history/acquisition/date		
manuscripts	749.xml		/TEI/text/body/listBibl/msDesc/physDesc/handDesc/handNote/origDate		
manuscripts	749.xml		/TEI/text/body/listBibl/msDesc/physDesc/bindingDesc/binding/decoNote/origDate		
manuscripts	749.xml		/TEI/text/body/listBibl/msDesc/history/provenance/date		
manuscripts	749.xml		/TEI/text/body/listBibl/msDesc/history/acquisition/date		
manuscripts	75.xml		/TEI/text/body/listBibl/msDesc/physDesc/handDesc/handNote/origDate		
manuscripts	75.xml		/TEI/text/body/listBibl/msDesc/physDesc/bindingDesc/binding/decoNote/origDate		
manuscripts	75.xml		/TEI/text/body/listBibl/msDesc/history/provenance/date		
manuscripts	75.xml		/TEI/text/body/listBibl/msDesc/history/acquisition/date		
manuscripts	750.xml		/TEI/text/body/listBibl/msDesc/physDesc/handDesc/handNote/origDate		
manuscripts	750.xml		/TEI/text/body/listBibl/msDesc/physDesc/bindingDesc/binding/decoNote/origDate		
manuscripts	750.xml		/TEI/text/body/listBibl/msDesc/history/provenance/date		
manuscripts	750.xml		/TEI/text/body/listBibl/msDesc/history/acquisition/date		
manuscripts	751.xml		/TEI/text/body/listBibl/msDesc/physDesc/handDesc/handNote/origDate		
manuscripts	751.xml		/TEI/text/body/listBibl/msDesc/physDesc/bindingDesc/binding/decoNote/origDate		
manuscripts	751.xml		/TEI/text/body/listBibl/msDesc/history/provenance/date		
manuscripts	751.xml		/TEI/text/body/listBibl/msDesc/history/acquisition/date		
manuscripts	752.xml		/TEI/text/body/listBibl/msDesc/physDesc/handDesc/handNote/origDate		
manuscripts	752.xml		/TEI/text/body/listBibl/msDesc/physDesc/bindingDesc/binding/decoNote/origDate		
manuscripts	752.xml		/TEI/text/body/listBibl/msDesc/history/provenance/date		
manuscripts	752.xml		/TEI/text/body/listBibl/msDesc/history/acquisition/date		
manuscripts	753.xml		/TEI/text/body/listBibl/msDesc/physDesc/handDesc/handNote/origDate		
manuscripts	753.xml		/TEI/text/body/listBibl/msDesc/physDesc/bindingDesc/binding/decoNote/origDate		
manuscripts	753.xml		/TEI/text/body/listBibl/msDesc/history/provenance/date		
manuscripts	753.xml		/TEI/text/body/listBibl/msDesc/history/acquisition/date		
manuscripts	754.xml		/TEI/text/body/listBibl/msDesc/physDesc/handDesc/handNote/origDate		
manuscripts	754.xml		/TEI/text/body/listBibl/msDesc/physDesc/bindingDesc/binding/decoNote/origDate		
manuscripts	754.xml		/TEI/text/body/listBibl/msDesc/history/provenance/date		
manuscripts	754.xml		/TEI/text/body/listBibl/msDesc/history/acquisition/date		
manuscripts	755.xml		/TEI/text/body/listBibl/msDesc/physDesc/handDesc/handNote/origDate		
manuscripts	755.xml		/TEI/text/body/listBibl/msDesc/physDesc/bindingDesc/binding/decoNote/origDate		
manuscripts	755.xml		/TEI/text/body/listBibl/msDesc/history/provenance/date		
manuscripts	755.xml		/TEI/text/body/listBibl/msDesc/history/acquisition/date		
manuscripts	756.xml		/TEI/text/body/listBibl/msDesc/physDesc/handDesc/handNote/origDate		
manuscripts	756.xml		/TEI/text/body/listBibl/msDesc/physDesc/bindingDesc/binding/decoNote/origDate		
manuscripts	756.xml		/TEI/text/body/listBibl/msDesc/history/provenance/date		
manuscripts	756.xml		/TEI/text/body/listBibl/msDesc/history/acquisition/date		
manuscripts	757.xml		/TEI/text/body/listBibl/msDesc/physDesc/handDesc/handNote/origDate		
manuscripts	757.xml		/TEI/text/body/listBibl/msDesc/physDesc/bindingDesc/binding/decoNote/origDate		
manuscripts	757.xml		/TEI/text/body/listBibl/msDesc/history/provenance/date		
manuscripts	757.xml		/TEI/text/body/listBibl/msDesc/history/acquisition/date		
manuscripts	758.xml		/TEI/text/body/listBibl/msDesc/physDesc/handDesc/handNote/origDate		
manuscripts	758.xml		/TEI/text/body/listBibl/msDesc/physDesc/bindingDesc/binding/decoNote/origDate		
manuscripts	758.xml		/TEI/text/body/listBibl/msDesc/history/provenance/date		
manuscripts	758.xml		/TEI/text/body/listBibl/msDesc/history/acquisition/date		
manuscripts	759.xml		/TEI/text/body/listBibl/msDesc/physDesc/handDesc/handNote/origDate		
manuscripts	759.xml		/TEI/text/body/listBibl/msDesc/physDesc/bindingDesc/binding/decoNote/origDate		
manuscripts	759.xml		/TEI/text/body/listBibl/msDesc/history/provenance/date		
manuscripts	759.xml		/TEI/text/body/listBibl/msDesc/history/acquisition/date		
manuscripts	76.xml		/TEI/text/body/listBibl/msDesc/physDesc/handDesc/handNote/origDate		
manuscripts	76.xml		/TEI/text/body/listBibl/msDesc/physDesc/bindingDesc/binding/decoNote/origDate		
manuscripts	76.xml		/TEI/text/body/listBibl/msDesc/history/provenance/date		
manuscripts	76.xml		/TEI/text/body/listBibl/msDesc/history/acquisition/date		
manuscripts	760.xml		/TEI/text/body/listBibl/msDesc/physDesc/handDesc/handNote/origDate		
manuscripts	760.xml		/TEI/text/body/listBibl/msDesc/physDesc/bindingDesc/binding/decoNote/origDate		
manuscripts	760.xml		/TEI/text/body/listBibl/msDesc/history/provenance/date		
manuscripts	760.xml		/TEI/text/body/listBibl/msDesc/history/acquisition/date		
manuscripts	761.xml		/TEI/text/body/listBibl/msDesc/physDesc/handDesc/handNote/origDate		
manuscripts	761.xml		/TEI/text/body/listBibl/msDesc/physDesc/bindingDesc/binding/decoNote/origDate		
manuscripts	761.xml		/TEI/text/body/listBibl/msDesc/history/provenance/date		
manuscripts	761.xml		/TEI/text/body/listBibl/msDesc/history/acquisition/date		
manuscripts	762.xml		/TEI/text/body/listBibl/msDesc/physDesc/handDesc/handNote/origDate		
manuscripts	762.xml		/TEI/text/body/listBibl/msDesc/physDesc/bindingDesc/binding/decoNote/origDate		
manuscripts	762.xml		/TEI/text/body/listBibl/msDesc/history/provenance/date		
manuscripts	762.xml		/TEI/text/body/listBibl/msDesc/history/acquisition/date		
manuscripts	763.xml		/TEI/text/body/listBibl/msDesc/physDesc/handDesc/handNote/origDate		
manuscripts	763.xml		/TEI/text/body/listBibl/msDesc/physDesc/bindingDesc/binding/decoNote/origDate		
manuscripts	763.xml		/TEI/text/body/listBibl/msDesc/history/provenance/date		
manuscripts	763.xml		/TEI/text/body/listBibl/msDesc/history/acquisition/date		
manuscripts	764.xml		/TEI/text/body/listBibl/msDesc/physDesc/handDesc/handNote/origDate		
manuscripts	764.xml		/TEI/text/body/listBibl/msDesc/physDesc/bindingDesc/binding/decoNote/origDate		
manuscripts	764.xml		/TEI/text/body/listBibl/msDesc/history/provenance/date		
manuscripts	764.xml		/TEI/text/body/listBibl/msDesc/history/acquisition/date		
manuscripts	765.xml		/TEI/text/body/listBibl/msDesc/physDesc/handDesc/handNote/origDate		
manuscripts	765.xml		/TEI/text/body/listBibl/msDesc/physDesc/bindingDesc/binding/decoNote/origDate		
manuscripts	765.xml		/TEI/text/body/listBibl/msDesc/history/provenance/date		
manuscripts	765.xml		/TEI/text/body/listBibl/msDesc/history/acquisition/date		
manuscripts	766.xml		/TEI/text/body/listBibl/msDesc/physDesc/handDesc/handNote/origDate		
manuscripts	766.xml		/TEI/text/body/listBibl/msDesc/physDesc/bindingDesc/binding/decoNote/origDate		
manuscripts	766.xml		/TEI/text/body/listBibl/msDesc/history/provenance/date		
manuscripts	766.xml		/TEI/text/body/listBibl/msDesc/history/acquisition/date		
manuscripts	767.xml		/TEI/text/body/listBibl/msDesc/physDesc/handDesc/handNote/origDate		
manuscripts	767.xml		/TEI/text/body/listBibl/msDesc/physDesc/bindingDesc/binding/decoNote/origDate		
manuscripts	767.xml		/TEI/text/body/listBibl/msDesc/history/provenance/date		
manuscripts	767.xml		/TEI/text/body/listBibl/msDesc/history/acquisition/date		
manuscripts	768.xml		/TEI/text/body/listBibl/msDesc/physDesc/handDesc/handNote/origDate		
manuscripts	768.xml		/TEI/text/body/listBibl/msDesc/physDesc/bindingDesc/binding/decoNote/origDate		
manuscripts	768.xml		/TEI/text/body/listBibl/msDesc/history/provenance/date		
manuscripts	768.xml		/TEI/text/body/listBibl/msDesc/history/acquisition/date		
manuscripts	769.xml		/TEI/text/body/listBibl/msDesc/physDesc/handDesc/handNote/origDate		
manuscripts	769.xml		/TEI/text/body/listBibl/msDesc/physDesc/bindingDesc/binding/decoNote/origDate		
manuscripts	769.xml		/TEI/text/body/listBibl/msDesc/history/provenance/date		
manuscripts	769.xml		/TEI/text/body/listBibl/msDesc/history/acquisition/date		
manuscripts	77.xml		/TEI/text/body/listBibl/msDesc/physDesc/handDesc/handNote/origDate		
manuscripts	77.xml		/TEI/text/body/listBibl/msDesc/physDesc/bindingDesc/binding/decoNote/origDate		
manuscripts	77.xml		/TEI/text/body/listBibl/msDesc/history/provenance/date		
manuscripts	77.xml		/TEI/text/body/listBibl/msDesc/history/acquisition/date		
manuscripts	770.xml		/TEI/text/body/listBibl/msDesc/physDesc/handDesc/handNote/origDate		
manuscripts	770.xml		/TEI/text/body/listBibl/msDesc/physDesc/bindingDesc/binding/decoNote/origDate		
manuscripts	770.xml		/TEI/text/body/listBibl/msDesc/history/provenance/date		
manuscripts	770.xml		/TEI/text/body/listBibl/msDesc/history/acquisition/date		
manuscripts	771.xml	1300-1500?	/TEI/text/body/listBibl/msDesc/physDesc/handDesc/handNote/origDate		
manuscripts	771.xml		/TEI/text/body/listBibl/msDesc/physDesc/bindingDesc/binding/decoNote/origDate		
manuscripts	771.xml		/TEI/text/body/listBibl/msDesc/history/provenance/date		
manuscripts	771.xml		/TEI/text/body/listBibl/msDesc/history/acquisition/date		
manuscripts	772.xml		/TEI/text/body/listBibl/msDesc/physDesc/handDesc/handNote/origDate		
manuscripts	772.xml		/TEI/text/body/listBibl/msDesc/physDesc/bindingDesc/binding/decoNote/origDate		
manuscripts	772.xml		/TEI/text/body/listBibl/msDesc/history/provenance/date		
manuscripts	772.xml		/TEI/text/body/listBibl/msDesc/history/acquisition/date		
manuscripts	773.xml		/TEI/text/body/listBibl/msDesc/physDesc/handDesc/handNote/origDate		
manuscripts	773.xml		/TEI/text/body/listBibl/msDesc/physDesc/bindingDesc/binding/decoNote/origDate		
manuscripts	773.xml		/TEI/text/body/listBibl/msDesc/history/provenance/date		
manuscripts	773.xml		/TEI/text/body/listBibl/msDesc/history/acquisition/date		
manuscripts	774.xml		/TEI/text/body/listBibl/msDesc/physDesc/handDesc/handNote/origDate		
manuscripts	774.xml		/TEI/text/body/listBibl/msDesc/physDesc/bindingDesc/binding/decoNote/origDate		
manuscripts	774.xml		/TEI/text/body/listBibl/msDesc/history/provenance/date		
manuscripts	774.xml		/TEI/text/body/listBibl/msDesc/history/acquisition/date		
manuscripts	775.xml	after 1000	/TEI/text/body/listBibl/msDesc/physDesc/handDesc/handNote/origDate		
manuscripts	775.xml		/TEI/text/body/listBibl/msDesc/physDesc/bindingDesc/binding/decoNote/origDate		
manuscripts	775.xml		/TEI/text/body/listBibl/msDesc/history/provenance/date		
manuscripts	775.xml		/TEI/text/body/listBibl/msDesc/history/acquisition/date		
manuscripts	776.xml		/TEI/text/body/listBibl/msDesc/physDesc/handDesc/handNote/origDate		
manuscripts	776.xml		/TEI/text/body/listBibl/msDesc/physDesc/bindingDesc/binding/decoNote/origDate		
manuscripts	776.xml		/TEI/text/body/listBibl/msDesc/history/provenance/date		
manuscripts	776.xml		/TEI/text/body/listBibl/msDesc/history/acquisition/date		
manuscripts	777.xml		/TEI/text/body/listBibl/msDesc/physDesc/handDesc/handNote/origDate		
manuscripts	777.xml		/TEI/text/body/listBibl/msDesc/physDesc/bindingDesc/binding/decoNote/origDate		
manuscripts	777.xml		/TEI/text/body/listBibl/msDesc/history/provenance/date		
manuscripts	777.xml		/TEI/text/body/listBibl/msDesc/history/acquisition/date		
manuscripts	778.xml	1200-1300	/TEI/text/body/listBibl/msDesc/physDesc/handDesc/handNote/origDate		
manuscripts	778.xml		/TEI/text/body/listBibl/msDesc/physDesc/bindingDesc/binding/decoNote/origDate		
manuscripts	778.xml		/TEI/text/body/listBibl/msDesc/history/provenance/date		
manuscripts	778.xml		/TEI/text/body/listBibl/msDesc/history/acquisition/date		
manuscripts	779.xml		/TEI/text/body/listBibl/msDesc/physDesc/handDesc/handNote/origDate		
manuscripts	779.xml		/TEI/text/body/listBibl/msDesc/physDesc/bindingDesc/binding/decoNote/origDate		
manuscripts	779.xml		/TEI/text/body/listBibl/msDesc/history/provenance/date		
manuscripts	779.xml		/TEI/text/body/listBibl/msDesc/history/acquisition/date		
manuscripts	78.xml		/TEI/text/body/listBibl/msDesc/physDesc/handDesc/handNote/origDate		
manuscripts	78.xml		/TEI/text/body/listBibl/msDesc/physDesc/bindingDesc/binding/decoNote/origDate		
manuscripts	78.xml		/TEI/text/body/listBibl/msDesc/history/provenance/date		
manuscripts	78.xml		/TEI/text/body/listBibl/msDesc/history/acquisition/date		
manuscripts	780.xml		/TEI/text/body/listBibl/msDesc/physDesc/handDesc/handNote/origDate		
manuscripts	780.xml		/TEI/text/body/listBibl/msDesc/physDesc/bindingDesc/binding/decoNote/origDate		
manuscripts	780.xml		/TEI/text/body/listBibl/msDesc/history/provenance/date		
manuscripts	780.xml		/TEI/text/body/listBibl/msDesc/history/acquisition/date		
manuscripts	781.xml		/TEI/text/body/listBibl/msDesc/physDesc/handDesc/handNote/origDate		
manuscripts	781.xml		/TEI/text/body/listBibl/msDesc/physDesc/bindingDesc/binding/decoNote/origDate		
manuscripts	781.xml		/TEI/text/body/listBibl/msDesc/history/provenance/date		
manuscripts	781.xml		/TEI/text/body/listBibl/msDesc/history/acquisition/date		
manuscripts	782.xml		/TEI/text/body/listBibl/msDesc/physDesc/handDesc/handNote/origDate		
manuscripts	782.xml		/TEI/text/body/listBibl/msDesc/physDesc/bindingDesc/binding/decoNote/origDate		
manuscripts	782.xml		/TEI/text/body/listBibl/msDesc/history/provenance/date		
manuscripts	782.xml		/TEI/text/body/listBibl/msDesc/history/acquisition/date		
manuscripts	783.xml		/TEI/text/body/listBibl/msDesc/physDesc/handDesc/handNote/origDate		
manuscripts	783.xml		/TEI/text/body/listBibl/msDesc/physDesc/bindingDesc/binding/decoNote/origDate		
manuscripts	783.xml		/TEI/text/body/listBibl/msDesc/history/provenance/date		
manuscripts	783.xml		/TEI/text/body/listBibl/msDesc/history/acquisition/date		
manuscripts	785.xml	951	/TEI/text/body/listBibl/msDesc/physDesc/handDesc/handNote/origDate		
manuscripts	785.xml		/TEI/text/body/listBibl/msDesc/physDesc/bindingDesc/binding/decoNote/origDate		
manuscripts	785.xml		/TEI/text/body/listBibl/msDesc/history/provenance/date		
manuscripts	785.xml		/TEI/text/body/listBibl/msDesc/history/acquisition/date		
manuscripts	786.xml		/TEI/text/body/listBibl/msDesc/physDesc/handDesc/handNote/origDate		
manuscripts	786.xml		/TEI/text/body/listBibl/msDesc/physDesc/bindingDesc/binding/decoNote/origDate		
manuscripts	786.xml		/TEI/text/body/listBibl/msDesc/history/provenance/date		
manuscripts	786.xml		/TEI/text/body/listBibl/msDesc/history/acquisition/date		
manuscripts	787.xml		/TEI/text/body/listBibl/msDesc/physDesc/handDesc/handNote/origDate		
manuscripts	787.xml		/TEI/text/body/listBibl/msDesc/physDesc/bindingDesc/binding/decoNote/origDate		
manuscripts	787.xml		/TEI/text/body/listBibl/msDesc/history/provenance/date		
manuscripts	787.xml		/TEI/text/body/listBibl/msDesc/history/acquisition/date		
manuscripts	788.xml	951-1000	/TEI/text/body/listBibl/msDesc/physDesc/handDesc/handNote/origDate		
manuscripts	788.xml		/TEI/text/body/listBibl/msDesc/physDesc/bindingDesc/binding/decoNote/origDate		
manuscripts	788.xml		/TEI/text/body/listBibl/msDesc/history/provenance/date		
manuscripts	788.xml		/TEI/text/body/listBibl/msDesc/history/acquisition/date		
manuscripts	789.xml	"1020-1021[FGP]; 1021
                                [Ktiv]"	/TEI/text/body/listBibl/msDesc/physDesc/handDesc/handNote/origDate		
manuscripts	789.xml		/TEI/text/body/listBibl/msDesc/physDesc/bindingDesc/binding/decoNote/origDate		
manuscripts	789.xml		/TEI/text/body/listBibl/msDesc/history/provenance/date		
manuscripts	789.xml		/TEI/text/body/listBibl/msDesc/history/acquisition/date		
manuscripts	79.xml		/TEI/text/body/listBibl/msDesc/physDesc/handDesc/handNote/origDate		
manuscripts	79.xml		/TEI/text/body/listBibl/msDesc/physDesc/bindingDesc/binding/decoNote/origDate		
manuscripts	79.xml		/TEI/text/body/listBibl/msDesc/history/provenance/date		
manuscripts	79.xml		/TEI/text/body/listBibl/msDesc/history/acquisition/date		
manuscripts	790.xml		/TEI/text/body/listBibl/msDesc/physDesc/handDesc/handNote/origDate		
manuscripts	790.xml		/TEI/text/body/listBibl/msDesc/physDesc/bindingDesc/binding/decoNote/origDate		
manuscripts	790.xml		/TEI/text/body/listBibl/msDesc/history/provenance/date		
manuscripts	790.xml		/TEI/text/body/listBibl/msDesc/history/acquisition/date		
manuscripts	791.xml	1200-1300	/TEI/text/body/listBibl/msDesc/physDesc/handDesc/handNote/origDate		
manuscripts	791.xml		/TEI/text/body/listBibl/msDesc/physDesc/bindingDesc/binding/decoNote/origDate		
manuscripts	791.xml		/TEI/text/body/listBibl/msDesc/history/provenance/date		
manuscripts	791.xml		/TEI/text/body/listBibl/msDesc/history/acquisition/date		
manuscripts	792.xml		/TEI/text/body/listBibl/msDesc/physDesc/handDesc/handNote/origDate		
manuscripts	792.xml		/TEI/text/body/listBibl/msDesc/physDesc/bindingDesc/binding/decoNote/origDate		
manuscripts	792.xml		/TEI/text/body/listBibl/msDesc/history/provenance/date		
manuscripts	792.xml		/TEI/text/body/listBibl/msDesc/history/acquisition/date		
manuscripts	793.xml	1200-1300	/TEI/text/body/listBibl/msDesc/physDesc/handDesc/handNote/origDate		
manuscripts	793.xml		/TEI/text/body/listBibl/msDesc/physDesc/bindingDesc/binding/decoNote/origDate		
manuscripts	793.xml		/TEI/text/body/listBibl/msDesc/history/provenance/date		
manuscripts	793.xml		/TEI/text/body/listBibl/msDesc/history/acquisition/date		
manuscripts	794.xml	1000-1100	/TEI/text/body/listBibl/msDesc/physDesc/handDesc/handNote/origDate		
manuscripts	794.xml		/TEI/text/body/listBibl/msDesc/physDesc/bindingDesc/binding/decoNote/origDate		
manuscripts	794.xml		/TEI/text/body/listBibl/msDesc/history/provenance/date		
manuscripts	794.xml		/TEI/text/body/listBibl/msDesc/history/acquisition/date		
manuscripts	795.xml		/TEI/text/body/listBibl/msDesc/physDesc/handDesc/handNote/origDate		
manuscripts	795.xml		/TEI/text/body/listBibl/msDesc/physDesc/bindingDesc/binding/decoNote/origDate		
manuscripts	795.xml		/TEI/text/body/listBibl/msDesc/history/provenance/date		
manuscripts	795.xml		/TEI/text/body/listBibl/msDesc/history/acquisition/date		
manuscripts	796.xml		/TEI/text/body/listBibl/msDesc/physDesc/handDesc/handNote/origDate		
manuscripts	796.xml		/TEI/text/body/listBibl/msDesc/physDesc/bindingDesc/binding/decoNote/origDate		
manuscripts	796.xml		/TEI/text/body/listBibl/msDesc/history/provenance/date		
manuscripts	796.xml		/TEI/text/body/listBibl/msDesc/history/acquisition/date		
manuscripts	797.xml	1000-1200?	/TEI/text/body/listBibl/msDesc/physDesc/handDesc/handNote/origDate		
manuscripts	797.xml		/TEI/text/body/listBibl/msDesc/physDesc/bindingDesc/binding/decoNote/origDate		
manuscripts	797.xml		/TEI/text/body/listBibl/msDesc/history/provenance/date		
manuscripts	797.xml		/TEI/text/body/listBibl/msDesc/history/acquisition/date		
manuscripts	798.xml		/TEI/text/body/listBibl/msDesc/physDesc/handDesc/handNote/origDate		
manuscripts	798.xml		/TEI/text/body/listBibl/msDesc/physDesc/bindingDesc/binding/decoNote/origDate		
manuscripts	798.xml		/TEI/text/body/listBibl/msDesc/history/provenance/date		
manuscripts	798.xml		/TEI/text/body/listBibl/msDesc/history/acquisition/date		
manuscripts	799.xml		/TEI/text/body/listBibl/msDesc/physDesc/handDesc/handNote/origDate		
manuscripts	799.xml		/TEI/text/body/listBibl/msDesc/physDesc/bindingDesc/binding/decoNote/origDate		
manuscripts	799.xml		/TEI/text/body/listBibl/msDesc/history/provenance/date		
manuscripts	799.xml		/TEI/text/body/listBibl/msDesc/history/acquisition/date		
manuscripts	8.xml	מאה יד - טז	/TEI/text/body/listBibl/msDesc/physDesc/handDesc/handNote/origDate		
manuscripts	8.xml		/TEI/text/body/listBibl/msDesc/physDesc/bindingDesc/binding/decoNote/origDate		
manuscripts	8.xml		/TEI/text/body/listBibl/msDesc/history/provenance/date		
manuscripts	8.xml		/TEI/text/body/listBibl/msDesc/history/acquisition/date		
manuscripts	80.xml		/TEI/text/body/listBibl/msDesc/physDesc/handDesc/handNote/origDate		
manuscripts	80.xml		/TEI/text/body/listBibl/msDesc/physDesc/bindingDesc/binding/decoNote/origDate		
manuscripts	80.xml		/TEI/text/body/listBibl/msDesc/history/provenance/date		
manuscripts	80.xml		/TEI/text/body/listBibl/msDesc/history/acquisition/date		
manuscripts	800.xml		/TEI/text/body/listBibl/msDesc/physDesc/handDesc/handNote/origDate		
manuscripts	800.xml		/TEI/text/body/listBibl/msDesc/physDesc/bindingDesc/binding/decoNote/origDate		
manuscripts	800.xml		/TEI/text/body/listBibl/msDesc/history/provenance/date		
manuscripts	800.xml		/TEI/text/body/listBibl/msDesc/history/acquisition/date		
manuscripts	801.xml		/TEI/text/body/listBibl/msDesc/physDesc/handDesc/handNote/origDate		
manuscripts	801.xml		/TEI/text/body/listBibl/msDesc/physDesc/bindingDesc/binding/decoNote/origDate		
manuscripts	801.xml		/TEI/text/body/listBibl/msDesc/history/provenance/date		
manuscripts	801.xml		/TEI/text/body/listBibl/msDesc/history/acquisition/date		
manuscripts	802.xml		/TEI/text/body/listBibl/msDesc/physDesc/handDesc/handNote/origDate		
manuscripts	802.xml		/TEI/text/body/listBibl/msDesc/physDesc/bindingDesc/binding/decoNote/origDate		
manuscripts	802.xml		/TEI/text/body/listBibl/msDesc/history/provenance/date		
manuscripts	802.xml		/TEI/text/body/listBibl/msDesc/history/acquisition/date		
manuscripts	803.xml		/TEI/text/body/listBibl/msDesc/physDesc/handDesc/handNote/origDate		
manuscripts	803.xml		/TEI/text/body/listBibl/msDesc/physDesc/bindingDesc/binding/decoNote/origDate		
manuscripts	803.xml		/TEI/text/body/listBibl/msDesc/history/provenance/date		
manuscripts	803.xml		/TEI/text/body/listBibl/msDesc/history/acquisition/date		
manuscripts	804.xml	1000-1100	/TEI/text/body/listBibl/msDesc/physDesc/handDesc/handNote/origDate		
manuscripts	804.xml		/TEI/text/body/listBibl/msDesc/physDesc/bindingDesc/binding/decoNote/origDate		
manuscripts	804.xml		/TEI/text/body/listBibl/msDesc/history/provenance/date		
manuscripts	804.xml		/TEI/text/body/listBibl/msDesc/history/acquisition/date		
manuscripts	805.xml	1200-1300	/TEI/text/body/listBibl/msDesc/physDesc/handDesc/handNote/origDate		
manuscripts	805.xml		/TEI/text/body/listBibl/msDesc/physDesc/bindingDesc/binding/decoNote/origDate		
manuscripts	805.xml		/TEI/text/body/listBibl/msDesc/history/provenance/date		
manuscripts	805.xml		/TEI/text/body/listBibl/msDesc/history/acquisition/date		
manuscripts	806.xml	1000-1200?	/TEI/text/body/listBibl/msDesc/physDesc/handDesc/handNote/origDate		
manuscripts	806.xml		/TEI/text/body/listBibl/msDesc/physDesc/bindingDesc/binding/decoNote/origDate		
manuscripts	806.xml		/TEI/text/body/listBibl/msDesc/history/provenance/date		
manuscripts	806.xml		/TEI/text/body/listBibl/msDesc/history/acquisition/date		
manuscripts	807.xml		/TEI/text/body/listBibl/msDesc/physDesc/handDesc/handNote/origDate		
manuscripts	807.xml		/TEI/text/body/listBibl/msDesc/physDesc/bindingDesc/binding/decoNote/origDate		
manuscripts	807.xml		/TEI/text/body/listBibl/msDesc/history/provenance/date		
manuscripts	807.xml		/TEI/text/body/listBibl/msDesc/history/acquisition/date		
manuscripts	808.xml		/TEI/text/body/listBibl/msDesc/physDesc/handDesc/handNote/origDate		
manuscripts	808.xml		/TEI/text/body/listBibl/msDesc/physDesc/bindingDesc/binding/decoNote/origDate		
manuscripts	808.xml		/TEI/text/body/listBibl/msDesc/history/provenance/date		
manuscripts	808.xml		/TEI/text/body/listBibl/msDesc/history/acquisition/date		
manuscripts	809.xml	1100-1300?	/TEI/text/body/listBibl/msDesc/physDesc/handDesc/handNote/origDate		
manuscripts	809.xml		/TEI/text/body/listBibl/msDesc/physDesc/bindingDesc/binding/decoNote/origDate		
manuscripts	809.xml		/TEI/text/body/listBibl/msDesc/history/provenance/date		
manuscripts	809.xml		/TEI/text/body/listBibl/msDesc/history/acquisition/date		
manuscripts	81.xml		/TEI/text/body/listBibl/msDesc/physDesc/handDesc/handNote/origDate		
manuscripts	81.xml		/TEI/text/body/listBibl/msDesc/physDesc/bindingDesc/binding/decoNote/origDate		
manuscripts	81.xml		/TEI/text/body/listBibl/msDesc/history/provenance/date		
manuscripts	81.xml		/TEI/text/body/listBibl/msDesc/history/acquisition/date		
manuscripts	810.xml		/TEI/text/body/listBibl/msDesc/physDesc/handDesc/handNote/origDate		
manuscripts	810.xml		/TEI/text/body/listBibl/msDesc/physDesc/bindingDesc/binding/decoNote/origDate		
manuscripts	810.xml		/TEI/text/body/listBibl/msDesc/history/provenance/date		
manuscripts	810.xml		/TEI/text/body/listBibl/msDesc/history/acquisition/date		
manuscripts	811.xml	967	/TEI/text/body/listBibl/msDesc/physDesc/handDesc/handNote/origDate		
manuscripts	811.xml		/TEI/text/body/listBibl/msDesc/physDesc/bindingDesc/binding/decoNote/origDate		
manuscripts	811.xml		/TEI/text/body/listBibl/msDesc/history/provenance/date		
manuscripts	811.xml		/TEI/text/body/listBibl/msDesc/history/acquisition/date		
manuscripts	812.xml	960	/TEI/text/body/listBibl/msDesc/physDesc/handDesc/handNote/origDate		
manuscripts	812.xml		/TEI/text/body/listBibl/msDesc/physDesc/bindingDesc/binding/decoNote/origDate		
manuscripts	812.xml		/TEI/text/body/listBibl/msDesc/history/provenance/date		
manuscripts	812.xml		/TEI/text/body/listBibl/msDesc/history/acquisition/date		
manuscripts	813.xml	951	/TEI/text/body/listBibl/msDesc/physDesc/handDesc/handNote/origDate		
manuscripts	813.xml		/TEI/text/body/listBibl/msDesc/physDesc/bindingDesc/binding/decoNote/origDate		
manuscripts	813.xml		/TEI/text/body/listBibl/msDesc/history/provenance/date		
manuscripts	813.xml		/TEI/text/body/listBibl/msDesc/history/acquisition/date		
manuscripts	814.xml	951	/TEI/text/body/listBibl/msDesc/physDesc/handDesc/handNote/origDate		
manuscripts	814.xml		/TEI/text/body/listBibl/msDesc/physDesc/bindingDesc/binding/decoNote/origDate		
manuscripts	814.xml		/TEI/text/body/listBibl/msDesc/history/provenance/date		
manuscripts	814.xml		/TEI/text/body/listBibl/msDesc/history/acquisition/date		
manuscripts	815.xml	900-1000	/TEI/text/body/listBibl/msDesc/physDesc/handDesc/handNote/origDate		
manuscripts	815.xml		/TEI/text/body/listBibl/msDesc/physDesc/bindingDesc/binding/decoNote/origDate		
manuscripts	815.xml		/TEI/text/body/listBibl/msDesc/history/provenance/date		
manuscripts	815.xml		/TEI/text/body/listBibl/msDesc/history/acquisition/date		
manuscripts	816.xml		/TEI/text/body/listBibl/msDesc/physDesc/handDesc/handNote/origDate		
manuscripts	816.xml		/TEI/text/body/listBibl/msDesc/physDesc/bindingDesc/binding/decoNote/origDate		
manuscripts	816.xml		/TEI/text/body/listBibl/msDesc/history/provenance/date		
manuscripts	816.xml		/TEI/text/body/listBibl/msDesc/history/acquisition/date		
manuscripts	817.xml	1000-1200?	/TEI/text/body/listBibl/msDesc/physDesc/handDesc/handNote/origDate		
manuscripts	817.xml		/TEI/text/body/listBibl/msDesc/physDesc/bindingDesc/binding/decoNote/origDate		
manuscripts	817.xml		/TEI/text/body/listBibl/msDesc/history/provenance/date		
manuscripts	817.xml		/TEI/text/body/listBibl/msDesc/history/acquisition/date		
manuscripts	818.xml		/TEI/text/body/listBibl/msDesc/physDesc/handDesc/handNote/origDate		
manuscripts	818.xml		/TEI/text/body/listBibl/msDesc/physDesc/bindingDesc/binding/decoNote/origDate		
manuscripts	818.xml		/TEI/text/body/listBibl/msDesc/history/provenance/date		
manuscripts	818.xml		/TEI/text/body/listBibl/msDesc/history/acquisition/date		
manuscripts	819.xml		/TEI/text/body/listBibl/msDesc/physDesc/handDesc/handNote/origDate		
manuscripts	819.xml		/TEI/text/body/listBibl/msDesc/physDesc/bindingDesc/binding/decoNote/origDate		
manuscripts	819.xml		/TEI/text/body/listBibl/msDesc/history/provenance/date		
manuscripts	819.xml		/TEI/text/body/listBibl/msDesc/history/acquisition/date		
manuscripts	82.xml		/TEI/text/body/listBibl/msDesc/physDesc/handDesc/handNote/origDate		
manuscripts	82.xml		/TEI/text/body/listBibl/msDesc/physDesc/bindingDesc/binding/decoNote/origDate		
manuscripts	82.xml		/TEI/text/body/listBibl/msDesc/history/provenance/date		
manuscripts	82.xml		/TEI/text/body/listBibl/msDesc/history/acquisition/date		
manuscripts	820.xml		/TEI/text/body/listBibl/msDesc/physDesc/handDesc/handNote/origDate		
manuscripts	820.xml		/TEI/text/body/listBibl/msDesc/physDesc/bindingDesc/binding/decoNote/origDate		
manuscripts	820.xml		/TEI/text/body/listBibl/msDesc/history/provenance/date		
manuscripts	820.xml		/TEI/text/body/listBibl/msDesc/history/acquisition/date		
manuscripts	821.xml		/TEI/text/body/listBibl/msDesc/physDesc/bindingDesc/binding/decoNote/origDate		
manuscripts	821.xml		/TEI/text/body/listBibl/msDesc/history/provenance/date		
manuscripts	821.xml		/TEI/text/body/listBibl/msDesc/history/acquisition/date		
manuscripts	822.xml	1000-1200?	/TEI/text/body/listBibl/msDesc/physDesc/handDesc/handNote/origDate		
manuscripts	822.xml		/TEI/text/body/listBibl/msDesc/physDesc/bindingDesc/binding/decoNote/origDate		
manuscripts	822.xml		/TEI/text/body/listBibl/msDesc/history/provenance/date		
manuscripts	822.xml		/TEI/text/body/listBibl/msDesc/history/acquisition/date		
manuscripts	823.xml		/TEI/text/body/listBibl/msDesc/physDesc/handDesc/handNote/origDate		
manuscripts	823.xml		/TEI/text/body/listBibl/msDesc/physDesc/bindingDesc/binding/decoNote/origDate		
manuscripts	823.xml		/TEI/text/body/listBibl/msDesc/history/provenance/date		
manuscripts	823.xml		/TEI/text/body/listBibl/msDesc/history/acquisition/date		
manuscripts	824.xml		/TEI/text/body/listBibl/msDesc/physDesc/handDesc/handNote/origDate		
manuscripts	824.xml		/TEI/text/body/listBibl/msDesc/physDesc/bindingDesc/binding/decoNote/origDate		
manuscripts	824.xml		/TEI/text/body/listBibl/msDesc/history/provenance/date		
manuscripts	824.xml		/TEI/text/body/listBibl/msDesc/history/acquisition/date		
manuscripts	825.xml		/TEI/text/body/listBibl/msDesc/physDesc/handDesc/handNote/origDate		
manuscripts	825.xml		/TEI/text/body/listBibl/msDesc/physDesc/bindingDesc/binding/decoNote/origDate		
manuscripts	825.xml		/TEI/text/body/listBibl/msDesc/history/provenance/date		
manuscripts	825.xml		/TEI/text/body/listBibl/msDesc/history/acquisition/date		
manuscripts	826.xml		/TEI/text/body/listBibl/msDesc/physDesc/handDesc/handNote/origDate		
manuscripts	826.xml		/TEI/text/body/listBibl/msDesc/physDesc/bindingDesc/binding/decoNote/origDate		
manuscripts	826.xml		/TEI/text/body/listBibl/msDesc/history/provenance/date		
manuscripts	826.xml		/TEI/text/body/listBibl/msDesc/history/acquisition/date		
manuscripts	827.xml	1200-1300	/TEI/text/body/listBibl/msDesc/physDesc/handDesc/handNote/origDate		
manuscripts	827.xml		/TEI/text/body/listBibl/msDesc/physDesc/bindingDesc/binding/decoNote/origDate		
manuscripts	827.xml		/TEI/text/body/listBibl/msDesc/history/provenance/date		
manuscripts	827.xml		/TEI/text/body/listBibl/msDesc/history/acquisition/date		
manuscripts	828.xml	1000-1200?	/TEI/text/body/listBibl/msDesc/physDesc/handDesc/handNote/origDate		
manuscripts	828.xml		/TEI/text/body/listBibl/msDesc/physDesc/bindingDesc/binding/decoNote/origDate		
manuscripts	828.xml		/TEI/text/body/listBibl/msDesc/history/provenance/date		
manuscripts	828.xml		/TEI/text/body/listBibl/msDesc/history/acquisition/date		
manuscripts	829.xml		/TEI/text/body/listBibl/msDesc/physDesc/handDesc/handNote/origDate		
manuscripts	829.xml		/TEI/text/body/listBibl/msDesc/physDesc/bindingDesc/binding/decoNote/origDate		
manuscripts	829.xml		/TEI/text/body/listBibl/msDesc/history/provenance/date		
manuscripts	829.xml		/TEI/text/body/listBibl/msDesc/history/acquisition/date		
manuscripts	83.xml		/TEI/text/body/listBibl/msDesc/physDesc/handDesc/handNote/origDate		
manuscripts	83.xml		/TEI/text/body/listBibl/msDesc/physDesc/bindingDesc/binding/decoNote/origDate		
manuscripts	83.xml		/TEI/text/body/listBibl/msDesc/history/provenance/date		
manuscripts	83.xml		/TEI/text/body/listBibl/msDesc/history/acquisition/date		
manuscripts	830.xml	1000-1100	/TEI/text/body/listBibl/msDesc/physDesc/handDesc/handNote/origDate		
manuscripts	830.xml		/TEI/text/body/listBibl/msDesc/physDesc/bindingDesc/binding/decoNote/origDate		
manuscripts	830.xml		/TEI/text/body/listBibl/msDesc/history/provenance/date		
manuscripts	830.xml		/TEI/text/body/listBibl/msDesc/history/acquisition/date		
manuscripts	831.xml		/TEI/text/body/listBibl/msDesc/physDesc/handDesc/handNote/origDate		
manuscripts	831.xml		/TEI/text/body/listBibl/msDesc/physDesc/bindingDesc/binding/decoNote/origDate		
manuscripts	831.xml		/TEI/text/body/listBibl/msDesc/history/provenance/date		
manuscripts	831.xml		/TEI/text/body/listBibl/msDesc/history/acquisition/date		
manuscripts	832.xml	1000-1100	/TEI/text/body/listBibl/msDesc/physDesc/handDesc/handNote/origDate		
manuscripts	832.xml		/TEI/text/body/listBibl/msDesc/physDesc/bindingDesc/binding/decoNote/origDate		
manuscripts	832.xml		/TEI/text/body/listBibl/msDesc/history/provenance/date		
manuscripts	832.xml		/TEI/text/body/listBibl/msDesc/history/acquisition/date		
manuscripts	833.xml		/TEI/text/body/listBibl/msDesc/physDesc/handDesc/handNote/origDate		
manuscripts	833.xml		/TEI/text/body/listBibl/msDesc/physDesc/bindingDesc/binding/decoNote/origDate		
manuscripts	833.xml		/TEI/text/body/listBibl/msDesc/history/provenance/date		
manuscripts	833.xml		/TEI/text/body/listBibl/msDesc/history/acquisition/date		
manuscripts	834.xml		/TEI/text/body/listBibl/msDesc/physDesc/handDesc/handNote/origDate		
manuscripts	834.xml		/TEI/text/body/listBibl/msDesc/physDesc/bindingDesc/binding/decoNote/origDate		
manuscripts	834.xml		/TEI/text/body/listBibl/msDesc/history/provenance/date		
manuscripts	834.xml		/TEI/text/body/listBibl/msDesc/history/acquisition/date		
manuscripts	835.xml		/TEI/text/body/listBibl/msDesc/physDesc/handDesc/handNote/origDate		
manuscripts	835.xml		/TEI/text/body/listBibl/msDesc/physDesc/bindingDesc/binding/decoNote/origDate		
manuscripts	835.xml		/TEI/text/body/listBibl/msDesc/history/provenance/date		
manuscripts	835.xml		/TEI/text/body/listBibl/msDesc/history/acquisition/date		
manuscripts	836.xml		/TEI/text/body/listBibl/msDesc/physDesc/handDesc/handNote/origDate		
manuscripts	836.xml		/TEI/text/body/listBibl/msDesc/physDesc/bindingDesc/binding/decoNote/origDate		
manuscripts	836.xml		/TEI/text/body/listBibl/msDesc/history/provenance/date		
manuscripts	836.xml		/TEI/text/body/listBibl/msDesc/history/acquisition/date		
manuscripts	837.xml		/TEI/text/body/listBibl/msDesc/physDesc/handDesc/handNote/origDate		
manuscripts	837.xml		/TEI/text/body/listBibl/msDesc/physDesc/bindingDesc/binding/decoNote/origDate		
manuscripts	837.xml		/TEI/text/body/listBibl/msDesc/history/provenance/date		
manuscripts	837.xml		/TEI/text/body/listBibl/msDesc/history/acquisition/date		
manuscripts	838.xml		/TEI/text/body/listBibl/msDesc/physDesc/handDesc/handNote/origDate		
manuscripts	838.xml		/TEI/text/body/listBibl/msDesc/physDesc/bindingDesc/binding/decoNote/origDate		
manuscripts	838.xml		/TEI/text/body/listBibl/msDesc/history/provenance/date		
manuscripts	838.xml		/TEI/text/body/listBibl/msDesc/history/acquisition/date		
manuscripts	839.xml		/TEI/text/body/listBibl/msDesc/physDesc/handDesc/handNote/origDate		
manuscripts	839.xml		/TEI/text/body/listBibl/msDesc/physDesc/bindingDesc/binding/decoNote/origDate		
manuscripts	839.xml		/TEI/text/body/listBibl/msDesc/history/provenance/date		
manuscripts	839.xml		/TEI/text/body/listBibl/msDesc/history/acquisition/date		
manuscripts	84.xml		/TEI/text/body/listBibl/msDesc/physDesc/handDesc/handNote/origDate		
manuscripts	84.xml		/TEI/text/body/listBibl/msDesc/physDesc/bindingDesc/binding/decoNote/origDate		
manuscripts	84.xml		/TEI/text/body/listBibl/msDesc/history/provenance/date		
manuscripts	84.xml		/TEI/text/body/listBibl/msDesc/history/acquisition/date		
manuscripts	840.xml		/TEI/text/body/listBibl/msDesc/physDesc/handDesc/handNote/origDate		
manuscripts	840.xml		/TEI/text/body/listBibl/msDesc/physDesc/bindingDesc/binding/decoNote/origDate		
manuscripts	840.xml		/TEI/text/body/listBibl/msDesc/history/provenance/date		
manuscripts	840.xml		/TEI/text/body/listBibl/msDesc/history/acquisition/date		
manuscripts	841.xml		/TEI/text/body/listBibl/msDesc/physDesc/handDesc/handNote/origDate		
manuscripts	841.xml		/TEI/text/body/listBibl/msDesc/physDesc/bindingDesc/binding/decoNote/origDate		
manuscripts	841.xml		/TEI/text/body/listBibl/msDesc/history/provenance/date		
manuscripts	841.xml		/TEI/text/body/listBibl/msDesc/history/acquisition/date		
manuscripts	842.xml		/TEI/text/body/listBibl/msDesc/physDesc/handDesc/handNote/origDate		
manuscripts	842.xml		/TEI/text/body/listBibl/msDesc/physDesc/bindingDesc/binding/decoNote/origDate		
manuscripts	842.xml		/TEI/text/body/listBibl/msDesc/history/provenance/date		
manuscripts	842.xml		/TEI/text/body/listBibl/msDesc/history/acquisition/date		
manuscripts	843.xml		/TEI/text/body/listBibl/msDesc/physDesc/handDesc/handNote/origDate		
manuscripts	843.xml		/TEI/text/body/listBibl/msDesc/physDesc/bindingDesc/binding/decoNote/origDate		
manuscripts	843.xml		/TEI/text/body/listBibl/msDesc/history/provenance/date		
manuscripts	843.xml		/TEI/text/body/listBibl/msDesc/history/acquisition/date		
manuscripts	844.xml		/TEI/text/body/listBibl/msDesc/physDesc/handDesc/handNote/origDate		
manuscripts	844.xml		/TEI/text/body/listBibl/msDesc/physDesc/bindingDesc/binding/decoNote/origDate		
manuscripts	844.xml		/TEI/text/body/listBibl/msDesc/history/provenance/date		
manuscripts	844.xml		/TEI/text/body/listBibl/msDesc/history/acquisition/date		
manuscripts	845.xml		/TEI/text/body/listBibl/msDesc/physDesc/handDesc/handNote/origDate		
manuscripts	845.xml		/TEI/text/body/listBibl/msDesc/physDesc/bindingDesc/binding/decoNote/origDate		
manuscripts	845.xml		/TEI/text/body/listBibl/msDesc/history/provenance/date		
manuscripts	845.xml		/TEI/text/body/listBibl/msDesc/history/acquisition/date		
manuscripts	846.xml		/TEI/text/body/listBibl/msDesc/physDesc/handDesc/handNote/origDate		
manuscripts	846.xml		/TEI/text/body/listBibl/msDesc/physDesc/bindingDesc/binding/decoNote/origDate		
manuscripts	846.xml		/TEI/text/body/listBibl/msDesc/history/provenance/date		
manuscripts	846.xml		/TEI/text/body/listBibl/msDesc/history/acquisition/date		
manuscripts	847.xml	1000-1200?	/TEI/text/body/listBibl/msDesc/physDesc/handDesc/handNote/origDate		
manuscripts	847.xml		/TEI/text/body/listBibl/msDesc/physDesc/bindingDesc/binding/decoNote/origDate		
manuscripts	847.xml		/TEI/text/body/listBibl/msDesc/history/provenance/date		
manuscripts	847.xml		/TEI/text/body/listBibl/msDesc/history/acquisition/date		
manuscripts	848.xml		/TEI/text/body/listBibl/msDesc/physDesc/handDesc/handNote/origDate		
manuscripts	848.xml		/TEI/text/body/listBibl/msDesc/physDesc/bindingDesc/binding/decoNote/origDate		
manuscripts	848.xml		/TEI/text/body/listBibl/msDesc/history/provenance/date		
manuscripts	848.xml		/TEI/text/body/listBibl/msDesc/history/acquisition/date		
manuscripts	849.xml		/TEI/text/body/listBibl/msDesc/physDesc/handDesc/handNote/origDate		
manuscripts	849.xml		/TEI/text/body/listBibl/msDesc/physDesc/bindingDesc/binding/decoNote/origDate		
manuscripts	849.xml		/TEI/text/body/listBibl/msDesc/history/provenance/date		
manuscripts	849.xml		/TEI/text/body/listBibl/msDesc/history/acquisition/date		
manuscripts	85.xml		/TEI/text/body/listBibl/msDesc/physDesc/handDesc/handNote/origDate		
manuscripts	85.xml		/TEI/text/body/listBibl/msDesc/physDesc/bindingDesc/binding/decoNote/origDate		
manuscripts	85.xml		/TEI/text/body/listBibl/msDesc/history/provenance/date		
manuscripts	85.xml		/TEI/text/body/listBibl/msDesc/history/acquisition/date		
manuscripts	850.xml		/TEI/text/body/listBibl/msDesc/physDesc/handDesc/handNote/origDate		
manuscripts	850.xml		/TEI/text/body/listBibl/msDesc/physDesc/bindingDesc/binding/decoNote/origDate		
manuscripts	850.xml		/TEI/text/body/listBibl/msDesc/history/provenance/date		
manuscripts	850.xml		/TEI/text/body/listBibl/msDesc/history/acquisition/date		
manuscripts	851.xml		/TEI/text/body/listBibl/msDesc/physDesc/handDesc/handNote/origDate		
manuscripts	851.xml		/TEI/text/body/listBibl/msDesc/physDesc/bindingDesc/binding/decoNote/origDate		
manuscripts	851.xml		/TEI/text/body/listBibl/msDesc/history/provenance/date		
manuscripts	851.xml		/TEI/text/body/listBibl/msDesc/history/acquisition/date		
manuscripts	852.xml		/TEI/text/body/listBibl/msDesc/physDesc/handDesc/handNote/origDate		
manuscripts	852.xml		/TEI/text/body/listBibl/msDesc/physDesc/bindingDesc/binding/decoNote/origDate		
manuscripts	852.xml		/TEI/text/body/listBibl/msDesc/history/provenance/date		
manuscripts	852.xml		/TEI/text/body/listBibl/msDesc/history/acquisition/date		
manuscripts	853.xml		/TEI/text/body/listBibl/msDesc/physDesc/handDesc/handNote/origDate		
manuscripts	853.xml		/TEI/text/body/listBibl/msDesc/physDesc/bindingDesc/binding/decoNote/origDate		
manuscripts	853.xml		/TEI/text/body/listBibl/msDesc/history/provenance/date		
manuscripts	853.xml		/TEI/text/body/listBibl/msDesc/history/acquisition/date		
manuscripts	854.xml		/TEI/text/body/listBibl/msDesc/physDesc/handDesc/handNote/origDate		
manuscripts	854.xml		/TEI/text/body/listBibl/msDesc/physDesc/bindingDesc/binding/decoNote/origDate		
manuscripts	854.xml		/TEI/text/body/listBibl/msDesc/history/provenance/date		
manuscripts	854.xml		/TEI/text/body/listBibl/msDesc/history/acquisition/date		
manuscripts	855.xml		/TEI/text/body/listBibl/msDesc/physDesc/handDesc/handNote/origDate		
manuscripts	855.xml		/TEI/text/body/listBibl/msDesc/physDesc/bindingDesc/binding/decoNote/origDate		
manuscripts	855.xml		/TEI/text/body/listBibl/msDesc/history/provenance/date		
manuscripts	855.xml		/TEI/text/body/listBibl/msDesc/history/acquisition/date		
manuscripts	856.xml		/TEI/text/body/listBibl/msDesc/physDesc/handDesc/handNote/origDate		
manuscripts	856.xml		/TEI/text/body/listBibl/msDesc/physDesc/bindingDesc/binding/decoNote/origDate		
manuscripts	856.xml		/TEI/text/body/listBibl/msDesc/history/provenance/date		
manuscripts	856.xml		/TEI/text/body/listBibl/msDesc/history/acquisition/date		
manuscripts	857.xml		/TEI/text/body/listBibl/msDesc/physDesc/handDesc/handNote/origDate		
manuscripts	857.xml		/TEI/text/body/listBibl/msDesc/physDesc/bindingDesc/binding/decoNote/origDate		
manuscripts	857.xml		/TEI/text/body/listBibl/msDesc/history/provenance/date		
manuscripts	857.xml		/TEI/text/body/listBibl/msDesc/history/acquisition/date		
manuscripts	858.xml		/TEI/text/body/listBibl/msDesc/physDesc/handDesc/handNote/origDate		
manuscripts	858.xml		/TEI/text/body/listBibl/msDesc/physDesc/bindingDesc/binding/decoNote/origDate		
manuscripts	858.xml		/TEI/text/body/listBibl/msDesc/history/provenance/date		
manuscripts	858.xml		/TEI/text/body/listBibl/msDesc/history/acquisition/date		
manuscripts	859.xml		/TEI/text/body/listBibl/msDesc/physDesc/handDesc/handNote/origDate		
manuscripts	859.xml		/TEI/text/body/listBibl/msDesc/physDesc/bindingDesc/binding/decoNote/origDate		
manuscripts	859.xml		/TEI/text/body/listBibl/msDesc/history/provenance/date		
manuscripts	859.xml		/TEI/text/body/listBibl/msDesc/history/acquisition/date		
manuscripts	86.xml		/TEI/text/body/listBibl/msDesc/physDesc/handDesc/handNote/origDate		
manuscripts	86.xml		/TEI/text/body/listBibl/msDesc/physDesc/bindingDesc/binding/decoNote/origDate		
manuscripts	86.xml		/TEI/text/body/listBibl/msDesc/history/provenance/date		
manuscripts	86.xml		/TEI/text/body/listBibl/msDesc/history/acquisition/date		
manuscripts	860.xml		/TEI/text/body/listBibl/msDesc/physDesc/handDesc/handNote/origDate		
manuscripts	860.xml		/TEI/text/body/listBibl/msDesc/physDesc/bindingDesc/binding/decoNote/origDate		
manuscripts	860.xml		/TEI/text/body/listBibl/msDesc/history/provenance/date		
manuscripts	860.xml		/TEI/text/body/listBibl/msDesc/history/acquisition/date		
manuscripts	861.xml		/TEI/text/body/listBibl/msDesc/physDesc/handDesc/handNote/origDate		
manuscripts	861.xml		/TEI/text/body/listBibl/msDesc/physDesc/bindingDesc/binding/decoNote/origDate		
manuscripts	861.xml		/TEI/text/body/listBibl/msDesc/history/provenance/date		
manuscripts	861.xml		/TEI/text/body/listBibl/msDesc/history/acquisition/date		
manuscripts	862.xml	after 1000	/TEI/text/body/listBibl/msDesc/physDesc/handDesc/handNote/origDate		
manuscripts	862.xml		/TEI/text/body/listBibl/msDesc/physDesc/bindingDesc/binding/decoNote/origDate		
manuscripts	862.xml		/TEI/text/body/listBibl/msDesc/history/provenance/date		
manuscripts	862.xml		/TEI/text/body/listBibl/msDesc/history/acquisition/date		
manuscripts	863.xml	1050-1100?	/TEI/text/body/listBibl/msDesc/physDesc/handDesc/handNote/origDate		
manuscripts	863.xml		/TEI/text/body/listBibl/msDesc/physDesc/bindingDesc/binding/decoNote/origDate		
manuscripts	863.xml		/TEI/text/body/listBibl/msDesc/history/provenance/date		
manuscripts	863.xml		/TEI/text/body/listBibl/msDesc/history/acquisition/date		
manuscripts	864.xml	after 1000	/TEI/text/body/listBibl/msDesc/physDesc/handDesc/handNote/origDate		
manuscripts	864.xml		/TEI/text/body/listBibl/msDesc/physDesc/bindingDesc/binding/decoNote/origDate		
manuscripts	864.xml		/TEI/text/body/listBibl/msDesc/history/provenance/date		
manuscripts	864.xml		/TEI/text/body/listBibl/msDesc/history/acquisition/date		
manuscripts	865.xml	after 1000	/TEI/text/body/listBibl/msDesc/physDesc/handDesc/handNote/origDate		
manuscripts	865.xml		/TEI/text/body/listBibl/msDesc/physDesc/bindingDesc/binding/decoNote/origDate		
manuscripts	865.xml		/TEI/text/body/listBibl/msDesc/history/provenance/date		
manuscripts	865.xml		/TEI/text/body/listBibl/msDesc/history/acquisition/date		
manuscripts	866.xml	after 1000	/TEI/text/body/listBibl/msDesc/physDesc/handDesc/handNote/origDate		
manuscripts	866.xml		/TEI/text/body/listBibl/msDesc/physDesc/bindingDesc/binding/decoNote/origDate		
manuscripts	866.xml		/TEI/text/body/listBibl/msDesc/history/provenance/date		
manuscripts	866.xml		/TEI/text/body/listBibl/msDesc/history/acquisition/date		
manuscripts	867.xml		/TEI/text/body/listBibl/msDesc/physDesc/handDesc/handNote/origDate		
manuscripts	867.xml		/TEI/text/body/listBibl/msDesc/physDesc/bindingDesc/binding/decoNote/origDate		
manuscripts	867.xml		/TEI/text/body/listBibl/msDesc/history/provenance/date		
manuscripts	867.xml		/TEI/text/body/listBibl/msDesc/history/acquisition/date		
manuscripts	868.xml		/TEI/text/body/listBibl/msDesc/physDesc/handDesc/handNote/origDate		
manuscripts	868.xml		/TEI/text/body/listBibl/msDesc/physDesc/bindingDesc/binding/decoNote/origDate		
manuscripts	868.xml		/TEI/text/body/listBibl/msDesc/history/provenance/date		
manuscripts	868.xml		/TEI/text/body/listBibl/msDesc/history/acquisition/date		
manuscripts	869.xml		/TEI/text/body/listBibl/msDesc/physDesc/handDesc/handNote/origDate		
manuscripts	869.xml		/TEI/text/body/listBibl/msDesc/physDesc/bindingDesc/binding/decoNote/origDate		
manuscripts	869.xml		/TEI/text/body/listBibl/msDesc/history/provenance/date		
manuscripts	869.xml		/TEI/text/body/listBibl/msDesc/history/acquisition/date		
manuscripts	87.xml		/TEI/text/body/listBibl/msDesc/physDesc/handDesc/handNote/origDate		
manuscripts	87.xml		/TEI/text/body/listBibl/msDesc/physDesc/bindingDesc/binding/decoNote/origDate		
manuscripts	87.xml		/TEI/text/body/listBibl/msDesc/history/provenance/date		
manuscripts	87.xml		/TEI/text/body/listBibl/msDesc/history/acquisition/date		
manuscripts	870.xml		/TEI/text/body/listBibl/msDesc/physDesc/handDesc/handNote/origDate		
manuscripts	870.xml		/TEI/text/body/listBibl/msDesc/physDesc/bindingDesc/binding/decoNote/origDate		
manuscripts	870.xml		/TEI/text/body/listBibl/msDesc/history/provenance/date		
manuscripts	870.xml		/TEI/text/body/listBibl/msDesc/history/acquisition/date		
manuscripts	871.xml		/TEI/text/body/listBibl/msDesc/physDesc/handDesc/handNote/origDate		
manuscripts	871.xml		/TEI/text/body/listBibl/msDesc/physDesc/bindingDesc/binding/decoNote/origDate		
manuscripts	871.xml		/TEI/text/body/listBibl/msDesc/history/provenance/date		
manuscripts	871.xml		/TEI/text/body/listBibl/msDesc/history/acquisition/date		
manuscripts	872.xml		/TEI/text/body/listBibl/msDesc/physDesc/handDesc/handNote/origDate		
manuscripts	872.xml		/TEI/text/body/listBibl/msDesc/physDesc/bindingDesc/binding/decoNote/origDate		
manuscripts	872.xml		/TEI/text/body/listBibl/msDesc/history/provenance/date		
manuscripts	872.xml		/TEI/text/body/listBibl/msDesc/history/acquisition/date		
manuscripts	873.xml	1000-1100	/TEI/text/body/listBibl/msDesc/physDesc/handDesc/handNote/origDate		
manuscripts	873.xml		/TEI/text/body/listBibl/msDesc/physDesc/bindingDesc/binding/decoNote/origDate		
manuscripts	873.xml		/TEI/text/body/listBibl/msDesc/history/provenance/date		
manuscripts	873.xml		/TEI/text/body/listBibl/msDesc/history/acquisition/date		
manuscripts	874.xml	1000-1100	/TEI/text/body/listBibl/msDesc/physDesc/handDesc/handNote/origDate		
manuscripts	874.xml		/TEI/text/body/listBibl/msDesc/physDesc/bindingDesc/binding/decoNote/origDate		
manuscripts	874.xml		/TEI/text/body/listBibl/msDesc/history/provenance/date		
manuscripts	874.xml		/TEI/text/body/listBibl/msDesc/history/acquisition/date		
manuscripts	875.xml	1000-1100	/TEI/text/body/listBibl/msDesc/physDesc/handDesc/handNote/origDate		
manuscripts	875.xml		/TEI/text/body/listBibl/msDesc/physDesc/bindingDesc/binding/decoNote/origDate		
manuscripts	875.xml		/TEI/text/body/listBibl/msDesc/history/provenance/date		
manuscripts	875.xml		/TEI/text/body/listBibl/msDesc/history/acquisition/date		
manuscripts	876.xml		/TEI/text/body/listBibl/msDesc/physDesc/handDesc/handNote/origDate		
manuscripts	876.xml		/TEI/text/body/listBibl/msDesc/physDesc/bindingDesc/binding/decoNote/origDate		
manuscripts	876.xml		/TEI/text/body/listBibl/msDesc/history/provenance/date		
manuscripts	876.xml		/TEI/text/body/listBibl/msDesc/history/acquisition/date		
manuscripts	877.xml	1000-1100	/TEI/text/body/listBibl/msDesc/physDesc/handDesc/handNote/origDate		
manuscripts	877.xml		/TEI/text/body/listBibl/msDesc/physDesc/bindingDesc/binding/decoNote/origDate		
manuscripts	877.xml		/TEI/text/body/listBibl/msDesc/history/provenance/date		
manuscripts	877.xml		/TEI/text/body/listBibl/msDesc/history/acquisition/date		
manuscripts	878.xml	1000-1200?	/TEI/text/body/listBibl/msDesc/physDesc/handDesc/handNote/origDate		
manuscripts	878.xml		/TEI/text/body/listBibl/msDesc/physDesc/bindingDesc/binding/decoNote/origDate		
manuscripts	878.xml		/TEI/text/body/listBibl/msDesc/history/provenance/date		
manuscripts	878.xml		/TEI/text/body/listBibl/msDesc/history/acquisition/date		
manuscripts	879.xml	1000-1100	/TEI/text/body/listBibl/msDesc/physDesc/handDesc/handNote/origDate		
manuscripts	879.xml		/TEI/text/body/listBibl/msDesc/physDesc/bindingDesc/binding/decoNote/origDate		
manuscripts	879.xml		/TEI/text/body/listBibl/msDesc/history/provenance/date		
manuscripts	879.xml		/TEI/text/body/listBibl/msDesc/history/acquisition/date		
manuscripts	88.xml		/TEI/text/body/listBibl/msDesc/physDesc/handDesc/handNote/origDate		
manuscripts	88.xml		/TEI/text/body/listBibl/msDesc/physDesc/bindingDesc/binding/decoNote/origDate		
manuscripts	88.xml		/TEI/text/body/listBibl/msDesc/history/provenance/date		
manuscripts	88.xml		/TEI/text/body/listBibl/msDesc/history/acquisition/date		
manuscripts	880.xml	1000-1100	/TEI/text/body/listBibl/msDesc/physDesc/handDesc/handNote/origDate		
manuscripts	880.xml		/TEI/text/body/listBibl/msDesc/physDesc/bindingDesc/binding/decoNote/origDate		
manuscripts	880.xml		/TEI/text/body/listBibl/msDesc/history/provenance/date		
manuscripts	880.xml		/TEI/text/body/listBibl/msDesc/history/acquisition/date		
manuscripts	881.xml	1000-1200?	/TEI/text/body/listBibl/msDesc/physDesc/handDesc/handNote/origDate		
manuscripts	881.xml		/TEI/text/body/listBibl/msDesc/physDesc/bindingDesc/binding/decoNote/origDate		
manuscripts	881.xml		/TEI/text/body/listBibl/msDesc/history/provenance/date		
manuscripts	881.xml		/TEI/text/body/listBibl/msDesc/history/acquisition/date		
manuscripts	882.xml	1000-1100	/TEI/text/body/listBibl/msDesc/physDesc/handDesc/handNote/origDate		
manuscripts	882.xml		/TEI/text/body/listBibl/msDesc/physDesc/bindingDesc/binding/decoNote/origDate		
manuscripts	882.xml		/TEI/text/body/listBibl/msDesc/history/provenance/date		
manuscripts	882.xml		/TEI/text/body/listBibl/msDesc/history/acquisition/date		
manuscripts	883.xml	1000-1100	/TEI/text/body/listBibl/msDesc/physDesc/handDesc/handNote/origDate		
manuscripts	883.xml		/TEI/text/body/listBibl/msDesc/physDesc/bindingDesc/binding/decoNote/origDate		
manuscripts	883.xml		/TEI/text/body/listBibl/msDesc/history/provenance/date		
manuscripts	883.xml		/TEI/text/body/listBibl/msDesc/history/acquisition/date		
manuscripts	884.xml	1000-1100	/TEI/text/body/listBibl/msDesc/physDesc/handDesc/handNote/origDate		
manuscripts	884.xml		/TEI/text/body/listBibl/msDesc/physDesc/bindingDesc/binding/decoNote/origDate		
manuscripts	884.xml		/TEI/text/body/listBibl/msDesc/history/provenance/date		
manuscripts	884.xml		/TEI/text/body/listBibl/msDesc/history/acquisition/date		
manuscripts	885.xml		/TEI/text/body/listBibl/msDesc/physDesc/handDesc/handNote/origDate		
manuscripts	885.xml		/TEI/text/body/listBibl/msDesc/physDesc/bindingDesc/binding/decoNote/origDate		
manuscripts	885.xml		/TEI/text/body/listBibl/msDesc/history/provenance/date		
manuscripts	885.xml		/TEI/text/body/listBibl/msDesc/history/acquisition/date		
manuscripts	886.xml		/TEI/text/body/listBibl/msDesc/physDesc/handDesc/handNote/origDate		
manuscripts	886.xml		/TEI/text/body/listBibl/msDesc/physDesc/bindingDesc/binding/decoNote/origDate		
manuscripts	886.xml		/TEI/text/body/listBibl/msDesc/history/provenance/date		
manuscripts	886.xml		/TEI/text/body/listBibl/msDesc/history/acquisition/date		
manuscripts	887.xml		/TEI/text/body/listBibl/msDesc/physDesc/handDesc/handNote/origDate		
manuscripts	887.xml		/TEI/text/body/listBibl/msDesc/physDesc/bindingDesc/binding/decoNote/origDate		
manuscripts	887.xml		/TEI/text/body/listBibl/msDesc/history/provenance/date		
manuscripts	887.xml		/TEI/text/body/listBibl/msDesc/history/acquisition/date		
manuscripts	888.xml		/TEI/text/body/listBibl/msDesc/physDesc/handDesc/handNote/origDate		
manuscripts	888.xml		/TEI/text/body/listBibl/msDesc/physDesc/bindingDesc/binding/decoNote/origDate		
manuscripts	888.xml		/TEI/text/body/listBibl/msDesc/history/provenance/date		
manuscripts	888.xml		/TEI/text/body/listBibl/msDesc/history/acquisition/date		
manuscripts	889.xml		/TEI/text/body/listBibl/msDesc/physDesc/handDesc/handNote/origDate		
manuscripts	889.xml		/TEI/text/body/listBibl/msDesc/physDesc/bindingDesc/binding/decoNote/origDate		
manuscripts	889.xml		/TEI/text/body/listBibl/msDesc/history/provenance/date		
manuscripts	889.xml		/TEI/text/body/listBibl/msDesc/history/acquisition/date		
manuscripts	89.xml		/TEI/text/body/listBibl/msDesc/physDesc/handDesc/handNote/origDate		
manuscripts	89.xml		/TEI/text/body/listBibl/msDesc/physDesc/bindingDesc/binding/decoNote/origDate		
manuscripts	89.xml		/TEI/text/body/listBibl/msDesc/history/provenance/date		
manuscripts	89.xml		/TEI/text/body/listBibl/msDesc/history/acquisition/date		
manuscripts	890.xml	1000-1100	/TEI/text/body/listBibl/msDesc/physDesc/handDesc/handNote/origDate		
manuscripts	890.xml		/TEI/text/body/listBibl/msDesc/physDesc/bindingDesc/binding/decoNote/origDate		
manuscripts	890.xml		/TEI/text/body/listBibl/msDesc/history/provenance/date		
manuscripts	890.xml		/TEI/text/body/listBibl/msDesc/history/acquisition/date		
manuscripts	891.xml	1200-1300	/TEI/text/body/listBibl/msDesc/physDesc/handDesc/handNote/origDate		
manuscripts	891.xml		/TEI/text/body/listBibl/msDesc/physDesc/bindingDesc/binding/decoNote/origDate		
manuscripts	891.xml		/TEI/text/body/listBibl/msDesc/history/provenance/date		
manuscripts	891.xml		/TEI/text/body/listBibl/msDesc/history/acquisition/date		
manuscripts	892.xml	1000-1100	/TEI/text/body/listBibl/msDesc/physDesc/handDesc/handNote/origDate		
manuscripts	892.xml		/TEI/text/body/listBibl/msDesc/physDesc/bindingDesc/binding/decoNote/origDate		
manuscripts	892.xml		/TEI/text/body/listBibl/msDesc/history/provenance/date		
manuscripts	892.xml		/TEI/text/body/listBibl/msDesc/history/acquisition/date		
manuscripts	893.xml	1000-1200?	/TEI/text/body/listBibl/msDesc/physDesc/handDesc/handNote/origDate		
manuscripts	893.xml		/TEI/text/body/listBibl/msDesc/physDesc/bindingDesc/binding/decoNote/origDate		
manuscripts	893.xml		/TEI/text/body/listBibl/msDesc/history/provenance/date		
manuscripts	893.xml		/TEI/text/body/listBibl/msDesc/history/acquisition/date		
manuscripts	894.xml	1000-1100	/TEI/text/body/listBibl/msDesc/physDesc/handDesc/handNote/origDate		
manuscripts	894.xml		/TEI/text/body/listBibl/msDesc/physDesc/bindingDesc/binding/decoNote/origDate		
manuscripts	894.xml		/TEI/text/body/listBibl/msDesc/history/provenance/date		
manuscripts	894.xml		/TEI/text/body/listBibl/msDesc/history/acquisition/date		
manuscripts	895.xml		/TEI/text/body/listBibl/msDesc/physDesc/handDesc/handNote/origDate		
manuscripts	895.xml		/TEI/text/body/listBibl/msDesc/physDesc/bindingDesc/binding/decoNote/origDate		
manuscripts	895.xml		/TEI/text/body/listBibl/msDesc/history/provenance/date		
manuscripts	895.xml		/TEI/text/body/listBibl/msDesc/history/acquisition/date		
manuscripts	896.xml		/TEI/text/body/listBibl/msDesc/physDesc/handDesc/handNote/origDate		
manuscripts	896.xml		/TEI/text/body/listBibl/msDesc/physDesc/bindingDesc/binding/decoNote/origDate		
manuscripts	896.xml		/TEI/text/body/listBibl/msDesc/history/provenance/date		
manuscripts	896.xml		/TEI/text/body/listBibl/msDesc/history/acquisition/date		
manuscripts	897.xml		/TEI/text/body/listBibl/msDesc/physDesc/handDesc/handNote/origDate		
manuscripts	897.xml		/TEI/text/body/listBibl/msDesc/physDesc/bindingDesc/binding/decoNote/origDate		
manuscripts	897.xml		/TEI/text/body/listBibl/msDesc/history/provenance/date		
manuscripts	897.xml		/TEI/text/body/listBibl/msDesc/history/acquisition/date		
manuscripts	898.xml		/TEI/text/body/listBibl/msDesc/physDesc/handDesc/handNote/origDate		
manuscripts	898.xml		/TEI/text/body/listBibl/msDesc/physDesc/bindingDesc/binding/decoNote/origDate		
manuscripts	898.xml		/TEI/text/body/listBibl/msDesc/history/provenance/date		
manuscripts	898.xml		/TEI/text/body/listBibl/msDesc/history/acquisition/date		
manuscripts	899.xml		/TEI/text/body/listBibl/msDesc/physDesc/handDesc/handNote/origDate		
manuscripts	899.xml		/TEI/text/body/listBibl/msDesc/physDesc/bindingDesc/binding/decoNote/origDate		
manuscripts	899.xml		/TEI/text/body/listBibl/msDesc/history/provenance/date		
manuscripts	899.xml		/TEI/text/body/listBibl/msDesc/history/acquisition/date		
manuscripts	9.xml		/TEI/text/body/listBibl/msDesc/physDesc/handDesc/handNote/origDate		
manuscripts	9.xml		/TEI/text/body/listBibl/msDesc/physDesc/bindingDesc/binding/decoNote/origDate		
manuscripts	9.xml		/TEI/text/body/listBibl/msDesc/history/provenance/date		
manuscripts	9.xml		/TEI/text/body/listBibl/msDesc/history/acquisition/date		
manuscripts	90.xml		/TEI/text/body/listBibl/msDesc/physDesc/handDesc/handNote/origDate		
manuscripts	90.xml		/TEI/text/body/listBibl/msDesc/physDesc/bindingDesc/binding/decoNote/origDate		
manuscripts	90.xml		/TEI/text/body/listBibl/msDesc/history/provenance/date		
manuscripts	90.xml		/TEI/text/body/listBibl/msDesc/history/acquisition/date		
manuscripts	900.xml		/TEI/text/body/listBibl/msDesc/physDesc/handDesc/handNote/origDate		
manuscripts	900.xml		/TEI/text/body/listBibl/msDesc/physDesc/bindingDesc/binding/decoNote/origDate		
manuscripts	900.xml		/TEI/text/body/listBibl/msDesc/history/provenance/date		
manuscripts	900.xml		/TEI/text/body/listBibl/msDesc/history/acquisition/date		
manuscripts	901.xml		/TEI/text/body/listBibl/msDesc/physDesc/handDesc/handNote/origDate		
manuscripts	901.xml		/TEI/text/body/listBibl/msDesc/physDesc/bindingDesc/binding/decoNote/origDate		
manuscripts	901.xml		/TEI/text/body/listBibl/msDesc/history/provenance/date		
manuscripts	901.xml		/TEI/text/body/listBibl/msDesc/history/acquisition/date		
manuscripts	902.xml	1000-1200?	/TEI/text/body/listBibl/msDesc/physDesc/handDesc/handNote/origDate		
manuscripts	902.xml		/TEI/text/body/listBibl/msDesc/physDesc/bindingDesc/binding/decoNote/origDate		
manuscripts	902.xml		/TEI/text/body/listBibl/msDesc/history/provenance/date		
manuscripts	902.xml		/TEI/text/body/listBibl/msDesc/history/acquisition/date		
manuscripts	903.xml	1000-1100	/TEI/text/body/listBibl/msDesc/physDesc/handDesc/handNote/origDate		
manuscripts	903.xml		/TEI/text/body/listBibl/msDesc/physDesc/bindingDesc/binding/decoNote/origDate		
manuscripts	903.xml		/TEI/text/body/listBibl/msDesc/history/provenance/date		
manuscripts	903.xml		/TEI/text/body/listBibl/msDesc/history/acquisition/date		
manuscripts	904.xml	1000-1100	/TEI/text/body/listBibl/msDesc/physDesc/handDesc/handNote/origDate		
manuscripts	904.xml		/TEI/text/body/listBibl/msDesc/physDesc/bindingDesc/binding/decoNote/origDate		
manuscripts	904.xml		/TEI/text/body/listBibl/msDesc/history/provenance/date		
manuscripts	904.xml		/TEI/text/body/listBibl/msDesc/history/acquisition/date		
manuscripts	905.xml	1000-1100	/TEI/text/body/listBibl/msDesc/physDesc/handDesc/handNote/origDate		
manuscripts	905.xml		/TEI/text/body/listBibl/msDesc/physDesc/bindingDesc/binding/decoNote/origDate		
manuscripts	905.xml		/TEI/text/body/listBibl/msDesc/history/provenance/date		
manuscripts	905.xml		/TEI/text/body/listBibl/msDesc/history/acquisition/date		
manuscripts	906.xml		/TEI/text/body/listBibl/msDesc/physDesc/handDesc/handNote/origDate		
manuscripts	906.xml		/TEI/text/body/listBibl/msDesc/physDesc/bindingDesc/binding/decoNote/origDate		
manuscripts	906.xml		/TEI/text/body/listBibl/msDesc/history/provenance/date		
manuscripts	906.xml		/TEI/text/body/listBibl/msDesc/history/acquisition/date		
manuscripts	907.xml		/TEI/text/body/listBibl/msDesc/physDesc/handDesc/handNote/origDate		
manuscripts	907.xml		/TEI/text/body/listBibl/msDesc/physDesc/bindingDesc/binding/decoNote/origDate		
manuscripts	907.xml		/TEI/text/body/listBibl/msDesc/history/provenance/date		
manuscripts	907.xml		/TEI/text/body/listBibl/msDesc/history/acquisition/date		
manuscripts	908.xml		/TEI/text/body/listBibl/msDesc/physDesc/handDesc/handNote/origDate		
manuscripts	908.xml		/TEI/text/body/listBibl/msDesc/physDesc/bindingDesc/binding/decoNote/origDate		
manuscripts	908.xml		/TEI/text/body/listBibl/msDesc/history/provenance/date		
manuscripts	908.xml		/TEI/text/body/listBibl/msDesc/history/acquisition/date		
manuscripts	909.xml		/TEI/text/body/listBibl/msDesc/physDesc/handDesc/handNote/origDate		
manuscripts	909.xml		/TEI/text/body/listBibl/msDesc/physDesc/bindingDesc/binding/decoNote/origDate		
manuscripts	909.xml		/TEI/text/body/listBibl/msDesc/history/provenance/date		
manuscripts	909.xml		/TEI/text/body/listBibl/msDesc/history/acquisition/date		
manuscripts	91.xml		/TEI/text/body/listBibl/msDesc/physDesc/handDesc/handNote/origDate		
manuscripts	91.xml		/TEI/text/body/listBibl/msDesc/physDesc/bindingDesc/binding/decoNote/origDate		
manuscripts	91.xml		/TEI/text/body/listBibl/msDesc/history/provenance/date		
manuscripts	91.xml		/TEI/text/body/listBibl/msDesc/history/acquisition/date		
manuscripts	910.xml		/TEI/text/body/listBibl/msDesc/physDesc/handDesc/handNote/origDate		
manuscripts	910.xml		/TEI/text/body/listBibl/msDesc/physDesc/bindingDesc/binding/decoNote/origDate		
manuscripts	910.xml		/TEI/text/body/listBibl/msDesc/history/provenance/date		
manuscripts	910.xml		/TEI/text/body/listBibl/msDesc/history/acquisition/date		
manuscripts	911.xml		/TEI/text/body/listBibl/msDesc/physDesc/handDesc/handNote/origDate		
manuscripts	911.xml		/TEI/text/body/listBibl/msDesc/physDesc/bindingDesc/binding/decoNote/origDate		
manuscripts	911.xml		/TEI/text/body/listBibl/msDesc/history/provenance/date		
manuscripts	911.xml		/TEI/text/body/listBibl/msDesc/history/acquisition/date		
manuscripts	912.xml		/TEI/text/body/listBibl/msDesc/physDesc/handDesc/handNote/origDate		
manuscripts	912.xml		/TEI/text/body/listBibl/msDesc/physDesc/bindingDesc/binding/decoNote/origDate		
manuscripts	912.xml		/TEI/text/body/listBibl/msDesc/history/provenance/date		
manuscripts	912.xml		/TEI/text/body/listBibl/msDesc/history/acquisition/date		
manuscripts	913.xml		/TEI/text/body/listBibl/msDesc/physDesc/handDesc/handNote/origDate		
manuscripts	913.xml		/TEI/text/body/listBibl/msDesc/physDesc/bindingDesc/binding/decoNote/origDate		
manuscripts	913.xml		/TEI/text/body/listBibl/msDesc/history/provenance/date		
manuscripts	913.xml		/TEI/text/body/listBibl/msDesc/history/acquisition/date		
manuscripts	914.xml		/TEI/text/body/listBibl/msDesc/physDesc/handDesc/handNote/origDate		
manuscripts	914.xml		/TEI/text/body/listBibl/msDesc/physDesc/bindingDesc/binding/decoNote/origDate		
manuscripts	914.xml		/TEI/text/body/listBibl/msDesc/history/provenance/date		
manuscripts	914.xml		/TEI/text/body/listBibl/msDesc/history/acquisition/date		
manuscripts	915.xml		/TEI/text/body/listBibl/msDesc/physDesc/handDesc/handNote/origDate		
manuscripts	915.xml		/TEI/text/body/listBibl/msDesc/physDesc/bindingDesc/binding/decoNote/origDate		
manuscripts	915.xml		/TEI/text/body/listBibl/msDesc/history/provenance/date		
manuscripts	915.xml		/TEI/text/body/listBibl/msDesc/history/acquisition/date		
manuscripts	916.xml		/TEI/text/body/listBibl/msDesc/physDesc/handDesc/handNote/origDate		
manuscripts	916.xml		/TEI/text/body/listBibl/msDesc/physDesc/bindingDesc/binding/decoNote/origDate		
manuscripts	916.xml		/TEI/text/body/listBibl/msDesc/history/provenance/date		
manuscripts	916.xml		/TEI/text/body/listBibl/msDesc/history/acquisition/date		
manuscripts	917.xml		/TEI/text/body/listBibl/msDesc/physDesc/handDesc/handNote/origDate		
manuscripts	917.xml		/TEI/text/body/listBibl/msDesc/physDesc/bindingDesc/binding/decoNote/origDate		
manuscripts	917.xml		/TEI/text/body/listBibl/msDesc/history/provenance/date		
manuscripts	917.xml		/TEI/text/body/listBibl/msDesc/history/acquisition/date		
manuscripts	918.xml		/TEI/text/body/listBibl/msDesc/physDesc/handDesc/handNote/origDate		
manuscripts	918.xml		/TEI/text/body/listBibl/msDesc/physDesc/bindingDesc/binding/decoNote/origDate		
manuscripts	918.xml		/TEI/text/body/listBibl/msDesc/history/provenance/date		
manuscripts	918.xml		/TEI/text/body/listBibl/msDesc/history/acquisition/date		
manuscripts	919.xml		/TEI/text/body/listBibl/msDesc/physDesc/handDesc/handNote/origDate		
manuscripts	919.xml		/TEI/text/body/listBibl/msDesc/physDesc/bindingDesc/binding/decoNote/origDate		
manuscripts	919.xml		/TEI/text/body/listBibl/msDesc/history/provenance/date		
manuscripts	919.xml		/TEI/text/body/listBibl/msDesc/history/acquisition/date		
manuscripts	92.xml		/TEI/text/body/listBibl/msDesc/physDesc/handDesc/handNote/origDate		
manuscripts	92.xml		/TEI/text/body/listBibl/msDesc/physDesc/bindingDesc/binding/decoNote/origDate		
manuscripts	92.xml		/TEI/text/body/listBibl/msDesc/history/provenance/date		
manuscripts	92.xml		/TEI/text/body/listBibl/msDesc/history/acquisition/date		
manuscripts	920.xml		/TEI/text/body/listBibl/msDesc/physDesc/handDesc/handNote/origDate		
manuscripts	920.xml		/TEI/text/body/listBibl/msDesc/physDesc/bindingDesc/binding/decoNote/origDate		
manuscripts	920.xml		/TEI/text/body/listBibl/msDesc/history/provenance/date		
manuscripts	920.xml		/TEI/text/body/listBibl/msDesc/history/acquisition/date		
manuscripts	921.xml		/TEI/text/body/listBibl/msDesc/physDesc/handDesc/handNote/origDate		
manuscripts	921.xml		/TEI/text/body/listBibl/msDesc/physDesc/bindingDesc/binding/decoNote/origDate		
manuscripts	921.xml		/TEI/text/body/listBibl/msDesc/history/provenance/date		
manuscripts	921.xml		/TEI/text/body/listBibl/msDesc/history/acquisition/date		
manuscripts	922.xml		/TEI/text/body/listBibl/msDesc/physDesc/handDesc/handNote/origDate		
manuscripts	922.xml		/TEI/text/body/listBibl/msDesc/physDesc/bindingDesc/binding/decoNote/origDate		
manuscripts	922.xml		/TEI/text/body/listBibl/msDesc/history/provenance/date		
manuscripts	922.xml		/TEI/text/body/listBibl/msDesc/history/acquisition/date		
manuscripts	923.xml		/TEI/text/body/listBibl/msDesc/physDesc/handDesc/handNote/origDate		
manuscripts	923.xml		/TEI/text/body/listBibl/msDesc/physDesc/bindingDesc/binding/decoNote/origDate		
manuscripts	923.xml		/TEI/text/body/listBibl/msDesc/history/provenance/date		
manuscripts	923.xml		/TEI/text/body/listBibl/msDesc/history/acquisition/date		
manuscripts	924.xml		/TEI/text/body/listBibl/msDesc/physDesc/handDesc/handNote/origDate		
manuscripts	924.xml		/TEI/text/body/listBibl/msDesc/physDesc/bindingDesc/binding/decoNote/origDate		
manuscripts	924.xml		/TEI/text/body/listBibl/msDesc/history/provenance/date		
manuscripts	924.xml		/TEI/text/body/listBibl/msDesc/history/acquisition/date		
manuscripts	925.xml		/TEI/text/body/listBibl/msDesc/physDesc/handDesc/handNote/origDate		
manuscripts	925.xml		/TEI/text/body/listBibl/msDesc/physDesc/bindingDesc/binding/decoNote/origDate		
manuscripts	925.xml		/TEI/text/body/listBibl/msDesc/history/provenance/date		
manuscripts	925.xml		/TEI/text/body/listBibl/msDesc/history/acquisition/date		
manuscripts	926.xml		/TEI/text/body/listBibl/msDesc/physDesc/handDesc/handNote/origDate		
manuscripts	926.xml		/TEI/text/body/listBibl/msDesc/physDesc/bindingDesc/binding/decoNote/origDate		
manuscripts	926.xml		/TEI/text/body/listBibl/msDesc/history/provenance/date		
manuscripts	926.xml		/TEI/text/body/listBibl/msDesc/history/acquisition/date		
manuscripts	927.xml		/TEI/text/body/listBibl/msDesc/physDesc/handDesc/handNote/origDate		
manuscripts	927.xml		/TEI/text/body/listBibl/msDesc/physDesc/bindingDesc/binding/decoNote/origDate		
manuscripts	927.xml		/TEI/text/body/listBibl/msDesc/history/provenance/date		
manuscripts	927.xml		/TEI/text/body/listBibl/msDesc/history/acquisition/date		
manuscripts	928.xml		/TEI/text/body/listBibl/msDesc/physDesc/handDesc/handNote/origDate		
manuscripts	928.xml		/TEI/text/body/listBibl/msDesc/physDesc/bindingDesc/binding/decoNote/origDate		
manuscripts	928.xml		/TEI/text/body/listBibl/msDesc/history/provenance/date		
manuscripts	928.xml		/TEI/text/body/listBibl/msDesc/history/acquisition/date		
manuscripts	929.xml		/TEI/text/body/listBibl/msDesc/physDesc/handDesc/handNote/origDate		
manuscripts	929.xml		/TEI/text/body/listBibl/msDesc/physDesc/bindingDesc/binding/decoNote/origDate		
manuscripts	929.xml		/TEI/text/body/listBibl/msDesc/history/provenance/date		
manuscripts	929.xml		/TEI/text/body/listBibl/msDesc/history/acquisition/date		
manuscripts	93.xml		/TEI/text/body/listBibl/msDesc/physDesc/handDesc/handNote/origDate		
manuscripts	93.xml		/TEI/text/body/listBibl/msDesc/physDesc/bindingDesc/binding/decoNote/origDate		
manuscripts	93.xml		/TEI/text/body/listBibl/msDesc/history/provenance/date		
manuscripts	93.xml		/TEI/text/body/listBibl/msDesc/history/acquisition/date		
manuscripts	930.xml		/TEI/text/body/listBibl/msDesc/physDesc/handDesc/handNote/origDate		
manuscripts	930.xml		/TEI/text/body/listBibl/msDesc/physDesc/bindingDesc/binding/decoNote/origDate		
manuscripts	930.xml		/TEI/text/body/listBibl/msDesc/history/provenance/date		
manuscripts	930.xml		/TEI/text/body/listBibl/msDesc/history/acquisition/date		
manuscripts	931.xml		/TEI/text/body/listBibl/msDesc/physDesc/handDesc/handNote/origDate		
manuscripts	931.xml		/TEI/text/body/listBibl/msDesc/physDesc/bindingDesc/binding/decoNote/origDate		
manuscripts	931.xml		/TEI/text/body/listBibl/msDesc/history/provenance/date		
manuscripts	931.xml		/TEI/text/body/listBibl/msDesc/history/acquisition/date		
manuscripts	932.xml		/TEI/text/body/listBibl/msDesc/physDesc/handDesc/handNote/origDate		
manuscripts	932.xml		/TEI/text/body/listBibl/msDesc/physDesc/bindingDesc/binding/decoNote/origDate		
manuscripts	932.xml		/TEI/text/body/listBibl/msDesc/history/provenance/date		
manuscripts	932.xml		/TEI/text/body/listBibl/msDesc/history/acquisition/date		
manuscripts	933.xml		/TEI/text/body/listBibl/msDesc/physDesc/handDesc/handNote/origDate		
manuscripts	933.xml		/TEI/text/body/listBibl/msDesc/physDesc/bindingDesc/binding/decoNote/origDate		
manuscripts	933.xml		/TEI/text/body/listBibl/msDesc/history/provenance/date		
manuscripts	933.xml		/TEI/text/body/listBibl/msDesc/history/acquisition/date		
manuscripts	934.xml		/TEI/text/body/listBibl/msDesc/physDesc/handDesc/handNote/origDate		
manuscripts	934.xml		/TEI/text/body/listBibl/msDesc/physDesc/bindingDesc/binding/decoNote/origDate		
manuscripts	934.xml		/TEI/text/body/listBibl/msDesc/history/provenance/date		
manuscripts	934.xml		/TEI/text/body/listBibl/msDesc/history/acquisition/date		
manuscripts	935.xml		/TEI/text/body/listBibl/msDesc/physDesc/handDesc/handNote/origDate		
manuscripts	935.xml		/TEI/text/body/listBibl/msDesc/physDesc/bindingDesc/binding/decoNote/origDate		
manuscripts	935.xml		/TEI/text/body/listBibl/msDesc/history/provenance/date		
manuscripts	935.xml		/TEI/text/body/listBibl/msDesc/history/acquisition/date		
manuscripts	936.xml		/TEI/text/body/listBibl/msDesc/physDesc/handDesc/handNote/origDate		
manuscripts	936.xml		/TEI/text/body/listBibl/msDesc/physDesc/bindingDesc/binding/decoNote/origDate		
manuscripts	936.xml		/TEI/text/body/listBibl/msDesc/history/provenance/date		
manuscripts	936.xml		/TEI/text/body/listBibl/msDesc/history/acquisition/date		
manuscripts	937.xml		/TEI/text/body/listBibl/msDesc/physDesc/handDesc/handNote/origDate		
manuscripts	937.xml		/TEI/text/body/listBibl/msDesc/physDesc/bindingDesc/binding/decoNote/origDate		
manuscripts	937.xml		/TEI/text/body/listBibl/msDesc/history/provenance/date		
manuscripts	937.xml		/TEI/text/body/listBibl/msDesc/history/acquisition/date		
manuscripts	938.xml		/TEI/text/body/listBibl/msDesc/physDesc/handDesc/handNote/origDate		
manuscripts	938.xml		/TEI/text/body/listBibl/msDesc/physDesc/bindingDesc/binding/decoNote/origDate		
manuscripts	938.xml		/TEI/text/body/listBibl/msDesc/history/provenance/date		
manuscripts	938.xml		/TEI/text/body/listBibl/msDesc/history/acquisition/date		
manuscripts	939.xml		/TEI/text/body/listBibl/msDesc/physDesc/handDesc/handNote/origDate		
manuscripts	939.xml		/TEI/text/body/listBibl/msDesc/physDesc/bindingDesc/binding/decoNote/origDate		
manuscripts	939.xml		/TEI/text/body/listBibl/msDesc/history/provenance/date		
manuscripts	939.xml		/TEI/text/body/listBibl/msDesc/history/acquisition/date		
manuscripts	94.xml		/TEI/text/body/listBibl/msDesc/physDesc/handDesc/handNote/origDate		
manuscripts	94.xml		/TEI/text/body/listBibl/msDesc/physDesc/bindingDesc/binding/decoNote/origDate		
manuscripts	94.xml		/TEI/text/body/listBibl/msDesc/history/provenance/date		
manuscripts	94.xml		/TEI/text/body/listBibl/msDesc/history/acquisition/date		
manuscripts	940.xml		/TEI/text/body/listBibl/msDesc/physDesc/handDesc/handNote/origDate		
manuscripts	940.xml		/TEI/text/body/listBibl/msDesc/physDesc/bindingDesc/binding/decoNote/origDate		
manuscripts	940.xml		/TEI/text/body/listBibl/msDesc/history/provenance/date		
manuscripts	940.xml		/TEI/text/body/listBibl/msDesc/history/acquisition/date		
manuscripts	941.xml		/TEI/text/body/listBibl/msDesc/physDesc/handDesc/handNote/origDate		
manuscripts	941.xml		/TEI/text/body/listBibl/msDesc/physDesc/bindingDesc/binding/decoNote/origDate		
manuscripts	941.xml		/TEI/text/body/listBibl/msDesc/history/provenance/date		
manuscripts	941.xml		/TEI/text/body/listBibl/msDesc/history/acquisition/date		
manuscripts	942.xml		/TEI/text/body/listBibl/msDesc/physDesc/handDesc/handNote/origDate		
manuscripts	942.xml		/TEI/text/body/listBibl/msDesc/physDesc/bindingDesc/binding/decoNote/origDate		
manuscripts	942.xml		/TEI/text/body/listBibl/msDesc/history/provenance/date		
manuscripts	942.xml		/TEI/text/body/listBibl/msDesc/history/acquisition/date		
manuscripts	943.xml		/TEI/text/body/listBibl/msDesc/physDesc/handDesc/handNote/origDate		
manuscripts	943.xml		/TEI/text/body/listBibl/msDesc/physDesc/bindingDesc/binding/decoNote/origDate		
manuscripts	943.xml		/TEI/text/body/listBibl/msDesc/history/provenance/date		
manuscripts	943.xml		/TEI/text/body/listBibl/msDesc/history/acquisition/date		
manuscripts	944.xml		/TEI/text/body/listBibl/msDesc/physDesc/handDesc/handNote/origDate		
manuscripts	944.xml		/TEI/text/body/listBibl/msDesc/physDesc/bindingDesc/binding/decoNote/origDate		
manuscripts	944.xml		/TEI/text/body/listBibl/msDesc/history/provenance/date		
manuscripts	944.xml		/TEI/text/body/listBibl/msDesc/history/acquisition/date		
manuscripts	945.xml		/TEI/text/body/listBibl/msDesc/physDesc/handDesc/handNote/origDate		
manuscripts	945.xml		/TEI/text/body/listBibl/msDesc/physDesc/bindingDesc/binding/decoNote/origDate		
manuscripts	945.xml		/TEI/text/body/listBibl/msDesc/history/provenance/date		
manuscripts	945.xml		/TEI/text/body/listBibl/msDesc/history/acquisition/date		
manuscripts	946.xml	1000-1100	/TEI/text/body/listBibl/msDesc/physDesc/handDesc/handNote/origDate		
manuscripts	946.xml		/TEI/text/body/listBibl/msDesc/physDesc/bindingDesc/binding/decoNote/origDate		
manuscripts	946.xml		/TEI/text/body/listBibl/msDesc/history/provenance/date		
manuscripts	946.xml		/TEI/text/body/listBibl/msDesc/history/acquisition/date		
manuscripts	947.xml		/TEI/text/body/listBibl/msDesc/physDesc/handDesc/handNote/origDate		
manuscripts	947.xml		/TEI/text/body/listBibl/msDesc/physDesc/bindingDesc/binding/decoNote/origDate		
manuscripts	947.xml		/TEI/text/body/listBibl/msDesc/history/provenance/date		
manuscripts	947.xml		/TEI/text/body/listBibl/msDesc/history/acquisition/date		
manuscripts	948.xml		/TEI/text/body/listBibl/msDesc/physDesc/handDesc/handNote/origDate		
manuscripts	948.xml		/TEI/text/body/listBibl/msDesc/physDesc/bindingDesc/binding/decoNote/origDate		
manuscripts	948.xml		/TEI/text/body/listBibl/msDesc/history/provenance/date		
manuscripts	948.xml		/TEI/text/body/listBibl/msDesc/history/acquisition/date		
manuscripts	949.xml		/TEI/text/body/listBibl/msDesc/physDesc/handDesc/handNote/origDate		
manuscripts	949.xml		/TEI/text/body/listBibl/msDesc/physDesc/bindingDesc/binding/decoNote/origDate		
manuscripts	949.xml		/TEI/text/body/listBibl/msDesc/history/provenance/date		
manuscripts	949.xml		/TEI/text/body/listBibl/msDesc/history/acquisition/date		
manuscripts	95.xml		/TEI/text/body/listBibl/msDesc/physDesc/handDesc/handNote/origDate		
manuscripts	95.xml		/TEI/text/body/listBibl/msDesc/physDesc/bindingDesc/binding/decoNote/origDate		
manuscripts	95.xml		/TEI/text/body/listBibl/msDesc/history/provenance/date		
manuscripts	95.xml		/TEI/text/body/listBibl/msDesc/history/acquisition/date		
manuscripts	950.xml		/TEI/text/body/listBibl/msDesc/physDesc/handDesc/handNote/origDate		
manuscripts	950.xml		/TEI/text/body/listBibl/msDesc/physDesc/bindingDesc/binding/decoNote/origDate		
manuscripts	950.xml		/TEI/text/body/listBibl/msDesc/history/provenance/date		
manuscripts	950.xml		/TEI/text/body/listBibl/msDesc/history/acquisition/date		
manuscripts	951.xml		/TEI/text/body/listBibl/msDesc/physDesc/handDesc/handNote/origDate		
manuscripts	951.xml		/TEI/text/body/listBibl/msDesc/physDesc/bindingDesc/binding/decoNote/origDate		
manuscripts	951.xml		/TEI/text/body/listBibl/msDesc/history/provenance/date		
manuscripts	951.xml		/TEI/text/body/listBibl/msDesc/history/acquisition/date		
manuscripts	952.xml		/TEI/text/body/listBibl/msDesc/physDesc/handDesc/handNote/origDate		
manuscripts	952.xml		/TEI/text/body/listBibl/msDesc/physDesc/bindingDesc/binding/decoNote/origDate		
manuscripts	952.xml		/TEI/text/body/listBibl/msDesc/history/provenance/date		
manuscripts	952.xml		/TEI/text/body/listBibl/msDesc/history/acquisition/date		
manuscripts	953.xml		/TEI/text/body/listBibl/msDesc/physDesc/handDesc/handNote/origDate		
manuscripts	953.xml		/TEI/text/body/listBibl/msDesc/physDesc/bindingDesc/binding/decoNote/origDate		
manuscripts	953.xml		/TEI/text/body/listBibl/msDesc/history/provenance/date		
manuscripts	953.xml		/TEI/text/body/listBibl/msDesc/history/acquisition/date		
manuscripts	954.xml		/TEI/text/body/listBibl/msDesc/physDesc/handDesc/handNote/origDate		
manuscripts	954.xml		/TEI/text/body/listBibl/msDesc/physDesc/bindingDesc/binding/decoNote/origDate		
manuscripts	954.xml		/TEI/text/body/listBibl/msDesc/history/provenance/date		
manuscripts	954.xml		/TEI/text/body/listBibl/msDesc/history/acquisition/date		
manuscripts	955.xml		/TEI/text/body/listBibl/msDesc/physDesc/handDesc/handNote/origDate		
manuscripts	955.xml		/TEI/text/body/listBibl/msDesc/physDesc/bindingDesc/binding/decoNote/origDate		
manuscripts	955.xml		/TEI/text/body/listBibl/msDesc/history/provenance/date		
manuscripts	955.xml		/TEI/text/body/listBibl/msDesc/history/acquisition/date		
manuscripts	956.xml		/TEI/text/body/listBibl/msDesc/physDesc/handDesc/handNote/origDate		
manuscripts	956.xml		/TEI/text/body/listBibl/msDesc/physDesc/bindingDesc/binding/decoNote/origDate		
manuscripts	956.xml		/TEI/text/body/listBibl/msDesc/history/provenance/date		
manuscripts	956.xml		/TEI/text/body/listBibl/msDesc/history/acquisition/date		
manuscripts	957.xml		/TEI/text/body/listBibl/msDesc/physDesc/handDesc/handNote/origDate		
manuscripts	957.xml		/TEI/text/body/listBibl/msDesc/physDesc/bindingDesc/binding/decoNote/origDate		
manuscripts	957.xml		/TEI/text/body/listBibl/msDesc/history/provenance/date		
manuscripts	957.xml		/TEI/text/body/listBibl/msDesc/history/acquisition/date		
manuscripts	958.xml		/TEI/text/body/listBibl/msDesc/physDesc/handDesc/handNote/origDate		
manuscripts	958.xml		/TEI/text/body/listBibl/msDesc/physDesc/bindingDesc/binding/decoNote/origDate		
manuscripts	958.xml		/TEI/text/body/listBibl/msDesc/history/provenance/date		
manuscripts	958.xml		/TEI/text/body/listBibl/msDesc/history/acquisition/date		
manuscripts	959.xml		/TEI/text/body/listBibl/msDesc/physDesc/handDesc/handNote/origDate		
manuscripts	959.xml		/TEI/text/body/listBibl/msDesc/physDesc/bindingDesc/binding/decoNote/origDate		
manuscripts	959.xml		/TEI/text/body/listBibl/msDesc/history/provenance/date		
manuscripts	959.xml		/TEI/text/body/listBibl/msDesc/history/acquisition/date		
manuscripts	96.xml		/TEI/text/body/listBibl/msDesc/physDesc/handDesc/handNote/origDate		
manuscripts	96.xml		/TEI/text/body/listBibl/msDesc/physDesc/bindingDesc/binding/decoNote/origDate		
manuscripts	96.xml		/TEI/text/body/listBibl/msDesc/history/provenance/date		
manuscripts	96.xml		/TEI/text/body/listBibl/msDesc/history/acquisition/date		
manuscripts	960.xml		/TEI/text/body/listBibl/msDesc/physDesc/handDesc/handNote/origDate		
manuscripts	960.xml		/TEI/text/body/listBibl/msDesc/physDesc/bindingDesc/binding/decoNote/origDate		
manuscripts	960.xml		/TEI/text/body/listBibl/msDesc/history/provenance/date		
manuscripts	960.xml		/TEI/text/body/listBibl/msDesc/history/acquisition/date		
manuscripts	961.xml		/TEI/text/body/listBibl/msDesc/physDesc/handDesc/handNote/origDate		
manuscripts	961.xml		/TEI/text/body/listBibl/msDesc/physDesc/bindingDesc/binding/decoNote/origDate		
manuscripts	961.xml		/TEI/text/body/listBibl/msDesc/history/provenance/date		
manuscripts	961.xml		/TEI/text/body/listBibl/msDesc/history/acquisition/date		
manuscripts	962.xml		/TEI/text/body/listBibl/msDesc/physDesc/handDesc/handNote/origDate		
manuscripts	962.xml		/TEI/text/body/listBibl/msDesc/physDesc/bindingDesc/binding/decoNote/origDate		
manuscripts	962.xml		/TEI/text/body/listBibl/msDesc/history/provenance/date		
manuscripts	962.xml		/TEI/text/body/listBibl/msDesc/history/acquisition/date		
manuscripts	963.xml		/TEI/text/body/listBibl/msDesc/physDesc/handDesc/handNote/origDate		
manuscripts	963.xml		/TEI/text/body/listBibl/msDesc/physDesc/bindingDesc/binding/decoNote/origDate		
manuscripts	963.xml		/TEI/text/body/listBibl/msDesc/history/provenance/date		
manuscripts	963.xml		/TEI/text/body/listBibl/msDesc/history/acquisition/date		
manuscripts	964.xml		/TEI/text/body/listBibl/msDesc/physDesc/handDesc/handNote/origDate		
manuscripts	964.xml		/TEI/text/body/listBibl/msDesc/physDesc/bindingDesc/binding/decoNote/origDate		
manuscripts	964.xml		/TEI/text/body/listBibl/msDesc/history/provenance/date		
manuscripts	964.xml		/TEI/text/body/listBibl/msDesc/history/acquisition/date		
manuscripts	965.xml		/TEI/text/body/listBibl/msDesc/physDesc/handDesc/handNote/origDate		
manuscripts	965.xml		/TEI/text/body/listBibl/msDesc/physDesc/bindingDesc/binding/decoNote/origDate		
manuscripts	965.xml		/TEI/text/body/listBibl/msDesc/history/provenance/date		
manuscripts	965.xml		/TEI/text/body/listBibl/msDesc/history/acquisition/date		
manuscripts	966.xml	1000-1100	/TEI/text/body/listBibl/msDesc/physDesc/handDesc/handNote/origDate		
manuscripts	966.xml		/TEI/text/body/listBibl/msDesc/physDesc/bindingDesc/binding/decoNote/origDate		
manuscripts	966.xml		/TEI/text/body/listBibl/msDesc/history/provenance/date		
manuscripts	966.xml		/TEI/text/body/listBibl/msDesc/history/acquisition/date		
manuscripts	967.xml	1100-1300?	/TEI/text/body/listBibl/msDesc/physDesc/handDesc/handNote/origDate		
manuscripts	967.xml		/TEI/text/body/listBibl/msDesc/physDesc/bindingDesc/binding/decoNote/origDate		
manuscripts	967.xml		/TEI/text/body/listBibl/msDesc/history/provenance/date		
manuscripts	967.xml		/TEI/text/body/listBibl/msDesc/history/acquisition/date		
manuscripts	968.xml	1200-1300	/TEI/text/body/listBibl/msDesc/physDesc/handDesc/handNote/origDate		
manuscripts	968.xml		/TEI/text/body/listBibl/msDesc/physDesc/bindingDesc/binding/decoNote/origDate		
manuscripts	968.xml		/TEI/text/body/listBibl/msDesc/history/provenance/date		
manuscripts	968.xml		/TEI/text/body/listBibl/msDesc/history/acquisition/date		
manuscripts	969.xml		/TEI/text/body/listBibl/msDesc/physDesc/handDesc/handNote/origDate		
manuscripts	969.xml		/TEI/text/body/listBibl/msDesc/physDesc/bindingDesc/binding/decoNote/origDate		
manuscripts	969.xml		/TEI/text/body/listBibl/msDesc/history/provenance/date		
manuscripts	969.xml		/TEI/text/body/listBibl/msDesc/history/acquisition/date		
manuscripts	97.xml		/TEI/text/body/listBibl/msDesc/physDesc/handDesc/handNote/origDate		
manuscripts	97.xml		/TEI/text/body/listBibl/msDesc/physDesc/bindingDesc/binding/decoNote/origDate		
manuscripts	97.xml		/TEI/text/body/listBibl/msDesc/history/provenance/date		
manuscripts	97.xml		/TEI/text/body/listBibl/msDesc/history/acquisition/date		
manuscripts	970.xml	1200-1300	/TEI/text/body/listBibl/msDesc/physDesc/handDesc/handNote/origDate		
manuscripts	970.xml		/TEI/text/body/listBibl/msDesc/physDesc/bindingDesc/binding/decoNote/origDate		
manuscripts	970.xml		/TEI/text/body/listBibl/msDesc/history/provenance/date		
manuscripts	970.xml		/TEI/text/body/listBibl/msDesc/history/acquisition/date		
manuscripts	971.xml		/TEI/text/body/listBibl/msDesc/physDesc/handDesc/handNote/origDate		
manuscripts	971.xml		/TEI/text/body/listBibl/msDesc/physDesc/bindingDesc/binding/decoNote/origDate		
manuscripts	971.xml		/TEI/text/body/listBibl/msDesc/history/provenance/date		
manuscripts	971.xml		/TEI/text/body/listBibl/msDesc/history/acquisition/date		
manuscripts	972.xml	1000-1200?	/TEI/text/body/listBibl/msDesc/physDesc/handDesc/handNote/origDate		
manuscripts	972.xml		/TEI/text/body/listBibl/msDesc/physDesc/bindingDesc/binding/decoNote/origDate		
manuscripts	972.xml		/TEI/text/body/listBibl/msDesc/history/provenance/date		
manuscripts	972.xml		/TEI/text/body/listBibl/msDesc/history/acquisition/date		
manuscripts	973.xml		/TEI/text/body/listBibl/msDesc/physDesc/handDesc/handNote/origDate		
manuscripts	973.xml		/TEI/text/body/listBibl/msDesc/physDesc/bindingDesc/binding/decoNote/origDate		
manuscripts	973.xml		/TEI/text/body/listBibl/msDesc/history/provenance/date		
manuscripts	973.xml		/TEI/text/body/listBibl/msDesc/history/acquisition/date		
manuscripts	974.xml		/TEI/text/body/listBibl/msDesc/physDesc/handDesc/handNote/origDate		
manuscripts	974.xml		/TEI/text/body/listBibl/msDesc/physDesc/bindingDesc/binding/decoNote/origDate		
manuscripts	974.xml		/TEI/text/body/listBibl/msDesc/history/provenance/date		
manuscripts	974.xml		/TEI/text/body/listBibl/msDesc/history/acquisition/date		
manuscripts	975.xml	1000-1200?	/TEI/text/body/listBibl/msDesc/physDesc/handDesc/handNote/origDate		
manuscripts	975.xml		/TEI/text/body/listBibl/msDesc/physDesc/bindingDesc/binding/decoNote/origDate		
manuscripts	975.xml		/TEI/text/body/listBibl/msDesc/history/provenance/date		
manuscripts	975.xml		/TEI/text/body/listBibl/msDesc/history/acquisition/date		
manuscripts	976.xml		/TEI/text/body/listBibl/msDesc/physDesc/handDesc/handNote/origDate		
manuscripts	976.xml		/TEI/text/body/listBibl/msDesc/physDesc/bindingDesc/binding/decoNote/origDate		
manuscripts	976.xml		/TEI/text/body/listBibl/msDesc/history/provenance/date		
manuscripts	976.xml		/TEI/text/body/listBibl/msDesc/history/acquisition/date		
manuscripts	977.xml		/TEI/text/body/listBibl/msDesc/physDesc/handDesc/handNote/origDate		
manuscripts	977.xml		/TEI/text/body/listBibl/msDesc/physDesc/bindingDesc/binding/decoNote/origDate		
manuscripts	977.xml		/TEI/text/body/listBibl/msDesc/history/provenance/date		
manuscripts	977.xml		/TEI/text/body/listBibl/msDesc/history/acquisition/date		
manuscripts	978.xml		/TEI/text/body/listBibl/msDesc/physDesc/handDesc/handNote/origDate		
manuscripts	978.xml		/TEI/text/body/listBibl/msDesc/physDesc/bindingDesc/binding/decoNote/origDate		
manuscripts	978.xml		/TEI/text/body/listBibl/msDesc/history/provenance/date		
manuscripts	978.xml		/TEI/text/body/listBibl/msDesc/history/acquisition/date		
manuscripts	979.xml		/TEI/text/body/listBibl/msDesc/physDesc/handDesc/handNote/origDate		
manuscripts	979.xml		/TEI/text/body/listBibl/msDesc/physDesc/bindingDesc/binding/decoNote/origDate		
manuscripts	979.xml		/TEI/text/body/listBibl/msDesc/history/provenance/date		
manuscripts	979.xml		/TEI/text/body/listBibl/msDesc/history/acquisition/date		
manuscripts	98.xml		/TEI/text/body/listBibl/msDesc/physDesc/handDesc/handNote/origDate		
manuscripts	98.xml		/TEI/text/body/listBibl/msDesc/physDesc/bindingDesc/binding/decoNote/origDate		
manuscripts	98.xml		/TEI/text/body/listBibl/msDesc/history/provenance/date		
manuscripts	98.xml		/TEI/text/body/listBibl/msDesc/history/acquisition/date		
manuscripts	980.xml		/TEI/text/body/listBibl/msDesc/physDesc/handDesc/handNote/origDate		
manuscripts	980.xml		/TEI/text/body/listBibl/msDesc/physDesc/bindingDesc/binding/decoNote/origDate		
manuscripts	980.xml		/TEI/text/body/listBibl/msDesc/history/provenance/date		
manuscripts	980.xml		/TEI/text/body/listBibl/msDesc/history/acquisition/date		
manuscripts	981.xml		/TEI/text/body/listBibl/msDesc/physDesc/handDesc/handNote/origDate		
manuscripts	981.xml		/TEI/text/body/listBibl/msDesc/physDesc/bindingDesc/binding/decoNote/origDate		
manuscripts	981.xml		/TEI/text/body/listBibl/msDesc/history/provenance/date		
manuscripts	981.xml		/TEI/text/body/listBibl/msDesc/history/acquisition/date		
manuscripts	982.xml		/TEI/text/body/listBibl/msDesc/physDesc/handDesc/handNote/origDate		
manuscripts	982.xml		/TEI/text/body/listBibl/msDesc/physDesc/bindingDesc/binding/decoNote/origDate		
manuscripts	982.xml		/TEI/text/body/listBibl/msDesc/history/provenance/date		
manuscripts	982.xml		/TEI/text/body/listBibl/msDesc/history/acquisition/date		
manuscripts	983.xml		/TEI/text/body/listBibl/msDesc/physDesc/handDesc/handNote/origDate		
manuscripts	983.xml		/TEI/text/body/listBibl/msDesc/physDesc/bindingDesc/binding/decoNote/origDate		
manuscripts	983.xml		/TEI/text/body/listBibl/msDesc/history/provenance/date		
manuscripts	983.xml		/TEI/text/body/listBibl/msDesc/history/acquisition/date		
manuscripts	984.xml		/TEI/text/body/listBibl/msDesc/physDesc/handDesc/handNote/origDate		
manuscripts	984.xml		/TEI/text/body/listBibl/msDesc/physDesc/bindingDesc/binding/decoNote/origDate		
manuscripts	984.xml		/TEI/text/body/listBibl/msDesc/history/provenance/date		
manuscripts	984.xml		/TEI/text/body/listBibl/msDesc/history/acquisition/date		
manuscripts	985.xml	1000-1100	/TEI/text/body/listBibl/msDesc/physDesc/handDesc/handNote/origDate		
manuscripts	985.xml		/TEI/text/body/listBibl/msDesc/physDesc/bindingDesc/binding/decoNote/origDate		
manuscripts	985.xml		/TEI/text/body/listBibl/msDesc/history/provenance/date		
manuscripts	985.xml		/TEI/text/body/listBibl/msDesc/history/acquisition/date		
manuscripts	986.xml	1000-1100	/TEI/text/body/listBibl/msDesc/physDesc/handDesc/handNote/origDate		
manuscripts	986.xml		/TEI/text/body/listBibl/msDesc/physDesc/bindingDesc/binding/decoNote/origDate		
manuscripts	986.xml		/TEI/text/body/listBibl/msDesc/history/provenance/date		
manuscripts	986.xml		/TEI/text/body/listBibl/msDesc/history/acquisition/date		
manuscripts	987.xml	1000-1100	/TEI/text/body/listBibl/msDesc/physDesc/handDesc/handNote/origDate		
manuscripts	987.xml		/TEI/text/body/listBibl/msDesc/physDesc/bindingDesc/binding/decoNote/origDate		
manuscripts	987.xml		/TEI/text/body/listBibl/msDesc/history/provenance/date		
manuscripts	987.xml		/TEI/text/body/listBibl/msDesc/history/acquisition/date		
manuscripts	988.xml	1118	/TEI/text/body/listBibl/msDesc/physDesc/handDesc/handNote/origDate		
manuscripts	988.xml		/TEI/text/body/listBibl/msDesc/physDesc/bindingDesc/binding/decoNote/origDate		
manuscripts	988.xml		/TEI/text/body/listBibl/msDesc/history/provenance/date		
manuscripts	988.xml		/TEI/text/body/listBibl/msDesc/history/acquisition/date		
manuscripts	989.xml	1000-1100	/TEI/text/body/listBibl/msDesc/physDesc/handDesc/handNote/origDate		
manuscripts	989.xml		/TEI/text/body/listBibl/msDesc/physDesc/bindingDesc/binding/decoNote/origDate		
manuscripts	989.xml		/TEI/text/body/listBibl/msDesc/history/provenance/date		
manuscripts	989.xml		/TEI/text/body/listBibl/msDesc/history/acquisition/date		
manuscripts	99.xml		/TEI/text/body/listBibl/msDesc/physDesc/handDesc/handNote/origDate		
manuscripts	99.xml		/TEI/text/body/listBibl/msDesc/physDesc/bindingDesc/binding/decoNote/origDate		
manuscripts	99.xml		/TEI/text/body/listBibl/msDesc/history/provenance/date		
manuscripts	99.xml		/TEI/text/body/listBibl/msDesc/history/acquisition/date		
manuscripts	990.xml	1000-1100	/TEI/text/body/listBibl/msDesc/physDesc/handDesc/handNote/origDate		
manuscripts	990.xml		/TEI/text/body/listBibl/msDesc/physDesc/bindingDesc/binding/decoNote/origDate		
manuscripts	990.xml		/TEI/text/body/listBibl/msDesc/history/provenance/date		
manuscripts	990.xml		/TEI/text/body/listBibl/msDesc/history/acquisition/date		
manuscripts	991.xml	1000-1100	/TEI/text/body/listBibl/msDesc/physDesc/handDesc/handNote/origDate		
manuscripts	991.xml		/TEI/text/body/listBibl/msDesc/physDesc/bindingDesc/binding/decoNote/origDate		
manuscripts	991.xml		/TEI/text/body/listBibl/msDesc/history/provenance/date		
manuscripts	991.xml		/TEI/text/body/listBibl/msDesc/history/acquisition/date		
manuscripts	992.xml	1000-1100	/TEI/text/body/listBibl/msDesc/physDesc/handDesc/handNote/origDate		
manuscripts	992.xml		/TEI/text/body/listBibl/msDesc/physDesc/bindingDesc/binding/decoNote/origDate		
manuscripts	992.xml		/TEI/text/body/listBibl/msDesc/history/provenance/date		
manuscripts	992.xml		/TEI/text/body/listBibl/msDesc/history/acquisition/date		
manuscripts	993.xml	1000-1200?	/TEI/text/body/listBibl/msDesc/physDesc/handDesc/handNote/origDate		
manuscripts	993.xml		/TEI/text/body/listBibl/msDesc/physDesc/bindingDesc/binding/decoNote/origDate		
manuscripts	993.xml		/TEI/text/body/listBibl/msDesc/history/provenance/date		
manuscripts	993.xml		/TEI/text/body/listBibl/msDesc/history/acquisition/date		
manuscripts	994.xml		/TEI/text/body/listBibl/msDesc/physDesc/handDesc/handNote/origDate		
manuscripts	994.xml		/TEI/text/body/listBibl/msDesc/physDesc/bindingDesc/binding/decoNote/origDate		
manuscripts	994.xml		/TEI/text/body/listBibl/msDesc/history/provenance/date		
manuscripts	994.xml		/TEI/text/body/listBibl/msDesc/history/acquisition/date		
manuscripts	995.xml		/TEI/text/body/listBibl/msDesc/physDesc/handDesc/handNote/origDate		
manuscripts	995.xml		/TEI/text/body/listBibl/msDesc/physDesc/bindingDesc/binding/decoNote/origDate		
manuscripts	995.xml		/TEI/text/body/listBibl/msDesc/history/provenance/date		
manuscripts	995.xml		/TEI/text/body/listBibl/msDesc/history/acquisition/date		
manuscripts	996.xml	900-1000	/TEI/text/body/listBibl/msDesc/physDesc/handDesc/handNote/origDate		
manuscripts	996.xml		/TEI/text/body/listBibl/msDesc/physDesc/bindingDesc/binding/decoNote/origDate		
manuscripts	996.xml		/TEI/text/body/listBibl/msDesc/history/provenance/date		
manuscripts	996.xml		/TEI/text/body/listBibl/msDesc/history/acquisition/date		
manuscripts	997.xml		/TEI/text/body/listBibl/msDesc/physDesc/handDesc/handNote/origDate		
manuscripts	997.xml		/TEI/text/body/listBibl/msDesc/physDesc/bindingDesc/binding/decoNote/origDate		
manuscripts	997.xml		/TEI/text/body/listBibl/msDesc/history/provenance/date		
manuscripts	997.xml		/TEI/text/body/listBibl/msDesc/history/acquisition/date		
manuscripts	998.xml		/TEI/text/body/listBibl/msDesc/physDesc/handDesc/handNote/origDate		
manuscripts	998.xml		/TEI/text/body/listBibl/msDesc/physDesc/bindingDesc/binding/decoNote/origDate		
manuscripts	998.xml		/TEI/text/body/listBibl/msDesc/history/provenance/date		
manuscripts	998.xml		/TEI/text/body/listBibl/msDesc/history/acquisition/date		
manuscripts	999.xml		/TEI/text/body/listBibl/msDesc/physDesc/handDesc/handNote/origDate		
manuscripts	999.xml		/TEI/text/body/listBibl/msDesc/physDesc/bindingDesc/binding/decoNote/origDate		
manuscripts	999.xml		/TEI/text/body/listBibl/msDesc/history/provenance/date		
manuscripts	999.xml		/TEI/text/body/listBibl/msDesc/history/acquisition/date		
persons	1.xml	870	/TEI/text/body/listPerson/person/birth/date	cert; source	; #
persons	1.xml	910	/TEI/text/body/listPerson/person/death/date	cert; source	; #
persons	1.xml		/TEI/text/body/listPerson/person/floruit/date	cert	
persons	10.xml		/TEI/text/body/listPerson/person/birth/date	cert	
persons	10.xml		/TEI/text/body/listPerson/person/death/date	cert	
persons	10.xml	1001-1040	/TEI/text/body/listPerson/person/floruit/date	cert	
persons	11.xml	1001-1010	/TEI/text/body/listPerson/person/birth/date		
persons	11.xml	1070–1099	/TEI/text/body/listPerson/person/death/date		
persons	11.xml	1041-1060	/TEI/text/body/listPerson/person/floruit/date	cert	
persons	12.xml		/TEI/text/body/listPerson/person/birth/date	cert	
persons	12.xml		/TEI/text/body/listPerson/person/death/date	cert	
persons	12.xml		/TEI/text/body/listPerson/person/floruit/date	cert	
persons	13.xml		/TEI/text/body/listPerson/person/birth/date	cert	
persons	13.xml		/TEI/text/body/listPerson/person/death/date	cert	
persons	13.xml		/TEI/text/body/listPerson/person/floruit/date	cert	
persons	14.xml	before 436 AH/1045 CE	/TEI/text/body/listPerson/person/birth/date	cert	
persons	14.xml	after 486 AH/1093-1094 CE	/TEI/text/body/listPerson/person/death/date	cert	
persons	14.xml		/TEI/text/body/listPerson/person/floruit/date	cert	
persons	15.xml	1020-1030	/TEI/text/body/listPerson/person/birth/date	cert	medium
persons	15.xml	1097-1100	/TEI/text/body/listPerson/person/death/date	cert	medium
persons	15.xml	1045-1095	/TEI/text/body/listPerson/person/floruit/date	cert	high
persons	16.xml		/TEI/text/body/listPerson/person/birth/date	cert	
persons	16.xml		/TEI/text/body/listPerson/person/death/date	cert	
persons	16.xml		/TEI/text/body/listPerson/person/floruit/date	cert	
persons	17.xml		/TEI/text/body/listPerson/person/birth/date	cert	
persons	17.xml		/TEI/text/body/listPerson/person/death/date	cert	
persons	17.xml		/TEI/text/body/listPerson/person/floruit/date	cert	
persons	18.xml		/TEI/text/body/listPerson/person/birth/date	cert	
persons	18.xml		/TEI/text/body/listPerson/person/death/date	cert	
persons	18.xml		/TEI/text/body/listPerson/person/floruit/date	cert	
persons	19.xml		/TEI/text/body/listPerson/person/birth/date	cert	
persons	19.xml		/TEI/text/body/listPerson/person/death/date	cert	
persons	19.xml		/TEI/text/body/listPerson/person/floruit/date	cert	
persons	2.xml		/TEI/text/body/listPerson/person/birth/date	cert	
persons	2.xml		/TEI/text/body/listPerson/person/death/date	cert	
persons	2.xml		/TEI/text/body/listPerson/person/floruit/date	cert	
persons	20.xml		/TEI/text/body/listPerson/person/birth/date	cert	
persons	20.xml		/TEI/text/body/listPerson/person/death/date	cert	
persons	20.xml		/TEI/text/body/listPerson/person/floruit/date	cert	
persons	21.xml		/TEI/text/body/listPerson/person/birth/date	cert	
persons	21.xml		/TEI/text/body/listPerson/person/death/date	cert	
persons	21.xml		/TEI/text/body/listPerson/person/floruit/date	cert	
persons	22.xml		/TEI/text/body/listPerson/person/birth/date	cert	
persons	22.xml		/TEI/text/body/listPerson/person/death/date	cert	
persons	22.xml		/TEI/text/body/listPerson/person/floruit/date	cert	
persons	23.xml		/TEI/text/body/listPerson/person/birth/date	cert	
persons	23.xml		/TEI/text/body/listPerson/person/death/date	cert	
persons	23.xml		/TEI/text/body/listPerson/person/floruit/date	cert	
persons	24.xml		/TEI/text/body/listPerson/person/birth/date	cert	
persons	24.xml		/TEI/text/body/listPerson/person/death/date	cert	
persons	24.xml		/TEI/text/body/listPerson/person/floruit/date	cert	
persons	25.xml		/TEI/text/body/listPerson/person/birth/date	cert	
persons	25.xml		/TEI/text/body/listPerson/person/death/date	cert	
persons	25.xml		/TEI/text/body/listPerson/person/floruit/date	cert	
persons	26.xml		/TEI/text/body/listPerson/person/birth/date	cert	
persons	26.xml		/TEI/text/body/listPerson/person/death/date	cert	
persons	26.xml		/TEI/text/body/listPerson/person/floruit/date	cert	
persons	27.xml		/TEI/text/body/listPerson/person/birth/date	cert	
persons	27.xml		/TEI/text/body/listPerson/person/death/date	cert	
persons	27.xml		/TEI/text/body/listPerson/person/floruit/date	cert	
persons	28.xml		/TEI/text/body/listPerson/person/birth/date	cert	
persons	28.xml		/TEI/text/body/listPerson/person/death/date	cert	
persons	28.xml		/TEI/text/body/listPerson/person/floruit/date	cert	
persons	29.xml		/TEI/text/body/listPerson/person/birth/date	cert	
persons	29.xml		/TEI/text/body/listPerson/person/death/date	cert	
persons	29.xml	11th c.	/TEI/text/body/listPerson/person/floruit/date	cert	
persons	3.xml	ca. 950	/TEI/text/body/listPerson/person/floruit[1]/date	cert	
persons	3.xml		/TEI/text/body/listPerson/person/birth/date	cert; source	; #
persons	3.xml		/TEI/text/body/listPerson/person/death/date	cert; source	; #
persons	3.xml		/TEI/text/body/listPerson/person/floruit[2]/date	cert	
persons	30.xml		/TEI/text/body/listPerson/person/birth/date	cert	
persons	30.xml	950-960	/TEI/text/body/listPerson/person/death/date	cert	high
persons	30.xml	941-960	/TEI/text/body/listPerson/person/floruit/date	cert	
persons	31.xml		/TEI/text/body/listPerson/person/birth/date	cert	
persons	31.xml		/TEI/text/body/listPerson/person/death/date	cert	
persons	31.xml		/TEI/text/body/listPerson/person/floruit/date	cert	
persons	32.xml		/TEI/text/body/listPerson/person/birth/date	cert	
persons	32.xml		/TEI/text/body/listPerson/person/death/date	cert	
persons	32.xml		/TEI/text/body/listPerson/person/floruit/date	cert	
persons	33.xml		/TEI/text/body/listPerson/person/birth/date	cert	
persons	33.xml		/TEI/text/body/listPerson/person/death/date	cert	
persons	33.xml		/TEI/text/body/listPerson/person/floruit/date	cert	
persons	34.xml		/TEI/text/body/listPerson/person/birth/date	cert	
persons	34.xml		/TEI/text/body/listPerson/person/death/date	cert	
persons	34.xml		/TEI/text/body/listPerson/person/floruit/date	cert	
persons	36.xml		/TEI/text/body/listPerson/person/birth/date	when; notBefore; notAfter; cert	; ; ; 
persons	36.xml		/TEI/text/body/listPerson/person/death/date	when; notBefore; notAfter; cert	; ; ; 
persons	37.xml		/TEI/text/body/listPerson/person/birth/date	when; notBefore; notAfter; cert	; ; ; 
persons	37.xml		/TEI/text/body/listPerson/person/death/date	when; notBefore; notAfter; cert	; ; ; 
persons	38.xml		/TEI/text/body/listPerson/person/birth/date	when; notBefore; notAfter; cert	; ; ; 
persons	38.xml		/TEI/text/body/listPerson/person/death/date	when; notBefore; notAfter; cert	; ; ; 
persons	39.xml	882	/TEI/text/body/listPerson/person/birth/date	cert	
persons	39.xml	942	/TEI/text/body/listPerson/person/death/date	when; notBefore; notAfter; cert	; ; ; 
persons	4.xml		/TEI/text/body/listPerson/person/birth/date	cert	
persons	4.xml		/TEI/text/body/listPerson/person/death/date	cert	
persons	4.xml		/TEI/text/body/listPerson/person/floruit/date	cert	
persons	40.xml		/TEI/text/body/listPerson/person/birth/date	when; notBefore; notAfter; cert	; ; ; 
persons	40.xml	1013	/TEI/text/body/listPerson/person/death/date	when; notBefore; notAfter; cert	; ; ; 
persons	41.xml	906	/TEI/text/body/listPerson/person/birth/date	when; notBefore; notAfter; cert	; ; ; 
persons	41.xml	1006	/TEI/text/body/listPerson/person/death/date	when; notBefore; notAfter; cert	; ; ; 
persons	42.xml	939	/TEI/text/body/listPerson/person/birth/date	when; notBefore; notAfter; cert	; ; ; 
persons	42.xml	1038	/TEI/text/body/listPerson/person/death/date	when; notBefore; notAfter; cert	; ; ; 
persons	43.xml		/TEI/text/body/listPerson/person/birth/date	when; notBefore; notAfter; cert	; ; ; 
persons	43.xml		/TEI/text/body/listPerson/person/death/date	when; notBefore; notAfter; cert	; ; ; 
persons	44.xml		/TEI/text/body/listPerson/person/birth/date	when; notBefore; notAfter; cert	; ; ; 
persons	44.xml		/TEI/text/body/listPerson/person/death/date	when; notBefore; notAfter; cert	; ; ; 
persons	44.xml	9th c.	/TEI/text/body/listPerson/person/floruit/date	cert	
persons	45.xml		/TEI/text/body/listPerson/person/birth/date	when; notBefore; notAfter; cert	; ; ; 
persons	45.xml		/TEI/text/body/listPerson/person/death/date	when; notBefore; notAfter; cert	; ; ; 
persons	46.xml		/TEI/text/body/listPerson/person/birth/date	when; notBefore; notAfter; cert	; ; ; 
persons	46.xml		/TEI/text/body/listPerson/person/death/date	when; notBefore; notAfter; cert	; ; ; 
persons	47.xml		/TEI/text/body/listPerson/person/birth/date	when; notBefore; notAfter; cert	; ; ; 
persons	47.xml		/TEI/text/body/listPerson/person/death/date	when; notBefore; notAfter; cert	; ; ; 
persons	48.xml		/TEI/text/body/listPerson/person/birth/date	when; notBefore; notAfter; cert	; ; ; 
persons	48.xml		/TEI/text/body/listPerson/person/death/date	when; notBefore; notAfter; cert	; ; ; 
persons	49.xml		/TEI/text/body/listPerson/person/birth/date	when; notBefore; notAfter; cert	; ; ; 
persons	49.xml		/TEI/text/body/listPerson/person/death/date	when; notBefore; notAfter; cert	; ; ; 
persons	5.xml	10th century	/TEI/text/body/listPerson/person/birth/date	cert	
persons	5.xml	10th century	/TEI/text/body/listPerson/person/death/date[1]	cert	
persons	5.xml		/TEI/text/body/listPerson/person/death/date[2]	cert	
persons	5.xml		/TEI/text/body/listPerson/person/floruit/date	cert	
persons	50.xml		/TEI/text/body/listPerson/person/birth/date	when; notBefore; notAfter; cert	; ; ; 
persons	50.xml		/TEI/text/body/listPerson/person/death/date	when; notBefore; notAfter; cert	; ; ; 
persons	51.xml		/TEI/text/body/listPerson/person/birth/date	when; notBefore; notAfter; cert	; ; ; 
persons	51.xml		/TEI/text/body/listPerson/person/death/date	when; notBefore; notAfter; cert	; ; ; 
persons	52.xml		/TEI/text/body/listPerson/person/birth/date	when; from; to; cert	; ; ; 
persons	52.xml		/TEI/text/body/listPerson/person/death/date	when; from; to; cert	; ; ; 
persons	52.xml		/TEI/text/body/listPerson/person/floruit/date	when; from; to; cert	; ; ; 
persons	54.xml		/TEI/text/body/listPerson/person/birth/date	when; from; to; cert	; ; ; 
persons	54.xml		/TEI/text/body/listPerson/person/death/date	when; from; to; cert	; ; ; 
persons	54.xml		/TEI/text/body/listPerson/person/floruit/date	when; from; to; cert	; ; ; 
persons	55.xml		/TEI/text/body/listPerson/person/birth/date	when; from; to; cert	; ; ; 
persons	55.xml		/TEI/text/body/listPerson/person/death/date	when; from; to; cert	; ; ; 
persons	55.xml		/TEI/text/body/listPerson/person/floruit/date	when; from; to; cert	; ; ; 
persons	56.xml		/TEI/text/body/listPerson/person/birth/date	when; from; to; cert	; ; ; 
persons	56.xml		/TEI/text/body/listPerson/person/death/date	when; from; to; cert	; ; ; 
persons	56.xml		/TEI/text/body/listPerson/person/floruit/date	when; from; to; cert	; ; ; 
persons	57.xml		/TEI/text/body/listPerson/person/birth/date	when; from; to; cert	; ; ; 
persons	57.xml		/TEI/text/body/listPerson/person/death/date	when; from; to; cert	; ; ; 
persons	57.xml		/TEI/text/body/listPerson/person/floruit/date	when; from; to; cert	; ; ; 
persons	6.xml		/TEI/text/body/listPerson/person/birth/date	cert	
persons	6.xml		/TEI/text/body/listPerson/person/death/date	cert	
persons	6.xml	951-1000	/TEI/text/body/listPerson/person/floruit/date	cert	high
persons	7.xml		/TEI/text/body/listPerson/person/birth/date	cert	
persons	7.xml		/TEI/text/body/listPerson/person/death/date	cert	
persons	7.xml		/TEI/text/body/listPerson/person/floruit/date	cert	
persons	8.xml		/TEI/text/body/listPerson/person/birth/date	cert	
persons	8.xml		/TEI/text/body/listPerson/person/death/date	cert	
persons	8.xml		/TEI/text/body/listPerson/person/floruit/date	cert	
persons	9.xml	961-680	/TEI/text/body/listPerson/person/birth/date	cert	
persons	9.xml	1037-1039	/TEI/text/body/listPerson/person/death/date	cert	
persons	9.xml	1001-1039	/TEI/text/body/listPerson/person/floruit/date	cert	
relations	90001.xml		/TEI/text/body/ab[1]/listRelation/relation/desc/date		
relations	90001.xml		/TEI/text/body/ab[2]/listRelation/relation/desc/date		
works	10.xml		/TEI/text/body/bibl/date		
works	100.xml		/TEI/text/body/bibl/date		
works	101.xml		/TEI/text/body/bibl/date		
works	102.xml		/TEI/text/body/bibl/date		
works	103.xml		/TEI/text/body/bibl/date		
works	104.xml		/TEI/text/body/bibl/date		
works	105.xml		/TEI/text/body/bibl/date		
works	106.xml		/TEI/text/body/bibl/date		
works	107.xml		/TEI/text/body/bibl/date		
works	108.xml		/TEI/text/body/bibl/date		
works	109.xml		/TEI/text/body/bibl/date		
works	11.xml		/TEI/text/body/bibl/date		
works	110.xml		/TEI/text/body/bibl/date		
works	111.xml		/TEI/text/body/bibl/date		
works	112.xml		/TEI/text/body/bibl/date		
works	113.xml		/TEI/text/body/bibl/date		
works	114.xml		/TEI/text/body/bibl/date		
works	115.xml		/TEI/text/body/bibl/date		
works	116.xml		/TEI/text/body/bibl/date		
works	117.xml		/TEI/text/body/bibl/date		
works	118.xml		/TEI/text/body/bibl/date		
works	119.xml		/TEI/text/body/bibl/date		
works	12.xml		/TEI/text/body/bibl/date		
works	120.xml		/TEI/text/body/bibl/date	when; from; to	; ; 
works	121.xml		/TEI/text/body/bibl/date	when; from; to	; ; 
works	122.xml		/TEI/text/body/bibl/date	when; from; to	; ; 
works	123.xml		/TEI/text/body/bibl/date	when; from; to	; ; 
works	125.xml		/TEI/text/body/bibl/date	when; from; to	; ; 
works	126.xml		/TEI/text/body/bibl/date	when; from; to	; ; 
works	127.xml		/TEI/text/body/bibl/date	when; from; to	; ; 
works	128.xml		/TEI/text/body/bibl/date	when; from; to	; ; 
works	129.xml		/TEI/text/body/bibl/date	when; from; to	; ; 
works	13.xml		/TEI/text/body/bibl/date		
works	130.xml		/TEI/text/body/bibl/date	when; from; to	; ; 
works	17.xml		/TEI/text/body/bibl/date		
works	18.xml	c. 927	/TEI/text/body/bibl/date		
works	19.xml		/TEI/text/body/bibl/date		
works	2.xml		/TEI/text/body/bibl/date	source	
works	20.xml		/TEI/text/body/bibl/date		
works	21.xml		/TEI/text/body/bibl/date		
works	22.xml		/TEI/text/body/bibl/date		
works	23.xml		/TEI/text/body/bibl/date		
works	24.xml		/TEI/text/body/bibl/date		
works	25.xml		/TEI/text/body/bibl/date		
works	26.xml		/TEI/text/body/bibl/date		
works	28.xml		/TEI/text/body/bibl/date		
works	29.xml		/TEI/text/body/bibl/date		
works	3.xml		/TEI/text/body/bibl/date		
works	30.xml		/TEI/text/body/bibl/date		
works	34.xml		/TEI/text/body/bibl/date		
works	37.xml		/TEI/text/body/bibl/date		
works	39.xml		/TEI/text/body/bibl/date		
works	4.xml		/TEI/text/body/bibl/date		
works	40.xml		/TEI/text/body/bibl/date		
works	41.xml		/TEI/text/body/bibl/date		
works	42.xml		/TEI/text/body/bibl/date		
works	43.xml		/TEI/text/body/bibl/date		
works	44.xml		/TEI/text/body/bibl/date		
works	46.xml		/TEI/text/body/bibl/date		
works	47.xml		/TEI/text/body/bibl/date		
works	48.xml		/TEI/text/body/bibl/date		
works	49.xml		/TEI/text/body/bibl/date		
works	50.xml		/TEI/text/body/bibl/date		
works	51.xml		/TEI/text/body/bibl/date		
works	52.xml		/TEI/text/body/bibl/date		
works	53.xml		/TEI/text/body/bibl/date		
works	54.xml		/TEI/text/body/bibl/date		
works	55.xml		/TEI/text/body/bibl/date		
works	56.xml		/TEI/text/body/bibl/date		
works	57.xml		/TEI/text/body/bibl/date		
works	58.xml		/TEI/text/body/bibl/date		
works	59.xml		/TEI/text/body/bibl/date		
works	6.xml		/TEI/text/body/bibl/date		
works	60.xml		/TEI/text/body/bibl/date		
works	61.xml		/TEI/text/body/bibl/date		
works	62.xml		/TEI/text/body/bibl/date		
works	63.xml		/TEI/text/body/bibl/date		
works	64.xml		/TEI/text/body/bibl/date		
works	65.xml		/TEI/text/body/bibl/date		
works	66.xml		/TEI/text/body/bibl/date		
works	67.xml		/TEI/text/body/bibl/date		
works	68.xml		/TEI/text/body/bibl/date		
works	69.xml		/TEI/text/body/bibl/date		
works	7.xml		/TEI/text/body/bibl/date		
works	73.xml		/TEI/text/body/bibl/date		
works	74.xml		/TEI/text/body/bibl/date		
works	75.xml		/TEI/text/body/bibl/date		
works	76.xml		/TEI/text/body/bibl/date		
works	77.xml		/TEI/text/body/bibl/date		
works	78.xml		/TEI/text/body/bibl/date		
works	79.xml		/TEI/text/body/bibl/date		
works	8.xml		/TEI/text/body/bibl/date		
works	80.xml		/TEI/text/body/bibl/date		
works	81.xml		/TEI/text/body/bibl/date		
works	82.xml		/TEI/text/body/bibl/date		
works	83.xml		/TEI/text/body/bibl/date		
works	88.xml		/TEI/text/body/bibl/date		
works	89.xml		/TEI/text/body/bibl/date		
works	9.xml		/TEI/text/body/bibl/date		
works	90.xml		/TEI/text/body/bibl/date		
works	91.xml		/TEI/text/body/bibl/date		
works	92.xml		/TEI/text/body/bibl/date		
works	93.xml		/TEI/text/body/bibl/date		
works	93.xml		/TEI/text/body/bibl/bibl[2]/date		
works	94.xml		/TEI/text/body/bibl/date		
works	95.xml		/TEI/text/body/bibl/date		
works	96.xml		/TEI/text/body/bibl/date		
works	97.xml		/TEI/text/body/bibl/date		
works	98.xml		/TEI/text/body/bibl/date		
works	99.xml		/TEI/text/body/bibl/date		
