host_ms	file	bibl_xml_id	bibl_xpath	bibl_xpath_readable	ref_ms	action	changed	reason	n_before	n_after	citedRanges_before	citedRanges_after
114	data/manuscripts/tei/114.xml		/*/*[2]/*/*/*/*[3]/*[1]/*[2]/*[1]	TEI/text/body/listBibl/msDesc/physDesc/ab/listBibl/bibl	118	skipped	no	referenced ms 118 has no usable loci (REF_NO_LOCI); nothing to generate — existing citedRanges left untouched	0	0		
114	data/manuscripts/tei/114.xml		/*/*[2]/*/*/*/*[3]/*[1]/*[2]/*[2]	TEI/text/body/listBibl/msDesc/physDesc/ab/listBibl/bibl	117	skipped	no	referenced ms 117 has no usable loci (REF_NO_LOCI); nothing to generate — existing citedRanges left untouched	0	0		
114	data/manuscripts/tei/114.xml		/*/*[2]/*/*/*/*[3]/*[1]/*[2]/*[3]	TEI/text/body/listBibl/msDesc/physDesc/ab/listBibl/bibl	116	skipped	no	referenced ms 116 has no usable loci (REF_NO_LOCI); nothing to generate — existing citedRanges left untouched	0	0		
116	data/manuscripts/tei/116.xml		/*/*[2]/*/*/*/*[3]/*[1]/*[2]/*[1]	TEI/text/body/listBibl/msDesc/physDesc/ab/listBibl/bibl	118	skipped	no	referenced ms 118 has no usable loci (REF_NO_LOCI); nothing to generate — existing citedRanges left untouched	0	0		
116	data/manuscripts/tei/116.xml		/*/*[2]/*/*/*/*[3]/*[1]/*[2]/*[2]	TEI/text/body/listBibl/msDesc/physDesc/ab/listBibl/bibl	117	skipped	no	referenced ms 117 has no usable loci (REF_NO_LOCI); nothing to generate — existing citedRanges left untouched	0	0		
116	data/manuscripts/tei/116.xml		/*/*[2]/*/*/*/*[3]/*[1]/*[2]/*[3]	TEI/text/body/listBibl/msDesc/physDesc/ab/listBibl/bibl	114	skipped	no	referenced ms 114 has no usable loci (REF_NO_LOCI); nothing to generate — existing citedRanges left untouched	0	0		
117	data/manuscripts/tei/117.xml		/*/*[2]/*/*/*/*[3]/*[1]/*[2]/*[1]	TEI/text/body/listBibl/msDesc/physDesc/ab/listBibl/bibl	118	skipped	no	referenced ms 118 has no usable loci (REF_NO_LOCI); nothing to generate — existing citedRanges left untouched	0	0		
117	data/manuscripts/tei/117.xml		/*/*[2]/*/*/*/*[3]/*[1]/*[2]/*[2]	TEI/text/body/listBibl/msDesc/physDesc/ab/listBibl/bibl	116	skipped	no	referenced ms 116 has no usable loci (REF_NO_LOCI); nothing to generate — existing citedRanges left untouched	0	0		
117	data/manuscripts/tei/117.xml		/*/*[2]/*/*/*/*[3]/*[1]/*[2]/*[3]	TEI/text/body/listBibl/msDesc/physDesc/ab/listBibl/bibl	114	skipped	no	referenced ms 114 has no usable loci (REF_NO_LOCI); nothing to generate — existing citedRanges left untouched	0	0		
118	data/manuscripts/tei/118.xml		/*/*[2]/*/*/*/*[3]/*[1]/*[2]/*[1]	TEI/text/body/listBibl/msDesc/physDesc/ab/listBibl/bibl	117	skipped	no	referenced ms 117 has no usable loci (REF_NO_LOCI); nothing to generate — existing citedRanges left untouched	0	0		
118	data/manuscripts/tei/118.xml		/*/*[2]/*/*/*/*[3]/*[1]/*[2]/*[2]	TEI/text/body/listBibl/msDesc/physDesc/ab/listBibl/bibl	116	skipped	no	referenced ms 116 has no usable loci (REF_NO_LOCI); nothing to generate — existing citedRanges left untouched	0	0		
118	data/manuscripts/tei/118.xml		/*/*[2]/*/*/*/*[3]/*[1]/*[2]/*[3]	TEI/text/body/listBibl/msDesc/physDesc/ab/listBibl/bibl	114	skipped	no	referenced ms 114 has no usable loci (REF_NO_LOCI); nothing to generate — existing citedRanges left untouched	0	0		
1319	data/manuscripts/tei/1319.xml	jalit-orgmanuscript342	/*/*[2]/*/*/*/*[3]/*[1]/*[2]/*[1]	TEI/text/body/listBibl/msDesc/physDesc/ab/listBibl/bibl	342	regenerated	yes	removed all citedRanges, regenerated from referenced loci	0	1		"<citedRange xmlns=""http://www.tei-c.org/ns/1.0"" unit=""folios"" from=""1r"" to=""1v"">1r–1v</citedRange>"
1319	data/manuscripts/tei/1319.xml	jalit-orgmanuscript358	/*/*[2]/*/*/*/*[3]/*[1]/*[2]/*[2]	TEI/text/body/listBibl/msDesc/physDesc/ab/listBibl/bibl	358	regenerated	yes	removed all citedRanges, regenerated from referenced loci	0	1		"<citedRange xmlns=""http://www.tei-c.org/ns/1.0"" unit=""folios"" from=""1r"" to=""75v"">1r–75v</citedRange>"
1319	data/manuscripts/tei/1319.xml	jalit-orgmanuscript364	/*/*[2]/*/*/*/*[3]/*[1]/*[2]/*[3]	TEI/text/body/listBibl/msDesc/physDesc/ab/listBibl/bibl	364	regenerated	yes	removed all citedRanges, regenerated from referenced loci	0	1		"<citedRange xmlns=""http://www.tei-c.org/ns/1.0"" unit=""folios"" from=""1r"" to=""1v"">1r–1v</citedRange>"
1319	data/manuscripts/tei/1319.xml	jalit-orgmanuscript365	/*/*[2]/*/*/*/*[3]/*[1]/*[2]/*[4]	TEI/text/body/listBibl/msDesc/physDesc/ab/listBibl/bibl	365	regenerated	yes	removed all citedRanges, regenerated from referenced loci	0	1		"<citedRange xmlns=""http://www.tei-c.org/ns/1.0"" unit=""folios"" from=""1r"" to=""8v"">1r–8v</citedRange>"
134	data/manuscripts/tei/134.xml		/*/*[2]/*/*/*/*[3]/*[1]/*[2]/*[1]	TEI/text/body/listBibl/msDesc/physDesc/ab/listBibl/bibl	88	skipped	no	referenced ms 88 has no usable loci (REF_NO_LOCI); nothing to generate — existing citedRanges left untouched	0	0		
134	data/manuscripts/tei/134.xml		/*/*[2]/*/*/*/*[3]/*[1]/*[2]/*[2]	TEI/text/body/listBibl/msDesc/physDesc/ab/listBibl/bibl	136	skipped	no	referenced ms 136 has no usable loci (REF_NO_LOCI); nothing to generate — existing citedRanges left untouched	0	0		
136	data/manuscripts/tei/136.xml		/*/*[2]/*/*/*/*[3]/*[1]/*[2]/*[1]	TEI/text/body/listBibl/msDesc/physDesc/ab/listBibl/bibl	88	skipped	no	referenced ms 88 has no usable loci (REF_NO_LOCI); nothing to generate — existing citedRanges left untouched	0	0		
136	data/manuscripts/tei/136.xml		/*/*[2]/*/*/*/*[3]/*[1]/*[2]/*[2]	TEI/text/body/listBibl/msDesc/physDesc/ab/listBibl/bibl	134	skipped	no	referenced ms 134 has no usable loci (REF_NO_LOCI); nothing to generate — existing citedRanges left untouched	0	0		
1360	data/manuscripts/tei/1360.xml	jalit-orgmanuscript356	/*/*[2]/*/*/*/*[3]/*[1]/*[2]/*	TEI/text/body/listBibl/msDesc/physDesc/ab/listBibl/bibl	356	regenerated	yes	removed all citedRanges, regenerated from referenced loci	0	1		"<citedRange xmlns=""http://www.tei-c.org/ns/1.0"" unit=""folios"" from=""1"" to=""92"">1–92</citedRange>"
139	data/manuscripts/tei/139.xml		/*/*[2]/*/*/*/*[3]/*[1]/*[2]/*	TEI/text/body/listBibl/msDesc/physDesc/ab/listBibl/bibl	164	skipped	no	referenced ms 164 has no usable loci (REF_NO_LOCI); nothing to generate — existing citedRanges left untouched	0	0		
141	data/manuscripts/tei/141.xml		/*/*[2]/*/*/*/*[3]/*[1]/*[2]/*	TEI/text/body/listBibl/msDesc/physDesc/ab/listBibl/bibl	76	skipped	no	referenced ms 76 has no usable loci (REF_NO_LOCI); nothing to generate — existing citedRanges left untouched	0	0		
142	data/manuscripts/tei/142.xml		/*/*[2]/*/*/*/*[3]/*[1]/*[2]/*	TEI/text/body/listBibl/msDesc/physDesc/ab/listBibl/bibl	143	skipped	no	referenced ms 143 has no usable loci (REF_NO_LOCI); nothing to generate — existing citedRanges left untouched	0	0		
143	data/manuscripts/tei/143.xml		/*/*[2]/*/*/*/*[3]/*[1]/*[2]/*	TEI/text/body/listBibl/msDesc/physDesc/ab/listBibl/bibl	142	skipped	no	referenced ms 142 has no usable loci (REF_NO_LOCI); nothing to generate — existing citedRanges left untouched	0	0		
1469	data/manuscripts/tei/1469.xml	jalit-orgmanuscript341	/*/*[2]/*/*/*/*[3]/*[1]/*[2]/*[1]	TEI/text/body/listBibl/msDesc/physDesc/ab/listBibl/bibl	341	regenerated	yes	removed all citedRanges, regenerated from referenced loci	0	1		"<citedRange xmlns=""http://www.tei-c.org/ns/1.0"" unit=""folios"" from=""1r"" to=""2v"">1r–2v</citedRange>"
1469	data/manuscripts/tei/1469.xml	jalit-orgmanuscript630	/*/*[2]/*/*/*/*[3]/*[1]/*[2]/*[2]	TEI/text/body/listBibl/msDesc/physDesc/ab/listBibl/bibl	630	regenerated	yes	removed all citedRanges, regenerated from referenced loci	0	1		"<citedRange xmlns=""http://www.tei-c.org/ns/1.0"" unit=""folios"" from=""1r"" to=""12v"">1r–12v</citedRange>"
1469	data/manuscripts/tei/1469.xml	jalit-orgmanuscript511	/*/*[2]/*/*/*/*[3]/*[1]/*[2]/*[3]	TEI/text/body/listBibl/msDesc/physDesc/ab/listBibl/bibl	511	regenerated	yes	removed all citedRanges, regenerated from referenced loci	0	5		"<citedRange xmlns=""http://www.tei-c.org/ns/1.0"" unit=""folios"" from=""1r"" to=""9v"">1r–9v</citedRange> <citedRange xmlns=""http://www.tei-c.org/ns/1.0"" unit=""folios"" from=""32r"" to=""36v"">32r–36v</citedRange> <citedRange xmlns=""http://www.tei-c.org/ns/1.0"" unit=""folios"" from=""45r"" to=""109v"">45r–109v</citedRange> <citedRange xmlns=""http://www.tei-c.org/ns/1.0"" unit=""folios"" from=""111r"" to=""124v"">111r–124v</citedRange> <citedRange xmlns=""http://www.tei-c.org/ns/1.0"" unit=""folios"" from=""126r"" to=""149v"">126r–149v</citedRange>"
1469	data/manuscripts/tei/1469.xml	jalit-orgmanuscript641	/*/*[2]/*/*/*/*[3]/*[1]/*[2]/*[4]	TEI/text/body/listBibl/msDesc/physDesc/ab/listBibl/bibl	641	regenerated	yes	removed all citedRanges, regenerated from referenced loci	0	1		"<citedRange xmlns=""http://www.tei-c.org/ns/1.0"" unit=""folios"" from=""1r"" to=""5v"">1r–5v</citedRange>"
1469	data/manuscripts/tei/1469.xml	jalit-orgmanuscript366	/*/*[2]/*/*/*/*[3]/*[1]/*[2]/*[5]	TEI/text/body/listBibl/msDesc/physDesc/ab/listBibl/bibl	366	regenerated	yes	removed all citedRanges, regenerated from referenced loci	0	2		"<citedRange xmlns=""http://www.tei-c.org/ns/1.0"" unit=""folios"" from=""1r"" to=""4v"">1r–4v</citedRange> <citedRange xmlns=""http://www.tei-c.org/ns/1.0"" unit=""folios"" from=""6r"" to=""28v"">6r–28v</citedRange>"
1474	data/manuscripts/tei/1474.xml		/*/*[2]/*/*/*/*[3]/*[1]/*[2]/*[1]	TEI/text/body/listBibl/msDesc/physDesc/ab/listBibl/bibl	1501	regenerated	yes	removed all citedRanges, regenerated from referenced loci	1	1	"<citedRange xmlns=""http://www.tei-c.org/ns/1.0"" unit=""""/>"	"<citedRange xmlns=""http://www.tei-c.org/ns/1.0"" unit=""folios"" from=""1r"" to=""1v"">1r–1v</citedRange>"
1474	data/manuscripts/tei/1474.xml		/*/*[2]/*/*/*/*[3]/*[1]/*[2]/*[2]	TEI/text/body/listBibl/msDesc/physDesc/ab/listBibl/bibl	1489	skipped	no	referenced ms 1489 has no usable loci (REF_NO_LOCI); nothing to generate — existing citedRanges left untouched	1	1	"<citedRange xmlns=""http://www.tei-c.org/ns/1.0"" unit=""""/>"	"<citedRange xmlns=""http://www.tei-c.org/ns/1.0"" unit=""""/>"
1474	data/manuscripts/tei/1474.xml		/*/*[2]/*/*/*/*[3]/*[1]/*[2]/*[3]	TEI/text/body/listBibl/msDesc/physDesc/ab/listBibl/bibl	1480	regenerated	yes	removed all citedRanges, regenerated from referenced loci	1	1	"<citedRange xmlns=""http://www.tei-c.org/ns/1.0"" unit=""""/>"	"<citedRange xmlns=""http://www.tei-c.org/ns/1.0"" unit=""folios"" from=""1r"" to=""2v"">1r–2v</citedRange>"
1474	data/manuscripts/tei/1474.xml		/*/*[2]/*/*/*/*[3]/*[1]/*[2]/*[4]	TEI/text/body/listBibl/msDesc/physDesc/ab/listBibl/bibl	555	regenerated	yes	removed all citedRanges, regenerated from referenced loci	1	1	"<citedRange xmlns=""http://www.tei-c.org/ns/1.0"" unit=""folios""/>"	"<citedRange xmlns=""http://www.tei-c.org/ns/1.0"" unit=""folios"" from=""1r"" to=""19v"">1r–19v</citedRange>"
1477	data/manuscripts/tei/1477.xml		/*/*[2]/*/*/*/*[3]/*[1]/*[2]/*[1]	TEI/text/body/listBibl/msDesc/physDesc/ab/listBibl/bibl	377	skipped	no	referenced ms 377 has no usable loci (REF_NO_LOCI); nothing to generate — existing citedRanges left untouched	1	1	"<citedRange xmlns=""http://www.tei-c.org/ns/1.0"" unit="""">56-65</citedRange>"	"<citedRange xmlns=""http://www.tei-c.org/ns/1.0"" unit="""">56-65</citedRange>"
1477	data/manuscripts/tei/1477.xml		/*/*[2]/*/*/*/*[3]/*[1]/*[2]/*[2]	TEI/text/body/listBibl/msDesc/physDesc/ab/listBibl/bibl	639	skipped	no	referenced ms 639 has no usable loci (REF_NO_LOCI); nothing to generate — existing citedRanges left untouched	1	1	"<citedRange xmlns=""http://www.tei-c.org/ns/1.0"" unit="""">161-168</citedRange>"	"<citedRange xmlns=""http://www.tei-c.org/ns/1.0"" unit="""">161-168</citedRange>"
1477	data/manuscripts/tei/1477.xml		/*/*[2]/*/*/*/*[3]/*[1]/*[2]/*[3]	TEI/text/body/listBibl/msDesc/physDesc/ab/listBibl/bibl	1499	regenerated	yes	removed all citedRanges, regenerated from referenced loci	1	1	"<citedRange xmlns=""http://www.tei-c.org/ns/1.0"" unit=""""/>"	"<citedRange xmlns=""http://www.tei-c.org/ns/1.0"" unit=""folios"" from=""1r"" to=""1v"">1r–1v</citedRange>"
1477	data/manuscripts/tei/1477.xml		/*/*[2]/*/*/*/*[3]/*[1]/*[2]/*[4]	TEI/text/body/listBibl/msDesc/physDesc/ab/listBibl/bibl	1497	regenerated	yes	removed all citedRanges, regenerated from referenced loci	1	1	"<citedRange xmlns=""http://www.tei-c.org/ns/1.0"" unit=""""/>"	"<citedRange xmlns=""http://www.tei-c.org/ns/1.0"" unit=""folios"" from=""1r"" to=""2v"">1r–2v</citedRange>"
1477	data/manuscripts/tei/1477.xml		/*/*[2]/*/*/*/*[3]/*[1]/*[2]/*[5]	TEI/text/body/listBibl/msDesc/physDesc/ab/listBibl/bibl	1502	regenerated	yes	removed all citedRanges, regenerated from referenced loci	1	1	"<citedRange xmlns=""http://www.tei-c.org/ns/1.0"" unit=""""/>"	"<citedRange xmlns=""http://www.tei-c.org/ns/1.0"" unit=""folios"" from=""1r"" to=""2v"">1r–2v</citedRange>"
1477	data/manuscripts/tei/1477.xml		/*/*[2]/*/*/*/*[3]/*[1]/*[2]/*[6]	TEI/text/body/listBibl/msDesc/physDesc/ab/listBibl/bibl	1488	skipped	no	referenced ms 1488 has no usable loci (REF_NO_LOCI); nothing to generate — existing citedRanges left untouched	1	1	"<citedRange xmlns=""http://www.tei-c.org/ns/1.0"" unit=""""/>"	"<citedRange xmlns=""http://www.tei-c.org/ns/1.0"" unit=""""/>"
1477	data/manuscripts/tei/1477.xml		/*/*[2]/*/*/*/*[3]/*[1]/*[2]/*[7]	TEI/text/body/listBibl/msDesc/physDesc/ab/listBibl/bibl	1492	regenerated	yes	removed all citedRanges, regenerated from referenced loci	1	1	"<citedRange xmlns=""http://www.tei-c.org/ns/1.0"" unit=""""/>"	"<citedRange xmlns=""http://www.tei-c.org/ns/1.0"" unit=""folios"" from=""1r"" to=""6v"">1r–6v</citedRange>"
1477	data/manuscripts/tei/1477.xml		/*/*[2]/*/*/*/*[3]/*[1]/*[2]/*[8]	TEI/text/body/listBibl/msDesc/physDesc/ab/listBibl/bibl	1479	regenerated	yes	removed all citedRanges, regenerated from referenced loci	1	1	"<citedRange xmlns=""http://www.tei-c.org/ns/1.0"" unit=""""/>"	"<citedRange xmlns=""http://www.tei-c.org/ns/1.0"" unit=""folios"" from=""1r"" to=""6v"">1r–6v</citedRange>"
1477	data/manuscripts/tei/1477.xml		/*/*[2]/*/*/*/*[3]/*[1]/*[2]/*[9]	TEI/text/body/listBibl/msDesc/physDesc/ab/listBibl/bibl	1497	regenerated	yes	removed all citedRanges, regenerated from referenced loci	1	1	"<citedRange xmlns=""http://www.tei-c.org/ns/1.0"" unit=""""/>"	"<citedRange xmlns=""http://www.tei-c.org/ns/1.0"" unit=""folios"" from=""1r"" to=""2v"">1r–2v</citedRange>"
1477	data/manuscripts/tei/1477.xml		/*/*[2]/*/*/*/*[3]/*[1]/*[2]/*[10]	TEI/text/body/listBibl/msDesc/physDesc/ab/listBibl/bibl	608	regenerated	yes	removed all citedRanges, regenerated from referenced loci	1	1	"<citedRange xmlns=""http://www.tei-c.org/ns/1.0"" unit=""folios""/>"	"<citedRange xmlns=""http://www.tei-c.org/ns/1.0"" unit=""folios"" from=""1r"" to=""46v"">1r–46v</citedRange>"
1479	data/manuscripts/tei/1479.xml		/*/*[2]/*/*/*/*[3]/*[1]/*[2]/*[1]	TEI/text/body/listBibl/msDesc/physDesc/ab/listBibl/bibl	377	skipped	no	referenced ms 377 has no usable loci (REF_NO_LOCI); nothing to generate — existing citedRanges left untouched	1	1	"<citedRange xmlns=""http://www.tei-c.org/ns/1.0"" unit="""">56-65</citedRange>"	"<citedRange xmlns=""http://www.tei-c.org/ns/1.0"" unit="""">56-65</citedRange>"
1479	data/manuscripts/tei/1479.xml		/*/*[2]/*/*/*/*[3]/*[1]/*[2]/*[2]	TEI/text/body/listBibl/msDesc/physDesc/ab/listBibl/bibl	639	skipped	no	referenced ms 639 has no usable loci (REF_NO_LOCI); nothing to generate — existing citedRanges left untouched	1	1	"<citedRange xmlns=""http://www.tei-c.org/ns/1.0"" unit="""">161-168</citedRange>"	"<citedRange xmlns=""http://www.tei-c.org/ns/1.0"" unit="""">161-168</citedRange>"
1479	data/manuscripts/tei/1479.xml		/*/*[2]/*/*/*/*[3]/*[1]/*[2]/*[3]	TEI/text/body/listBibl/msDesc/physDesc/ab/listBibl/bibl	1499	regenerated	yes	removed all citedRanges, regenerated from referenced loci	1	1	"<citedRange xmlns=""http://www.tei-c.org/ns/1.0"" unit=""""/>"	"<citedRange xmlns=""http://www.tei-c.org/ns/1.0"" unit=""folios"" from=""1r"" to=""1v"">1r–1v</citedRange>"
1479	data/manuscripts/tei/1479.xml		/*/*[2]/*/*/*/*[3]/*[1]/*[2]/*[4]	TEI/text/body/listBibl/msDesc/physDesc/ab/listBibl/bibl	1497	regenerated	yes	removed all citedRanges, regenerated from referenced loci	1	1	"<citedRange xmlns=""http://www.tei-c.org/ns/1.0"" unit=""""/>"	"<citedRange xmlns=""http://www.tei-c.org/ns/1.0"" unit=""folios"" from=""1r"" to=""2v"">1r–2v</citedRange>"
1479	data/manuscripts/tei/1479.xml		/*/*[2]/*/*/*/*[3]/*[1]/*[2]/*[5]	TEI/text/body/listBibl/msDesc/physDesc/ab/listBibl/bibl	1502	regenerated	yes	removed all citedRanges, regenerated from referenced loci	1	1	"<citedRange xmlns=""http://www.tei-c.org/ns/1.0"" unit=""""/>"	"<citedRange xmlns=""http://www.tei-c.org/ns/1.0"" unit=""folios"" from=""1r"" to=""2v"">1r–2v</citedRange>"
1479	data/manuscripts/tei/1479.xml		/*/*[2]/*/*/*/*[3]/*[1]/*[2]/*[6]	TEI/text/body/listBibl/msDesc/physDesc/ab/listBibl/bibl	1488	skipped	no	referenced ms 1488 has no usable loci (REF_NO_LOCI); nothing to generate — existing citedRanges left untouched	1	1	"<citedRange xmlns=""http://www.tei-c.org/ns/1.0"" unit=""""/>"	"<citedRange xmlns=""http://www.tei-c.org/ns/1.0"" unit=""""/>"
1479	data/manuscripts/tei/1479.xml		/*/*[2]/*/*/*/*[3]/*[1]/*[2]/*[7]	TEI/text/body/listBibl/msDesc/physDesc/ab/listBibl/bibl	1492	regenerated	yes	removed all citedRanges, regenerated from referenced loci	1	1	"<citedRange xmlns=""http://www.tei-c.org/ns/1.0"" unit=""""/>"	"<citedRange xmlns=""http://www.tei-c.org/ns/1.0"" unit=""folios"" from=""1r"" to=""6v"">1r–6v</citedRange>"
1479	data/manuscripts/tei/1479.xml		/*/*[2]/*/*/*/*[3]/*[1]/*[2]/*[8]	TEI/text/body/listBibl/msDesc/physDesc/ab/listBibl/bibl	1477	regenerated	yes	removed all citedRanges, regenerated from referenced loci	1	1	"<citedRange xmlns=""http://www.tei-c.org/ns/1.0"" unit=""""/>"	"<citedRange xmlns=""http://www.tei-c.org/ns/1.0"" unit=""folios"" from=""1r"" to=""24v"">1r–24v</citedRange>"
1479	data/manuscripts/tei/1479.xml		/*/*[2]/*/*/*/*[3]/*[1]/*[2]/*[9]	TEI/text/body/listBibl/msDesc/physDesc/ab/listBibl/bibl	587	regenerated	yes	removed all citedRanges, regenerated from referenced loci	1	1	"<citedRange xmlns=""http://www.tei-c.org/ns/1.0"" unit=""""/>"	"<citedRange xmlns=""http://www.tei-c.org/ns/1.0"" unit=""folios"" from=""1r"" to=""6v"">1r–6v</citedRange>"
1479	data/manuscripts/tei/1479.xml		/*/*[2]/*/*/*/*[3]/*[1]/*[2]/*[10]	TEI/text/body/listBibl/msDesc/physDesc/ab/listBibl/bibl	608	regenerated	yes	removed all citedRanges, regenerated from referenced loci	1	1	"<citedRange xmlns=""http://www.tei-c.org/ns/1.0"" unit=""folios""/>"	"<citedRange xmlns=""http://www.tei-c.org/ns/1.0"" unit=""folios"" from=""1r"" to=""46v"">1r–46v</citedRange>"
148	data/manuscripts/tei/148.xml		/*/*[2]/*/*/*/*[3]/*[1]/*[2]/*[1]	TEI/text/body/listBibl/msDesc/physDesc/ab/listBibl/bibl	189	skipped	no	referenced ms 189 has no usable loci (REF_NO_LOCI); nothing to generate — existing citedRanges left untouched	0	0		
148	data/manuscripts/tei/148.xml		/*/*[2]/*/*/*/*[3]/*[1]/*[2]/*[2]	TEI/text/body/listBibl/msDesc/physDesc/ab/listBibl/bibl	191	skipped	no	referenced ms 191 has no usable loci (REF_NO_LOCI); nothing to generate — existing citedRanges left untouched	0	0		
148	data/manuscripts/tei/148.xml		/*/*[2]/*/*/*/*[3]/*[1]/*[2]/*[3]	TEI/text/body/listBibl/msDesc/physDesc/ab/listBibl/bibl	181	skipped	no	referenced ms 181 has no usable loci (REF_NO_LOCI); nothing to generate — existing citedRanges left untouched	0	0		
148	data/manuscripts/tei/148.xml		/*/*[2]/*/*/*/*[3]/*[1]/*[2]/*[4]	TEI/text/body/listBibl/msDesc/physDesc/ab/listBibl/bibl	190	skipped	no	referenced ms 190 has no usable loci (REF_NO_LOCI); nothing to generate — existing citedRanges left untouched	0	0		
148	data/manuscripts/tei/148.xml		/*/*[2]/*/*/*/*[3]/*[1]/*[2]/*[5]	TEI/text/body/listBibl/msDesc/physDesc/ab/listBibl/bibl	196	skipped	no	referenced ms 196 has no usable loci (REF_NO_LOCI); nothing to generate — existing citedRanges left untouched	0	0		
1480	data/manuscripts/tei/1480.xml		/*/*[2]/*/*/*/*[3]/*[1]/*[2]/*[1]	TEI/text/body/listBibl/msDesc/physDesc/ab/listBibl/bibl	1501	regenerated	yes	removed all citedRanges, regenerated from referenced loci	1	1	"<citedRange xmlns=""http://www.tei-c.org/ns/1.0"" unit=""""/>"	"<citedRange xmlns=""http://www.tei-c.org/ns/1.0"" unit=""folios"" from=""1r"" to=""1v"">1r–1v</citedRange>"
1480	data/manuscripts/tei/1480.xml		/*/*[2]/*/*/*/*[3]/*[1]/*[2]/*[2]	TEI/text/body/listBibl/msDesc/physDesc/ab/listBibl/bibl	1489	skipped	no	referenced ms 1489 has no usable loci (REF_NO_LOCI); nothing to generate — existing citedRanges left untouched	1	1	"<citedRange xmlns=""http://www.tei-c.org/ns/1.0"" unit=""""/>"	"<citedRange xmlns=""http://www.tei-c.org/ns/1.0"" unit=""""/>"
1480	data/manuscripts/tei/1480.xml		/*/*[2]/*/*/*/*[3]/*[1]/*[2]/*[3]	TEI/text/body/listBibl/msDesc/physDesc/ab/listBibl/bibl	1474	regenerated	yes	removed all citedRanges, regenerated from referenced loci	1	1	"<citedRange xmlns=""http://www.tei-c.org/ns/1.0"" unit=""""/>"	"<citedRange xmlns=""http://www.tei-c.org/ns/1.0"" unit=""folios"" from=""1r"" to=""6v"">1r–6v</citedRange>"
1480	data/manuscripts/tei/1480.xml		/*/*[2]/*/*/*/*[3]/*[1]/*[2]/*[4]	TEI/text/body/listBibl/msDesc/physDesc/ab/listBibl/bibl	555	regenerated	yes	removed all citedRanges, regenerated from referenced loci	1	1	"<citedRange xmlns=""http://www.tei-c.org/ns/1.0"" unit=""folios""/>"	"<citedRange xmlns=""http://www.tei-c.org/ns/1.0"" unit=""folios"" from=""1r"" to=""19v"">1r–19v</citedRange>"
1481	data/manuscripts/tei/1481.xml		/*/*[2]/*/*/*/*[3]/*[1]/*[2]/*[1]	TEI/text/body/listBibl/msDesc/physDesc/ab/listBibl/bibl	1484	skipped	no	referenced ms 1484 has no usable loci (REF_NO_LOCI); nothing to generate — existing citedRanges left untouched	1	1	"<citedRange xmlns=""http://www.tei-c.org/ns/1.0"" unit=""""/>"	"<citedRange xmlns=""http://www.tei-c.org/ns/1.0"" unit=""""/>"
1481	data/manuscripts/tei/1481.xml		/*/*[2]/*/*/*/*[3]/*[1]/*[2]/*[2]	TEI/text/body/listBibl/msDesc/physDesc/ab/listBibl/bibl	1491	skipped	no	referenced ms 1491 has no usable loci (REF_NO_LOCI); nothing to generate — existing citedRanges left untouched	1	1	"<citedRange xmlns=""http://www.tei-c.org/ns/1.0"" unit=""folios""/>"	"<citedRange xmlns=""http://www.tei-c.org/ns/1.0"" unit=""folios""/>"
1484	data/manuscripts/tei/1484.xml		/*/*[2]/*/*/*/*[3]/*[1]/*[2]/*[1]	TEI/text/body/listBibl/msDesc/physDesc/ab/listBibl/bibl	1491	skipped	no	referenced ms 1491 has no usable loci (REF_NO_LOCI); nothing to generate — existing citedRanges left untouched	1	1	"<citedRange xmlns=""http://www.tei-c.org/ns/1.0"" unit=""""/>"	"<citedRange xmlns=""http://www.tei-c.org/ns/1.0"" unit=""""/>"
1484	data/manuscripts/tei/1484.xml		/*/*[2]/*/*/*/*[3]/*[1]/*[2]/*[2]	TEI/text/body/listBibl/msDesc/physDesc/ab/listBibl/bibl	1481	regenerated	yes	removed all citedRanges, regenerated from referenced loci	1	1	"<citedRange xmlns=""http://www.tei-c.org/ns/1.0"" unit=""folios""/>"	"<citedRange xmlns=""http://www.tei-c.org/ns/1.0"" unit=""folios"" from=""1r"" to=""3v"">1r–3v</citedRange>"
1488	data/manuscripts/tei/1488.xml	jalit-orgmanuscript377	/*/*[2]/*/*/*/*[3]/*[1]/*[2]/*[1]	TEI/text/body/listBibl/msDesc/physDesc/ab/listBibl/bibl	377	skipped	no	referenced ms 377 has no usable loci (REF_NO_LOCI); nothing to generate — existing citedRanges left untouched	1	1	"<citedRange xmlns=""http://www.tei-c.org/ns/1.0"" unit=""folios"">56-65</citedRange>"	"<citedRange xmlns=""http://www.tei-c.org/ns/1.0"" unit=""folios"">56-65</citedRange>"
1488	data/manuscripts/tei/1488.xml	jalit-orgmanuscript639	/*/*[2]/*/*/*/*[3]/*[1]/*[2]/*[2]	TEI/text/body/listBibl/msDesc/physDesc/ab/listBibl/bibl	639	skipped	no	referenced ms 639 has no usable loci (REF_NO_LOCI); nothing to generate — existing citedRanges left untouched	1	1	"<citedRange xmlns=""http://www.tei-c.org/ns/1.0"" unit=""folios"">161-168</citedRange>"	"<citedRange xmlns=""http://www.tei-c.org/ns/1.0"" unit=""folios"">161-168</citedRange>"
1488	data/manuscripts/tei/1488.xml		/*/*[2]/*/*/*/*[3]/*[1]/*[2]/*[3]	TEI/text/body/listBibl/msDesc/physDesc/ab/listBibl/bibl	1499	regenerated	yes	removed all citedRanges, regenerated from referenced loci	1	1	"<citedRange xmlns=""http://www.tei-c.org/ns/1.0"" unit=""""/>"	"<citedRange xmlns=""http://www.tei-c.org/ns/1.0"" unit=""folios"" from=""1r"" to=""1v"">1r–1v</citedRange>"
1488	data/manuscripts/tei/1488.xml		/*/*[2]/*/*/*/*[3]/*[1]/*[2]/*[4]	TEI/text/body/listBibl/msDesc/physDesc/ab/listBibl/bibl	1497	regenerated	yes	removed all citedRanges, regenerated from referenced loci	1	1	"<citedRange xmlns=""http://www.tei-c.org/ns/1.0"" unit=""""/>"	"<citedRange xmlns=""http://www.tei-c.org/ns/1.0"" unit=""folios"" from=""1r"" to=""2v"">1r–2v</citedRange>"
1488	data/manuscripts/tei/1488.xml		/*/*[2]/*/*/*/*[3]/*[1]/*[2]/*[5]	TEI/text/body/listBibl/msDesc/physDesc/ab/listBibl/bibl	1502	regenerated	yes	removed all citedRanges, regenerated from referenced loci	1	1	"<citedRange xmlns=""http://www.tei-c.org/ns/1.0"" unit=""""/>"	"<citedRange xmlns=""http://www.tei-c.org/ns/1.0"" unit=""folios"" from=""1r"" to=""2v"">1r–2v</citedRange>"
1488	data/manuscripts/tei/1488.xml		/*/*[2]/*/*/*/*[3]/*[1]/*[2]/*[6]	TEI/text/body/listBibl/msDesc/physDesc/ab/listBibl/bibl	1492	regenerated	yes	removed all citedRanges, regenerated from referenced loci	1	1	"<citedRange xmlns=""http://www.tei-c.org/ns/1.0"" unit=""""/>"	"<citedRange xmlns=""http://www.tei-c.org/ns/1.0"" unit=""folios"" from=""1r"" to=""6v"">1r–6v</citedRange>"
1488	data/manuscripts/tei/1488.xml		/*/*[2]/*/*/*/*[3]/*[1]/*[2]/*[7]	TEI/text/body/listBibl/msDesc/physDesc/ab/listBibl/bibl	1477	regenerated	yes	removed all citedRanges, regenerated from referenced loci	1	1	"<citedRange xmlns=""http://www.tei-c.org/ns/1.0"" unit=""""/>"	"<citedRange xmlns=""http://www.tei-c.org/ns/1.0"" unit=""folios"" from=""1r"" to=""24v"">1r–24v</citedRange>"
1488	data/manuscripts/tei/1488.xml		/*/*[2]/*/*/*/*[3]/*[1]/*[2]/*[8]	TEI/text/body/listBibl/msDesc/physDesc/ab/listBibl/bibl	1479	regenerated	yes	removed all citedRanges, regenerated from referenced loci	1	1	"<citedRange xmlns=""http://www.tei-c.org/ns/1.0"" unit=""""/>"	"<citedRange xmlns=""http://www.tei-c.org/ns/1.0"" unit=""folios"" from=""1r"" to=""6v"">1r–6v</citedRange>"
1488	data/manuscripts/tei/1488.xml		/*/*[2]/*/*/*/*[3]/*[1]/*[2]/*[9]	TEI/text/body/listBibl/msDesc/physDesc/ab/listBibl/bibl	587	regenerated	yes	removed all citedRanges, regenerated from referenced loci	1	1	"<citedRange xmlns=""http://www.tei-c.org/ns/1.0"" unit=""""/>"	"<citedRange xmlns=""http://www.tei-c.org/ns/1.0"" unit=""folios"" from=""1r"" to=""6v"">1r–6v</citedRange>"
1488	data/manuscripts/tei/1488.xml		/*/*[2]/*/*/*/*[3]/*[1]/*[2]/*[10]	TEI/text/body/listBibl/msDesc/physDesc/ab/listBibl/bibl	608	regenerated	yes	removed all citedRanges, regenerated from referenced loci	1	1	"<citedRange xmlns=""http://www.tei-c.org/ns/1.0"" unit=""folios""/>"	"<citedRange xmlns=""http://www.tei-c.org/ns/1.0"" unit=""folios"" from=""1r"" to=""46v"">1r–46v</citedRange>"
1489	data/manuscripts/tei/1489.xml		/*/*[2]/*/*/*/*[3]/*[1]/*[2]/*[1]	TEI/text/body/listBibl/msDesc/physDesc/ab/listBibl/bibl	1501	regenerated	yes	removed all citedRanges, regenerated from referenced loci	1	1	"<citedRange xmlns=""http://www.tei-c.org/ns/1.0"" unit=""""/>"	"<citedRange xmlns=""http://www.tei-c.org/ns/1.0"" unit=""folios"" from=""1r"" to=""1v"">1r–1v</citedRange>"
1489	data/manuscripts/tei/1489.xml		/*/*[2]/*/*/*/*[3]/*[1]/*[2]/*[2]	TEI/text/body/listBibl/msDesc/physDesc/ab/listBibl/bibl	1480	regenerated	yes	removed all citedRanges, regenerated from referenced loci	1	1	"<citedRange xmlns=""http://www.tei-c.org/ns/1.0"" unit=""""/>"	"<citedRange xmlns=""http://www.tei-c.org/ns/1.0"" unit=""folios"" from=""1r"" to=""2v"">1r–2v</citedRange>"
1489	data/manuscripts/tei/1489.xml		/*/*[2]/*/*/*/*[3]/*[1]/*[2]/*[3]	TEI/text/body/listBibl/msDesc/physDesc/ab/listBibl/bibl	1474	regenerated	yes	removed all citedRanges, regenerated from referenced loci	1	1	"<citedRange xmlns=""http://www.tei-c.org/ns/1.0"" unit=""""/>"	"<citedRange xmlns=""http://www.tei-c.org/ns/1.0"" unit=""folios"" from=""1r"" to=""6v"">1r–6v</citedRange>"
1489	data/manuscripts/tei/1489.xml		/*/*[2]/*/*/*/*[3]/*[1]/*[2]/*[4]	TEI/text/body/listBibl/msDesc/physDesc/ab/listBibl/bibl	555	regenerated	yes	removed all citedRanges, regenerated from referenced loci	1	1	"<citedRange xmlns=""http://www.tei-c.org/ns/1.0"" unit=""folios""/>"	"<citedRange xmlns=""http://www.tei-c.org/ns/1.0"" unit=""folios"" from=""1r"" to=""19v"">1r–19v</citedRange>"
1490	data/manuscripts/tei/1490.xml		/*/*[2]/*/*/*/*[3]/*[1]/*[2]/*	TEI/text/body/listBibl/msDesc/physDesc/ab/listBibl/bibl	1485	skipped	no	referenced ms 1485 has no usable loci (REF_NO_LOCI); nothing to generate — existing citedRanges left untouched	1	1	"<citedRange xmlns=""http://www.tei-c.org/ns/1.0"" unit=""folios""/>"	"<citedRange xmlns=""http://www.tei-c.org/ns/1.0"" unit=""folios""/>"
1491	data/manuscripts/tei/1491.xml		/*/*[2]/*/*/*/*[3]/*[1]/*[2]/*[1]	TEI/text/body/listBibl/msDesc/physDesc/ab/listBibl/bibl	1484	skipped	no	referenced ms 1484 has no usable loci (REF_NO_LOCI); nothing to generate — existing citedRanges left untouched	1	1	"<citedRange xmlns=""http://www.tei-c.org/ns/1.0"" unit=""""/>"	"<citedRange xmlns=""http://www.tei-c.org/ns/1.0"" unit=""""/>"
1491	data/manuscripts/tei/1491.xml		/*/*[2]/*/*/*/*[3]/*[1]/*[2]/*[2]	TEI/text/body/listBibl/msDesc/physDesc/ab/listBibl/bibl	1481	regenerated	yes	removed all citedRanges, regenerated from referenced loci	1	1	"<citedRange xmlns=""http://www.tei-c.org/ns/1.0"" unit=""folios""/>"	"<citedRange xmlns=""http://www.tei-c.org/ns/1.0"" unit=""folios"" from=""1r"" to=""3v"">1r–3v</citedRange>"
1492	data/manuscripts/tei/1492.xml	jalit-orgmanuscript377	/*/*[2]/*/*/*/*[3]/*[1]/*[2]/*[1]	TEI/text/body/listBibl/msDesc/physDesc/ab/listBibl/bibl	377	skipped	no	referenced ms 377 has no usable loci (REF_NO_LOCI); nothing to generate — existing citedRanges left untouched	1	1	"<citedRange xmlns=""http://www.tei-c.org/ns/1.0"" unit=""folios"">56-65</citedRange>"	"<citedRange xmlns=""http://www.tei-c.org/ns/1.0"" unit=""folios"">56-65</citedRange>"
1492	data/manuscripts/tei/1492.xml	jalit-orgmanuscript639	/*/*[2]/*/*/*/*[3]/*[1]/*[2]/*[2]	TEI/text/body/listBibl/msDesc/physDesc/ab/listBibl/bibl	639	skipped	no	referenced ms 639 has no usable loci (REF_NO_LOCI); nothing to generate — existing citedRanges left untouched	1	1	"<citedRange xmlns=""http://www.tei-c.org/ns/1.0"" unit=""folios"">161-168</citedRange>"	"<citedRange xmlns=""http://www.tei-c.org/ns/1.0"" unit=""folios"">161-168</citedRange>"
1492	data/manuscripts/tei/1492.xml		/*/*[2]/*/*/*/*[3]/*[1]/*[2]/*[3]	TEI/text/body/listBibl/msDesc/physDesc/ab/listBibl/bibl	1499	regenerated	yes	removed all citedRanges, regenerated from referenced loci	1	1	"<citedRange xmlns=""http://www.tei-c.org/ns/1.0"" unit=""""/>"	"<citedRange xmlns=""http://www.tei-c.org/ns/1.0"" unit=""folios"" from=""1r"" to=""1v"">1r–1v</citedRange>"
1492	data/manuscripts/tei/1492.xml		/*/*[2]/*/*/*/*[3]/*[1]/*[2]/*[4]	TEI/text/body/listBibl/msDesc/physDesc/ab/listBibl/bibl	1497	regenerated	yes	removed all citedRanges, regenerated from referenced loci	1	1	"<citedRange xmlns=""http://www.tei-c.org/ns/1.0"" unit=""""/>"	"<citedRange xmlns=""http://www.tei-c.org/ns/1.0"" unit=""folios"" from=""1r"" to=""2v"">1r–2v</citedRange>"
1492	data/manuscripts/tei/1492.xml		/*/*[2]/*/*/*/*[3]/*[1]/*[2]/*[5]	TEI/text/body/listBibl/msDesc/physDesc/ab/listBibl/bibl	1502	regenerated	yes	removed all citedRanges, regenerated from referenced loci	1	1	"<citedRange xmlns=""http://www.tei-c.org/ns/1.0"" unit=""""/>"	"<citedRange xmlns=""http://www.tei-c.org/ns/1.0"" unit=""folios"" from=""1r"" to=""2v"">1r–2v</citedRange>"
1492	data/manuscripts/tei/1492.xml		/*/*[2]/*/*/*/*[3]/*[1]/*[2]/*[6]	TEI/text/body/listBibl/msDesc/physDesc/ab/listBibl/bibl	1488	skipped	no	referenced ms 1488 has no usable loci (REF_NO_LOCI); nothing to generate — existing citedRanges left untouched	1	1	"<citedRange xmlns=""http://www.tei-c.org/ns/1.0"" unit=""""/>"	"<citedRange xmlns=""http://www.tei-c.org/ns/1.0"" unit=""""/>"
1492	data/manuscripts/tei/1492.xml		/*/*[2]/*/*/*/*[3]/*[1]/*[2]/*[7]	TEI/text/body/listBibl/msDesc/physDesc/ab/listBibl/bibl	1477	regenerated	yes	removed all citedRanges, regenerated from referenced loci	1	1	"<citedRange xmlns=""http://www.tei-c.org/ns/1.0"" unit=""""/>"	"<citedRange xmlns=""http://www.tei-c.org/ns/1.0"" unit=""folios"" from=""1r"" to=""24v"">1r–24v</citedRange>"
1492	data/manuscripts/tei/1492.xml		/*/*[2]/*/*/*/*[3]/*[1]/*[2]/*[8]	TEI/text/body/listBibl/msDesc/physDesc/ab/listBibl/bibl	1479	regenerated	yes	removed all citedRanges, regenerated from referenced loci	1	1	"<citedRange xmlns=""http://www.tei-c.org/ns/1.0"" unit=""""/>"	"<citedRange xmlns=""http://www.tei-c.org/ns/1.0"" unit=""folios"" from=""1r"" to=""6v"">1r–6v</citedRange>"
1492	data/manuscripts/tei/1492.xml		/*/*[2]/*/*/*/*[3]/*[1]/*[2]/*[9]	TEI/text/body/listBibl/msDesc/physDesc/ab/listBibl/bibl	587	regenerated	yes	removed all citedRanges, regenerated from referenced loci	1	1	"<citedRange xmlns=""http://www.tei-c.org/ns/1.0"" unit=""""/>"	"<citedRange xmlns=""http://www.tei-c.org/ns/1.0"" unit=""folios"" from=""1r"" to=""6v"">1r–6v</citedRange>"
1492	data/manuscripts/tei/1492.xml		/*/*[2]/*/*/*/*[3]/*[1]/*[2]/*[10]	TEI/text/body/listBibl/msDesc/physDesc/ab/listBibl/bibl	608	regenerated	yes	removed all citedRanges, regenerated from referenced loci	1	1	"<citedRange xmlns=""http://www.tei-c.org/ns/1.0"" unit=""folios""/>"	"<citedRange xmlns=""http://www.tei-c.org/ns/1.0"" unit=""folios"" from=""1r"" to=""46v"">1r–46v</citedRange>"
1497	data/manuscripts/tei/1497.xml		/*/*[2]/*/*/*/*[3]/*[1]/*[2]/*[1]	TEI/text/body/listBibl/msDesc/physDesc/ab/listBibl/bibl	377	skipped	no	referenced ms 377 has no usable loci (REF_NO_LOCI); nothing to generate — existing citedRanges left untouched	1	1	"<citedRange xmlns=""http://www.tei-c.org/ns/1.0"" unit=""folios"">56-65</citedRange>"	"<citedRange xmlns=""http://www.tei-c.org/ns/1.0"" unit=""folios"">56-65</citedRange>"
1497	data/manuscripts/tei/1497.xml		/*/*[2]/*/*/*/*[3]/*[1]/*[2]/*[2]	TEI/text/body/listBibl/msDesc/physDesc/ab/listBibl/bibl	639	skipped	no	referenced ms 639 has no usable loci (REF_NO_LOCI); nothing to generate — existing citedRanges left untouched	1	1	"<citedRange xmlns=""http://www.tei-c.org/ns/1.0"" unit=""folios"">161-168</citedRange>"	"<citedRange xmlns=""http://www.tei-c.org/ns/1.0"" unit=""folios"">161-168</citedRange>"
1497	data/manuscripts/tei/1497.xml		/*/*[2]/*/*/*/*[3]/*[1]/*[2]/*[3]	TEI/text/body/listBibl/msDesc/physDesc/ab/listBibl/bibl	1499	regenerated	yes	removed all citedRanges, regenerated from referenced loci	1	1	"<citedRange xmlns=""http://www.tei-c.org/ns/1.0"" unit=""""/>"	"<citedRange xmlns=""http://www.tei-c.org/ns/1.0"" unit=""folios"" from=""1r"" to=""1v"">1r–1v</citedRange>"
1497	data/manuscripts/tei/1497.xml		/*/*[2]/*/*/*/*[3]/*[1]/*[2]/*[4]	TEI/text/body/listBibl/msDesc/physDesc/ab/listBibl/bibl	1502	regenerated	yes	removed all citedRanges, regenerated from referenced loci	1	1	"<citedRange xmlns=""http://www.tei-c.org/ns/1.0"" unit=""""/>"	"<citedRange xmlns=""http://www.tei-c.org/ns/1.0"" unit=""folios"" from=""1r"" to=""2v"">1r–2v</citedRange>"
1497	data/manuscripts/tei/1497.xml		/*/*[2]/*/*/*/*[3]/*[1]/*[2]/*[5]	TEI/text/body/listBibl/msDesc/physDesc/ab/listBibl/bibl	1488	skipped	no	referenced ms 1488 has no usable loci (REF_NO_LOCI); nothing to generate — existing citedRanges left untouched	1	1	"<citedRange xmlns=""http://www.tei-c.org/ns/1.0"" unit=""""/>"	"<citedRange xmlns=""http://www.tei-c.org/ns/1.0"" unit=""""/>"
1497	data/manuscripts/tei/1497.xml		/*/*[2]/*/*/*/*[3]/*[1]/*[2]/*[6]	TEI/text/body/listBibl/msDesc/physDesc/ab/listBibl/bibl	1492	regenerated	yes	removed all citedRanges, regenerated from referenced loci	1	1	"<citedRange xmlns=""http://www.tei-c.org/ns/1.0"" unit=""""/>"	"<citedRange xmlns=""http://www.tei-c.org/ns/1.0"" unit=""folios"" from=""1r"" to=""6v"">1r–6v</citedRange>"
1497	data/manuscripts/tei/1497.xml		/*/*[2]/*/*/*/*[3]/*[1]/*[2]/*[7]	TEI/text/body/listBibl/msDesc/physDesc/ab/listBibl/bibl	1477	regenerated	yes	removed all citedRanges, regenerated from referenced loci	1	1	"<citedRange xmlns=""http://www.tei-c.org/ns/1.0"" unit=""""/>"	"<citedRange xmlns=""http://www.tei-c.org/ns/1.0"" unit=""folios"" from=""1r"" to=""24v"">1r–24v</citedRange>"
1497	data/manuscripts/tei/1497.xml		/*/*[2]/*/*/*/*[3]/*[1]/*[2]/*[8]	TEI/text/body/listBibl/msDesc/physDesc/ab/listBibl/bibl	1479	regenerated	yes	removed all citedRanges, regenerated from referenced loci	1	1	"<citedRange xmlns=""http://www.tei-c.org/ns/1.0"" unit=""""/>"	"<citedRange xmlns=""http://www.tei-c.org/ns/1.0"" unit=""folios"" from=""1r"" to=""6v"">1r–6v</citedRange>"
1497	data/manuscripts/tei/1497.xml		/*/*[2]/*/*/*/*[3]/*[1]/*[2]/*[9]	TEI/text/body/listBibl/msDesc/physDesc/ab/listBibl/bibl	587	regenerated	yes	removed all citedRanges, regenerated from referenced loci	1	1	"<citedRange xmlns=""http://www.tei-c.org/ns/1.0"" unit=""""/>"	"<citedRange xmlns=""http://www.tei-c.org/ns/1.0"" unit=""folios"" from=""1r"" to=""6v"">1r–6v</citedRange>"
1497	data/manuscripts/tei/1497.xml		/*/*[2]/*/*/*/*[3]/*[1]/*[2]/*[10]	TEI/text/body/listBibl/msDesc/physDesc/ab/listBibl/bibl	608	regenerated	yes	removed all citedRanges, regenerated from referenced loci	1	1	"<citedRange xmlns=""http://www.tei-c.org/ns/1.0"" unit=""folios""/>"	"<citedRange xmlns=""http://www.tei-c.org/ns/1.0"" unit=""folios"" from=""1r"" to=""46v"">1r–46v</citedRange>"
1499	data/manuscripts/tei/1499.xml		/*/*[2]/*/*/*/*[3]/*[1]/*[2]/*[1]	TEI/text/body/listBibl/msDesc/physDesc/ab/listBibl/bibl	377	skipped	no	referenced ms 377 has no usable loci (REF_NO_LOCI); nothing to generate — existing citedRanges left untouched	1	1	"<citedRange xmlns=""http://www.tei-c.org/ns/1.0"" unit="""">56-65</citedRange>"	"<citedRange xmlns=""http://www.tei-c.org/ns/1.0"" unit="""">56-65</citedRange>"
1499	data/manuscripts/tei/1499.xml		/*/*[2]/*/*/*/*[3]/*[1]/*[2]/*[2]	TEI/text/body/listBibl/msDesc/physDesc/ab/listBibl/bibl	639	skipped	no	referenced ms 639 has no usable loci (REF_NO_LOCI); nothing to generate — existing citedRanges left untouched	1	1	"<citedRange xmlns=""http://www.tei-c.org/ns/1.0"" unit="""">161-168</citedRange>"	"<citedRange xmlns=""http://www.tei-c.org/ns/1.0"" unit="""">161-168</citedRange>"
1499	data/manuscripts/tei/1499.xml		/*/*[2]/*/*/*/*[3]/*[1]/*[2]/*[3]	TEI/text/body/listBibl/msDesc/physDesc/ab/listBibl/bibl	1497	regenerated	yes	removed all citedRanges, regenerated from referenced loci	1	1	"<citedRange xmlns=""http://www.tei-c.org/ns/1.0"" unit=""""/>"	"<citedRange xmlns=""http://www.tei-c.org/ns/1.0"" unit=""folios"" from=""1r"" to=""2v"">1r–2v</citedRange>"
1499	data/manuscripts/tei/1499.xml		/*/*[2]/*/*/*/*[3]/*[1]/*[2]/*[4]	TEI/text/body/listBibl/msDesc/physDesc/ab/listBibl/bibl	1502	regenerated	yes	removed all citedRanges, regenerated from referenced loci	1	1	"<citedRange xmlns=""http://www.tei-c.org/ns/1.0"" unit=""""/>"	"<citedRange xmlns=""http://www.tei-c.org/ns/1.0"" unit=""folios"" from=""1r"" to=""2v"">1r–2v</citedRange>"
1499	data/manuscripts/tei/1499.xml		/*/*[2]/*/*/*/*[3]/*[1]/*[2]/*[5]	TEI/text/body/listBibl/msDesc/physDesc/ab/listBibl/bibl	1488	skipped	no	referenced ms 1488 has no usable loci (REF_NO_LOCI); nothing to generate — existing citedRanges left untouched	1	1	"<citedRange xmlns=""http://www.tei-c.org/ns/1.0"" unit=""""/>"	"<citedRange xmlns=""http://www.tei-c.org/ns/1.0"" unit=""""/>"
1499	data/manuscripts/tei/1499.xml		/*/*[2]/*/*/*/*[3]/*[1]/*[2]/*[6]	TEI/text/body/listBibl/msDesc/physDesc/ab/listBibl/bibl	1492	regenerated	yes	removed all citedRanges, regenerated from referenced loci	1	1	"<citedRange xmlns=""http://www.tei-c.org/ns/1.0"" unit=""""/>"	"<citedRange xmlns=""http://www.tei-c.org/ns/1.0"" unit=""folios"" from=""1r"" to=""6v"">1r–6v</citedRange>"
1499	data/manuscripts/tei/1499.xml		/*/*[2]/*/*/*/*[3]/*[1]/*[2]/*[7]	TEI/text/body/listBibl/msDesc/physDesc/ab/listBibl/bibl	1477	regenerated	yes	removed all citedRanges, regenerated from referenced loci	1	1	"<citedRange xmlns=""http://www.tei-c.org/ns/1.0"" unit=""""/>"	"<citedRange xmlns=""http://www.tei-c.org/ns/1.0"" unit=""folios"" from=""1r"" to=""24v"">1r–24v</citedRange>"
1499	data/manuscripts/tei/1499.xml		/*/*[2]/*/*/*/*[3]/*[1]/*[2]/*[8]	TEI/text/body/listBibl/msDesc/physDesc/ab/listBibl/bibl	1479	regenerated	yes	removed all citedRanges, regenerated from referenced loci	1	1	"<citedRange xmlns=""http://www.tei-c.org/ns/1.0"" unit=""""/>"	"<citedRange xmlns=""http://www.tei-c.org/ns/1.0"" unit=""folios"" from=""1r"" to=""6v"">1r–6v</citedRange>"
1499	data/manuscripts/tei/1499.xml		/*/*[2]/*/*/*/*[3]/*[1]/*[2]/*[9]	TEI/text/body/listBibl/msDesc/physDesc/ab/listBibl/bibl	587	regenerated	yes	removed all citedRanges, regenerated from referenced loci	1	1	"<citedRange xmlns=""http://www.tei-c.org/ns/1.0"" unit=""""/>"	"<citedRange xmlns=""http://www.tei-c.org/ns/1.0"" unit=""folios"" from=""1r"" to=""6v"">1r–6v</citedRange>"
1499	data/manuscripts/tei/1499.xml		/*/*[2]/*/*/*/*[3]/*[1]/*[2]/*[10]	TEI/text/body/listBibl/msDesc/physDesc/ab/listBibl/bibl	608	regenerated	yes	removed all citedRanges, regenerated from referenced loci	1	1	"<citedRange xmlns=""http://www.tei-c.org/ns/1.0"" unit=""folios""/>"	"<citedRange xmlns=""http://www.tei-c.org/ns/1.0"" unit=""folios"" from=""1r"" to=""46v"">1r–46v</citedRange>"
1501	data/manuscripts/tei/1501.xml		/*/*[2]/*/*/*/*[3]/*[1]/*[2]/*[1]	TEI/text/body/listBibl/msDesc/physDesc/ab/listBibl/bibl	1489	skipped	no	referenced ms 1489 has no usable loci (REF_NO_LOCI); nothing to generate — existing citedRanges left untouched	1	1	"<citedRange xmlns=""http://www.tei-c.org/ns/1.0"" unit=""""/>"	"<citedRange xmlns=""http://www.tei-c.org/ns/1.0"" unit=""""/>"
1501	data/manuscripts/tei/1501.xml		/*/*[2]/*/*/*/*[3]/*[1]/*[2]/*[2]	TEI/text/body/listBibl/msDesc/physDesc/ab/listBibl/bibl	1474	regenerated	yes	removed all citedRanges, regenerated from referenced loci	1	1	"<citedRange xmlns=""http://www.tei-c.org/ns/1.0"" unit=""""/>"	"<citedRange xmlns=""http://www.tei-c.org/ns/1.0"" unit=""folios"" from=""1r"" to=""6v"">1r–6v</citedRange>"
1501	data/manuscripts/tei/1501.xml		/*/*[2]/*/*/*/*[3]/*[1]/*[2]/*[3]	TEI/text/body/listBibl/msDesc/physDesc/ab/listBibl/bibl	1480	regenerated	yes	removed all citedRanges, regenerated from referenced loci	1	1	"<citedRange xmlns=""http://www.tei-c.org/ns/1.0"" unit=""""/>"	"<citedRange xmlns=""http://www.tei-c.org/ns/1.0"" unit=""folios"" from=""1r"" to=""2v"">1r–2v</citedRange>"
1501	data/manuscripts/tei/1501.xml		/*/*[2]/*/*/*/*[3]/*[1]/*[2]/*[4]	TEI/text/body/listBibl/msDesc/physDesc/ab/listBibl/bibl	555	regenerated	yes	removed all citedRanges, regenerated from referenced loci	1	1	"<citedRange xmlns=""http://www.tei-c.org/ns/1.0"" unit=""folios""/>"	"<citedRange xmlns=""http://www.tei-c.org/ns/1.0"" unit=""folios"" from=""1r"" to=""19v"">1r–19v</citedRange>"
1502	data/manuscripts/tei/1502.xml	jalit-orgmanuscript377	/*/*[2]/*/*/*/*[3]/*[1]/*[2]/*[1]	TEI/text/body/listBibl/msDesc/physDesc/ab/listBibl/bibl	377	skipped	no	referenced ms 377 has no usable loci (REF_NO_LOCI); nothing to generate — existing citedRanges left untouched	1	1	"<citedRange xmlns=""http://www.tei-c.org/ns/1.0"" unit=""folios"">56-65</citedRange>"	"<citedRange xmlns=""http://www.tei-c.org/ns/1.0"" unit=""folios"">56-65</citedRange>"
1502	data/manuscripts/tei/1502.xml		/*/*[2]/*/*/*/*[3]/*[1]/*[2]/*[2]	TEI/text/body/listBibl/msDesc/physDesc/ab/listBibl/bibl	639	skipped	no	referenced ms 639 has no usable loci (REF_NO_LOCI); nothing to generate — existing citedRanges left untouched	1	1	"<citedRange xmlns=""http://www.tei-c.org/ns/1.0"" unit=""folios"">161-168</citedRange>"	"<citedRange xmlns=""http://www.tei-c.org/ns/1.0"" unit=""folios"">161-168</citedRange>"
1502	data/manuscripts/tei/1502.xml		/*/*[2]/*/*/*/*[3]/*[1]/*[2]/*[3]	TEI/text/body/listBibl/msDesc/physDesc/ab/listBibl/bibl	1499	regenerated	yes	removed all citedRanges, regenerated from referenced loci	1	1	"<citedRange xmlns=""http://www.tei-c.org/ns/1.0"" unit=""""/>"	"<citedRange xmlns=""http://www.tei-c.org/ns/1.0"" unit=""folios"" from=""1r"" to=""1v"">1r–1v</citedRange>"
1502	data/manuscripts/tei/1502.xml		/*/*[2]/*/*/*/*[3]/*[1]/*[2]/*[4]	TEI/text/body/listBibl/msDesc/physDesc/ab/listBibl/bibl	1497	regenerated	yes	removed all citedRanges, regenerated from referenced loci	1	1	"<citedRange xmlns=""http://www.tei-c.org/ns/1.0"" unit=""""/>"	"<citedRange xmlns=""http://www.tei-c.org/ns/1.0"" unit=""folios"" from=""1r"" to=""2v"">1r–2v</citedRange>"
1502	data/manuscripts/tei/1502.xml		/*/*[2]/*/*/*/*[3]/*[1]/*[2]/*[5]	TEI/text/body/listBibl/msDesc/physDesc/ab/listBibl/bibl	1488	skipped	no	referenced ms 1488 has no usable loci (REF_NO_LOCI); nothing to generate — existing citedRanges left untouched	1	1	"<citedRange xmlns=""http://www.tei-c.org/ns/1.0"" unit=""""/>"	"<citedRange xmlns=""http://www.tei-c.org/ns/1.0"" unit=""""/>"
1502	data/manuscripts/tei/1502.xml		/*/*[2]/*/*/*/*[3]/*[1]/*[2]/*[6]	TEI/text/body/listBibl/msDesc/physDesc/ab/listBibl/bibl	1492	regenerated	yes	removed all citedRanges, regenerated from referenced loci	1	1	"<citedRange xmlns=""http://www.tei-c.org/ns/1.0"" unit=""""/>"	"<citedRange xmlns=""http://www.tei-c.org/ns/1.0"" unit=""folios"" from=""1r"" to=""6v"">1r–6v</citedRange>"
1502	data/manuscripts/tei/1502.xml		/*/*[2]/*/*/*/*[3]/*[1]/*[2]/*[7]	TEI/text/body/listBibl/msDesc/physDesc/ab/listBibl/bibl	496	skipped	no	referenced ms 496 has no usable loci (REF_NO_LOCI); nothing to generate — existing citedRanges left untouched	1	1	"<citedRange xmlns=""http://www.tei-c.org/ns/1.0"" unit=""""/>"	"<citedRange xmlns=""http://www.tei-c.org/ns/1.0"" unit=""""/>"
1502	data/manuscripts/tei/1502.xml		/*/*[2]/*/*/*/*[3]/*[1]/*[2]/*[8]	TEI/text/body/listBibl/msDesc/physDesc/ab/listBibl/bibl	1479	regenerated	yes	removed all citedRanges, regenerated from referenced loci	1	1	"<citedRange xmlns=""http://www.tei-c.org/ns/1.0"" unit=""""/>"	"<citedRange xmlns=""http://www.tei-c.org/ns/1.0"" unit=""folios"" from=""1r"" to=""6v"">1r–6v</citedRange>"
1502	data/manuscripts/tei/1502.xml		/*/*[2]/*/*/*/*[3]/*[1]/*[2]/*[9]	TEI/text/body/listBibl/msDesc/physDesc/ab/listBibl/bibl	587	regenerated	yes	removed all citedRanges, regenerated from referenced loci	1	1	"<citedRange xmlns=""http://www.tei-c.org/ns/1.0"" unit=""""/>"	"<citedRange xmlns=""http://www.tei-c.org/ns/1.0"" unit=""folios"" from=""1r"" to=""6v"">1r–6v</citedRange>"
1502	data/manuscripts/tei/1502.xml		/*/*[2]/*/*/*/*[3]/*[1]/*[2]/*[10]	TEI/text/body/listBibl/msDesc/physDesc/ab/listBibl/bibl	608	regenerated	yes	removed all citedRanges, regenerated from referenced loci	1	1	"<citedRange xmlns=""http://www.tei-c.org/ns/1.0"" unit=""folios""/>"	"<citedRange xmlns=""http://www.tei-c.org/ns/1.0"" unit=""folios"" from=""1r"" to=""46v"">1r–46v</citedRange>"
151	data/manuscripts/tei/151.xml		/*/*[2]/*/*/*/*[3]/*[1]/*[2]/*	TEI/text/body/listBibl/msDesc/physDesc/ab/listBibl/bibl	92	skipped	no	referenced ms 92 has no usable loci (REF_NO_LOCI); nothing to generate — existing citedRanges left untouched	0	0		
152	data/manuscripts/tei/152.xml		/*/*[2]/*/*/*/*[3]/*[1]/*[2]/*	TEI/text/body/listBibl/msDesc/physDesc/ab/listBibl/bibl	153	skipped	no	referenced ms 153 has no usable loci (REF_NO_LOCI); nothing to generate — existing citedRanges left untouched	0	0		
153	data/manuscripts/tei/153.xml		/*/*[2]/*/*/*/*[3]/*[1]/*[2]/*	TEI/text/body/listBibl/msDesc/physDesc/ab/listBibl/bibl	152	skipped	no	referenced ms 152 has no usable loci (REF_NO_LOCI); nothing to generate — existing citedRanges left untouched	0	0		
1570	data/manuscripts/tei/1570.xml	jalit-orgmanuscript1571	/*/*[2]/*/*/*/*[3]/*[2]/*[2]/*	TEI/text/body/listBibl/msDesc/physDesc/ab/listBibl/bibl	1571	regenerated	yes	removed all citedRanges, regenerated from referenced loci	0	5		"<citedRange xmlns=""http://www.tei-c.org/ns/1.0"" unit=""folios"" from=""10r"" to=""31v"">10r–31v</citedRange> <citedRange xmlns=""http://www.tei-c.org/ns/1.0"" unit=""folios"" from=""37r"" to=""44v"">37r–44v</citedRange> <citedRange xmlns=""http://www.tei-c.org/ns/1.0"" unit=""folios"" from=""110r"" to=""110v"">110r–110v</citedRange> <citedRange xmlns=""http://www.tei-c.org/ns/1.0"" unit=""folios"" from=""125r"" to=""125v"">125r–125v</citedRange> <citedRange xmlns=""http://www.tei-c.org/ns/1.0"" unit=""folios"" from=""150r"" to=""158v"">150r–158v</citedRange>"
1571	data/manuscripts/tei/1571.xml	jalit-orgmanuscript1570	/*/*[2]/*/*/*/*[3]/*[1]/*[2]/*	TEI/text/body/listBibl/msDesc/physDesc/ab/listBibl/bibl	1570	regenerated	yes	removed all citedRanges, regenerated from referenced loci	0	1		"<citedRange xmlns=""http://www.tei-c.org/ns/1.0"" unit=""folios"" from=""5r"" to=""5v"">5r–5v</citedRange>"
1575	data/manuscripts/tei/1575.xml	jalit-orgmanuscript1578	/*/*[2]/*/*/*/*[3]/*[1]/*[2]/*[1]	TEI/text/body/listBibl/msDesc/physDesc/ab/listBibl/bibl	1578	regenerated	yes	removed all citedRanges, regenerated from referenced loci	0	1		"<citedRange xmlns=""http://www.tei-c.org/ns/1.0"" unit=""folios"" from=""1r"" to=""1v"">1r–1v</citedRange>"
1575	data/manuscripts/tei/1575.xml	jalit-orgmanuscript1577	/*/*[2]/*/*/*/*[3]/*[1]/*[2]/*[2]	TEI/text/body/listBibl/msDesc/physDesc/ab/listBibl/bibl	1577	regenerated	yes	removed all citedRanges, regenerated from referenced loci	0	1		"<citedRange xmlns=""http://www.tei-c.org/ns/1.0"" unit=""folios"" from=""23r"" to=""23v"">23r–23v</citedRange>"
1575	data/manuscripts/tei/1575.xml	jalit-orgmanuscript1576	/*/*[2]/*/*/*/*[3]/*[1]/*[2]/*[3]	TEI/text/body/listBibl/msDesc/physDesc/ab/listBibl/bibl	1576	regenerated	yes	removed all citedRanges, regenerated from referenced loci	0	1		"<citedRange xmlns=""http://www.tei-c.org/ns/1.0"" unit=""folios"" from=""7r"" to=""8v"">7r–8v</citedRange>"
1575	data/manuscripts/tei/1575.xml	jalit-orgmanuscript313	/*/*[2]/*/*/*/*[3]/*[1]/*[2]/*[4]	TEI/text/body/listBibl/msDesc/physDesc/ab/listBibl/bibl	313	regenerated	yes	removed all citedRanges, regenerated from referenced loci	0	1		"<citedRange xmlns=""http://www.tei-c.org/ns/1.0"" unit=""folios"" from=""1r"" to=""1v"">1r–1v</citedRange>"
1575	data/manuscripts/tei/1575.xml	jalit-orgmanuscript311	/*/*[2]/*/*/*/*[3]/*[1]/*[2]/*[5]	TEI/text/body/listBibl/msDesc/physDesc/ab/listBibl/bibl	311	regenerated	yes	removed all citedRanges, regenerated from referenced loci	0	1		"<citedRange xmlns=""http://www.tei-c.org/ns/1.0"" unit=""folios"" from=""1r"" to=""1v"">1r–1v</citedRange>"
1575	data/manuscripts/tei/1575.xml	jalit-orgmanuscript345	/*/*[2]/*/*/*/*[3]/*[1]/*[2]/*[6]	TEI/text/body/listBibl/msDesc/physDesc/ab/listBibl/bibl	345	regenerated	yes	removed all citedRanges, regenerated from referenced loci	0	1		"<citedRange xmlns=""http://www.tei-c.org/ns/1.0"" unit=""folios"" from=""1r"" to=""3v"">1r–3v</citedRange>"
1575	data/manuscripts/tei/1575.xml	jalit-orgmanuscript360	/*/*[2]/*/*/*/*[3]/*[1]/*[2]/*[7]	TEI/text/body/listBibl/msDesc/physDesc/ab/listBibl/bibl	360	regenerated	yes	removed all citedRanges, regenerated from referenced loci	0	1		"<citedRange xmlns=""http://www.tei-c.org/ns/1.0"" unit=""folios"" from=""1r"" to=""36v"">1r–36v</citedRange>"
1576	data/manuscripts/tei/1576.xml	jalit-orgmanuscript1578	/*/*[2]/*/*/*/*[3]/*[1]/*[2]/*[1]	TEI/text/body/listBibl/msDesc/physDesc/ab/listBibl/bibl	1578	regenerated	yes	removed all citedRanges, regenerated from referenced loci	0	1		"<citedRange xmlns=""http://www.tei-c.org/ns/1.0"" unit=""folios"" from=""1r"" to=""1v"">1r–1v</citedRange>"
1576	data/manuscripts/tei/1576.xml	jalit-orgmanuscript1577	/*/*[2]/*/*/*/*[3]/*[1]/*[2]/*[2]	TEI/text/body/listBibl/msDesc/physDesc/ab/listBibl/bibl	1577	regenerated	yes	removed all citedRanges, regenerated from referenced loci	0	1		"<citedRange xmlns=""http://www.tei-c.org/ns/1.0"" unit=""folios"" from=""23r"" to=""23v"">23r–23v</citedRange>"
1576	data/manuscripts/tei/1576.xml	jalit-orgmanuscript1575	/*/*[2]/*/*/*/*[3]/*[1]/*[2]/*[3]	TEI/text/body/listBibl/msDesc/physDesc/ab/listBibl/bibl	1575	regenerated	yes	removed all citedRanges, regenerated from referenced loci	0	1		"<citedRange xmlns=""http://www.tei-c.org/ns/1.0"" unit=""folios"" from=""1r"" to=""1v"">1r–1v</citedRange>"
1576	data/manuscripts/tei/1576.xml	jalit-orgmanuscript313	/*/*[2]/*/*/*/*[3]/*[1]/*[2]/*[4]	TEI/text/body/listBibl/msDesc/physDesc/ab/listBibl/bibl	313	regenerated	yes	removed all citedRanges, regenerated from referenced loci	0	1		"<citedRange xmlns=""http://www.tei-c.org/ns/1.0"" unit=""folios"" from=""1r"" to=""1v"">1r–1v</citedRange>"
1576	data/manuscripts/tei/1576.xml	jalit-orgmanuscript311	/*/*[2]/*/*/*/*[3]/*[1]/*[2]/*[5]	TEI/text/body/listBibl/msDesc/physDesc/ab/listBibl/bibl	311	regenerated	yes	removed all citedRanges, regenerated from referenced loci	0	1		"<citedRange xmlns=""http://www.tei-c.org/ns/1.0"" unit=""folios"" from=""1r"" to=""1v"">1r–1v</citedRange>"
1576	data/manuscripts/tei/1576.xml	jalit-orgmanuscript345	/*/*[2]/*/*/*/*[3]/*[1]/*[2]/*[6]	TEI/text/body/listBibl/msDesc/physDesc/ab/listBibl/bibl	345	regenerated	yes	removed all citedRanges, regenerated from referenced loci	0	1		"<citedRange xmlns=""http://www.tei-c.org/ns/1.0"" unit=""folios"" from=""1r"" to=""3v"">1r–3v</citedRange>"
1576	data/manuscripts/tei/1576.xml	jalit-orgmanuscript360	/*/*[2]/*/*/*/*[3]/*[1]/*[2]/*[7]	TEI/text/body/listBibl/msDesc/physDesc/ab/listBibl/bibl	360	regenerated	yes	removed all citedRanges, regenerated from referenced loci	0	1		"<citedRange xmlns=""http://www.tei-c.org/ns/1.0"" unit=""folios"" from=""1r"" to=""36v"">1r–36v</citedRange>"
1577	data/manuscripts/tei/1577.xml	jalit-orgmanuscript1578	/*/*[2]/*/*/*/*[3]/*[1]/*[2]/*[1]	TEI/text/body/listBibl/msDesc/physDesc/ab/listBibl/bibl	1578	regenerated	yes	removed all citedRanges, regenerated from referenced loci	0	1		"<citedRange xmlns=""http://www.tei-c.org/ns/1.0"" unit=""folios"" from=""1r"" to=""1v"">1r–1v</citedRange>"
1577	data/manuscripts/tei/1577.xml	jalit-orgmanuscript1576	/*/*[2]/*/*/*/*[3]/*[1]/*[2]/*[2]	TEI/text/body/listBibl/msDesc/physDesc/ab/listBibl/bibl	1576	regenerated	yes	removed all citedRanges, regenerated from referenced loci	0	1		"<citedRange xmlns=""http://www.tei-c.org/ns/1.0"" unit=""folios"" from=""7r"" to=""8v"">7r–8v</citedRange>"
1577	data/manuscripts/tei/1577.xml	jalit-orgmanuscript1575	/*/*[2]/*/*/*/*[3]/*[1]/*[2]/*[3]	TEI/text/body/listBibl/msDesc/physDesc/ab/listBibl/bibl	1575	regenerated	yes	removed all citedRanges, regenerated from referenced loci	0	1		"<citedRange xmlns=""http://www.tei-c.org/ns/1.0"" unit=""folios"" from=""1r"" to=""1v"">1r–1v</citedRange>"
1577	data/manuscripts/tei/1577.xml	jalit-orgmanuscript313	/*/*[2]/*/*/*/*[3]/*[1]/*[2]/*[4]	TEI/text/body/listBibl/msDesc/physDesc/ab/listBibl/bibl	313	regenerated	yes	removed all citedRanges, regenerated from referenced loci	0	1		"<citedRange xmlns=""http://www.tei-c.org/ns/1.0"" unit=""folios"" from=""1r"" to=""1v"">1r–1v</citedRange>"
1577	data/manuscripts/tei/1577.xml	jalit-orgmanuscript311	/*/*[2]/*/*/*/*[3]/*[1]/*[2]/*[5]	TEI/text/body/listBibl/msDesc/physDesc/ab/listBibl/bibl	311	regenerated	yes	removed all citedRanges, regenerated from referenced loci	0	1		"<citedRange xmlns=""http://www.tei-c.org/ns/1.0"" unit=""folios"" from=""1r"" to=""1v"">1r–1v</citedRange>"
1577	data/manuscripts/tei/1577.xml	jalit-orgmanuscript345	/*/*[2]/*/*/*/*[3]/*[1]/*[2]/*[6]	TEI/text/body/listBibl/msDesc/physDesc/ab/listBibl/bibl	345	regenerated	yes	removed all citedRanges, regenerated from referenced loci	0	1		"<citedRange xmlns=""http://www.tei-c.org/ns/1.0"" unit=""folios"" from=""1r"" to=""3v"">1r–3v</citedRange>"
1577	data/manuscripts/tei/1577.xml	jalit-orgmanuscript360	/*/*[2]/*/*/*/*[3]/*[1]/*[2]/*[7]	TEI/text/body/listBibl/msDesc/physDesc/ab/listBibl/bibl	360	regenerated	yes	removed all citedRanges, regenerated from referenced loci	0	1		"<citedRange xmlns=""http://www.tei-c.org/ns/1.0"" unit=""folios"" from=""1r"" to=""36v"">1r–36v</citedRange>"
1578	data/manuscripts/tei/1578.xml	jalit-orgmanuscript1577	/*/*[2]/*/*/*/*[3]/*[1]/*[2]/*[1]	TEI/text/body/listBibl/msDesc/physDesc/ab/listBibl/bibl	1577	regenerated	yes	removed all citedRanges, regenerated from referenced loci	0	1		"<citedRange xmlns=""http://www.tei-c.org/ns/1.0"" unit=""folios"" from=""23r"" to=""23v"">23r–23v</citedRange>"
1578	data/manuscripts/tei/1578.xml	jalit-orgmanuscript1576	/*/*[2]/*/*/*/*[3]/*[1]/*[2]/*[2]	TEI/text/body/listBibl/msDesc/physDesc/ab/listBibl/bibl	1576	regenerated	yes	removed all citedRanges, regenerated from referenced loci	0	1		"<citedRange xmlns=""http://www.tei-c.org/ns/1.0"" unit=""folios"" from=""7r"" to=""8v"">7r–8v</citedRange>"
1578	data/manuscripts/tei/1578.xml	jalit-orgmanuscript1575	/*/*[2]/*/*/*/*[3]/*[1]/*[2]/*[3]	TEI/text/body/listBibl/msDesc/physDesc/ab/listBibl/bibl	1575	regenerated	yes	removed all citedRanges, regenerated from referenced loci	0	1		"<citedRange xmlns=""http://www.tei-c.org/ns/1.0"" unit=""folios"" from=""1r"" to=""1v"">1r–1v</citedRange>"
1578	data/manuscripts/tei/1578.xml	jalit-orgmanuscript313	/*/*[2]/*/*/*/*[3]/*[1]/*[2]/*[4]	TEI/text/body/listBibl/msDesc/physDesc/ab/listBibl/bibl	313	regenerated	yes	removed all citedRanges, regenerated from referenced loci	0	1		"<citedRange xmlns=""http://www.tei-c.org/ns/1.0"" unit=""folios"" from=""1r"" to=""1v"">1r–1v</citedRange>"
1578	data/manuscripts/tei/1578.xml	jalit-orgmanuscript311	/*/*[2]/*/*/*/*[3]/*[1]/*[2]/*[5]	TEI/text/body/listBibl/msDesc/physDesc/ab/listBibl/bibl	311	regenerated	yes	removed all citedRanges, regenerated from referenced loci	0	1		"<citedRange xmlns=""http://www.tei-c.org/ns/1.0"" unit=""folios"" from=""1r"" to=""1v"">1r–1v</citedRange>"
1578	data/manuscripts/tei/1578.xml	jalit-orgmanuscript345	/*/*[2]/*/*/*/*[3]/*[1]/*[2]/*[6]	TEI/text/body/listBibl/msDesc/physDesc/ab/listBibl/bibl	345	regenerated	yes	removed all citedRanges, regenerated from referenced loci	0	1		"<citedRange xmlns=""http://www.tei-c.org/ns/1.0"" unit=""folios"" from=""1r"" to=""3v"">1r–3v</citedRange>"
1578	data/manuscripts/tei/1578.xml	jalit-orgmanuscript360	/*/*[2]/*/*/*/*[3]/*[1]/*[2]/*[7]	TEI/text/body/listBibl/msDesc/physDesc/ab/listBibl/bibl	360	regenerated	yes	removed all citedRanges, regenerated from referenced loci	0	1		"<citedRange xmlns=""http://www.tei-c.org/ns/1.0"" unit=""folios"" from=""1r"" to=""36v"">1r–36v</citedRange>"
1580	data/manuscripts/tei/1580.xml	jalit-orgmanuscript1583	/*/*[2]/*/*/*/*[3]/*[1]/*[2]/*[1]	TEI/text/body/listBibl/msDesc/physDesc/ab/listBibl/bibl	1583	regenerated	yes	removed all citedRanges, regenerated from referenced loci	0	1		"<citedRange xmlns=""http://www.tei-c.org/ns/1.0"" unit=""folios"" from=""1r"" to=""1v"">1r–1v</citedRange>"
1580	data/manuscripts/tei/1580.xml	jalit-orgmanuscript1582	/*/*[2]/*/*/*/*[3]/*[1]/*[2]/*[2]	TEI/text/body/listBibl/msDesc/physDesc/ab/listBibl/bibl	1582	regenerated	yes	removed all citedRanges, regenerated from referenced loci	0	1		"<citedRange xmlns=""http://www.tei-c.org/ns/1.0"" unit=""folios"" from=""1r"" to=""2v"">1r–2v</citedRange>"
1580	data/manuscripts/tei/1580.xml	jalit-orgmanuscript1581	/*/*[2]/*/*/*/*[3]/*[1]/*[2]/*[3]	TEI/text/body/listBibl/msDesc/physDesc/ab/listBibl/bibl	1581	regenerated	yes	removed all citedRanges, regenerated from referenced loci	0	1		"<citedRange xmlns=""http://www.tei-c.org/ns/1.0"" unit=""folios"" from=""1r"" to=""9v"">1r–9v</citedRange>"
1580	data/manuscripts/tei/1580.xml	jalit-orgmanuscript353	/*/*[2]/*/*/*/*[3]/*[1]/*[2]/*[4]	TEI/text/body/listBibl/msDesc/physDesc/ab/listBibl/bibl	353	regenerated	yes	removed all citedRanges, regenerated from referenced loci	0	1		"<citedRange xmlns=""http://www.tei-c.org/ns/1.0"" unit=""folios"" from=""1r"" to=""114v"">1r–114v</citedRange>"
1581	data/manuscripts/tei/1581.xml	jalit-orgmanuscript1583	/*/*[2]/*/*/*/*[3]/*[1]/*[2]/*[1]	TEI/text/body/listBibl/msDesc/physDesc/ab/listBibl/bibl	1583	regenerated	yes	removed all citedRanges, regenerated from referenced loci	0	1		"<citedRange xmlns=""http://www.tei-c.org/ns/1.0"" unit=""folios"" from=""1r"" to=""1v"">1r–1v</citedRange>"
1581	data/manuscripts/tei/1581.xml	jalit-orgmanuscript1582	/*/*[2]/*/*/*/*[3]/*[1]/*[2]/*[2]	TEI/text/body/listBibl/msDesc/physDesc/ab/listBibl/bibl	1582	regenerated	yes	removed all citedRanges, regenerated from referenced loci	0	1		"<citedRange xmlns=""http://www.tei-c.org/ns/1.0"" unit=""folios"" from=""1r"" to=""2v"">1r–2v</citedRange>"
1581	data/manuscripts/tei/1581.xml	jalit-orgmanuscript1580	/*/*[2]/*/*/*/*[3]/*[1]/*[2]/*[3]	TEI/text/body/listBibl/msDesc/physDesc/ab/listBibl/bibl	1580	regenerated	yes	removed all citedRanges, regenerated from referenced loci	0	1		"<citedRange xmlns=""http://www.tei-c.org/ns/1.0"" unit=""folios"" from=""17r"" to=""17v"">17r–17v</citedRange>"
1581	data/manuscripts/tei/1581.xml	jalit-orgmanuscript353	/*/*[2]/*/*/*/*[3]/*[1]/*[2]/*[4]	TEI/text/body/listBibl/msDesc/physDesc/ab/listBibl/bibl	353	regenerated	yes	removed all citedRanges, regenerated from referenced loci	0	1		"<citedRange xmlns=""http://www.tei-c.org/ns/1.0"" unit=""folios"" from=""1r"" to=""114v"">1r–114v</citedRange>"
1582	data/manuscripts/tei/1582.xml	jalit-orgmanuscript1583	/*/*[2]/*/*/*/*[3]/*[1]/*[2]/*[1]	TEI/text/body/listBibl/msDesc/physDesc/ab/listBibl/bibl	1583	regenerated	yes	removed all citedRanges, regenerated from referenced loci	0	1		"<citedRange xmlns=""http://www.tei-c.org/ns/1.0"" unit=""folios"" from=""1r"" to=""1v"">1r–1v</citedRange>"
1582	data/manuscripts/tei/1582.xml	jalit-orgmanuscript1581	/*/*[2]/*/*/*/*[3]/*[1]/*[2]/*[2]	TEI/text/body/listBibl/msDesc/physDesc/ab/listBibl/bibl	1581	regenerated	yes	removed all citedRanges, regenerated from referenced loci	0	1		"<citedRange xmlns=""http://www.tei-c.org/ns/1.0"" unit=""folios"" from=""1r"" to=""9v"">1r–9v</citedRange>"
1582	data/manuscripts/tei/1582.xml	jalit-orgmanuscript1580	/*/*[2]/*/*/*/*[3]/*[1]/*[2]/*[3]	TEI/text/body/listBibl/msDesc/physDesc/ab/listBibl/bibl	1580	regenerated	yes	removed all citedRanges, regenerated from referenced loci	0	1		"<citedRange xmlns=""http://www.tei-c.org/ns/1.0"" unit=""folios"" from=""17r"" to=""17v"">17r–17v</citedRange>"
1582	data/manuscripts/tei/1582.xml	jalit-orgmanuscript353	/*/*[2]/*/*/*/*[3]/*[1]/*[2]/*[4]	TEI/text/body/listBibl/msDesc/physDesc/ab/listBibl/bibl	353	regenerated	yes	removed all citedRanges, regenerated from referenced loci	0	1		"<citedRange xmlns=""http://www.tei-c.org/ns/1.0"" unit=""folios"" from=""1r"" to=""114v"">1r–114v</citedRange>"
1583	data/manuscripts/tei/1583.xml	jalit-orgmanuscript1582	/*/*[2]/*/*/*/*[3]/*[1]/*[2]/*[1]	TEI/text/body/listBibl/msDesc/physDesc/ab/listBibl/bibl	1582	regenerated	yes	removed all citedRanges, regenerated from referenced loci	0	1		"<citedRange xmlns=""http://www.tei-c.org/ns/1.0"" unit=""folios"" from=""1r"" to=""2v"">1r–2v</citedRange>"
1583	data/manuscripts/tei/1583.xml	jalit-orgmanuscript1581	/*/*[2]/*/*/*/*[3]/*[1]/*[2]/*[2]	TEI/text/body/listBibl/msDesc/physDesc/ab/listBibl/bibl	1581	regenerated	yes	removed all citedRanges, regenerated from referenced loci	0	1		"<citedRange xmlns=""http://www.tei-c.org/ns/1.0"" unit=""folios"" from=""1r"" to=""9v"">1r–9v</citedRange>"
1583	data/manuscripts/tei/1583.xml	jalit-orgmanuscript1580	/*/*[2]/*/*/*/*[3]/*[1]/*[2]/*[3]	TEI/text/body/listBibl/msDesc/physDesc/ab/listBibl/bibl	1580	regenerated	yes	removed all citedRanges, regenerated from referenced loci	0	1		"<citedRange xmlns=""http://www.tei-c.org/ns/1.0"" unit=""folios"" from=""17r"" to=""17v"">17r–17v</citedRange>"
1583	data/manuscripts/tei/1583.xml	jalit-orgmanuscript353	/*/*[2]/*/*/*/*[3]/*[1]/*[2]/*[4]	TEI/text/body/listBibl/msDesc/physDesc/ab/listBibl/bibl	353	regenerated	yes	removed all citedRanges, regenerated from referenced loci	0	1		"<citedRange xmlns=""http://www.tei-c.org/ns/1.0"" unit=""folios"" from=""1r"" to=""114v"">1r–114v</citedRange>"
1585	data/manuscripts/tei/1585.xml	jalit-orgmanuscript459	/*/*[2]/*/*/*/*[3]/*[1]/*[2]/*	TEI/text/body/listBibl/msDesc/physDesc/ab/listBibl/bibl	459	skipped	no	referenced ms 459 has no usable loci (REF_NO_LOCI); nothing to generate — existing citedRanges left untouched	0	0		
159	data/manuscripts/tei/159.xml		/*/*[2]/*/*/*/*[3]/*[1]/*[2]/*[1]	TEI/text/body/listBibl/msDesc/physDesc/ab/listBibl/bibl	266	skipped	no	referenced ms 266 has no usable loci (REF_NO_LOCI); nothing to generate — existing citedRanges left untouched	0	0		
159	data/manuscripts/tei/159.xml		/*/*[2]/*/*/*/*[3]/*[1]/*[2]/*[2]	TEI/text/body/listBibl/msDesc/physDesc/ab/listBibl/bibl	258	skipped	no	referenced ms 258 has no usable loci (REF_NO_LOCI); nothing to generate — existing citedRanges left untouched	0	0		
159	data/manuscripts/tei/159.xml		/*/*[2]/*/*/*/*[3]/*[1]/*[2]/*[3]	TEI/text/body/listBibl/msDesc/physDesc/ab/listBibl/bibl	298	skipped	no	referenced ms 298 has no usable loci (REF_NO_LOCI); nothing to generate — existing citedRanges left untouched	0	0		
159	data/manuscripts/tei/159.xml		/*/*[2]/*/*/*/*[3]/*[1]/*[2]/*[4]	TEI/text/body/listBibl/msDesc/physDesc/ab/listBibl/bibl	297	skipped	no	referenced ms 297 has no usable loci (REF_NO_LOCI); nothing to generate — existing citedRanges left untouched	0	0		
159	data/manuscripts/tei/159.xml		/*/*[2]/*/*/*/*[3]/*[1]/*[2]/*[5]	TEI/text/body/listBibl/msDesc/physDesc/ab/listBibl/bibl	296	skipped	no	referenced ms 296 has no usable loci (REF_NO_LOCI); nothing to generate — existing citedRanges left untouched	0	0		
16	data/manuscripts/tei/16.xml		/*/*[2]/*/*/*/*[3]/*[1]/*[2]/*	TEI/text/body/listBibl/msDesc/physDesc/ab/listBibl/bibl	39	skipped	no	referenced ms 39 has no usable loci (REF_NO_LOCI); nothing to generate — existing citedRanges left untouched	0	0		
162	data/manuscripts/tei/162.xml		/*/*[2]/*/*/*/*[3]/*[1]/*[2]/*	TEI/text/body/listBibl/msDesc/physDesc/ab/listBibl/bibl	167	skipped	no	referenced ms 167 has no usable loci (REF_NO_LOCI); nothing to generate — existing citedRanges left untouched	0	0		
164	data/manuscripts/tei/164.xml		/*/*[2]/*/*/*/*[3]/*[1]/*[2]/*	TEI/text/body/listBibl/msDesc/physDesc/ab/listBibl/bibl	139	skipped	no	referenced ms 139 has no usable loci (REF_NO_LOCI); nothing to generate — existing citedRanges left untouched	0	0		
167	data/manuscripts/tei/167.xml		/*/*[2]/*/*/*/*[3]/*[1]/*[2]/*	TEI/text/body/listBibl/msDesc/physDesc/ab/listBibl/bibl	162	skipped	no	referenced ms 162 has no usable loci (REF_NO_LOCI); nothing to generate — existing citedRanges left untouched	0	0		
169	data/manuscripts/tei/169.xml		/*/*[2]/*/*/*/*[3]/*[1]/*[2]/*[1]	TEI/text/body/listBibl/msDesc/physDesc/ab/listBibl/bibl	300	skipped	no	referenced ms 300 has no usable loci (REF_NO_LOCI); nothing to generate — existing citedRanges left untouched	0	0		
169	data/manuscripts/tei/169.xml		/*/*[2]/*/*/*/*[3]/*[1]/*[2]/*[2]	TEI/text/body/listBibl/msDesc/physDesc/ab/listBibl/bibl	218	skipped	no	referenced ms 218 has no usable loci (REF_NO_LOCI); nothing to generate — existing citedRanges left untouched	0	0		
176	data/manuscripts/tei/176.xml		/*/*[2]/*/*/*/*[3]/*[1]/*[2]/*	TEI/text/body/listBibl/msDesc/physDesc/ab/listBibl/bibl	179	skipped	no	referenced ms 179 has no usable loci (REF_NO_LOCI); nothing to generate — existing citedRanges left untouched	0	0		
179	data/manuscripts/tei/179.xml		/*/*[2]/*/*/*/*[3]/*[1]/*[2]/*	TEI/text/body/listBibl/msDesc/physDesc/ab/listBibl/bibl	176	skipped	no	referenced ms 176 has no usable loci (REF_NO_LOCI); nothing to generate — existing citedRanges left untouched	0	0		
181	data/manuscripts/tei/181.xml		/*/*[2]/*/*/*/*[3]/*[1]/*[2]/*[1]	TEI/text/body/listBibl/msDesc/physDesc/ab/listBibl/bibl	189	skipped	no	referenced ms 189 has no usable loci (REF_NO_LOCI); nothing to generate — existing citedRanges left untouched	0	0		
181	data/manuscripts/tei/181.xml		/*/*[2]/*/*/*/*[3]/*[1]/*[2]/*[2]	TEI/text/body/listBibl/msDesc/physDesc/ab/listBibl/bibl	148	skipped	no	referenced ms 148 has no usable loci (REF_NO_LOCI); nothing to generate — existing citedRanges left untouched	0	0		
181	data/manuscripts/tei/181.xml		/*/*[2]/*/*/*/*[3]/*[1]/*[2]/*[3]	TEI/text/body/listBibl/msDesc/physDesc/ab/listBibl/bibl	191	skipped	no	referenced ms 191 has no usable loci (REF_NO_LOCI); nothing to generate — existing citedRanges left untouched	0	0		
181	data/manuscripts/tei/181.xml		/*/*[2]/*/*/*/*[3]/*[1]/*[2]/*[4]	TEI/text/body/listBibl/msDesc/physDesc/ab/listBibl/bibl	190	skipped	no	referenced ms 190 has no usable loci (REF_NO_LOCI); nothing to generate — existing citedRanges left untouched	0	0		
181	data/manuscripts/tei/181.xml		/*/*[2]/*/*/*/*[3]/*[1]/*[2]/*[5]	TEI/text/body/listBibl/msDesc/physDesc/ab/listBibl/bibl	196	skipped	no	referenced ms 196 has no usable loci (REF_NO_LOCI); nothing to generate — existing citedRanges left untouched	0	0		
182	data/manuscripts/tei/182.xml		/*/*[2]/*/*/*/*[3]/*[1]/*[2]/*	TEI/text/body/listBibl/msDesc/physDesc/ab/listBibl/bibl	188	skipped	no	referenced ms 188 has no usable loci (REF_NO_LOCI); nothing to generate — existing citedRanges left untouched	0	0		
188	data/manuscripts/tei/188.xml		/*/*[2]/*/*/*/*[3]/*[1]/*[2]/*	TEI/text/body/listBibl/msDesc/physDesc/ab/listBibl/bibl	182	skipped	no	referenced ms 182 has no usable loci (REF_NO_LOCI); nothing to generate — existing citedRanges left untouched	0	0		
189	data/manuscripts/tei/189.xml		/*/*[2]/*/*/*/*[3]/*[1]/*[2]/*[1]	TEI/text/body/listBibl/msDesc/physDesc/ab/listBibl/bibl	148	skipped	no	referenced ms 148 has no usable loci (REF_NO_LOCI); nothing to generate — existing citedRanges left untouched	0	0		
189	data/manuscripts/tei/189.xml		/*/*[2]/*/*/*/*[3]/*[1]/*[2]/*[2]	TEI/text/body/listBibl/msDesc/physDesc/ab/listBibl/bibl	191	skipped	no	referenced ms 191 has no usable loci (REF_NO_LOCI); nothing to generate — existing citedRanges left untouched	0	0		
189	data/manuscripts/tei/189.xml		/*/*[2]/*/*/*/*[3]/*[1]/*[2]/*[3]	TEI/text/body/listBibl/msDesc/physDesc/ab/listBibl/bibl	181	skipped	no	referenced ms 181 has no usable loci (REF_NO_LOCI); nothing to generate — existing citedRanges left untouched	0	0		
189	data/manuscripts/tei/189.xml		/*/*[2]/*/*/*/*[3]/*[1]/*[2]/*[4]	TEI/text/body/listBibl/msDesc/physDesc/ab/listBibl/bibl	190	skipped	no	referenced ms 190 has no usable loci (REF_NO_LOCI); nothing to generate — existing citedRanges left untouched	0	0		
189	data/manuscripts/tei/189.xml		/*/*[2]/*/*/*/*[3]/*[1]/*[2]/*[5]	TEI/text/body/listBibl/msDesc/physDesc/ab/listBibl/bibl	196	skipped	no	referenced ms 196 has no usable loci (REF_NO_LOCI); nothing to generate — existing citedRanges left untouched	0	0		
19	data/manuscripts/tei/19.xml		/*/*[2]/*/*/*/*[3]/*[1]/*[2]/*	TEI/text/body/listBibl/msDesc/physDesc/ab/listBibl/bibl	32	skipped	no	referenced ms 32 has no usable loci (REF_NO_LOCI); nothing to generate — existing citedRanges left untouched	0	0		
190	data/manuscripts/tei/190.xml		/*/*[2]/*/*/*/*[3]/*[1]/*[2]/*[1]	TEI/text/body/listBibl/msDesc/physDesc/ab/listBibl/bibl	189	skipped	no	referenced ms 189 has no usable loci (REF_NO_LOCI); nothing to generate — existing citedRanges left untouched	0	0		
190	data/manuscripts/tei/190.xml		/*/*[2]/*/*/*/*[3]/*[1]/*[2]/*[2]	TEI/text/body/listBibl/msDesc/physDesc/ab/listBibl/bibl	148	skipped	no	referenced ms 148 has no usable loci (REF_NO_LOCI); nothing to generate — existing citedRanges left untouched	0	0		
190	data/manuscripts/tei/190.xml		/*/*[2]/*/*/*/*[3]/*[1]/*[2]/*[3]	TEI/text/body/listBibl/msDesc/physDesc/ab/listBibl/bibl	191	skipped	no	referenced ms 191 has no usable loci (REF_NO_LOCI); nothing to generate — existing citedRanges left untouched	0	0		
190	data/manuscripts/tei/190.xml		/*/*[2]/*/*/*/*[3]/*[1]/*[2]/*[4]	TEI/text/body/listBibl/msDesc/physDesc/ab/listBibl/bibl	181	skipped	no	referenced ms 181 has no usable loci (REF_NO_LOCI); nothing to generate — existing citedRanges left untouched	0	0		
190	data/manuscripts/tei/190.xml		/*/*[2]/*/*/*/*[3]/*[1]/*[2]/*[5]	TEI/text/body/listBibl/msDesc/physDesc/ab/listBibl/bibl	196	skipped	no	referenced ms 196 has no usable loci (REF_NO_LOCI); nothing to generate — existing citedRanges left untouched	0	0		
191	data/manuscripts/tei/191.xml		/*/*[2]/*/*/*/*[3]/*[1]/*[2]/*[1]	TEI/text/body/listBibl/msDesc/physDesc/ab/listBibl/bibl	189	skipped	no	referenced ms 189 has no usable loci (REF_NO_LOCI); nothing to generate — existing citedRanges left untouched	0	0		
191	data/manuscripts/tei/191.xml		/*/*[2]/*/*/*/*[3]/*[1]/*[2]/*[2]	TEI/text/body/listBibl/msDesc/physDesc/ab/listBibl/bibl	148	skipped	no	referenced ms 148 has no usable loci (REF_NO_LOCI); nothing to generate — existing citedRanges left untouched	0	0		
191	data/manuscripts/tei/191.xml		/*/*[2]/*/*/*/*[3]/*[1]/*[2]/*[3]	TEI/text/body/listBibl/msDesc/physDesc/ab/listBibl/bibl	181	skipped	no	referenced ms 181 has no usable loci (REF_NO_LOCI); nothing to generate — existing citedRanges left untouched	0	0		
191	data/manuscripts/tei/191.xml		/*/*[2]/*/*/*/*[3]/*[1]/*[2]/*[4]	TEI/text/body/listBibl/msDesc/physDesc/ab/listBibl/bibl	190	skipped	no	referenced ms 190 has no usable loci (REF_NO_LOCI); nothing to generate — existing citedRanges left untouched	0	0		
191	data/manuscripts/tei/191.xml		/*/*[2]/*/*/*/*[3]/*[1]/*[2]/*[5]	TEI/text/body/listBibl/msDesc/physDesc/ab/listBibl/bibl	196	skipped	no	referenced ms 196 has no usable loci (REF_NO_LOCI); nothing to generate — existing citedRanges left untouched	0	0		
195	data/manuscripts/tei/195.xml		/*/*[2]/*/*/*/*[3]/*[1]/*[2]/*	TEI/text/body/listBibl/msDesc/physDesc/ab/listBibl/bibl	95	skipped	no	referenced ms 95 has no usable loci (REF_NO_LOCI); nothing to generate — existing citedRanges left untouched	0	0		
196	data/manuscripts/tei/196.xml		/*/*[2]/*/*/*/*[3]/*[1]/*[2]/*[1]	TEI/text/body/listBibl/msDesc/physDesc/ab/listBibl/bibl	189	skipped	no	referenced ms 189 has no usable loci (REF_NO_LOCI); nothing to generate — existing citedRanges left untouched	0	0		
196	data/manuscripts/tei/196.xml		/*/*[2]/*/*/*/*[3]/*[1]/*[2]/*[2]	TEI/text/body/listBibl/msDesc/physDesc/ab/listBibl/bibl	148	skipped	no	referenced ms 148 has no usable loci (REF_NO_LOCI); nothing to generate — existing citedRanges left untouched	0	0		
196	data/manuscripts/tei/196.xml		/*/*[2]/*/*/*/*[3]/*[1]/*[2]/*[3]	TEI/text/body/listBibl/msDesc/physDesc/ab/listBibl/bibl	191	skipped	no	referenced ms 191 has no usable loci (REF_NO_LOCI); nothing to generate — existing citedRanges left untouched	0	0		
196	data/manuscripts/tei/196.xml		/*/*[2]/*/*/*/*[3]/*[1]/*[2]/*[4]	TEI/text/body/listBibl/msDesc/physDesc/ab/listBibl/bibl	181	skipped	no	referenced ms 181 has no usable loci (REF_NO_LOCI); nothing to generate — existing citedRanges left untouched	0	0		
196	data/manuscripts/tei/196.xml		/*/*[2]/*/*/*/*[3]/*[1]/*[2]/*[5]	TEI/text/body/listBibl/msDesc/physDesc/ab/listBibl/bibl	190	skipped	no	referenced ms 190 has no usable loci (REF_NO_LOCI); nothing to generate — existing citedRanges left untouched	0	0		
204	data/manuscripts/tei/204.xml		/*/*[2]/*/*/*/*[3]/*[1]/*[2]/*[1]	TEI/text/body/listBibl/msDesc/physDesc/ab/listBibl/bibl	72	skipped	no	referenced ms 72 has no usable loci (REF_NO_LOCI); nothing to generate — existing citedRanges left untouched	0	0		
204	data/manuscripts/tei/204.xml		/*/*[2]/*/*/*/*[3]/*[1]/*[2]/*[2]	TEI/text/body/listBibl/msDesc/physDesc/ab/listBibl/bibl	239	skipped	no	referenced ms 239 has no usable loci (REF_NO_LOCI); nothing to generate — existing citedRanges left untouched	0	0		
21	data/manuscripts/tei/21.xml		/*/*[2]/*/*/*/*[3]/*[1]/*[2]/*	TEI/text/body/listBibl/msDesc/physDesc/ab/listBibl/bibl	284	skipped	no	referenced ms 284 has no usable loci (REF_NO_LOCI); nothing to generate — existing citedRanges left untouched	0	0		
216	data/manuscripts/tei/216.xml		/*/*[2]/*/*/*/*[3]/*[1]/*[2]/*	TEI/text/body/listBibl/msDesc/physDesc/ab/listBibl/bibl	303	skipped	no	referenced ms 303 has no usable loci (REF_NO_LOCI); nothing to generate — existing citedRanges left untouched	0	0		
218	data/manuscripts/tei/218.xml		/*/*[2]/*/*/*/*[3]/*[1]/*[2]/*[1]	TEI/text/body/listBibl/msDesc/physDesc/ab/listBibl/bibl	300	skipped	no	referenced ms 300 has no usable loci (REF_NO_LOCI); nothing to generate — existing citedRanges left untouched	0	0		
218	data/manuscripts/tei/218.xml		/*/*[2]/*/*/*/*[3]/*[1]/*[2]/*[2]	TEI/text/body/listBibl/msDesc/physDesc/ab/listBibl/bibl	169	skipped	no	referenced ms 169 has no usable loci (REF_NO_LOCI); nothing to generate — existing citedRanges left untouched	0	0		
219	data/manuscripts/tei/219.xml		/*/*[2]/*/*/*/*[3]/*[1]/*[2]/*	TEI/text/body/listBibl/msDesc/physDesc/ab/listBibl/bibl	302	skipped	no	referenced ms 302 has no usable loci (REF_NO_LOCI); nothing to generate — existing citedRanges left untouched	0	0		
222	data/manuscripts/tei/222.xml		/*/*[2]/*/*/*/*[3]/*[1]/*[2]/*	TEI/text/body/listBibl/msDesc/physDesc/ab/listBibl/bibl	264	skipped	no	referenced ms 264 has no usable loci (REF_NO_LOCI); nothing to generate — existing citedRanges left untouched	0	0		
229	data/manuscripts/tei/229.xml		/*/*[2]/*/*/*/*[3]/*[1]/*[2]/*	TEI/text/body/listBibl/msDesc/physDesc/ab/listBibl/bibl	261	skipped	no	referenced ms 261 has no usable loci (REF_NO_LOCI); nothing to generate — existing citedRanges left untouched	0	0		
236	data/manuscripts/tei/236.xml		/*/*[2]/*/*/*/*[3]/*[1]/*[2]/*	TEI/text/body/listBibl/msDesc/physDesc/ab/listBibl/bibl	79	skipped	no	referenced ms 79 has no usable loci (REF_NO_LOCI); nothing to generate — existing citedRanges left untouched	0	0		
239	data/manuscripts/tei/239.xml		/*/*[2]/*/*/*/*[3]/*[1]/*[2]/*[1]	TEI/text/body/listBibl/msDesc/physDesc/ab/listBibl/bibl	72	skipped	no	referenced ms 72 has no usable loci (REF_NO_LOCI); nothing to generate — existing citedRanges left untouched	0	0		
239	data/manuscripts/tei/239.xml		/*/*[2]/*/*/*/*[3]/*[1]/*[2]/*[2]	TEI/text/body/listBibl/msDesc/physDesc/ab/listBibl/bibl	204	skipped	no	referenced ms 204 has no usable loci (REF_NO_LOCI); nothing to generate — existing citedRanges left untouched	0	0		
241	data/manuscripts/tei/241.xml		/*/*[2]/*/*/*/*[3]/*[1]/*[2]/*	TEI/text/body/listBibl/msDesc/physDesc/ab/listBibl/bibl	299	skipped	no	referenced ms 299 has no usable loci (REF_NO_LOCI); nothing to generate — existing citedRanges left untouched	0	0		
255	data/manuscripts/tei/255.xml		/*/*[2]/*/*/*/*[3]/*[1]/*[2]/*	TEI/text/body/listBibl/msDesc/physDesc/ab/listBibl/bibl	9	skipped	no	referenced ms 9 has no usable loci (REF_NO_LOCI); nothing to generate — existing citedRanges left untouched	0	0		
258	data/manuscripts/tei/258.xml		/*/*[2]/*/*/*/*[3]/*[1]/*[2]/*[1]	TEI/text/body/listBibl/msDesc/physDesc/ab/listBibl/bibl	266	skipped	no	referenced ms 266 has no usable loci (REF_NO_LOCI); nothing to generate — existing citedRanges left untouched	0	0		
258	data/manuscripts/tei/258.xml		/*/*[2]/*/*/*/*[3]/*[1]/*[2]/*[2]	TEI/text/body/listBibl/msDesc/physDesc/ab/listBibl/bibl	159	skipped	no	referenced ms 159 has no usable loci (REF_NO_LOCI); nothing to generate — existing citedRanges left untouched	0	0		
258	data/manuscripts/tei/258.xml		/*/*[2]/*/*/*/*[3]/*[1]/*[2]/*[3]	TEI/text/body/listBibl/msDesc/physDesc/ab/listBibl/bibl	298	skipped	no	referenced ms 298 has no usable loci (REF_NO_LOCI); nothing to generate — existing citedRanges left untouched	0	0		
258	data/manuscripts/tei/258.xml		/*/*[2]/*/*/*/*[3]/*[1]/*[2]/*[4]	TEI/text/body/listBibl/msDesc/physDesc/ab/listBibl/bibl	297	skipped	no	referenced ms 297 has no usable loci (REF_NO_LOCI); nothing to generate — existing citedRanges left untouched	0	0		
258	data/manuscripts/tei/258.xml		/*/*[2]/*/*/*/*[3]/*[1]/*[2]/*[5]	TEI/text/body/listBibl/msDesc/physDesc/ab/listBibl/bibl	296	skipped	no	referenced ms 296 has no usable loci (REF_NO_LOCI); nothing to generate — existing citedRanges left untouched	0	0		
261	data/manuscripts/tei/261.xml		/*/*[2]/*/*/*/*[3]/*[1]/*[2]/*	TEI/text/body/listBibl/msDesc/physDesc/ab/listBibl/bibl	229	skipped	no	referenced ms 229 has no usable loci (REF_NO_LOCI); nothing to generate — existing citedRanges left untouched	0	0		
264	data/manuscripts/tei/264.xml		/*/*[2]/*/*/*/*[3]/*[1]/*[2]/*	TEI/text/body/listBibl/msDesc/physDesc/ab/listBibl/bibl	222	skipped	no	referenced ms 222 has no usable loci (REF_NO_LOCI); nothing to generate — existing citedRanges left untouched	0	0		
266	data/manuscripts/tei/266.xml		/*/*[2]/*/*/*/*[3]/*[1]/*[2]/*[1]	TEI/text/body/listBibl/msDesc/physDesc/ab/listBibl/bibl	159	skipped	no	referenced ms 159 has no usable loci (REF_NO_LOCI); nothing to generate — existing citedRanges left untouched	0	0		
266	data/manuscripts/tei/266.xml		/*/*[2]/*/*/*/*[3]/*[1]/*[2]/*[2]	TEI/text/body/listBibl/msDesc/physDesc/ab/listBibl/bibl	258	skipped	no	referenced ms 258 has no usable loci (REF_NO_LOCI); nothing to generate — existing citedRanges left untouched	0	0		
266	data/manuscripts/tei/266.xml		/*/*[2]/*/*/*/*[3]/*[1]/*[2]/*[3]	TEI/text/body/listBibl/msDesc/physDesc/ab/listBibl/bibl	298	skipped	no	referenced ms 298 has no usable loci (REF_NO_LOCI); nothing to generate — existing citedRanges left untouched	0	0		
266	data/manuscripts/tei/266.xml		/*/*[2]/*/*/*/*[3]/*[1]/*[2]/*[4]	TEI/text/body/listBibl/msDesc/physDesc/ab/listBibl/bibl	297	skipped	no	referenced ms 297 has no usable loci (REF_NO_LOCI); nothing to generate — existing citedRanges left untouched	0	0		
266	data/manuscripts/tei/266.xml		/*/*[2]/*/*/*/*[3]/*[1]/*[2]/*[5]	TEI/text/body/listBibl/msDesc/physDesc/ab/listBibl/bibl	296	skipped	no	referenced ms 296 has no usable loci (REF_NO_LOCI); nothing to generate — existing citedRanges left untouched	0	0		
27	data/manuscripts/tei/27.xml		/*/*[2]/*/*/*/*[3]/*[1]/*[2]/*[1]	TEI/text/body/listBibl/msDesc/physDesc/ab/listBibl/bibl	28	skipped	no	referenced ms 28 has no usable loci (REF_NO_LOCI); nothing to generate — existing citedRanges left untouched	0	0		
27	data/manuscripts/tei/27.xml		/*/*[2]/*/*/*/*[3]/*[1]/*[2]/*[2]	TEI/text/body/listBibl/msDesc/physDesc/ab/listBibl/bibl	42	skipped	no	referenced ms 42 has no usable loci (REF_NO_LOCI); nothing to generate — existing citedRanges left untouched	0	0		
271	data/manuscripts/tei/271.xml		/*/*[2]/*/*/*/*[3]/*[1]/*[2]/*	TEI/text/body/listBibl/msDesc/physDesc/ab/listBibl/bibl	90	skipped	no	referenced ms 90 has no usable loci (REF_NO_LOCI); nothing to generate — existing citedRanges left untouched	0	0		
28	data/manuscripts/tei/28.xml		/*/*[2]/*/*/*/*[3]/*[1]/*[2]/*[1]	TEI/text/body/listBibl/msDesc/physDesc/ab/listBibl/bibl	27	skipped	no	referenced ms 27 has no usable loci (REF_NO_LOCI); nothing to generate — existing citedRanges left untouched	0	0		
28	data/manuscripts/tei/28.xml		/*/*[2]/*/*/*/*[3]/*[1]/*[2]/*[2]	TEI/text/body/listBibl/msDesc/physDesc/ab/listBibl/bibl	42	skipped	no	referenced ms 42 has no usable loci (REF_NO_LOCI); nothing to generate — existing citedRanges left untouched	0	0		
284	data/manuscripts/tei/284.xml		/*/*[2]/*/*/*/*[3]/*[1]/*[2]/*	TEI/text/body/listBibl/msDesc/physDesc/ab/listBibl/bibl	21	skipped	no	referenced ms 21 has no usable loci (REF_NO_LOCI); nothing to generate — existing citedRanges left untouched	0	0		
29	data/manuscripts/tei/29.xml		/*/*[2]/*/*/*/*[3]/*[1]/*[2]/*[1]	TEI/text/body/listBibl/msDesc/physDesc/ab/listBibl/bibl	50	skipped	no	referenced ms 50 has no usable loci (REF_NO_LOCI); nothing to generate — existing citedRanges left untouched	0	0		
29	data/manuscripts/tei/29.xml		/*/*[2]/*/*/*/*[3]/*[1]/*[2]/*[2]	TEI/text/body/listBibl/msDesc/physDesc/ab/listBibl/bibl	52	skipped	no	referenced ms 52 has no usable loci (REF_NO_LOCI); nothing to generate — existing citedRanges left untouched	0	0		
296	data/manuscripts/tei/296.xml		/*/*[2]/*/*/*/*[3]/*[1]/*[2]/*[1]	TEI/text/body/listBibl/msDesc/physDesc/ab/listBibl/bibl	266	skipped	no	referenced ms 266 has no usable loci (REF_NO_LOCI); nothing to generate — existing citedRanges left untouched	0	0		
296	data/manuscripts/tei/296.xml		/*/*[2]/*/*/*/*[3]/*[1]/*[2]/*[2]	TEI/text/body/listBibl/msDesc/physDesc/ab/listBibl/bibl	159	skipped	no	referenced ms 159 has no usable loci (REF_NO_LOCI); nothing to generate — existing citedRanges left untouched	0	0		
296	data/manuscripts/tei/296.xml		/*/*[2]/*/*/*/*[3]/*[1]/*[2]/*[3]	TEI/text/body/listBibl/msDesc/physDesc/ab/listBibl/bibl	258	skipped	no	referenced ms 258 has no usable loci (REF_NO_LOCI); nothing to generate — existing citedRanges left untouched	0	0		
296	data/manuscripts/tei/296.xml		/*/*[2]/*/*/*/*[3]/*[1]/*[2]/*[4]	TEI/text/body/listBibl/msDesc/physDesc/ab/listBibl/bibl	298	skipped	no	referenced ms 298 has no usable loci (REF_NO_LOCI); nothing to generate — existing citedRanges left untouched	0	0		
296	data/manuscripts/tei/296.xml		/*/*[2]/*/*/*/*[3]/*[1]/*[2]/*[5]	TEI/text/body/listBibl/msDesc/physDesc/ab/listBibl/bibl	297	skipped	no	referenced ms 297 has no usable loci (REF_NO_LOCI); nothing to generate — existing citedRanges left untouched	0	0		
297	data/manuscripts/tei/297.xml		/*/*[2]/*/*/*/*[3]/*[1]/*[2]/*[1]	TEI/text/body/listBibl/msDesc/physDesc/ab/listBibl/bibl	266	skipped	no	referenced ms 266 has no usable loci (REF_NO_LOCI); nothing to generate — existing citedRanges left untouched	0	0		
297	data/manuscripts/tei/297.xml		/*/*[2]/*/*/*/*[3]/*[1]/*[2]/*[2]	TEI/text/body/listBibl/msDesc/physDesc/ab/listBibl/bibl	159	skipped	no	referenced ms 159 has no usable loci (REF_NO_LOCI); nothing to generate — existing citedRanges left untouched	0	0		
297	data/manuscripts/tei/297.xml		/*/*[2]/*/*/*/*[3]/*[1]/*[2]/*[3]	TEI/text/body/listBibl/msDesc/physDesc/ab/listBibl/bibl	258	skipped	no	referenced ms 258 has no usable loci (REF_NO_LOCI); nothing to generate — existing citedRanges left untouched	0	0		
297	data/manuscripts/tei/297.xml		/*/*[2]/*/*/*/*[3]/*[1]/*[2]/*[4]	TEI/text/body/listBibl/msDesc/physDesc/ab/listBibl/bibl	298	skipped	no	referenced ms 298 has no usable loci (REF_NO_LOCI); nothing to generate — existing citedRanges left untouched	0	0		
297	data/manuscripts/tei/297.xml		/*/*[2]/*/*/*/*[3]/*[1]/*[2]/*[5]	TEI/text/body/listBibl/msDesc/physDesc/ab/listBibl/bibl	296	skipped	no	referenced ms 296 has no usable loci (REF_NO_LOCI); nothing to generate — existing citedRanges left untouched	0	0		
298	data/manuscripts/tei/298.xml		/*/*[2]/*/*/*/*[3]/*[1]/*[2]/*[1]	TEI/text/body/listBibl/msDesc/physDesc/ab/listBibl/bibl	266	skipped	no	referenced ms 266 has no usable loci (REF_NO_LOCI); nothing to generate — existing citedRanges left untouched	0	0		
298	data/manuscripts/tei/298.xml		/*/*[2]/*/*/*/*[3]/*[1]/*[2]/*[2]	TEI/text/body/listBibl/msDesc/physDesc/ab/listBibl/bibl	159	skipped	no	referenced ms 159 has no usable loci (REF_NO_LOCI); nothing to generate — existing citedRanges left untouched	0	0		
298	data/manuscripts/tei/298.xml		/*/*[2]/*/*/*/*[3]/*[1]/*[2]/*[3]	TEI/text/body/listBibl/msDesc/physDesc/ab/listBibl/bibl	258	skipped	no	referenced ms 258 has no usable loci (REF_NO_LOCI); nothing to generate — existing citedRanges left untouched	0	0		
298	data/manuscripts/tei/298.xml		/*/*[2]/*/*/*/*[3]/*[1]/*[2]/*[4]	TEI/text/body/listBibl/msDesc/physDesc/ab/listBibl/bibl	297	skipped	no	referenced ms 297 has no usable loci (REF_NO_LOCI); nothing to generate — existing citedRanges left untouched	0	0		
298	data/manuscripts/tei/298.xml		/*/*[2]/*/*/*/*[3]/*[1]/*[2]/*[5]	TEI/text/body/listBibl/msDesc/physDesc/ab/listBibl/bibl	296	skipped	no	referenced ms 296 has no usable loci (REF_NO_LOCI); nothing to generate — existing citedRanges left untouched	0	0		
299	data/manuscripts/tei/299.xml		/*/*[2]/*/*/*/*[3]/*[1]/*[2]/*	TEI/text/body/listBibl/msDesc/physDesc/ab/listBibl/bibl	241	skipped	no	referenced ms 241 has no usable loci (REF_NO_LOCI); nothing to generate — existing citedRanges left untouched	0	0		
300	data/manuscripts/tei/300.xml		/*/*[2]/*/*/*/*[3]/*[1]/*[2]/*[1]	TEI/text/body/listBibl/msDesc/physDesc/ab/listBibl/bibl	169	skipped	no	referenced ms 169 has no usable loci (REF_NO_LOCI); nothing to generate — existing citedRanges left untouched	0	0		
300	data/manuscripts/tei/300.xml		/*/*[2]/*/*/*/*[3]/*[1]/*[2]/*[2]	TEI/text/body/listBibl/msDesc/physDesc/ab/listBibl/bibl	218	skipped	no	referenced ms 218 has no usable loci (REF_NO_LOCI); nothing to generate — existing citedRanges left untouched	0	0		
302	data/manuscripts/tei/302.xml		/*/*[2]/*/*/*/*[3]/*[1]/*[2]/*	TEI/text/body/listBibl/msDesc/physDesc/ab/listBibl/bibl	219	skipped	no	referenced ms 219 has no usable loci (REF_NO_LOCI); nothing to generate — existing citedRanges left untouched	0	0		
303	data/manuscripts/tei/303.xml		/*/*[2]/*/*/*/*[3]/*[1]/*[2]/*	TEI/text/body/listBibl/msDesc/physDesc/ab/listBibl/bibl	216	skipped	no	referenced ms 216 has no usable loci (REF_NO_LOCI); nothing to generate — existing citedRanges left untouched	0	0		
304	data/manuscripts/tei/304.xml		/*/*[2]/*/*/*/*[3]/*[1]/*[2]/*[1]	TEI/text/body/listBibl/msDesc/physDesc/ab/listBibl/bibl	96	skipped	no	referenced ms 96 has no usable loci (REF_NO_LOCI); nothing to generate — existing citedRanges left untouched	0	0		
304	data/manuscripts/tei/304.xml		/*/*[2]/*/*/*/*[3]/*[1]/*[2]/*[2]	TEI/text/body/listBibl/msDesc/physDesc/ab/listBibl/bibl	81	skipped	no	referenced ms 81 has no usable loci (REF_NO_LOCI); nothing to generate — existing citedRanges left untouched	0	0		
305	data/manuscripts/tei/305.xml		/*/*[2]/*/*/*/*[3]/*[1]/*[2]/*[1]	TEI/text/body/listBibl/msDesc/physDesc/ab/listBibl/bibl	308	regenerated	yes	removed all citedRanges, regenerated from referenced loci	0	1		"<citedRange xmlns=""http://www.tei-c.org/ns/1.0"" unit=""folios"" from=""1r"" to=""1v"">1r–1v</citedRange>"
305	data/manuscripts/tei/305.xml		/*/*[2]/*/*/*/*[3]/*[1]/*[2]/*[2]	TEI/text/body/listBibl/msDesc/physDesc/ab/listBibl/bibl	306	regenerated	yes	removed all citedRanges, regenerated from referenced loci	0	2		"<citedRange xmlns=""http://www.tei-c.org/ns/1.0"" unit=""folios"" from=""68r"" to=""68v"">68r–68v</citedRange> <citedRange xmlns=""http://www.tei-c.org/ns/1.0"" unit=""folios"" from=""105r"" to=""160v"">105r–160v</citedRange>"
306	data/manuscripts/tei/306.xml	jalit-orgmanuscript305	/*/*[2]/*/*/*/*[3]/*[1]/*[2]/*[1]	TEI/text/body/listBibl/msDesc/physDesc/ab/listBibl/bibl	305	regenerated	yes	removed all citedRanges, regenerated from referenced loci	0	1		"<citedRange xmlns=""http://www.tei-c.org/ns/1.0"" unit=""folios"" from=""1r"" to=""3v"">1r–3v</citedRange>"
306	data/manuscripts/tei/306.xml	jalit-orgmanuscript308	/*/*[2]/*/*/*/*[3]/*[1]/*[2]/*[2]	TEI/text/body/listBibl/msDesc/physDesc/ab/listBibl/bibl	308	regenerated	yes	removed all citedRanges, regenerated from referenced loci	0	1		"<citedRange xmlns=""http://www.tei-c.org/ns/1.0"" unit=""folios"" from=""1r"" to=""1v"">1r–1v</citedRange>"
307	data/manuscripts/tei/307.xml	jalit-orgmanuscript424	/*/*[2]/*/*/*/*[3]/*[1]/*[2]/*[1]	TEI/text/body/listBibl/msDesc/physDesc/ab/listBibl/bibl	424	skipped	no	referenced ms 424 has no usable loci (REF_NO_LOCI); nothing to generate — existing citedRanges left untouched	0	0		
307	data/manuscripts/tei/307.xml	jalit-orgmanuscript426	/*/*[2]/*/*/*/*[3]/*[1]/*[2]/*[2]	TEI/text/body/listBibl/msDesc/physDesc/ab/listBibl/bibl	426	skipped	no	referenced ms 426 has no usable loci (REF_NO_LOCI); nothing to generate — existing citedRanges left untouched	0	0		
307	data/manuscripts/tei/307.xml	jalit-orgmanuscript519	/*/*[2]/*/*/*/*[3]/*[1]/*[2]/*[3]	TEI/text/body/listBibl/msDesc/physDesc/ab/listBibl/bibl	519	regenerated	yes	removed all citedRanges, regenerated from referenced loci	0	1		"<citedRange xmlns=""http://www.tei-c.org/ns/1.0"" unit=""folios"" from=""1r"" to=""6v"">1r–6v</citedRange>"
307	data/manuscripts/tei/307.xml	jalit-orgmanuscript315	/*/*[2]/*/*/*/*[3]/*[1]/*[2]/*[4]	TEI/text/body/listBibl/msDesc/physDesc/ab/listBibl/bibl	315	regenerated	yes	removed all citedRanges, regenerated from referenced loci	0	1		"<citedRange xmlns=""http://www.tei-c.org/ns/1.0"" unit=""folios"" from=""101"" to=""105"">101–105</citedRange>"
308	data/manuscripts/tei/308.xml		/*/*[2]/*/*/*/*[3]/*[1]/*[2]/*[1]	TEI/text/body/listBibl/msDesc/physDesc/ab/listBibl/bibl	306	regenerated	yes	removed all citedRanges, regenerated from referenced loci	0	2		"<citedRange xmlns=""http://www.tei-c.org/ns/1.0"" unit=""folios"" from=""68r"" to=""68v"">68r–68v</citedRange> <citedRange xmlns=""http://www.tei-c.org/ns/1.0"" unit=""folios"" from=""105r"" to=""160v"">105r–160v</citedRange>"
308	data/manuscripts/tei/308.xml		/*/*[2]/*/*/*/*[3]/*[1]/*[2]/*[2]	TEI/text/body/listBibl/msDesc/physDesc/ab/listBibl/bibl	305	regenerated	yes	removed all citedRanges, regenerated from referenced loci	0	1		"<citedRange xmlns=""http://www.tei-c.org/ns/1.0"" unit=""folios"" from=""1r"" to=""3v"">1r–3v</citedRange>"
311	data/manuscripts/tei/311.xml	jalit-orgmanuscript1578	/*/*[2]/*/*/*/*[3]/*[1]/*[2]/*[1]	TEI/text/body/listBibl/msDesc/physDesc/ab/listBibl/bibl	1578	regenerated	yes	removed all citedRanges, regenerated from referenced loci	0	1		"<citedRange xmlns=""http://www.tei-c.org/ns/1.0"" unit=""folios"" from=""1r"" to=""1v"">1r–1v</citedRange>"
311	data/manuscripts/tei/311.xml	jalit-orgmanuscript1577	/*/*[2]/*/*/*/*[3]/*[1]/*[2]/*[2]	TEI/text/body/listBibl/msDesc/physDesc/ab/listBibl/bibl	1577	regenerated	yes	removed all citedRanges, regenerated from referenced loci	0	1		"<citedRange xmlns=""http://www.tei-c.org/ns/1.0"" unit=""folios"" from=""23r"" to=""23v"">23r–23v</citedRange>"
311	data/manuscripts/tei/311.xml	jalit-orgmanuscript1576	/*/*[2]/*/*/*/*[3]/*[1]/*[2]/*[3]	TEI/text/body/listBibl/msDesc/physDesc/ab/listBibl/bibl	1576	regenerated	yes	removed all citedRanges, regenerated from referenced loci	0	1		"<citedRange xmlns=""http://www.tei-c.org/ns/1.0"" unit=""folios"" from=""7r"" to=""8v"">7r–8v</citedRange>"
311	data/manuscripts/tei/311.xml	jalit-orgmanuscript1575	/*/*[2]/*/*/*/*[3]/*[1]/*[2]/*[4]	TEI/text/body/listBibl/msDesc/physDesc/ab/listBibl/bibl	1575	regenerated	yes	removed all citedRanges, regenerated from referenced loci	0	1		"<citedRange xmlns=""http://www.tei-c.org/ns/1.0"" unit=""folios"" from=""1r"" to=""1v"">1r–1v</citedRange>"
311	data/manuscripts/tei/311.xml	jalit-orgmanuscript313	/*/*[2]/*/*/*/*[3]/*[1]/*[2]/*[5]	TEI/text/body/listBibl/msDesc/physDesc/ab/listBibl/bibl	313	regenerated	yes	removed all citedRanges, regenerated from referenced loci	0	1		"<citedRange xmlns=""http://www.tei-c.org/ns/1.0"" unit=""folios"" from=""1r"" to=""1v"">1r–1v</citedRange>"
311	data/manuscripts/tei/311.xml	jalit-orgmanuscript345	/*/*[2]/*/*/*/*[3]/*[1]/*[2]/*[6]	TEI/text/body/listBibl/msDesc/physDesc/ab/listBibl/bibl	345	regenerated	yes	removed all citedRanges, regenerated from referenced loci	0	1		"<citedRange xmlns=""http://www.tei-c.org/ns/1.0"" unit=""folios"" from=""1r"" to=""3v"">1r–3v</citedRange>"
311	data/manuscripts/tei/311.xml	jalit-orgmanuscript360	/*/*[2]/*/*/*/*[3]/*[1]/*[2]/*[7]	TEI/text/body/listBibl/msDesc/physDesc/ab/listBibl/bibl	360	regenerated	yes	removed all citedRanges, regenerated from referenced loci	0	1		"<citedRange xmlns=""http://www.tei-c.org/ns/1.0"" unit=""folios"" from=""1r"" to=""36v"">1r–36v</citedRange>"
313	data/manuscripts/tei/313.xml	jalit-orgmanuscript1578	/*/*[2]/*/*/*/*[3]/*[1]/*[2]/*[1]	TEI/text/body/listBibl/msDesc/physDesc/ab/listBibl/bibl	1578	regenerated	yes	removed all citedRanges, regenerated from referenced loci	0	1		"<citedRange xmlns=""http://www.tei-c.org/ns/1.0"" unit=""folios"" from=""1r"" to=""1v"">1r–1v</citedRange>"
313	data/manuscripts/tei/313.xml	jalit-orgmanuscript1577	/*/*[2]/*/*/*/*[3]/*[1]/*[2]/*[2]	TEI/text/body/listBibl/msDesc/physDesc/ab/listBibl/bibl	1577	regenerated	yes	removed all citedRanges, regenerated from referenced loci	0	1		"<citedRange xmlns=""http://www.tei-c.org/ns/1.0"" unit=""folios"" from=""23r"" to=""23v"">23r–23v</citedRange>"
313	data/manuscripts/tei/313.xml	jalit-orgmanuscript1576	/*/*[2]/*/*/*/*[3]/*[1]/*[2]/*[3]	TEI/text/body/listBibl/msDesc/physDesc/ab/listBibl/bibl	1576	regenerated	yes	removed all citedRanges, regenerated from referenced loci	0	1		"<citedRange xmlns=""http://www.tei-c.org/ns/1.0"" unit=""folios"" from=""7r"" to=""8v"">7r–8v</citedRange>"
313	data/manuscripts/tei/313.xml	jalit-orgmanuscript1575	/*/*[2]/*/*/*/*[3]/*[1]/*[2]/*[4]	TEI/text/body/listBibl/msDesc/physDesc/ab/listBibl/bibl	1575	regenerated	yes	removed all citedRanges, regenerated from referenced loci	0	1		"<citedRange xmlns=""http://www.tei-c.org/ns/1.0"" unit=""folios"" from=""1r"" to=""1v"">1r–1v</citedRange>"
313	data/manuscripts/tei/313.xml	jalit-orgmanuscript311	/*/*[2]/*/*/*/*[3]/*[1]/*[2]/*[5]	TEI/text/body/listBibl/msDesc/physDesc/ab/listBibl/bibl	311	regenerated	yes	removed all citedRanges, regenerated from referenced loci	0	1		"<citedRange xmlns=""http://www.tei-c.org/ns/1.0"" unit=""folios"" from=""1r"" to=""1v"">1r–1v</citedRange>"
313	data/manuscripts/tei/313.xml	jalit-orgmanuscript345	/*/*[2]/*/*/*/*[3]/*[1]/*[2]/*[6]	TEI/text/body/listBibl/msDesc/physDesc/ab/listBibl/bibl	345	regenerated	yes	removed all citedRanges, regenerated from referenced loci	0	1		"<citedRange xmlns=""http://www.tei-c.org/ns/1.0"" unit=""folios"" from=""1r"" to=""3v"">1r–3v</citedRange>"
313	data/manuscripts/tei/313.xml	jalit-orgmanuscript360	/*/*[2]/*/*/*/*[3]/*[1]/*[2]/*[7]	TEI/text/body/listBibl/msDesc/physDesc/ab/listBibl/bibl	360	regenerated	yes	removed all citedRanges, regenerated from referenced loci	0	1		"<citedRange xmlns=""http://www.tei-c.org/ns/1.0"" unit=""folios"" from=""1r"" to=""36v"">1r–36v</citedRange>"
315	data/manuscripts/tei/315.xml	jalit-orgmanuscript424	/*/*[2]/*/*/*/*[3]/*[1]/*[2]/*[1]	TEI/text/body/listBibl/msDesc/physDesc/ab/listBibl/bibl	424	skipped	no	referenced ms 424 has no usable loci (REF_NO_LOCI); nothing to generate — existing citedRanges left untouched	0	0		
315	data/manuscripts/tei/315.xml	jalit-orgmanuscript426	/*/*[2]/*/*/*/*[3]/*[1]/*[2]/*[2]	TEI/text/body/listBibl/msDesc/physDesc/ab/listBibl/bibl	426	skipped	no	referenced ms 426 has no usable loci (REF_NO_LOCI); nothing to generate — existing citedRanges left untouched	0	0		
315	data/manuscripts/tei/315.xml	jalit-orgmanuscript519	/*/*[2]/*/*/*/*[3]/*[1]/*[2]/*[3]	TEI/text/body/listBibl/msDesc/physDesc/ab/listBibl/bibl	519	regenerated	yes	removed all citedRanges, regenerated from referenced loci	0	1		"<citedRange xmlns=""http://www.tei-c.org/ns/1.0"" unit=""folios"" from=""1r"" to=""6v"">1r–6v</citedRange>"
315	data/manuscripts/tei/315.xml	jalit-orgmanuscript307	/*/*[2]/*/*/*/*[3]/*[1]/*[2]/*[4]	TEI/text/body/listBibl/msDesc/physDesc/ab/listBibl/bibl	307	regenerated	yes	removed all citedRanges, regenerated from referenced loci	0	1		"<citedRange xmlns=""http://www.tei-c.org/ns/1.0"" unit=""folios"" from=""1r"" to=""2v"">1r–2v</citedRange>"
317	data/manuscripts/tei/317.xml	jalit-orgmanuscript425	/*/*[2]/*/*/*/*[3]/*[1]/*[2]/*	TEI/text/body/listBibl/msDesc/physDesc/ab/listBibl/bibl	425	skipped	no	referenced ms 425 has no usable loci (REF_NO_LOCI); nothing to generate — existing citedRanges left untouched	0	0		
318	data/manuscripts/tei/318.xml	jalit-orgmanuscript458	/*/*[2]/*/*/*/*[3]/*[1]/*[2]/*	TEI/text/body/listBibl/msDesc/physDesc/ab/listBibl/bibl	458	skipped	no	referenced ms 458 has no usable loci (REF_NO_LOCI); nothing to generate — existing citedRanges left untouched	0	0		
32	data/manuscripts/tei/32.xml		/*/*[2]/*/*/*/*[3]/*[1]/*[2]/*	TEI/text/body/listBibl/msDesc/physDesc/ab/listBibl/bibl	19	skipped	no	referenced ms 19 has no usable loci (REF_NO_LOCI); nothing to generate — existing citedRanges left untouched	0	0		
329	data/manuscripts/tei/329.xml	jalit-orgmanuscript422	/*/*[2]/*/*/*/*[3]/*[1]/*[2]/*	TEI/text/body/listBibl/msDesc/physDesc/ab/listBibl/bibl	422	regenerated	yes	removed all citedRanges, regenerated from referenced loci	0	1		"<citedRange xmlns=""http://www.tei-c.org/ns/1.0"" unit=""folios"" from=""1r"" to=""9v"">1r–9v</citedRange>"
341	data/manuscripts/tei/341.xml	jalit-orgmanuscript630	/*/*[2]/*/*/*/*[3]/*[1]/*[2]/*[1]	TEI/text/body/listBibl/msDesc/physDesc/ab/listBibl/bibl	630	regenerated	yes	removed all citedRanges, regenerated from referenced loci	0	1		"<citedRange xmlns=""http://www.tei-c.org/ns/1.0"" unit=""folios"" from=""1r"" to=""12v"">1r–12v</citedRange>"
341	data/manuscripts/tei/341.xml	jalit-orgmanuscript1469	/*/*[2]/*/*/*/*[3]/*[1]/*[2]/*[2]	TEI/text/body/listBibl/msDesc/physDesc/ab/listBibl/bibl	1469	regenerated	yes	removed all citedRanges, regenerated from referenced loci	0	1		"<citedRange xmlns=""http://www.tei-c.org/ns/1.0"" unit=""folios"" from=""1r"" to=""16v"">1r–16v</citedRange>"
341	data/manuscripts/tei/341.xml	jalit-orgmanuscript511	/*/*[2]/*/*/*/*[3]/*[1]/*[2]/*[3]	TEI/text/body/listBibl/msDesc/physDesc/ab/listBibl/bibl	511	regenerated	yes	removed all citedRanges, regenerated from referenced loci	0	5		"<citedRange xmlns=""http://www.tei-c.org/ns/1.0"" unit=""folios"" from=""1r"" to=""9v"">1r–9v</citedRange> <citedRange xmlns=""http://www.tei-c.org/ns/1.0"" unit=""folios"" from=""32r"" to=""36v"">32r–36v</citedRange> <citedRange xmlns=""http://www.tei-c.org/ns/1.0"" unit=""folios"" from=""45r"" to=""109v"">45r–109v</citedRange> <citedRange xmlns=""http://www.tei-c.org/ns/1.0"" unit=""folios"" from=""111r"" to=""124v"">111r–124v</citedRange> <citedRange xmlns=""http://www.tei-c.org/ns/1.0"" unit=""folios"" from=""126r"" to=""149v"">126r–149v</citedRange>"
341	data/manuscripts/tei/341.xml	jalit-orgmanuscript641	/*/*[2]/*/*/*/*[3]/*[1]/*[2]/*[4]	TEI/text/body/listBibl/msDesc/physDesc/ab/listBibl/bibl	641	regenerated	yes	removed all citedRanges, regenerated from referenced loci	0	1		"<citedRange xmlns=""http://www.tei-c.org/ns/1.0"" unit=""folios"" from=""1r"" to=""5v"">1r–5v</citedRange>"
341	data/manuscripts/tei/341.xml	jalit-orgmanuscript366	/*/*[2]/*/*/*/*[3]/*[1]/*[2]/*[5]	TEI/text/body/listBibl/msDesc/physDesc/ab/listBibl/bibl	366	regenerated	yes	removed all citedRanges, regenerated from referenced loci	0	2		"<citedRange xmlns=""http://www.tei-c.org/ns/1.0"" unit=""folios"" from=""1r"" to=""4v"">1r–4v</citedRange> <citedRange xmlns=""http://www.tei-c.org/ns/1.0"" unit=""folios"" from=""6r"" to=""28v"">6r–28v</citedRange>"
342	data/manuscripts/tei/342.xml	jalit-orgmanuscript1319	/*/*[2]/*/*/*/*[3]/*[1]/*[2]/*[1]	TEI/text/body/listBibl/msDesc/physDesc/ab/listBibl/bibl	1319	regenerated	yes	removed all citedRanges, regenerated from referenced loci	0	1		"<citedRange xmlns=""http://www.tei-c.org/ns/1.0"" unit=""folios"" from=""2r"" to=""4v"">2r–4v</citedRange>"
342	data/manuscripts/tei/342.xml	jalit-orgmanuscript358	/*/*[2]/*/*/*/*[3]/*[1]/*[2]/*[2]	TEI/text/body/listBibl/msDesc/physDesc/ab/listBibl/bibl	358	regenerated	yes	removed all citedRanges, regenerated from referenced loci	0	1		"<citedRange xmlns=""http://www.tei-c.org/ns/1.0"" unit=""folios"" from=""1r"" to=""75v"">1r–75v</citedRange>"
342	data/manuscripts/tei/342.xml	jalit-orgmanuscript364	/*/*[2]/*/*/*/*[3]/*[1]/*[2]/*[3]	TEI/text/body/listBibl/msDesc/physDesc/ab/listBibl/bibl	364	regenerated	yes	removed all citedRanges, regenerated from referenced loci	0	1		"<citedRange xmlns=""http://www.tei-c.org/ns/1.0"" unit=""folios"" from=""1r"" to=""1v"">1r–1v</citedRange>"
342	data/manuscripts/tei/342.xml	jalit-orgmanuscript365	/*/*[2]/*/*/*/*[3]/*[1]/*[2]/*[4]	TEI/text/body/listBibl/msDesc/physDesc/ab/listBibl/bibl	365	regenerated	yes	removed all citedRanges, regenerated from referenced loci	0	1		"<citedRange xmlns=""http://www.tei-c.org/ns/1.0"" unit=""folios"" from=""1r"" to=""8v"">1r–8v</citedRange>"
345	data/manuscripts/tei/345.xml	jalit-orgmanuscript1578	/*/*[2]/*/*/*/*[3]/*[1]/*[2]/*[1]	TEI/text/body/listBibl/msDesc/physDesc/ab/listBibl/bibl	1578	regenerated	yes	removed all citedRanges, regenerated from referenced loci	0	1		"<citedRange xmlns=""http://www.tei-c.org/ns/1.0"" unit=""folios"" from=""1r"" to=""1v"">1r–1v</citedRange>"
345	data/manuscripts/tei/345.xml	jalit-orgmanuscript1577	/*/*[2]/*/*/*/*[3]/*[1]/*[2]/*[2]	TEI/text/body/listBibl/msDesc/physDesc/ab/listBibl/bibl	1577	regenerated	yes	removed all citedRanges, regenerated from referenced loci	0	1		"<citedRange xmlns=""http://www.tei-c.org/ns/1.0"" unit=""folios"" from=""23r"" to=""23v"">23r–23v</citedRange>"
345	data/manuscripts/tei/345.xml	jalit-orgmanuscript1576	/*/*[2]/*/*/*/*[3]/*[1]/*[2]/*[3]	TEI/text/body/listBibl/msDesc/physDesc/ab/listBibl/bibl	1576	regenerated	yes	removed all citedRanges, regenerated from referenced loci	0	1		"<citedRange xmlns=""http://www.tei-c.org/ns/1.0"" unit=""folios"" from=""7r"" to=""8v"">7r–8v</citedRange>"
345	data/manuscripts/tei/345.xml	jalit-orgmanuscript1575	/*/*[2]/*/*/*/*[3]/*[1]/*[2]/*[4]	TEI/text/body/listBibl/msDesc/physDesc/ab/listBibl/bibl	1575	regenerated	yes	removed all citedRanges, regenerated from referenced loci	0	1		"<citedRange xmlns=""http://www.tei-c.org/ns/1.0"" unit=""folios"" from=""1r"" to=""1v"">1r–1v</citedRange>"
345	data/manuscripts/tei/345.xml	jalit-orgmanuscript313	/*/*[2]/*/*/*/*[3]/*[1]/*[2]/*[5]	TEI/text/body/listBibl/msDesc/physDesc/ab/listBibl/bibl	313	regenerated	yes	removed all citedRanges, regenerated from referenced loci	0	1		"<citedRange xmlns=""http://www.tei-c.org/ns/1.0"" unit=""folios"" from=""1r"" to=""1v"">1r–1v</citedRange>"
345	data/manuscripts/tei/345.xml	jalit-orgmanuscript311	/*/*[2]/*/*/*/*[3]/*[1]/*[2]/*[6]	TEI/text/body/listBibl/msDesc/physDesc/ab/listBibl/bibl	311	regenerated	yes	removed all citedRanges, regenerated from referenced loci	0	1		"<citedRange xmlns=""http://www.tei-c.org/ns/1.0"" unit=""folios"" from=""1r"" to=""1v"">1r–1v</citedRange>"
345	data/manuscripts/tei/345.xml	jalit-orgmanuscript360	/*/*[2]/*/*/*/*[3]/*[1]/*[2]/*[7]	TEI/text/body/listBibl/msDesc/physDesc/ab/listBibl/bibl	360	regenerated	yes	removed all citedRanges, regenerated from referenced loci	0	1		"<citedRange xmlns=""http://www.tei-c.org/ns/1.0"" unit=""folios"" from=""1r"" to=""36v"">1r–36v</citedRange>"
353	data/manuscripts/tei/353.xml	jalit-orgmanuscript1583	/*/*[2]/*/*/*/*[3]/*[1]/*[2]/*[1]	TEI/text/body/listBibl/msDesc/physDesc/ab/listBibl/bibl	1583	regenerated	yes	removed all citedRanges, regenerated from referenced loci	0	1		"<citedRange xmlns=""http://www.tei-c.org/ns/1.0"" unit=""folios"" from=""1r"" to=""1v"">1r–1v</citedRange>"
353	data/manuscripts/tei/353.xml	jalit-orgmanuscript1582	/*/*[2]/*/*/*/*[3]/*[1]/*[2]/*[2]	TEI/text/body/listBibl/msDesc/physDesc/ab/listBibl/bibl	1582	regenerated	yes	removed all citedRanges, regenerated from referenced loci	0	1		"<citedRange xmlns=""http://www.tei-c.org/ns/1.0"" unit=""folios"" from=""1r"" to=""2v"">1r–2v</citedRange>"
353	data/manuscripts/tei/353.xml	jalit-orgmanuscript1581	/*/*[2]/*/*/*/*[3]/*[1]/*[2]/*[3]	TEI/text/body/listBibl/msDesc/physDesc/ab/listBibl/bibl	1581	regenerated	yes	removed all citedRanges, regenerated from referenced loci	0	1		"<citedRange xmlns=""http://www.tei-c.org/ns/1.0"" unit=""folios"" from=""1r"" to=""9v"">1r–9v</citedRange>"
353	data/manuscripts/tei/353.xml	jalit-orgmanuscript1580	/*/*[2]/*/*/*/*[3]/*[1]/*[2]/*[4]	TEI/text/body/listBibl/msDesc/physDesc/ab/listBibl/bibl	1580	regenerated	yes	removed all citedRanges, regenerated from referenced loci	0	1		"<citedRange xmlns=""http://www.tei-c.org/ns/1.0"" unit=""folios"" from=""17r"" to=""17v"">17r–17v</citedRange>"
355	data/manuscripts/tei/355.xml	jalit-orgmanuscript349	/*/*[2]/*/*/*/*[3]/*[1]/*[2]/*[1]	TEI/text/body/listBibl/msDesc/physDesc/ab/listBibl/bibl	349	skipped	no	referenced ms 349 has no usable loci (REF_NO_LOCI); nothing to generate — existing citedRanges left untouched	0	0		
355	data/manuscripts/tei/355.xml	jalit-orgmanuscript1579	/*/*[2]/*/*/*/*[3]/*[1]/*[2]/*[2]	TEI/text/body/listBibl/msDesc/physDesc/ab/listBibl/bibl	1579	skipped	no	referenced ms 1579 has no usable loci (REF_NO_LOCI); nothing to generate — existing citedRanges left untouched	0	0		
355	data/manuscripts/tei/355.xml	jalit-orgmanuscript411	/*/*[2]/*/*/*/*[3]/*[1]/*[2]/*[3]	TEI/text/body/listBibl/msDesc/physDesc/ab/listBibl/bibl	411	regenerated	yes	removed all citedRanges, regenerated from referenced loci	0	1		"<citedRange xmlns=""http://www.tei-c.org/ns/1.0"" unit=""folios"" from=""1r"" to=""4v"">1r–4v</citedRange>"
356	data/manuscripts/tei/356.xml	jalit-orgmanuscript1360	/*/*[2]/*/*/*/*[3]/*[1]/*[2]/*	TEI/text/body/listBibl/msDesc/physDesc/ab/listBibl/bibl	1360	regenerated	yes	removed all citedRanges, regenerated from referenced loci	0	1		"<citedRange xmlns=""http://www.tei-c.org/ns/1.0"" unit=""folios"" from=""1r"" to=""46v"">1r–46v</citedRange>"
358	data/manuscripts/tei/358.xml	jalit-orgmanuscript364	/*/*[2]/*/*/*/*[3]/*[1]/*[1]/*	TEI/text/body/listBibl/msDesc/physDesc/ab/listBibl/bibl	364	regenerated	yes	removed all citedRanges, regenerated from referenced loci	0	1		"<citedRange xmlns=""http://www.tei-c.org/ns/1.0"" unit=""folios"" from=""1r"" to=""1v"">1r–1v</citedRange>"
358	data/manuscripts/tei/358.xml	jalit-orgmanuscript342	/*/*[2]/*/*/*/*[3]/*[1]/*[3]/*[1]	TEI/text/body/listBibl/msDesc/physDesc/ab/listBibl/bibl	342	regenerated	yes	removed all citedRanges, regenerated from referenced loci	0	1		"<citedRange xmlns=""http://www.tei-c.org/ns/1.0"" unit=""folios"" from=""1r"" to=""1v"">1r–1v</citedRange>"
358	data/manuscripts/tei/358.xml	jalit-orgmanuscript1319	/*/*[2]/*/*/*/*[3]/*[1]/*[3]/*[2]	TEI/text/body/listBibl/msDesc/physDesc/ab/listBibl/bibl	1319	regenerated	yes	removed all citedRanges, regenerated from referenced loci	0	1		"<citedRange xmlns=""http://www.tei-c.org/ns/1.0"" unit=""folios"" from=""2r"" to=""4v"">2r–4v</citedRange>"
358	data/manuscripts/tei/358.xml	jalit-orgmanuscript364	/*/*[2]/*/*/*/*[3]/*[1]/*[3]/*[3]	TEI/text/body/listBibl/msDesc/physDesc/ab/listBibl/bibl	364	regenerated	yes	removed all citedRanges, regenerated from referenced loci	0	1		"<citedRange xmlns=""http://www.tei-c.org/ns/1.0"" unit=""folios"" from=""1r"" to=""1v"">1r–1v</citedRange>"
358	data/manuscripts/tei/358.xml	jalit-orgmanuscript365	/*/*[2]/*/*/*/*[3]/*[1]/*[3]/*[4]	TEI/text/body/listBibl/msDesc/physDesc/ab/listBibl/bibl	365	regenerated	yes	removed all citedRanges, regenerated from referenced loci	0	1		"<citedRange xmlns=""http://www.tei-c.org/ns/1.0"" unit=""folios"" from=""1r"" to=""8v"">1r–8v</citedRange>"
360	data/manuscripts/tei/360.xml	jalit-orgmanuscript1578	/*/*[2]/*/*/*/*[3]/*[1]/*[2]/*[1]	TEI/text/body/listBibl/msDesc/physDesc/ab/listBibl/bibl	1578	regenerated	yes	removed all citedRanges, regenerated from referenced loci	0	1		"<citedRange xmlns=""http://www.tei-c.org/ns/1.0"" unit=""folios"" from=""1r"" to=""1v"">1r–1v</citedRange>"
360	data/manuscripts/tei/360.xml	jalit-orgmanuscript1577	/*/*[2]/*/*/*/*[3]/*[1]/*[2]/*[2]	TEI/text/body/listBibl/msDesc/physDesc/ab/listBibl/bibl	1577	regenerated	yes	removed all citedRanges, regenerated from referenced loci	0	1		"<citedRange xmlns=""http://www.tei-c.org/ns/1.0"" unit=""folios"" from=""23r"" to=""23v"">23r–23v</citedRange>"
360	data/manuscripts/tei/360.xml	jalit-orgmanuscript1576	/*/*[2]/*/*/*/*[3]/*[1]/*[2]/*[3]	TEI/text/body/listBibl/msDesc/physDesc/ab/listBibl/bibl	1576	regenerated	yes	removed all citedRanges, regenerated from referenced loci	0	1		"<citedRange xmlns=""http://www.tei-c.org/ns/1.0"" unit=""folios"" from=""7r"" to=""8v"">7r–8v</citedRange>"
360	data/manuscripts/tei/360.xml	jalit-orgmanuscript1575	/*/*[2]/*/*/*/*[3]/*[1]/*[2]/*[4]	TEI/text/body/listBibl/msDesc/physDesc/ab/listBibl/bibl	1575	regenerated	yes	removed all citedRanges, regenerated from referenced loci	0	1		"<citedRange xmlns=""http://www.tei-c.org/ns/1.0"" unit=""folios"" from=""1r"" to=""1v"">1r–1v</citedRange>"
360	data/manuscripts/tei/360.xml	jalit-orgmanuscript313	/*/*[2]/*/*/*/*[3]/*[1]/*[2]/*[5]	TEI/text/body/listBibl/msDesc/physDesc/ab/listBibl/bibl	313	regenerated	yes	removed all citedRanges, regenerated from referenced loci	0	1		"<citedRange xmlns=""http://www.tei-c.org/ns/1.0"" unit=""folios"" from=""1r"" to=""1v"">1r–1v</citedRange>"
360	data/manuscripts/tei/360.xml	jalit-orgmanuscript311	/*/*[2]/*/*/*/*[3]/*[1]/*[2]/*[6]	TEI/text/body/listBibl/msDesc/physDesc/ab/listBibl/bibl	311	regenerated	yes	removed all citedRanges, regenerated from referenced loci	0	1		"<citedRange xmlns=""http://www.tei-c.org/ns/1.0"" unit=""folios"" from=""1r"" to=""1v"">1r–1v</citedRange>"
360	data/manuscripts/tei/360.xml	jalit-orgmanuscript345	/*/*[2]/*/*/*/*[3]/*[1]/*[2]/*[7]	TEI/text/body/listBibl/msDesc/physDesc/ab/listBibl/bibl	345	regenerated	yes	removed all citedRanges, regenerated from referenced loci	0	1		"<citedRange xmlns=""http://www.tei-c.org/ns/1.0"" unit=""folios"" from=""1r"" to=""3v"">1r–3v</citedRange>"
364	data/manuscripts/tei/364.xml	jalit-orgmanuscript342	/*/*[2]/*/*/*/*[3]/*[1]/*[2]/*[1]	TEI/text/body/listBibl/msDesc/physDesc/ab/listBibl/bibl	342	regenerated	yes	removed all citedRanges, regenerated from referenced loci	0	1		"<citedRange xmlns=""http://www.tei-c.org/ns/1.0"" unit=""folios"" from=""1r"" to=""1v"">1r–1v</citedRange>"
364	data/manuscripts/tei/364.xml	jalit-orgmanuscript1319	/*/*[2]/*/*/*/*[3]/*[1]/*[2]/*[2]	TEI/text/body/listBibl/msDesc/physDesc/ab/listBibl/bibl	1319	regenerated	yes	removed all citedRanges, regenerated from referenced loci	0	1		"<citedRange xmlns=""http://www.tei-c.org/ns/1.0"" unit=""folios"" from=""2r"" to=""4v"">2r–4v</citedRange>"
364	data/manuscripts/tei/364.xml	jalit-orgmanuscript358	/*/*[2]/*/*/*/*[3]/*[1]/*[2]/*[3]	TEI/text/body/listBibl/msDesc/physDesc/ab/listBibl/bibl	358	regenerated	yes	removed all citedRanges, regenerated from referenced loci	0	1		"<citedRange xmlns=""http://www.tei-c.org/ns/1.0"" unit=""folios"" from=""1r"" to=""75v"">1r–75v</citedRange>"
364	data/manuscripts/tei/364.xml	jalit-orgmanuscript365	/*/*[2]/*/*/*/*[3]/*[1]/*[2]/*[4]	TEI/text/body/listBibl/msDesc/physDesc/ab/listBibl/bibl	365	regenerated	yes	removed all citedRanges, regenerated from referenced loci	0	1		"<citedRange xmlns=""http://www.tei-c.org/ns/1.0"" unit=""folios"" from=""1r"" to=""8v"">1r–8v</citedRange>"
365	data/manuscripts/tei/365.xml	jalit-orgmanuscript342	/*/*[2]/*/*/*/*[3]/*[1]/*[2]/*[1]	TEI/text/body/listBibl/msDesc/physDesc/ab/listBibl/bibl	342	regenerated	yes	removed all citedRanges, regenerated from referenced loci	0	1		"<citedRange xmlns=""http://www.tei-c.org/ns/1.0"" unit=""folios"" from=""1r"" to=""1v"">1r–1v</citedRange>"
365	data/manuscripts/tei/365.xml	jalit-orgmanuscript1319	/*/*[2]/*/*/*/*[3]/*[1]/*[2]/*[2]	TEI/text/body/listBibl/msDesc/physDesc/ab/listBibl/bibl	1319	regenerated	yes	removed all citedRanges, regenerated from referenced loci	0	1		"<citedRange xmlns=""http://www.tei-c.org/ns/1.0"" unit=""folios"" from=""2r"" to=""4v"">2r–4v</citedRange>"
365	data/manuscripts/tei/365.xml	jalit-orgmanuscript358	/*/*[2]/*/*/*/*[3]/*[1]/*[2]/*[3]	TEI/text/body/listBibl/msDesc/physDesc/ab/listBibl/bibl	358	regenerated	yes	removed all citedRanges, regenerated from referenced loci	0	1		"<citedRange xmlns=""http://www.tei-c.org/ns/1.0"" unit=""folios"" from=""1r"" to=""75v"">1r–75v</citedRange>"
365	data/manuscripts/tei/365.xml	jalit-orgmanuscript364	/*/*[2]/*/*/*/*[3]/*[1]/*[2]/*[4]	TEI/text/body/listBibl/msDesc/physDesc/ab/listBibl/bibl	364	regenerated	yes	removed all citedRanges, regenerated from referenced loci	0	1		"<citedRange xmlns=""http://www.tei-c.org/ns/1.0"" unit=""folios"" from=""1r"" to=""1v"">1r–1v</citedRange>"
366	data/manuscripts/tei/366.xml	jalit-orgmanuscript341	/*/*[2]/*/*/*/*[3]/*[1]/*[2]/*[1]	TEI/text/body/listBibl/msDesc/physDesc/ab/listBibl/bibl	341	regenerated	yes	removed all citedRanges, regenerated from referenced loci	0	1		"<citedRange xmlns=""http://www.tei-c.org/ns/1.0"" unit=""folios"" from=""1r"" to=""2v"">1r–2v</citedRange>"
366	data/manuscripts/tei/366.xml	jalit-orgmanuscript630	/*/*[2]/*/*/*/*[3]/*[1]/*[2]/*[2]	TEI/text/body/listBibl/msDesc/physDesc/ab/listBibl/bibl	630	regenerated	yes	removed all citedRanges, regenerated from referenced loci	0	1		"<citedRange xmlns=""http://www.tei-c.org/ns/1.0"" unit=""folios"" from=""1r"" to=""12v"">1r–12v</citedRange>"
366	data/manuscripts/tei/366.xml	jalit-orgmanuscript1469	/*/*[2]/*/*/*/*[3]/*[1]/*[2]/*[3]	TEI/text/body/listBibl/msDesc/physDesc/ab/listBibl/bibl	1469	regenerated	yes	removed all citedRanges, regenerated from referenced loci	0	1		"<citedRange xmlns=""http://www.tei-c.org/ns/1.0"" unit=""folios"" from=""1r"" to=""16v"">1r–16v</citedRange>"
366	data/manuscripts/tei/366.xml	jalit-orgmanuscript511	/*/*[2]/*/*/*/*[3]/*[1]/*[2]/*[4]	TEI/text/body/listBibl/msDesc/physDesc/ab/listBibl/bibl	511	regenerated	yes	removed all citedRanges, regenerated from referenced loci	0	5		"<citedRange xmlns=""http://www.tei-c.org/ns/1.0"" unit=""folios"" from=""1r"" to=""9v"">1r–9v</citedRange> <citedRange xmlns=""http://www.tei-c.org/ns/1.0"" unit=""folios"" from=""32r"" to=""36v"">32r–36v</citedRange> <citedRange xmlns=""http://www.tei-c.org/ns/1.0"" unit=""folios"" from=""45r"" to=""109v"">45r–109v</citedRange> <citedRange xmlns=""http://www.tei-c.org/ns/1.0"" unit=""folios"" from=""111r"" to=""124v"">111r–124v</citedRange> <citedRange xmlns=""http://www.tei-c.org/ns/1.0"" unit=""folios"" from=""126r"" to=""149v"">126r–149v</citedRange>"
366	data/manuscripts/tei/366.xml	jalit-orgmanuscript641	/*/*[2]/*/*/*/*[3]/*[1]/*[2]/*[5]	TEI/text/body/listBibl/msDesc/physDesc/ab/listBibl/bibl	641	regenerated	yes	removed all citedRanges, regenerated from referenced loci	0	1		"<citedRange xmlns=""http://www.tei-c.org/ns/1.0"" unit=""folios"" from=""1r"" to=""5v"">1r–5v</citedRange>"
39	data/manuscripts/tei/39.xml		/*/*[2]/*/*/*/*[3]/*[1]/*[2]/*	TEI/text/body/listBibl/msDesc/physDesc/ab/listBibl/bibl	16	skipped	no	referenced ms 16 has no usable loci (REF_NO_LOCI); nothing to generate — existing citedRanges left untouched	0	0		
411	data/manuscripts/tei/411.xml		/*/*[2]/*/*/*/*[3]/*[1]/*[2]/*	TEI/text/body/listBibl/msDesc/physDesc/ab/listBibl/bibl	349	skipped	no	referenced ms 349 has no usable loci (REF_NO_LOCI); nothing to generate — existing citedRanges left untouched	1	1	"<citedRange xmlns=""http://www.tei-c.org/ns/1.0"" unit=""folios"">6, 17-36, 38-48, 56-63, 65-91, 95</citedRange>"	"<citedRange xmlns=""http://www.tei-c.org/ns/1.0"" unit=""folios"">6, 17-36, 38-48, 56-63, 65-91, 95</citedRange>"
42	data/manuscripts/tei/42.xml		/*/*[2]/*/*/*/*[3]/*[1]/*[2]/*[1]	TEI/text/body/listBibl/msDesc/physDesc/ab/listBibl/bibl	27	skipped	no	referenced ms 27 has no usable loci (REF_NO_LOCI); nothing to generate — existing citedRanges left untouched	0	0		
42	data/manuscripts/tei/42.xml		/*/*[2]/*/*/*/*[3]/*[1]/*[2]/*[2]	TEI/text/body/listBibl/msDesc/physDesc/ab/listBibl/bibl	28	skipped	no	referenced ms 28 has no usable loci (REF_NO_LOCI); nothing to generate — existing citedRanges left untouched	0	0		
424	data/manuscripts/tei/424.xml	jalit-orgmanuscript426	/*/*[2]/*/*/*/*[3]/*[1]/*[2]/*[1]	TEI/text/body/listBibl/msDesc/physDesc/ab/listBibl/bibl	426	skipped	no	referenced ms 426 has no usable loci (REF_NO_LOCI); nothing to generate — existing citedRanges left untouched	0	0		
424	data/manuscripts/tei/424.xml	jalit-orgmanuscript519	/*/*[2]/*/*/*/*[3]/*[1]/*[2]/*[2]	TEI/text/body/listBibl/msDesc/physDesc/ab/listBibl/bibl	519	regenerated	yes	removed all citedRanges, regenerated from referenced loci	0	1		"<citedRange xmlns=""http://www.tei-c.org/ns/1.0"" unit=""folios"" from=""1r"" to=""6v"">1r–6v</citedRange>"
424	data/manuscripts/tei/424.xml	jalit-orgmanuscript307	/*/*[2]/*/*/*/*[3]/*[1]/*[2]/*[3]	TEI/text/body/listBibl/msDesc/physDesc/ab/listBibl/bibl	307	regenerated	yes	removed all citedRanges, regenerated from referenced loci	0	1		"<citedRange xmlns=""http://www.tei-c.org/ns/1.0"" unit=""folios"" from=""1r"" to=""2v"">1r–2v</citedRange>"
424	data/manuscripts/tei/424.xml	jalit-orgmanuscript315	/*/*[2]/*/*/*/*[3]/*[1]/*[2]/*[4]	TEI/text/body/listBibl/msDesc/physDesc/ab/listBibl/bibl	315	regenerated	yes	removed all citedRanges, regenerated from referenced loci	0	1		"<citedRange xmlns=""http://www.tei-c.org/ns/1.0"" unit=""folios"" from=""101"" to=""105"">101–105</citedRange>"
425	data/manuscripts/tei/425.xml	jalit-orgmanuscript317	/*/*[2]/*/*/*/*[3]/*[1]/*[2]/*	TEI/text/body/listBibl/msDesc/physDesc/ab/listBibl/bibl	317	regenerated	yes	removed all citedRanges, regenerated from referenced loci	0	1		"<citedRange xmlns=""http://www.tei-c.org/ns/1.0"" unit=""folios"" from=""7r"" to=""36v"">7r–36v</citedRange>"
426	data/manuscripts/tei/426.xml	jalit-orgmanuscript424	/*/*[2]/*/*/*/*[3]/*[1]/*[2]/*[1]	TEI/text/body/listBibl/msDesc/physDesc/ab/listBibl/bibl	424	skipped	no	referenced ms 424 has no usable loci (REF_NO_LOCI); nothing to generate — existing citedRanges left untouched	0	0		
426	data/manuscripts/tei/426.xml	jalit-orgmanuscript519	/*/*[2]/*/*/*/*[3]/*[1]/*[2]/*[2]	TEI/text/body/listBibl/msDesc/physDesc/ab/listBibl/bibl	519	regenerated	yes	removed all citedRanges, regenerated from referenced loci	0	1		"<citedRange xmlns=""http://www.tei-c.org/ns/1.0"" unit=""folios"" from=""1r"" to=""6v"">1r–6v</citedRange>"
426	data/manuscripts/tei/426.xml	jalit-orgmanuscript307	/*/*[2]/*/*/*/*[3]/*[1]/*[2]/*[3]	TEI/text/body/listBibl/msDesc/physDesc/ab/listBibl/bibl	307	regenerated	yes	removed all citedRanges, regenerated from referenced loci	0	1		"<citedRange xmlns=""http://www.tei-c.org/ns/1.0"" unit=""folios"" from=""1r"" to=""2v"">1r–2v</citedRange>"
426	data/manuscripts/tei/426.xml	jalit-orgmanuscript315	/*/*[2]/*/*/*/*[3]/*[1]/*[2]/*[4]	TEI/text/body/listBibl/msDesc/physDesc/ab/listBibl/bibl	315	regenerated	yes	removed all citedRanges, regenerated from referenced loci	0	1		"<citedRange xmlns=""http://www.tei-c.org/ns/1.0"" unit=""folios"" from=""101"" to=""105"">101–105</citedRange>"
458	data/manuscripts/tei/458.xml	jalit-orgmanuscript318	/*/*[2]/*/*/*/*[3]/*[1]/*[2]/*	TEI/text/body/listBibl/msDesc/physDesc/ab/listBibl/bibl	318	skipped	no	referenced ms 318 has no usable loci (REF_NO_LOCI); nothing to generate — existing citedRanges left untouched	0	0		
48	data/manuscripts/tei/48.xml		/*/*[2]/*/*/*/*[3]/*[1]/*[2]/*	TEI/text/body/listBibl/msDesc/physDesc/ab/listBibl/bibl	58	skipped	no	referenced ms 58 has no usable loci (REF_NO_LOCI); nothing to generate — existing citedRanges left untouched	0	0		
50	data/manuscripts/tei/50.xml		/*/*[2]/*/*/*/*[3]/*[1]/*[2]/*[1]	TEI/text/body/listBibl/msDesc/physDesc/ab/listBibl/bibl	29	skipped	no	referenced ms 29 has no usable loci (REF_NO_LOCI); nothing to generate — existing citedRanges left untouched	0	0		
50	data/manuscripts/tei/50.xml		/*/*[2]/*/*/*/*[3]/*[1]/*[2]/*[2]	TEI/text/body/listBibl/msDesc/physDesc/ab/listBibl/bibl	52	skipped	no	referenced ms 52 has no usable loci (REF_NO_LOCI); nothing to generate — existing citedRanges left untouched	0	0		
511	data/manuscripts/tei/511.xml	jalit-orgmanuscript341	/*/*[2]/*/*/*/*[3]/*[1]/*[2]/*[1]	TEI/text/body/listBibl/msDesc/physDesc/ab/listBibl/bibl	341	regenerated	yes	removed all citedRanges, regenerated from referenced loci	0	1		"<citedRange xmlns=""http://www.tei-c.org/ns/1.0"" unit=""folios"" from=""1r"" to=""2v"">1r–2v</citedRange>"
511	data/manuscripts/tei/511.xml	jalit-orgmanuscript630	/*/*[2]/*/*/*/*[3]/*[1]/*[2]/*[2]	TEI/text/body/listBibl/msDesc/physDesc/ab/listBibl/bibl	630	regenerated	yes	removed all citedRanges, regenerated from referenced loci	0	1		"<citedRange xmlns=""http://www.tei-c.org/ns/1.0"" unit=""folios"" from=""1r"" to=""12v"">1r–12v</citedRange>"
511	data/manuscripts/tei/511.xml	jalit-orgmanuscript1469	/*/*[2]/*/*/*/*[3]/*[1]/*[2]/*[3]	TEI/text/body/listBibl/msDesc/physDesc/ab/listBibl/bibl	1469	regenerated	yes	removed all citedRanges, regenerated from referenced loci	0	1		"<citedRange xmlns=""http://www.tei-c.org/ns/1.0"" unit=""folios"" from=""1r"" to=""16v"">1r–16v</citedRange>"
511	data/manuscripts/tei/511.xml	jalit-orgmanuscript641	/*/*[2]/*/*/*/*[3]/*[1]/*[2]/*[4]	TEI/text/body/listBibl/msDesc/physDesc/ab/listBibl/bibl	641	regenerated	yes	removed all citedRanges, regenerated from referenced loci	0	1		"<citedRange xmlns=""http://www.tei-c.org/ns/1.0"" unit=""folios"" from=""1r"" to=""5v"">1r–5v</citedRange>"
511	data/manuscripts/tei/511.xml	jalit-orgmanuscript366	/*/*[2]/*/*/*/*[3]/*[1]/*[2]/*[5]	TEI/text/body/listBibl/msDesc/physDesc/ab/listBibl/bibl	366	regenerated	yes	removed all citedRanges, regenerated from referenced loci	0	2		"<citedRange xmlns=""http://www.tei-c.org/ns/1.0"" unit=""folios"" from=""1r"" to=""4v"">1r–4v</citedRange> <citedRange xmlns=""http://www.tei-c.org/ns/1.0"" unit=""folios"" from=""6r"" to=""28v"">6r–28v</citedRange>"
514	data/manuscripts/tei/514.xml		/*/*[2]/*/*/*/*[3]/*[1]/*[2]/*	TEI/text/body/listBibl/msDesc/physDesc/ab/listBibl/bibl	894	regenerated	yes	removed all citedRanges, regenerated from referenced loci	1	1	"<citedRange xmlns=""http://www.tei-c.org/ns/1.0"" unit="""">128r-132v</citedRange>"	"<citedRange xmlns=""http://www.tei-c.org/ns/1.0"" unit=""folios"" from=""128r"" to=""132v"">128r–132v</citedRange>"
519	data/manuscripts/tei/519.xml	jalit-orgmanuscript424	/*/*[2]/*/*/*/*[3]/*[1]/*[2]/*[1]	TEI/text/body/listBibl/msDesc/physDesc/ab/listBibl/bibl	424	skipped	no	referenced ms 424 has no usable loci (REF_NO_LOCI); nothing to generate — existing citedRanges left untouched	0	0		
519	data/manuscripts/tei/519.xml	jalit-orgmanuscript426	/*/*[2]/*/*/*/*[3]/*[1]/*[2]/*[2]	TEI/text/body/listBibl/msDesc/physDesc/ab/listBibl/bibl	426	skipped	no	referenced ms 426 has no usable loci (REF_NO_LOCI); nothing to generate — existing citedRanges left untouched	0	0		
519	data/manuscripts/tei/519.xml	jalit-orgmanuscript307	/*/*[2]/*/*/*/*[3]/*[1]/*[2]/*[3]	TEI/text/body/listBibl/msDesc/physDesc/ab/listBibl/bibl	307	regenerated	yes	removed all citedRanges, regenerated from referenced loci	0	1		"<citedRange xmlns=""http://www.tei-c.org/ns/1.0"" unit=""folios"" from=""1r"" to=""2v"">1r–2v</citedRange>"
519	data/manuscripts/tei/519.xml	jalit-orgmanuscript315	/*/*[2]/*/*/*/*[3]/*[1]/*[2]/*[4]	TEI/text/body/listBibl/msDesc/physDesc/ab/listBibl/bibl	315	regenerated	yes	removed all citedRanges, regenerated from referenced loci	0	1		"<citedRange xmlns=""http://www.tei-c.org/ns/1.0"" unit=""folios"" from=""101"" to=""105"">101–105</citedRange>"
52	data/manuscripts/tei/52.xml		/*/*[2]/*/*/*/*[3]/*[1]/*[2]/*[1]	TEI/text/body/listBibl/msDesc/physDesc/ab/listBibl/bibl	29	skipped	no	referenced ms 29 has no usable loci (REF_NO_LOCI); nothing to generate — existing citedRanges left untouched	0	0		
52	data/manuscripts/tei/52.xml		/*/*[2]/*/*/*/*[3]/*[1]/*[2]/*[2]	TEI/text/body/listBibl/msDesc/physDesc/ab/listBibl/bibl	50	skipped	no	referenced ms 50 has no usable loci (REF_NO_LOCI); nothing to generate — existing citedRanges left untouched	0	0		
555	data/manuscripts/tei/555.xml		/*/*[2]/*/*/*/*[3]/*[1]/*[1]/*[1]	TEI/text/body/listBibl/msDesc/physDesc/ab/listBibl/bibl	1501	regenerated	yes	removed all citedRanges, regenerated from referenced loci	1	1	"<citedRange xmlns=""http://www.tei-c.org/ns/1.0"" unit=""""/>"	"<citedRange xmlns=""http://www.tei-c.org/ns/1.0"" unit=""folios"" from=""1r"" to=""1v"">1r–1v</citedRange>"
555	data/manuscripts/tei/555.xml		/*/*[2]/*/*/*/*[3]/*[1]/*[1]/*[2]	TEI/text/body/listBibl/msDesc/physDesc/ab/listBibl/bibl	1489	skipped	no	referenced ms 1489 has no usable loci (REF_NO_LOCI); nothing to generate — existing citedRanges left untouched	1	1	"<citedRange xmlns=""http://www.tei-c.org/ns/1.0"" unit=""""/>"	"<citedRange xmlns=""http://www.tei-c.org/ns/1.0"" unit=""""/>"
555	data/manuscripts/tei/555.xml		/*/*[2]/*/*/*/*[3]/*[1]/*[2]/*	TEI/text/body/listBibl/msDesc/physDesc/ab/listBibl/bibl	1474	regenerated	yes	removed all citedRanges, regenerated from referenced loci	1	1	"<citedRange xmlns=""http://www.tei-c.org/ns/1.0"" unit=""""/>"	"<citedRange xmlns=""http://www.tei-c.org/ns/1.0"" unit=""folios"" from=""1r"" to=""6v"">1r–6v</citedRange>"
555	data/manuscripts/tei/555.xml		/*/*[2]/*/*/*/*[3]/*[1]/*[3]/*	TEI/text/body/listBibl/msDesc/physDesc/ab/listBibl/bibl	1480	regenerated	yes	removed all citedRanges, regenerated from referenced loci	1	1	"<citedRange xmlns=""http://www.tei-c.org/ns/1.0"" unit=""""/>"	"<citedRange xmlns=""http://www.tei-c.org/ns/1.0"" unit=""folios"" from=""1r"" to=""2v"">1r–2v</citedRange>"
58	data/manuscripts/tei/58.xml		/*/*[2]/*/*/*/*[3]/*[1]/*[2]/*	TEI/text/body/listBibl/msDesc/physDesc/ab/listBibl/bibl	48	skipped	no	referenced ms 48 has no usable loci (REF_NO_LOCI); nothing to generate — existing citedRanges left untouched	0	0		
587	data/manuscripts/tei/587.xml		/*/*[2]/*/*/*/*[3]/*[1]/*[2]/*[1]	TEI/text/body/listBibl/msDesc/physDesc/ab/listBibl/bibl	377	skipped	no	referenced ms 377 has no usable loci (REF_NO_LOCI); nothing to generate — existing citedRanges left untouched	1	1	"<citedRange xmlns=""http://www.tei-c.org/ns/1.0"" unit="""">56-65</citedRange>"	"<citedRange xmlns=""http://www.tei-c.org/ns/1.0"" unit="""">56-65</citedRange>"
587	data/manuscripts/tei/587.xml		/*/*[2]/*/*/*/*[3]/*[1]/*[2]/*[2]	TEI/text/body/listBibl/msDesc/physDesc/ab/listBibl/bibl	639	skipped	no	referenced ms 639 has no usable loci (REF_NO_LOCI); nothing to generate — existing citedRanges left untouched	1	1	"<citedRange xmlns=""http://www.tei-c.org/ns/1.0"" unit="""">161-168</citedRange>"	"<citedRange xmlns=""http://www.tei-c.org/ns/1.0"" unit="""">161-168</citedRange>"
587	data/manuscripts/tei/587.xml		/*/*[2]/*/*/*/*[3]/*[1]/*[2]/*[3]	TEI/text/body/listBibl/msDesc/physDesc/ab/listBibl/bibl	1499	regenerated	yes	removed all citedRanges, regenerated from referenced loci	1	1	"<citedRange xmlns=""http://www.tei-c.org/ns/1.0"" unit=""""/>"	"<citedRange xmlns=""http://www.tei-c.org/ns/1.0"" unit=""folios"" from=""1r"" to=""1v"">1r–1v</citedRange>"
587	data/manuscripts/tei/587.xml		/*/*[2]/*/*/*/*[3]/*[1]/*[2]/*[4]	TEI/text/body/listBibl/msDesc/physDesc/ab/listBibl/bibl	1497	regenerated	yes	removed all citedRanges, regenerated from referenced loci	1	1	"<citedRange xmlns=""http://www.tei-c.org/ns/1.0"" unit=""""/>"	"<citedRange xmlns=""http://www.tei-c.org/ns/1.0"" unit=""folios"" from=""1r"" to=""2v"">1r–2v</citedRange>"
587	data/manuscripts/tei/587.xml		/*/*[2]/*/*/*/*[3]/*[1]/*[2]/*[5]	TEI/text/body/listBibl/msDesc/physDesc/ab/listBibl/bibl	1502	regenerated	yes	removed all citedRanges, regenerated from referenced loci	1	1	"<citedRange xmlns=""http://www.tei-c.org/ns/1.0"" unit=""""/>"	"<citedRange xmlns=""http://www.tei-c.org/ns/1.0"" unit=""folios"" from=""1r"" to=""2v"">1r–2v</citedRange>"
587	data/manuscripts/tei/587.xml		/*/*[2]/*/*/*/*[3]/*[1]/*[2]/*[6]	TEI/text/body/listBibl/msDesc/physDesc/ab/listBibl/bibl	1488	skipped	no	referenced ms 1488 has no usable loci (REF_NO_LOCI); nothing to generate — existing citedRanges left untouched	1	1	"<citedRange xmlns=""http://www.tei-c.org/ns/1.0"" unit=""""/>"	"<citedRange xmlns=""http://www.tei-c.org/ns/1.0"" unit=""""/>"
587	data/manuscripts/tei/587.xml		/*/*[2]/*/*/*/*[3]/*[1]/*[2]/*[7]	TEI/text/body/listBibl/msDesc/physDesc/ab/listBibl/bibl	1492	regenerated	yes	removed all citedRanges, regenerated from referenced loci	1	1	"<citedRange xmlns=""http://www.tei-c.org/ns/1.0"" unit=""""/>"	"<citedRange xmlns=""http://www.tei-c.org/ns/1.0"" unit=""folios"" from=""1r"" to=""6v"">1r–6v</citedRange>"
587	data/manuscripts/tei/587.xml		/*/*[2]/*/*/*/*[3]/*[1]/*[2]/*[8]	TEI/text/body/listBibl/msDesc/physDesc/ab/listBibl/bibl	1477	regenerated	yes	removed all citedRanges, regenerated from referenced loci	1	1	"<citedRange xmlns=""http://www.tei-c.org/ns/1.0"" unit=""""/>"	"<citedRange xmlns=""http://www.tei-c.org/ns/1.0"" unit=""folios"" from=""1r"" to=""24v"">1r–24v</citedRange>"
587	data/manuscripts/tei/587.xml		/*/*[2]/*/*/*/*[3]/*[1]/*[2]/*[9]	TEI/text/body/listBibl/msDesc/physDesc/ab/listBibl/bibl	1479	regenerated	yes	removed all citedRanges, regenerated from referenced loci	1	1	"<citedRange xmlns=""http://www.tei-c.org/ns/1.0"" unit=""""/>"	"<citedRange xmlns=""http://www.tei-c.org/ns/1.0"" unit=""folios"" from=""1r"" to=""6v"">1r–6v</citedRange>"
587	data/manuscripts/tei/587.xml		/*/*[2]/*/*/*/*[3]/*[1]/*[2]/*[10]	TEI/text/body/listBibl/msDesc/physDesc/ab/listBibl/bibl	608	regenerated	yes	removed all citedRanges, regenerated from referenced loci	1	1	"<citedRange xmlns=""http://www.tei-c.org/ns/1.0"" unit=""folios""/>"	"<citedRange xmlns=""http://www.tei-c.org/ns/1.0"" unit=""folios"" from=""1r"" to=""46v"">1r–46v</citedRange>"
61	data/manuscripts/tei/61.xml		/*/*[2]/*/*/*/*[3]/*[1]/*[2]/*	TEI/text/body/listBibl/msDesc/physDesc/ab/listBibl/bibl	74	skipped	no	referenced ms 74 has no usable loci (REF_NO_LOCI); nothing to generate — existing citedRanges left untouched	0	0		
613	data/manuscripts/tei/613.xml	jalit-orgmanuscript876	/*/*[2]/*/*/*/*[3]/*[1]/*[2]/*	TEI/text/body/listBibl/msDesc/physDesc/ab/listBibl/bibl	876	skipped	no	referenced ms 876 has no usable loci (REF_NO_LOCI); nothing to generate — existing citedRanges left untouched	0	0		
630	data/manuscripts/tei/630.xml	jalit-orgmanuscript341	/*/*[2]/*/*/*/*[3]/*[1]/*[2]/*[1]	TEI/text/body/listBibl/msDesc/physDesc/ab/listBibl/bibl	341	regenerated	yes	removed all citedRanges, regenerated from referenced loci	0	1		"<citedRange xmlns=""http://www.tei-c.org/ns/1.0"" unit=""folios"" from=""1r"" to=""2v"">1r–2v</citedRange>"
630	data/manuscripts/tei/630.xml	jalit-orgmanuscript1469	/*/*[2]/*/*/*/*[3]/*[1]/*[2]/*[2]	TEI/text/body/listBibl/msDesc/physDesc/ab/listBibl/bibl	1469	regenerated	yes	removed all citedRanges, regenerated from referenced loci	0	1		"<citedRange xmlns=""http://www.tei-c.org/ns/1.0"" unit=""folios"" from=""1r"" to=""16v"">1r–16v</citedRange>"
630	data/manuscripts/tei/630.xml	jalit-orgmanuscript511	/*/*[2]/*/*/*/*[3]/*[1]/*[2]/*[3]	TEI/text/body/listBibl/msDesc/physDesc/ab/listBibl/bibl	511	regenerated	yes	removed all citedRanges, regenerated from referenced loci	0	5		"<citedRange xmlns=""http://www.tei-c.org/ns/1.0"" unit=""folios"" from=""1r"" to=""9v"">1r–9v</citedRange> <citedRange xmlns=""http://www.tei-c.org/ns/1.0"" unit=""folios"" from=""32r"" to=""36v"">32r–36v</citedRange> <citedRange xmlns=""http://www.tei-c.org/ns/1.0"" unit=""folios"" from=""45r"" to=""109v"">45r–109v</citedRange> <citedRange xmlns=""http://www.tei-c.org/ns/1.0"" unit=""folios"" from=""111r"" to=""124v"">111r–124v</citedRange> <citedRange xmlns=""http://www.tei-c.org/ns/1.0"" unit=""folios"" from=""126r"" to=""149v"">126r–149v</citedRange>"
630	data/manuscripts/tei/630.xml	jalit-orgmanuscript641	/*/*[2]/*/*/*/*[3]/*[1]/*[2]/*[4]	TEI/text/body/listBibl/msDesc/physDesc/ab/listBibl/bibl	641	regenerated	yes	removed all citedRanges, regenerated from referenced loci	0	1		"<citedRange xmlns=""http://www.tei-c.org/ns/1.0"" unit=""folios"" from=""1r"" to=""5v"">1r–5v</citedRange>"
630	data/manuscripts/tei/630.xml	jalit-orgmanuscript366	/*/*[2]/*/*/*/*[3]/*[1]/*[2]/*[5]	TEI/text/body/listBibl/msDesc/physDesc/ab/listBibl/bibl	366	regenerated	yes	removed all citedRanges, regenerated from referenced loci	0	2		"<citedRange xmlns=""http://www.tei-c.org/ns/1.0"" unit=""folios"" from=""1r"" to=""4v"">1r–4v</citedRange> <citedRange xmlns=""http://www.tei-c.org/ns/1.0"" unit=""folios"" from=""6r"" to=""28v"">6r–28v</citedRange>"
641	data/manuscripts/tei/641.xml	jalit-orgmanuscript341	/*/*[2]/*/*/*/*[3]/*[1]/*[2]/*[1]	TEI/text/body/listBibl/msDesc/physDesc/ab/listBibl/bibl	341	regenerated	yes	removed all citedRanges, regenerated from referenced loci	0	1		"<citedRange xmlns=""http://www.tei-c.org/ns/1.0"" unit=""folios"" from=""1r"" to=""2v"">1r–2v</citedRange>"
641	data/manuscripts/tei/641.xml	jalit-orgmanuscript630	/*/*[2]/*/*/*/*[3]/*[1]/*[2]/*[2]	TEI/text/body/listBibl/msDesc/physDesc/ab/listBibl/bibl	630	regenerated	yes	removed all citedRanges, regenerated from referenced loci	0	1		"<citedRange xmlns=""http://www.tei-c.org/ns/1.0"" unit=""folios"" from=""1r"" to=""12v"">1r–12v</citedRange>"
641	data/manuscripts/tei/641.xml	jalit-orgmanuscript1469	/*/*[2]/*/*/*/*[3]/*[1]/*[2]/*[3]	TEI/text/body/listBibl/msDesc/physDesc/ab/listBibl/bibl	1469	regenerated	yes	removed all citedRanges, regenerated from referenced loci	0	1		"<citedRange xmlns=""http://www.tei-c.org/ns/1.0"" unit=""folios"" from=""1r"" to=""16v"">1r–16v</citedRange>"
641	data/manuscripts/tei/641.xml	jalit-orgmanuscript366	/*/*[2]/*/*/*/*[3]/*[1]/*[2]/*[4]	TEI/text/body/listBibl/msDesc/physDesc/ab/listBibl/bibl	366	regenerated	yes	removed all citedRanges, regenerated from referenced loci	0	2		"<citedRange xmlns=""http://www.tei-c.org/ns/1.0"" unit=""folios"" from=""1r"" to=""4v"">1r–4v</citedRange> <citedRange xmlns=""http://www.tei-c.org/ns/1.0"" unit=""folios"" from=""6r"" to=""28v"">6r–28v</citedRange>"
641	data/manuscripts/tei/641.xml	jalit-orgmanuscript511	/*/*[2]/*/*/*/*[3]/*[1]/*[2]/*[5]	TEI/text/body/listBibl/msDesc/physDesc/ab/listBibl/bibl	511	regenerated	yes	removed all citedRanges, regenerated from referenced loci	0	5		"<citedRange xmlns=""http://www.tei-c.org/ns/1.0"" unit=""folios"" from=""1r"" to=""9v"">1r–9v</citedRange> <citedRange xmlns=""http://www.tei-c.org/ns/1.0"" unit=""folios"" from=""32r"" to=""36v"">32r–36v</citedRange> <citedRange xmlns=""http://www.tei-c.org/ns/1.0"" unit=""folios"" from=""45r"" to=""109v"">45r–109v</citedRange> <citedRange xmlns=""http://www.tei-c.org/ns/1.0"" unit=""folios"" from=""111r"" to=""124v"">111r–124v</citedRange> <citedRange xmlns=""http://www.tei-c.org/ns/1.0"" unit=""folios"" from=""126r"" to=""149v"">126r–149v</citedRange>"
67	data/manuscripts/tei/67.xml		/*/*[2]/*/*/*/*[3]/*[1]/*[2]/*	TEI/text/body/listBibl/msDesc/physDesc/ab/listBibl/bibl	87	skipped	no	referenced ms 87 has no usable loci (REF_NO_LOCI); nothing to generate — existing citedRanges left untouched	0	0		
72	data/manuscripts/tei/72.xml		/*/*[2]/*/*/*/*[3]/*[1]/*[2]/*[1]	TEI/text/body/listBibl/msDesc/physDesc/ab/listBibl/bibl	239	skipped	no	referenced ms 239 has no usable loci (REF_NO_LOCI); nothing to generate — existing citedRanges left untouched	0	0		
72	data/manuscripts/tei/72.xml		/*/*[2]/*/*/*/*[3]/*[1]/*[2]/*[2]	TEI/text/body/listBibl/msDesc/physDesc/ab/listBibl/bibl	204	skipped	no	referenced ms 204 has no usable loci (REF_NO_LOCI); nothing to generate — existing citedRanges left untouched	0	0		
73	data/manuscripts/tei/73.xml		/*/*[2]/*/*/*/*[3]/*[1]/*[2]/*	TEI/text/body/listBibl/msDesc/physDesc/ab/listBibl/bibl	91	skipped	no	referenced ms 91 has no usable loci (REF_NO_LOCI); nothing to generate — existing citedRanges left untouched	0	0		
74	data/manuscripts/tei/74.xml		/*/*[2]/*/*/*/*[3]/*[1]/*[2]/*	TEI/text/body/listBibl/msDesc/physDesc/ab/listBibl/bibl	61	skipped	no	referenced ms 61 has no usable loci (REF_NO_LOCI); nothing to generate — existing citedRanges left untouched	0	0		
76	data/manuscripts/tei/76.xml		/*/*[2]/*/*/*/*[3]/*[1]/*[2]/*	TEI/text/body/listBibl/msDesc/physDesc/ab/listBibl/bibl	141	skipped	no	referenced ms 141 has no usable loci (REF_NO_LOCI); nothing to generate — existing citedRanges left untouched	0	0		
79	data/manuscripts/tei/79.xml		/*/*[2]/*/*/*/*[3]/*[1]/*[2]/*	TEI/text/body/listBibl/msDesc/physDesc/ab/listBibl/bibl	236	skipped	no	referenced ms 236 has no usable loci (REF_NO_LOCI); nothing to generate — existing citedRanges left untouched	0	0		
81	data/manuscripts/tei/81.xml		/*/*[2]/*/*/*/*[3]/*[1]/*[2]/*[1]	TEI/text/body/listBibl/msDesc/physDesc/ab/listBibl/bibl	96	skipped	no	referenced ms 96 has no usable loci (REF_NO_LOCI); nothing to generate — existing citedRanges left untouched	0	0		
81	data/manuscripts/tei/81.xml		/*/*[2]/*/*/*/*[3]/*[1]/*[2]/*[2]	TEI/text/body/listBibl/msDesc/physDesc/ab/listBibl/bibl	304	skipped	no	referenced ms 304 has no usable loci (REF_NO_LOCI); nothing to generate — existing citedRanges left untouched	0	0		
87	data/manuscripts/tei/87.xml		/*/*[2]/*/*/*/*[3]/*[1]/*[2]/*	TEI/text/body/listBibl/msDesc/physDesc/ab/listBibl/bibl	67	skipped	no	referenced ms 67 has no usable loci (REF_NO_LOCI); nothing to generate — existing citedRanges left untouched	0	0		
88	data/manuscripts/tei/88.xml		/*/*[2]/*/*/*/*[3]/*[1]/*[2]/*[1]	TEI/text/body/listBibl/msDesc/physDesc/ab/listBibl/bibl	136	skipped	no	referenced ms 136 has no usable loci (REF_NO_LOCI); nothing to generate — existing citedRanges left untouched	0	0		
88	data/manuscripts/tei/88.xml		/*/*[2]/*/*/*/*[3]/*[1]/*[2]/*[2]	TEI/text/body/listBibl/msDesc/physDesc/ab/listBibl/bibl	134	skipped	no	referenced ms 134 has no usable loci (REF_NO_LOCI); nothing to generate — existing citedRanges left untouched	0	0		
894	data/manuscripts/tei/894.xml	jalit-orgmanuscript514	/*/*[2]/*/*/*/*[3]/*[1]/*[2]/*	TEI/text/body/listBibl/msDesc/physDesc/ab/listBibl/bibl	514	regenerated	yes	removed all citedRanges, regenerated from referenced loci	0	2		"<citedRange xmlns=""http://www.tei-c.org/ns/1.0"" unit=""folios"" from=""1v"" to=""8v"">1v–8v</citedRange> <citedRange xmlns=""http://www.tei-c.org/ns/1.0"" unit=""folios"" from=""8v"" to=""134v"">8v–134v</citedRange>"
9	data/manuscripts/tei/9.xml		/*/*[2]/*/*/*/*[3]/*[1]/*[2]/*	TEI/text/body/listBibl/msDesc/physDesc/ab/listBibl/bibl	255	skipped	no	referenced ms 255 has no usable loci (REF_NO_LOCI); nothing to generate — existing citedRanges left untouched	0	0		
90	data/manuscripts/tei/90.xml		/*/*[2]/*/*/*/*[3]/*[1]/*[2]/*	TEI/text/body/listBibl/msDesc/physDesc/ab/listBibl/bibl	271	skipped	no	referenced ms 271 has no usable loci (REF_NO_LOCI); nothing to generate — existing citedRanges left untouched	0	0		
91	data/manuscripts/tei/91.xml		/*/*[2]/*/*/*/*[3]/*[1]/*[2]/*	TEI/text/body/listBibl/msDesc/physDesc/ab/listBibl/bibl	73	skipped	no	referenced ms 73 has no usable loci (REF_NO_LOCI); nothing to generate — existing citedRanges left untouched	0	0		
92	data/manuscripts/tei/92.xml		/*/*[2]/*/*/*/*[3]/*[1]/*[2]/*	TEI/text/body/listBibl/msDesc/physDesc/ab/listBibl/bibl	151	skipped	no	referenced ms 151 has no usable loci (REF_NO_LOCI); nothing to generate — existing citedRanges left untouched	0	0		
95	data/manuscripts/tei/95.xml		/*/*[2]/*/*/*/*[3]/*[1]/*[2]/*	TEI/text/body/listBibl/msDesc/physDesc/ab/listBibl/bibl	195	skipped	no	referenced ms 195 has no usable loci (REF_NO_LOCI); nothing to generate — existing citedRanges left untouched	0	0		
96	data/manuscripts/tei/96.xml		/*/*[2]/*/*/*/*[3]/*[1]/*[2]/*[2]	TEI/text/body/listBibl/msDesc/physDesc/ab/listBibl/bibl	304	skipped	no	multiple manuscript targets: ['304', '81']	1	1	"<citedRange xmlns=""http://www.tei-c.org/ns/1.0"" unit=""folios""/>"	"<citedRange xmlns=""http://www.tei-c.org/ns/1.0"" unit=""folios""/>"
