ms_id	file	locus_xpath	locus_xpath_readable	part	action	changed	from_before	to_before	text_before	other_attrs_before	from_after	to_after	text_after	other_attrs_after	element_before	element_after	note
1	data/manuscripts/tei/1.xml	/*/*[2]/*/*/*/*[2]/*[2]/*[1]	TEI/text/body/listBibl/msDesc/msContents/msItem/locus	B	skip_empty	no									"<locus from="""" to=""""/>"	"<locus from="""" to=""""/>"	empty placeholder (no @from/@to) — nothing to render
10	data/manuscripts/tei/10.xml	/*/*[2]/*/*/*/*[2]/*[2]/*[1]	TEI/text/body/listBibl/msDesc/msContents/msItem/locus	B	skip_empty	no									"<locus from="""" to=""""/>"	"<locus from="""" to=""""/>"	empty placeholder (no @from/@to) — nothing to render
100	data/manuscripts/tei/100.xml	/*/*[2]/*/*/*/*[2]/*[2]/*[1]	TEI/text/body/listBibl/msDesc/msContents/msItem/locus	B	skip_empty	no									"<locus from="""" to=""""/>"	"<locus from="""" to=""""/>"	empty placeholder (no @from/@to) — nothing to render
1000	data/manuscripts/tei/1000.xml	/*/*[2]/*/*/*/*[2]/*[2]/*[1]	TEI/text/body/listBibl/msDesc/msContents/msItem/locus	B	skip_empty	no									"<locus from="""" to=""""/>"	"<locus from="""" to=""""/>"	empty placeholder (no @from/@to) — nothing to render
1001	data/manuscripts/tei/1001.xml	/*/*[2]/*/*/*/*[2]/*[2]/*[1]	TEI/text/body/listBibl/msDesc/msContents/msItem/locus	B	skip_empty	no									"<locus from="""" to=""""/>"	"<locus from="""" to=""""/>"	empty placeholder (no @from/@to) — nothing to render
1002	data/manuscripts/tei/1002.xml	/*/*[2]/*/*/*/*[2]/*[2]/*[1]	TEI/text/body/listBibl/msDesc/msContents/msItem/locus	B	skip_empty	no									"<locus from="""" to=""""/>"	"<locus from="""" to=""""/>"	empty placeholder (no @from/@to) — nothing to render
1003	data/manuscripts/tei/1003.xml	/*/*[2]/*/*/*/*[2]/*[2]/*[1]	TEI/text/body/listBibl/msDesc/msContents/msItem/locus	B	skip_empty	no									"<locus from="""" to=""""/>"	"<locus from="""" to=""""/>"	empty placeholder (no @from/@to) — nothing to render
1004	data/manuscripts/tei/1004.xml	/*/*[2]/*/*/*/*[2]/*[2]/*[1]	TEI/text/body/listBibl/msDesc/msContents/msItem/locus	B	skip_empty	no									"<locus from="""" to=""""/>"	"<locus from="""" to=""""/>"	empty placeholder (no @from/@to) — nothing to render
1005	data/manuscripts/tei/1005.xml	/*/*[2]/*/*/*/*[2]/*[2]/*[1]	TEI/text/body/listBibl/msDesc/msContents/msItem/locus	B	skip_empty	no									"<locus from="""" to=""""/>"	"<locus from="""" to=""""/>"	empty placeholder (no @from/@to) — nothing to render
1006	data/manuscripts/tei/1006.xml	/*/*[2]/*/*/*/*[2]/*[2]/*[1]	TEI/text/body/listBibl/msDesc/msContents/msItem/locus	B	skip_empty	no									"<locus from="""" to=""""/>"	"<locus from="""" to=""""/>"	empty placeholder (no @from/@to) — nothing to render
1007	data/manuscripts/tei/1007.xml	/*/*[2]/*/*/*/*[2]/*[2]/*[1]	TEI/text/body/listBibl/msDesc/msContents/msItem/locus	B	skip_empty	no									"<locus from="""" to=""""/>"	"<locus from="""" to=""""/>"	empty placeholder (no @from/@to) — nothing to render
1008	data/manuscripts/tei/1008.xml	/*/*[2]/*/*/*/*[2]/*[2]/*[1]	TEI/text/body/listBibl/msDesc/msContents/msItem/locus	B	skip_empty	no									"<locus from="""" to=""""/>"	"<locus from="""" to=""""/>"	empty placeholder (no @from/@to) — nothing to render
1009	data/manuscripts/tei/1009.xml	/*/*[2]/*/*/*/*[2]/*[2]/*[1]	TEI/text/body/listBibl/msDesc/msContents/msItem/locus	B	skip_empty	no									"<locus from="""" to=""""/>"	"<locus from="""" to=""""/>"	empty placeholder (no @from/@to) — nothing to render
101	data/manuscripts/tei/101.xml	/*/*[2]/*/*/*/*[2]/*[2]/*[1]	TEI/text/body/listBibl/msDesc/msContents/msItem/locus	B	skip_empty	no									"<locus from="""" to=""""/>"	"<locus from="""" to=""""/>"	empty placeholder (no @from/@to) — nothing to render
1010	data/manuscripts/tei/1010.xml	/*/*[2]/*/*/*/*[2]/*[2]/*[1]	TEI/text/body/listBibl/msDesc/msContents/msItem/locus	B	skip_empty	no									"<locus from="""" to=""""/>"	"<locus from="""" to=""""/>"	empty placeholder (no @from/@to) — nothing to render
1011	data/manuscripts/tei/1011.xml	/*/*[2]/*/*/*/*[2]/*[2]/*[1]	TEI/text/body/listBibl/msDesc/msContents/msItem/locus	B	skip_empty	no									"<locus from="""" to=""""/>"	"<locus from="""" to=""""/>"	empty placeholder (no @from/@to) — nothing to render
1012	data/manuscripts/tei/1012.xml	/*/*[2]/*/*/*/*[2]/*[2]/*[1]	TEI/text/body/listBibl/msDesc/msContents/msItem/locus	B	skip_empty	no									"<locus from="""" to=""""/>"	"<locus from="""" to=""""/>"	empty placeholder (no @from/@to) — nothing to render
1013	data/manuscripts/tei/1013.xml	/*/*[2]/*/*/*/*[2]/*[2]/*[1]	TEI/text/body/listBibl/msDesc/msContents/msItem/locus	B	skip_empty	no									"<locus from="""" to=""""/>"	"<locus from="""" to=""""/>"	empty placeholder (no @from/@to) — nothing to render
1014	data/manuscripts/tei/1014.xml	/*/*[2]/*/*/*/*[2]/*[2]/*[1]	TEI/text/body/listBibl/msDesc/msContents/msItem/locus	B	skip_empty	no									"<locus from="""" to=""""/>"	"<locus from="""" to=""""/>"	empty placeholder (no @from/@to) — nothing to render
1015	data/manuscripts/tei/1015.xml	/*/*[2]/*/*/*/*[2]/*[2]/*[1]	TEI/text/body/listBibl/msDesc/msContents/msItem/locus	B	skip_empty	no									"<locus from="""" to=""""/>"	"<locus from="""" to=""""/>"	empty placeholder (no @from/@to) — nothing to render
1016	data/manuscripts/tei/1016.xml	/*/*[2]/*/*/*/*[2]/*[2]/*[1]	TEI/text/body/listBibl/msDesc/msContents/msItem/locus	B	skip_empty	no									"<locus from="""" to=""""/>"	"<locus from="""" to=""""/>"	empty placeholder (no @from/@to) — nothing to render
1017	data/manuscripts/tei/1017.xml	/*/*[2]/*/*/*/*[2]/*[2]/*[1]	TEI/text/body/listBibl/msDesc/msContents/msItem/locus	B	skip_empty	no									"<locus from="""" to=""""/>"	"<locus from="""" to=""""/>"	empty placeholder (no @from/@to) — nothing to render
1018	data/manuscripts/tei/1018.xml	/*/*[2]/*/*/*/*[2]/*[2]/*[1]	TEI/text/body/listBibl/msDesc/msContents/msItem/locus	B	skip_empty	no									"<locus from="""" to=""""/>"	"<locus from="""" to=""""/>"	empty placeholder (no @from/@to) — nothing to render
1019	data/manuscripts/tei/1019.xml	/*/*[2]/*/*/*/*[2]/*[2]/*[1]	TEI/text/body/listBibl/msDesc/msContents/msItem/locus	B	skip_empty	no									"<locus from="""" to=""""/>"	"<locus from="""" to=""""/>"	empty placeholder (no @from/@to) — nothing to render
102	data/manuscripts/tei/102.xml	/*/*[2]/*/*/*/*[2]/*[2]/*[1]	TEI/text/body/listBibl/msDesc/msContents/msItem/locus	B	skip_empty	no									"<locus from="""" to=""""/>"	"<locus from="""" to=""""/>"	empty placeholder (no @from/@to) — nothing to render
1020	data/manuscripts/tei/1020.xml	/*/*[2]/*/*/*/*[2]/*[2]/*[1]	TEI/text/body/listBibl/msDesc/msContents/msItem/locus	B	skip_empty	no									"<locus from="""" to=""""/>"	"<locus from="""" to=""""/>"	empty placeholder (no @from/@to) — nothing to render
1021	data/manuscripts/tei/1021.xml	/*/*[2]/*/*/*/*[2]/*[2]/*[1]	TEI/text/body/listBibl/msDesc/msContents/msItem/locus	B	skip_empty	no									"<locus from="""" to=""""/>"	"<locus from="""" to=""""/>"	empty placeholder (no @from/@to) — nothing to render
1022	data/manuscripts/tei/1022.xml	/*/*[2]/*/*/*/*[2]/*[2]/*[1]	TEI/text/body/listBibl/msDesc/msContents/msItem/locus	B	skip_empty	no									"<locus from="""" to=""""/>"	"<locus from="""" to=""""/>"	empty placeholder (no @from/@to) — nothing to render
1023	data/manuscripts/tei/1023.xml	/*/*[2]/*/*/*/*[2]/*[2]/*[1]	TEI/text/body/listBibl/msDesc/msContents/msItem/locus	B	skip_empty	no									"<locus from="""" to=""""/>"	"<locus from="""" to=""""/>"	empty placeholder (no @from/@to) — nothing to render
1025	data/manuscripts/tei/1025.xml	/*/*[2]/*/*/*/*[2]/*[2]/*[1]	TEI/text/body/listBibl/msDesc/msContents/msItem/locus	B	skip_empty	no									"<locus from="""" to=""""/>"	"<locus from="""" to=""""/>"	empty placeholder (no @from/@to) — nothing to render
1026	data/manuscripts/tei/1026.xml	/*/*[2]/*/*/*/*[2]/*[2]/*[1]	TEI/text/body/listBibl/msDesc/msContents/msItem/locus	B	skip_empty	no									"<locus from="""" to=""""/>"	"<locus from="""" to=""""/>"	empty placeholder (no @from/@to) — nothing to render
1027	data/manuscripts/tei/1027.xml	/*/*[2]/*/*/*/*[2]/*[2]/*[1]	TEI/text/body/listBibl/msDesc/msContents/msItem/locus	B	skip_empty	no									"<locus from="""" to=""""/>"	"<locus from="""" to=""""/>"	empty placeholder (no @from/@to) — nothing to render
1028	data/manuscripts/tei/1028.xml	/*/*[2]/*/*/*/*[2]/*[2]/*[1]	TEI/text/body/listBibl/msDesc/msContents/msItem/locus	B	skip_empty	no									"<locus from="""" to=""""/>"	"<locus from="""" to=""""/>"	empty placeholder (no @from/@to) — nothing to render
1029	data/manuscripts/tei/1029.xml	/*/*[2]/*/*/*/*[2]/*[2]/*[1]	TEI/text/body/listBibl/msDesc/msContents/msItem/locus	B	skip_empty	no									"<locus from="""" to=""""/>"	"<locus from="""" to=""""/>"	empty placeholder (no @from/@to) — nothing to render
103	data/manuscripts/tei/103.xml	/*/*[2]/*/*/*/*[2]/*[2]/*[1]	TEI/text/body/listBibl/msDesc/msContents/msItem/locus	B	skip_empty	no									"<locus from="""" to=""""/>"	"<locus from="""" to=""""/>"	empty placeholder (no @from/@to) — nothing to render
1030	data/manuscripts/tei/1030.xml	/*/*[2]/*/*/*/*[2]/*[2]/*[1]	TEI/text/body/listBibl/msDesc/msContents/msItem/locus	B	skip_empty	no									"<locus from="""" to=""""/>"	"<locus from="""" to=""""/>"	empty placeholder (no @from/@to) — nothing to render
1031	data/manuscripts/tei/1031.xml	/*/*[2]/*/*/*/*[2]/*[2]/*[1]	TEI/text/body/listBibl/msDesc/msContents/msItem/locus	B	skip_empty	no									"<locus from="""" to=""""/>"	"<locus from="""" to=""""/>"	empty placeholder (no @from/@to) — nothing to render
1032	data/manuscripts/tei/1032.xml	/*/*[2]/*/*/*/*[2]/*[2]/*[1]	TEI/text/body/listBibl/msDesc/msContents/msItem/locus	B	skip_empty	no									"<locus from="""" to=""""/>"	"<locus from="""" to=""""/>"	empty placeholder (no @from/@to) — nothing to render
1033	data/manuscripts/tei/1033.xml	/*/*[2]/*/*/*/*[2]/*[2]/*[1]	TEI/text/body/listBibl/msDesc/msContents/msItem/locus	B	skip_empty	no									"<locus from="""" to=""""/>"	"<locus from="""" to=""""/>"	empty placeholder (no @from/@to) — nothing to render
1034	data/manuscripts/tei/1034.xml	/*/*[2]/*/*/*/*[2]/*[2]/*[1]	TEI/text/body/listBibl/msDesc/msContents/msItem/locus	B	skip_empty	no									"<locus from="""" to=""""/>"	"<locus from="""" to=""""/>"	empty placeholder (no @from/@to) — nothing to render
1035	data/manuscripts/tei/1035.xml	/*/*[2]/*/*/*/*[2]/*[2]/*[1]	TEI/text/body/listBibl/msDesc/msContents/msItem/locus	B	skip_empty	no									"<locus from="""" to=""""/>"	"<locus from="""" to=""""/>"	empty placeholder (no @from/@to) — nothing to render
1036	data/manuscripts/tei/1036.xml	/*/*[2]/*/*/*/*[2]/*[2]/*[1]	TEI/text/body/listBibl/msDesc/msContents/msItem/locus	B	skip_empty	no									"<locus from="""" to=""""/>"	"<locus from="""" to=""""/>"	empty placeholder (no @from/@to) — nothing to render
1037	data/manuscripts/tei/1037.xml	/*/*[2]/*/*/*/*[2]/*[2]/*[1]	TEI/text/body/listBibl/msDesc/msContents/msItem/locus	B	skip_empty	no									"<locus from="""" to=""""/>"	"<locus from="""" to=""""/>"	empty placeholder (no @from/@to) — nothing to render
1038	data/manuscripts/tei/1038.xml	/*/*[2]/*/*/*/*[2]/*[2]/*[1]	TEI/text/body/listBibl/msDesc/msContents/msItem/locus	B	skip_empty	no									"<locus from="""" to=""""/>"	"<locus from="""" to=""""/>"	empty placeholder (no @from/@to) — nothing to render
1039	data/manuscripts/tei/1039.xml	/*/*[2]/*/*/*/*[2]/*[2]/*[1]	TEI/text/body/listBibl/msDesc/msContents/msItem/locus	B	skip_empty	no									"<locus from="""" to=""""/>"	"<locus from="""" to=""""/>"	empty placeholder (no @from/@to) — nothing to render
104	data/manuscripts/tei/104.xml	/*/*[2]/*/*/*/*[2]/*[2]/*[1]	TEI/text/body/listBibl/msDesc/msContents/msItem/locus	B	skip_empty	no									"<locus from="""" to=""""/>"	"<locus from="""" to=""""/>"	empty placeholder (no @from/@to) — nothing to render
1040	data/manuscripts/tei/1040.xml	/*/*[2]/*/*/*/*[2]/*[2]/*[1]	TEI/text/body/listBibl/msDesc/msContents/msItem/locus	B	skip_empty	no									"<locus from="""" to=""""/>"	"<locus from="""" to=""""/>"	empty placeholder (no @from/@to) — nothing to render
1041	data/manuscripts/tei/1041.xml	/*/*[2]/*/*/*/*[2]/*[2]/*[1]	TEI/text/body/listBibl/msDesc/msContents/msItem/locus	B	skip_empty	no									"<locus from="""" to=""""/>"	"<locus from="""" to=""""/>"	empty placeholder (no @from/@to) — nothing to render
1042	data/manuscripts/tei/1042.xml	/*/*[2]/*/*/*/*[2]/*[2]/*[1]	TEI/text/body/listBibl/msDesc/msContents/msItem/locus	B	skip_empty	no									"<locus from="""" to=""""/>"	"<locus from="""" to=""""/>"	empty placeholder (no @from/@to) — nothing to render
1043	data/manuscripts/tei/1043.xml	/*/*[2]/*/*/*/*[2]/*[2]/*[1]	TEI/text/body/listBibl/msDesc/msContents/msItem/locus	B	skip_empty	no									"<locus from="""" to=""""/>"	"<locus from="""" to=""""/>"	empty placeholder (no @from/@to) — nothing to render
1044	data/manuscripts/tei/1044.xml	/*/*[2]/*/*/*/*[2]/*[2]/*[1]	TEI/text/body/listBibl/msDesc/msContents/msItem/locus	B	skip_empty	no									"<locus from="""" to=""""/>"	"<locus from="""" to=""""/>"	empty placeholder (no @from/@to) — nothing to render
1045	data/manuscripts/tei/1045.xml	/*/*[2]/*/*/*/*[2]/*[2]/*[1]	TEI/text/body/listBibl/msDesc/msContents/msItem/locus	B	skip_empty	no									"<locus from="""" to=""""/>"	"<locus from="""" to=""""/>"	empty placeholder (no @from/@to) — nothing to render
1046	data/manuscripts/tei/1046.xml	/*/*[2]/*/*/*/*[2]/*[2]/*[1]	TEI/text/body/listBibl/msDesc/msContents/msItem/locus	B	skip_empty	no									"<locus from="""" to=""""/>"	"<locus from="""" to=""""/>"	empty placeholder (no @from/@to) — nothing to render
1047	data/manuscripts/tei/1047.xml	/*/*[2]/*/*/*/*[2]/*[2]/*[1]	TEI/text/body/listBibl/msDesc/msContents/msItem/locus	B	skip_empty	no									"<locus from="""" to=""""/>"	"<locus from="""" to=""""/>"	empty placeholder (no @from/@to) — nothing to render
1048	data/manuscripts/tei/1048.xml	/*/*[2]/*/*/*/*[2]/*[2]/*[1]	TEI/text/body/listBibl/msDesc/msContents/msItem/locus	B	skip_empty	no									"<locus from="""" to=""""/>"	"<locus from="""" to=""""/>"	empty placeholder (no @from/@to) — nothing to render
1049	data/manuscripts/tei/1049.xml	/*/*[2]/*/*/*/*[2]/*[2]/*[1]	TEI/text/body/listBibl/msDesc/msContents/msItem/locus	B	skip_empty	no									"<locus from="""" to=""""/>"	"<locus from="""" to=""""/>"	empty placeholder (no @from/@to) — nothing to render
105	data/manuscripts/tei/105.xml	/*/*[2]/*/*/*/*[2]/*[2]/*[1]	TEI/text/body/listBibl/msDesc/msContents/msItem/locus	B	skip_empty	no									"<locus from="""" to=""""/>"	"<locus from="""" to=""""/>"	empty placeholder (no @from/@to) — nothing to render
1050	data/manuscripts/tei/1050.xml	/*/*[2]/*/*/*/*[2]/*[2]/*[1]	TEI/text/body/listBibl/msDesc/msContents/msItem/locus	B	skip_empty	no									"<locus from="""" to=""""/>"	"<locus from="""" to=""""/>"	empty placeholder (no @from/@to) — nothing to render
1051	data/manuscripts/tei/1051.xml	/*/*[2]/*/*/*/*[2]/*[2]/*[1]	TEI/text/body/listBibl/msDesc/msContents/msItem/locus	B	skip_empty	no									"<locus from="""" to=""""/>"	"<locus from="""" to=""""/>"	empty placeholder (no @from/@to) — nothing to render
1052	data/manuscripts/tei/1052.xml	/*/*[2]/*/*/*/*[2]/*[2]/*[1]	TEI/text/body/listBibl/msDesc/msContents/msItem/locus	B	skip_empty	no									"<locus from="""" to=""""/>"	"<locus from="""" to=""""/>"	empty placeholder (no @from/@to) — nothing to render
1053	data/manuscripts/tei/1053.xml	/*/*[2]/*/*/*/*[2]/*[2]/*[1]	TEI/text/body/listBibl/msDesc/msContents/msItem/locus	B	skip_empty	no									"<locus from="""" to=""""/>"	"<locus from="""" to=""""/>"	empty placeholder (no @from/@to) — nothing to render
1054	data/manuscripts/tei/1054.xml	/*/*[2]/*/*/*/*[2]/*[2]/*[1]	TEI/text/body/listBibl/msDesc/msContents/msItem/locus	B	skip_empty	no									"<locus from="""" to=""""/>"	"<locus from="""" to=""""/>"	empty placeholder (no @from/@to) — nothing to render
1055	data/manuscripts/tei/1055.xml	/*/*[2]/*/*/*/*[2]/*[2]/*[1]	TEI/text/body/listBibl/msDesc/msContents/msItem/locus	B	skip_empty	no									"<locus from="""" to=""""/>"	"<locus from="""" to=""""/>"	empty placeholder (no @from/@to) — nothing to render
1056	data/manuscripts/tei/1056.xml	/*/*[2]/*/*/*/*[2]/*[2]/*[1]	TEI/text/body/listBibl/msDesc/msContents/msItem/locus	B	skip_empty	no									"<locus from="""" to=""""/>"	"<locus from="""" to=""""/>"	empty placeholder (no @from/@to) — nothing to render
1057	data/manuscripts/tei/1057.xml	/*/*[2]/*/*/*/*[2]/*[2]/*[1]	TEI/text/body/listBibl/msDesc/msContents/msItem/locus	B	skip_empty	no									"<locus from="""" to=""""/>"	"<locus from="""" to=""""/>"	empty placeholder (no @from/@to) — nothing to render
1058	data/manuscripts/tei/1058.xml	/*/*[2]/*/*/*/*[2]/*[2]/*[1]	TEI/text/body/listBibl/msDesc/msContents/msItem/locus	B	skip_empty	no									"<locus from="""" to=""""/>"	"<locus from="""" to=""""/>"	empty placeholder (no @from/@to) — nothing to render
1059	data/manuscripts/tei/1059.xml	/*/*[2]/*/*/*/*[2]/*[2]/*[1]	TEI/text/body/listBibl/msDesc/msContents/msItem/locus	B	skip_empty	no									"<locus from="""" to=""""/>"	"<locus from="""" to=""""/>"	empty placeholder (no @from/@to) — nothing to render
106	data/manuscripts/tei/106.xml	/*/*[2]/*/*/*/*[2]/*[2]/*[1]	TEI/text/body/listBibl/msDesc/msContents/msItem/locus	B	skip_empty	no									"<locus from="""" to=""""/>"	"<locus from="""" to=""""/>"	empty placeholder (no @from/@to) — nothing to render
1060	data/manuscripts/tei/1060.xml	/*/*[2]/*/*/*/*[2]/*[2]/*[1]	TEI/text/body/listBibl/msDesc/msContents/msItem/locus	B	skip_empty	no									"<locus from="""" to=""""/>"	"<locus from="""" to=""""/>"	empty placeholder (no @from/@to) — nothing to render
1062	data/manuscripts/tei/1062.xml	/*/*[2]/*/*/*/*[2]/*[2]/*[1]	TEI/text/body/listBibl/msDesc/msContents/msItem/locus	B	skip_empty	no									"<locus from="""" to=""""/>"	"<locus from="""" to=""""/>"	empty placeholder (no @from/@to) — nothing to render
1063	data/manuscripts/tei/1063.xml	/*/*[2]/*/*/*/*[2]/*[2]/*[1]	TEI/text/body/listBibl/msDesc/msContents/msItem/locus	B	skip_empty	no									"<locus from="""" to=""""/>"	"<locus from="""" to=""""/>"	empty placeholder (no @from/@to) — nothing to render
1064	data/manuscripts/tei/1064.xml	/*/*[2]/*/*/*/*[2]/*[2]/*[1]	TEI/text/body/listBibl/msDesc/msContents/msItem/locus	B	skip_empty	no									"<locus from="""" to=""""/>"	"<locus from="""" to=""""/>"	empty placeholder (no @from/@to) — nothing to render
1065	data/manuscripts/tei/1065.xml	/*/*[2]/*/*/*/*[2]/*[2]/*[1]	TEI/text/body/listBibl/msDesc/msContents/msItem/locus	B	skip_empty	no									"<locus from="""" to=""""/>"	"<locus from="""" to=""""/>"	empty placeholder (no @from/@to) — nothing to render
1066	data/manuscripts/tei/1066.xml	/*/*[2]/*/*/*/*[2]/*[2]/*[1]	TEI/text/body/listBibl/msDesc/msContents/msItem/locus	B	skip_empty	no									"<locus from="""" to=""""/>"	"<locus from="""" to=""""/>"	empty placeholder (no @from/@to) — nothing to render
1067	data/manuscripts/tei/1067.xml	/*/*[2]/*/*/*/*[2]/*[2]/*[1]	TEI/text/body/listBibl/msDesc/msContents/msItem/locus	B	skip_empty	no									"<locus from="""" to=""""/>"	"<locus from="""" to=""""/>"	empty placeholder (no @from/@to) — nothing to render
1068	data/manuscripts/tei/1068.xml	/*/*[2]/*/*/*/*[2]/*[2]/*[1]	TEI/text/body/listBibl/msDesc/msContents/msItem/locus	B	skip_empty	no									"<locus from="""" to=""""/>"	"<locus from="""" to=""""/>"	empty placeholder (no @from/@to) — nothing to render
1069	data/manuscripts/tei/1069.xml	/*/*[2]/*/*/*/*[2]/*[2]/*[1]	TEI/text/body/listBibl/msDesc/msContents/msItem/locus	B	skip_empty	no									"<locus from="""" to=""""/>"	"<locus from="""" to=""""/>"	empty placeholder (no @from/@to) — nothing to render
107	data/manuscripts/tei/107.xml	/*/*[2]/*/*/*/*[2]/*[2]/*[1]	TEI/text/body/listBibl/msDesc/msContents/msItem/locus	B	skip_empty	no									"<locus from="""" to=""""/>"	"<locus from="""" to=""""/>"	empty placeholder (no @from/@to) — nothing to render
1070	data/manuscripts/tei/1070.xml	/*/*[2]/*/*/*/*[2]/*[2]/*[1]	TEI/text/body/listBibl/msDesc/msContents/msItem/locus	B	skip_empty	no									"<locus from="""" to=""""/>"	"<locus from="""" to=""""/>"	empty placeholder (no @from/@to) — nothing to render
1071	data/manuscripts/tei/1071.xml	/*/*[2]/*/*/*/*[2]/*[2]/*[1]	TEI/text/body/listBibl/msDesc/msContents/msItem/locus	B	skip_empty	no									"<locus from="""" to=""""/>"	"<locus from="""" to=""""/>"	empty placeholder (no @from/@to) — nothing to render
1072	data/manuscripts/tei/1072.xml	/*/*[2]/*/*/*/*[2]/*[2]/*[1]	TEI/text/body/listBibl/msDesc/msContents/msItem/locus	B	skip_empty	no									"<locus from="""" to=""""/>"	"<locus from="""" to=""""/>"	empty placeholder (no @from/@to) — nothing to render
1073	data/manuscripts/tei/1073.xml	/*/*[2]/*/*/*/*[2]/*[2]/*[1]	TEI/text/body/listBibl/msDesc/msContents/msItem/locus	B	skip_empty	no									"<locus from="""" to=""""/>"	"<locus from="""" to=""""/>"	empty placeholder (no @from/@to) — nothing to render
1074	data/manuscripts/tei/1074.xml	/*/*[2]/*/*/*/*[2]/*[2]/*[1]	TEI/text/body/listBibl/msDesc/msContents/msItem/locus	B	skip_empty	no									"<locus from="""" to=""""/>"	"<locus from="""" to=""""/>"	empty placeholder (no @from/@to) — nothing to render
1075	data/manuscripts/tei/1075.xml	/*/*[2]/*/*/*/*[2]/*[2]/*[1]	TEI/text/body/listBibl/msDesc/msContents/msItem/locus	B	skip_empty	no									"<locus from="""" to=""""/>"	"<locus from="""" to=""""/>"	empty placeholder (no @from/@to) — nothing to render
1076	data/manuscripts/tei/1076.xml	/*/*[2]/*/*/*/*[2]/*[2]/*[1]	TEI/text/body/listBibl/msDesc/msContents/msItem/locus	B	skip_empty	no									"<locus from="""" to=""""/>"	"<locus from="""" to=""""/>"	empty placeholder (no @from/@to) — nothing to render
1077	data/manuscripts/tei/1077.xml	/*/*[2]/*/*/*/*[2]/*[2]/*[1]	TEI/text/body/listBibl/msDesc/msContents/msItem/locus	B	skip_empty	no									"<locus from="""" to=""""/>"	"<locus from="""" to=""""/>"	empty placeholder (no @from/@to) — nothing to render
1078	data/manuscripts/tei/1078.xml	/*/*[2]/*/*/*/*[2]/*[2]/*[1]	TEI/text/body/listBibl/msDesc/msContents/msItem/locus	B	skip_empty	no									"<locus from="""" to=""""/>"	"<locus from="""" to=""""/>"	empty placeholder (no @from/@to) — nothing to render
1079	data/manuscripts/tei/1079.xml	/*/*[2]/*/*/*/*[2]/*[2]/*[1]	TEI/text/body/listBibl/msDesc/msContents/msItem/locus	B	skip_empty	no									"<locus from="""" to=""""/>"	"<locus from="""" to=""""/>"	empty placeholder (no @from/@to) — nothing to render
108	data/manuscripts/tei/108.xml	/*/*[2]/*/*/*/*[2]/*[2]/*[1]	TEI/text/body/listBibl/msDesc/msContents/msItem/locus	B	skip_empty	no									"<locus from="""" to=""""/>"	"<locus from="""" to=""""/>"	empty placeholder (no @from/@to) — nothing to render
1080	data/manuscripts/tei/1080.xml	/*/*[2]/*/*/*/*[2]/*[2]/*[1]	TEI/text/body/listBibl/msDesc/msContents/msItem/locus	B	skip_empty	no									"<locus from="""" to=""""/>"	"<locus from="""" to=""""/>"	empty placeholder (no @from/@to) — nothing to render
1081	data/manuscripts/tei/1081.xml	/*/*[2]/*/*/*/*[2]/*[2]/*[1]	TEI/text/body/listBibl/msDesc/msContents/msItem/locus	B	skip_empty	no									"<locus from="""" to=""""/>"	"<locus from="""" to=""""/>"	empty placeholder (no @from/@to) — nothing to render
1082	data/manuscripts/tei/1082.xml	/*/*[2]/*/*/*/*[2]/*[2]/*[1]	TEI/text/body/listBibl/msDesc/msContents/msItem/locus	B	skip_empty	no									"<locus from="""" to=""""/>"	"<locus from="""" to=""""/>"	empty placeholder (no @from/@to) — nothing to render
1083	data/manuscripts/tei/1083.xml	/*/*[2]/*/*/*/*[2]/*[2]/*[1]	TEI/text/body/listBibl/msDesc/msContents/msItem/locus	B	skip_empty	no									"<locus from="""" to=""""/>"	"<locus from="""" to=""""/>"	empty placeholder (no @from/@to) — nothing to render
1084	data/manuscripts/tei/1084.xml	/*/*[2]/*/*/*/*[2]/*[2]/*[1]	TEI/text/body/listBibl/msDesc/msContents/msItem/locus	B	skip_empty	no									"<locus from="""" to=""""/>"	"<locus from="""" to=""""/>"	empty placeholder (no @from/@to) — nothing to render
1085	data/manuscripts/tei/1085.xml	/*/*[2]/*/*/*/*[2]/*[2]/*[1]	TEI/text/body/listBibl/msDesc/msContents/msItem/locus	B	skip_empty	no									"<locus from="""" to=""""/>"	"<locus from="""" to=""""/>"	empty placeholder (no @from/@to) — nothing to render
1086	data/manuscripts/tei/1086.xml	/*/*[2]/*/*/*/*[2]/*[2]/*[1]	TEI/text/body/listBibl/msDesc/msContents/msItem/locus	B	skip_empty	no									"<locus from="""" to=""""/>"	"<locus from="""" to=""""/>"	empty placeholder (no @from/@to) — nothing to render
1087	data/manuscripts/tei/1087.xml	/*/*[2]/*/*/*/*[2]/*[2]/*[1]	TEI/text/body/listBibl/msDesc/msContents/msItem/locus	B	skip_empty	no									"<locus from="""" to=""""/>"	"<locus from="""" to=""""/>"	empty placeholder (no @from/@to) — nothing to render
1088	data/manuscripts/tei/1088.xml	/*/*[2]/*/*/*/*[2]/*[2]/*[1]	TEI/text/body/listBibl/msDesc/msContents/msItem/locus	B	skip_empty	no									"<locus from="""" to=""""/>"	"<locus from="""" to=""""/>"	empty placeholder (no @from/@to) — nothing to render
109	data/manuscripts/tei/109.xml	/*/*[2]/*/*/*/*[2]/*[2]/*[1]	TEI/text/body/listBibl/msDesc/msContents/msItem/locus	B	skip_empty	no									"<locus from="""" to=""""/>"	"<locus from="""" to=""""/>"	empty placeholder (no @from/@to) — nothing to render
1090	data/manuscripts/tei/1090.xml	/*/*[2]/*/*/*/*[2]/*[2]/*[1]	TEI/text/body/listBibl/msDesc/msContents/msItem/locus	B	skip_empty	no									"<locus from="""" to=""""/>"	"<locus from="""" to=""""/>"	empty placeholder (no @from/@to) — nothing to render
1091	data/manuscripts/tei/1091.xml	/*/*[2]/*/*/*/*[2]/*[2]/*[1]	TEI/text/body/listBibl/msDesc/msContents/msItem/locus	B	skip_empty	no									"<locus from="""" to=""""/>"	"<locus from="""" to=""""/>"	empty placeholder (no @from/@to) — nothing to render
1092	data/manuscripts/tei/1092.xml	/*/*[2]/*/*/*/*[2]/*[2]/*[1]	TEI/text/body/listBibl/msDesc/msContents/msItem/locus	B	skip_empty	no									"<locus from="""" to=""""/>"	"<locus from="""" to=""""/>"	empty placeholder (no @from/@to) — nothing to render
1093	data/manuscripts/tei/1093.xml	/*/*[2]/*/*/*/*[2]/*[2]/*[1]	TEI/text/body/listBibl/msDesc/msContents/msItem/locus	B	skip_empty	no									"<locus from="""" to=""""/>"	"<locus from="""" to=""""/>"	empty placeholder (no @from/@to) — nothing to render
1094	data/manuscripts/tei/1094.xml	/*/*[2]/*/*/*/*[2]/*[2]/*[1]	TEI/text/body/listBibl/msDesc/msContents/msItem/locus	B	skip_empty	no									"<locus from="""" to=""""/>"	"<locus from="""" to=""""/>"	empty placeholder (no @from/@to) — nothing to render
1095	data/manuscripts/tei/1095.xml	/*/*[2]/*/*/*/*[2]/*[2]/*[1]	TEI/text/body/listBibl/msDesc/msContents/msItem/locus	B	skip_empty	no									"<locus from="""" to=""""/>"	"<locus from="""" to=""""/>"	empty placeholder (no @from/@to) — nothing to render
1096	data/manuscripts/tei/1096.xml	/*/*[2]/*/*/*/*[2]/*[2]/*[1]	TEI/text/body/listBibl/msDesc/msContents/msItem/locus	B	skip_empty	no									"<locus from="""" to=""""/>"	"<locus from="""" to=""""/>"	empty placeholder (no @from/@to) — nothing to render
1097	data/manuscripts/tei/1097.xml	/*/*[2]/*/*/*/*[2]/*[2]/*[1]	TEI/text/body/listBibl/msDesc/msContents/msItem/locus	B	skip_empty	no									"<locus from="""" to=""""/>"	"<locus from="""" to=""""/>"	empty placeholder (no @from/@to) — nothing to render
1098	data/manuscripts/tei/1098.xml	/*/*[2]/*/*/*/*[2]/*[2]/*[1]	TEI/text/body/listBibl/msDesc/msContents/msItem/locus	B	skip_empty	no									"<locus from="""" to=""""/>"	"<locus from="""" to=""""/>"	empty placeholder (no @from/@to) — nothing to render
1099	data/manuscripts/tei/1099.xml	/*/*[2]/*/*/*/*[2]/*[2]/*[1]	TEI/text/body/listBibl/msDesc/msContents/msItem/locus	B	skip_empty	no									"<locus from="""" to=""""/>"	"<locus from="""" to=""""/>"	empty placeholder (no @from/@to) — nothing to render
11	data/manuscripts/tei/11.xml	/*/*[2]/*/*/*/*[2]/*[2]/*[1]	TEI/text/body/listBibl/msDesc/msContents/msItem/locus	B	skip_empty	no									"<locus from="""" to=""""/>"	"<locus from="""" to=""""/>"	empty placeholder (no @from/@to) — nothing to render
110	data/manuscripts/tei/110.xml	/*/*[2]/*/*/*/*[2]/*[2]/*[1]	TEI/text/body/listBibl/msDesc/msContents/msItem/locus	B	skip_empty	no									"<locus from="""" to=""""/>"	"<locus from="""" to=""""/>"	empty placeholder (no @from/@to) — nothing to render
1100	data/manuscripts/tei/1100.xml	/*/*[2]/*/*/*/*[2]/*[2]/*[1]	TEI/text/body/listBibl/msDesc/msContents/msItem/locus	B	skip_empty	no									"<locus from="""" to=""""/>"	"<locus from="""" to=""""/>"	empty placeholder (no @from/@to) — nothing to render
1101	data/manuscripts/tei/1101.xml	/*/*[2]/*/*/*/*[2]/*[2]/*[1]	TEI/text/body/listBibl/msDesc/msContents/msItem/locus	B	skip_empty	no									"<locus from="""" to=""""/>"	"<locus from="""" to=""""/>"	empty placeholder (no @from/@to) — nothing to render
1102	data/manuscripts/tei/1102.xml	/*/*[2]/*/*/*/*[2]/*[2]/*[1]	TEI/text/body/listBibl/msDesc/msContents/msItem/locus	B	skip_empty	no									"<locus from="""" to=""""/>"	"<locus from="""" to=""""/>"	empty placeholder (no @from/@to) — nothing to render
1103	data/manuscripts/tei/1103.xml	/*/*[2]/*/*/*/*[2]/*[2]/*[1]	TEI/text/body/listBibl/msDesc/msContents/msItem/locus	B	skip_empty	no									"<locus from="""" to=""""/>"	"<locus from="""" to=""""/>"	empty placeholder (no @from/@to) — nothing to render
1104	data/manuscripts/tei/1104.xml	/*/*[2]/*/*/*/*[2]/*[2]/*[1]	TEI/text/body/listBibl/msDesc/msContents/msItem/locus	B	skip_empty	no									"<locus from="""" to=""""/>"	"<locus from="""" to=""""/>"	empty placeholder (no @from/@to) — nothing to render
1105	data/manuscripts/tei/1105.xml	/*/*[2]/*/*/*/*[2]/*[2]/*[1]	TEI/text/body/listBibl/msDesc/msContents/msItem/locus	B	skip_empty	no									"<locus from="""" to=""""/>"	"<locus from="""" to=""""/>"	empty placeholder (no @from/@to) — nothing to render
1106	data/manuscripts/tei/1106.xml	/*/*[2]/*/*/*/*[2]/*[2]/*[1]	TEI/text/body/listBibl/msDesc/msContents/msItem/locus	B	skip_empty	no									"<locus from="""" to=""""/>"	"<locus from="""" to=""""/>"	empty placeholder (no @from/@to) — nothing to render
1107	data/manuscripts/tei/1107.xml	/*/*[2]/*/*/*/*[2]/*[2]/*[1]	TEI/text/body/listBibl/msDesc/msContents/msItem/locus	B	skip_empty	no									"<locus from="""" to=""""/>"	"<locus from="""" to=""""/>"	empty placeholder (no @from/@to) — nothing to render
1108	data/manuscripts/tei/1108.xml	/*/*[2]/*/*/*/*[2]/*[2]/*[1]	TEI/text/body/listBibl/msDesc/msContents/msItem/locus	B	skip_empty	no									"<locus from="""" to=""""/>"	"<locus from="""" to=""""/>"	empty placeholder (no @from/@to) — nothing to render
1109	data/manuscripts/tei/1109.xml	/*/*[2]/*/*/*/*[2]/*[2]/*[1]	TEI/text/body/listBibl/msDesc/msContents/msItem/locus	B	skip_empty	no									"<locus from="""" to=""""/>"	"<locus from="""" to=""""/>"	empty placeholder (no @from/@to) — nothing to render
111	data/manuscripts/tei/111.xml	/*/*[2]/*/*/*/*[2]/*[2]/*[1]	TEI/text/body/listBibl/msDesc/msContents/msItem/locus	B	skip_empty	no									"<locus from="""" to=""""/>"	"<locus from="""" to=""""/>"	empty placeholder (no @from/@to) — nothing to render
1110	data/manuscripts/tei/1110.xml	/*/*[2]/*/*/*/*[2]/*[2]/*[1]	TEI/text/body/listBibl/msDesc/msContents/msItem/locus	B	no_change	no	1r	4v	1r–4v		1r	4v	1r–4v		"<locus from=""1r"" to=""4v"">1r–4v</locus>"	"<locus from=""1r"" to=""4v"">1r–4v</locus>"	text already matches @from/@to
1111	data/manuscripts/tei/1111.xml	/*/*[2]/*/*/*/*[2]/*[2]/*[1]	TEI/text/body/listBibl/msDesc/msContents/msItem/locus	B	skip_empty	no									"<locus from="""" to=""""/>"	"<locus from="""" to=""""/>"	empty placeholder (no @from/@to) — nothing to render
1112	data/manuscripts/tei/1112.xml	/*/*[2]/*/*/*/*[2]/*[2]/*[1]	TEI/text/body/listBibl/msDesc/msContents/msItem/locus	B	skip_empty	no									"<locus from="""" to=""""/>"	"<locus from="""" to=""""/>"	empty placeholder (no @from/@to) — nothing to render
1113	data/manuscripts/tei/1113.xml	/*/*[2]/*/*/*/*[2]/*[2]/*[1]	TEI/text/body/listBibl/msDesc/msContents/msItem/locus	B	skip_empty	no									"<locus from="""" to=""""/>"	"<locus from="""" to=""""/>"	empty placeholder (no @from/@to) — nothing to render
1114	data/manuscripts/tei/1114.xml	/*/*[2]/*/*/*/*[2]/*[2]/*[1]	TEI/text/body/listBibl/msDesc/msContents/msItem/locus	B	skip_empty	no									"<locus from="""" to=""""/>"	"<locus from="""" to=""""/>"	empty placeholder (no @from/@to) — nothing to render
1115	data/manuscripts/tei/1115.xml	/*/*[2]/*/*/*/*[2]/*[2]/*[1]	TEI/text/body/listBibl/msDesc/msContents/msItem/locus	B	skip_empty	no									"<locus from="""" to=""""/>"	"<locus from="""" to=""""/>"	empty placeholder (no @from/@to) — nothing to render
1116	data/manuscripts/tei/1116.xml	/*/*[2]/*/*/*/*[2]/*[2]/*[1]	TEI/text/body/listBibl/msDesc/msContents/msItem/locus	B	skip_empty	no									"<locus from="""" to=""""/>"	"<locus from="""" to=""""/>"	empty placeholder (no @from/@to) — nothing to render
1117	data/manuscripts/tei/1117.xml	/*/*[2]/*/*/*/*[2]/*[2]/*[1]	TEI/text/body/listBibl/msDesc/msContents/msItem/locus	B	skip_empty	no									"<locus from="""" to=""""/>"	"<locus from="""" to=""""/>"	empty placeholder (no @from/@to) — nothing to render
1118	data/manuscripts/tei/1118.xml	/*/*[2]/*/*/*/*[2]/*[2]/*[1]	TEI/text/body/listBibl/msDesc/msContents/msItem/locus	B	skip_empty	no									"<locus from="""" to=""""/>"	"<locus from="""" to=""""/>"	empty placeholder (no @from/@to) — nothing to render
1119	data/manuscripts/tei/1119.xml	/*/*[2]/*/*/*/*[2]/*[2]/*[1]	TEI/text/body/listBibl/msDesc/msContents/msItem/locus	B	skip_empty	no									"<locus from="""" to=""""/>"	"<locus from="""" to=""""/>"	empty placeholder (no @from/@to) — nothing to render
112	data/manuscripts/tei/112.xml	/*/*[2]/*/*/*/*[2]/*[2]/*[1]	TEI/text/body/listBibl/msDesc/msContents/msItem/locus	B	skip_empty	no									"<locus from="""" to=""""/>"	"<locus from="""" to=""""/>"	empty placeholder (no @from/@to) — nothing to render
1120	data/manuscripts/tei/1120.xml	/*/*[2]/*/*/*/*[2]/*[2]/*[1]	TEI/text/body/listBibl/msDesc/msContents/msItem/locus	B	skip_empty	no									"<locus from="""" to=""""/>"	"<locus from="""" to=""""/>"	empty placeholder (no @from/@to) — nothing to render
1121	data/manuscripts/tei/1121.xml	/*/*[2]/*/*/*/*[2]/*[2]/*[1]	TEI/text/body/listBibl/msDesc/msContents/msItem/locus	B	skip_empty	no									"<locus from="""" to=""""/>"	"<locus from="""" to=""""/>"	empty placeholder (no @from/@to) — nothing to render
1122	data/manuscripts/tei/1122.xml	/*/*[2]/*/*/*/*[2]/*[2]/*[1]	TEI/text/body/listBibl/msDesc/msContents/msItem/locus	B	skip_empty	no									"<locus from="""" to=""""/>"	"<locus from="""" to=""""/>"	empty placeholder (no @from/@to) — nothing to render
1123	data/manuscripts/tei/1123.xml	/*/*[2]/*/*/*/*[2]/*[2]/*[1]	TEI/text/body/listBibl/msDesc/msContents/msItem/locus	B	skip_empty	no									"<locus from="""" to=""""/>"	"<locus from="""" to=""""/>"	empty placeholder (no @from/@to) — nothing to render
1124	data/manuscripts/tei/1124.xml	/*/*[2]/*/*/*/*[2]/*[2]/*[1]	TEI/text/body/listBibl/msDesc/msContents/msItem/locus	B	skip_empty	no									"<locus from="""" to=""""/>"	"<locus from="""" to=""""/>"	empty placeholder (no @from/@to) — nothing to render
1125	data/manuscripts/tei/1125.xml	/*/*[2]/*/*/*/*[2]/*[2]/*[1]	TEI/text/body/listBibl/msDesc/msContents/msItem/locus	B	skip_empty	no									"<locus from="""" to=""""/>"	"<locus from="""" to=""""/>"	empty placeholder (no @from/@to) — nothing to render
1126	data/manuscripts/tei/1126.xml	/*/*[2]/*/*/*/*[2]/*[2]/*[1]	TEI/text/body/listBibl/msDesc/msContents/msItem/locus	B	skip_empty	no									"<locus from="""" to=""""/>"	"<locus from="""" to=""""/>"	empty placeholder (no @from/@to) — nothing to render
1127	data/manuscripts/tei/1127.xml	/*/*[2]/*/*/*/*[2]/*[2]/*[1]	TEI/text/body/listBibl/msDesc/msContents/msItem/locus	B	skip_empty	no									"<locus from="""" to=""""/>"	"<locus from="""" to=""""/>"	empty placeholder (no @from/@to) — nothing to render
1128	data/manuscripts/tei/1128.xml	/*/*[2]/*/*/*/*[2]/*[2]/*[1]	TEI/text/body/listBibl/msDesc/msContents/msItem/locus	B	skip_empty	no									"<locus from="""" to=""""/>"	"<locus from="""" to=""""/>"	empty placeholder (no @from/@to) — nothing to render
1129	data/manuscripts/tei/1129.xml	/*/*[2]/*/*/*/*[2]/*[2]/*[1]	TEI/text/body/listBibl/msDesc/msContents/msItem/locus	B	skip_empty	no									"<locus from="""" to=""""/>"	"<locus from="""" to=""""/>"	empty placeholder (no @from/@to) — nothing to render
113	data/manuscripts/tei/113.xml	/*/*[2]/*/*/*/*[2]/*[2]/*[1]	TEI/text/body/listBibl/msDesc/msContents/msItem/locus	B	skip_empty	no									"<locus from="""" to=""""/>"	"<locus from="""" to=""""/>"	empty placeholder (no @from/@to) — nothing to render
1130	data/manuscripts/tei/1130.xml	/*/*[2]/*/*/*/*[2]/*[2]/*[1]	TEI/text/body/listBibl/msDesc/msContents/msItem/locus	B	skip_empty	no									"<locus from="""" to=""""/>"	"<locus from="""" to=""""/>"	empty placeholder (no @from/@to) — nothing to render
1131	data/manuscripts/tei/1131.xml	/*/*[2]/*/*/*/*[2]/*[2]/*[1]	TEI/text/body/listBibl/msDesc/msContents/msItem/locus	B	skip_empty	no									"<locus from="""" to=""""/>"	"<locus from="""" to=""""/>"	empty placeholder (no @from/@to) — nothing to render
1132	data/manuscripts/tei/1132.xml	/*/*[2]/*/*/*/*[2]/*[2]/*[1]	TEI/text/body/listBibl/msDesc/msContents/msItem/locus	B	skip_empty	no									"<locus from="""" to=""""/>"	"<locus from="""" to=""""/>"	empty placeholder (no @from/@to) — nothing to render
1133	data/manuscripts/tei/1133.xml	/*/*[2]/*/*/*/*[2]/*[2]/*[1]	TEI/text/body/listBibl/msDesc/msContents/msItem/locus	B	skip_empty	no									"<locus from="""" to=""""/>"	"<locus from="""" to=""""/>"	empty placeholder (no @from/@to) — nothing to render
1134	data/manuscripts/tei/1134.xml	/*/*[2]/*/*/*/*[2]/*[2]/*[1]	TEI/text/body/listBibl/msDesc/msContents/msItem/locus	B	skip_empty	no									"<locus from="""" to=""""/>"	"<locus from="""" to=""""/>"	empty placeholder (no @from/@to) — nothing to render
1135	data/manuscripts/tei/1135.xml	/*/*[2]/*/*/*/*[2]/*[2]/*[1]	TEI/text/body/listBibl/msDesc/msContents/msItem/locus	B	skip_empty	no									"<locus from="""" to=""""/>"	"<locus from="""" to=""""/>"	empty placeholder (no @from/@to) — nothing to render
1136	data/manuscripts/tei/1136.xml	/*/*[2]/*/*/*/*[2]/*[2]/*[1]	TEI/text/body/listBibl/msDesc/msContents/msItem/locus	B	skip_empty	no									"<locus from="""" to=""""/>"	"<locus from="""" to=""""/>"	empty placeholder (no @from/@to) — nothing to render
1137	data/manuscripts/tei/1137.xml	/*/*[2]/*/*/*/*[2]/*[2]/*[1]	TEI/text/body/listBibl/msDesc/msContents/msItem/locus	B	skip_empty	no									"<locus from="""" to=""""/>"	"<locus from="""" to=""""/>"	empty placeholder (no @from/@to) — nothing to render
1138	data/manuscripts/tei/1138.xml	/*/*[2]/*/*/*/*[2]/*[2]/*[1]	TEI/text/body/listBibl/msDesc/msContents/msItem/locus	B	skip_empty	no									"<locus from="""" to=""""/>"	"<locus from="""" to=""""/>"	empty placeholder (no @from/@to) — nothing to render
1139	data/manuscripts/tei/1139.xml	/*/*[2]/*/*/*/*[2]/*[2]/*[1]	TEI/text/body/listBibl/msDesc/msContents/msItem/locus	B	skip_empty	no									"<locus from="""" to=""""/>"	"<locus from="""" to=""""/>"	empty placeholder (no @from/@to) — nothing to render
114	data/manuscripts/tei/114.xml	/*/*[2]/*/*/*/*[2]/*[2]/*[1]	TEI/text/body/listBibl/msDesc/msContents/msItem/locus	B	skip_empty	no									"<locus from="""" to=""""/>"	"<locus from="""" to=""""/>"	empty placeholder (no @from/@to) — nothing to render
1140	data/manuscripts/tei/1140.xml	/*/*[2]/*/*/*/*[2]/*[2]/*[1]	TEI/text/body/listBibl/msDesc/msContents/msItem/locus	B	skip_empty	no									"<locus from="""" to=""""/>"	"<locus from="""" to=""""/>"	empty placeholder (no @from/@to) — nothing to render
1141	data/manuscripts/tei/1141.xml	/*/*[2]/*/*/*/*[2]/*[2]/*[1]	TEI/text/body/listBibl/msDesc/msContents/msItem/locus	B	skip_empty	no									"<locus from="""" to=""""/>"	"<locus from="""" to=""""/>"	empty placeholder (no @from/@to) — nothing to render
1142	data/manuscripts/tei/1142.xml	/*/*[2]/*/*/*/*[2]/*[2]/*[1]	TEI/text/body/listBibl/msDesc/msContents/msItem/locus	B	skip_empty	no									"<locus from="""" to=""""/>"	"<locus from="""" to=""""/>"	empty placeholder (no @from/@to) — nothing to render
1143	data/manuscripts/tei/1143.xml	/*/*[2]/*/*/*/*[2]/*[2]/*[1]	TEI/text/body/listBibl/msDesc/msContents/msItem/locus	B	skip_empty	no									"<locus from="""" to=""""/>"	"<locus from="""" to=""""/>"	empty placeholder (no @from/@to) — nothing to render
1144	data/manuscripts/tei/1144.xml	/*/*[2]/*/*/*/*[2]/*[2]/*[1]	TEI/text/body/listBibl/msDesc/msContents/msItem/locus	B	skip_empty	no									"<locus from="""" to=""""/>"	"<locus from="""" to=""""/>"	empty placeholder (no @from/@to) — nothing to render
1145	data/manuscripts/tei/1145.xml	/*/*[2]/*/*/*/*[2]/*[2]/*[1]	TEI/text/body/listBibl/msDesc/msContents/msItem/locus	B	skip_empty	no									"<locus from="""" to=""""/>"	"<locus from="""" to=""""/>"	empty placeholder (no @from/@to) — nothing to render
1146	data/manuscripts/tei/1146.xml	/*/*[2]/*/*/*/*[2]/*[2]/*[1]	TEI/text/body/listBibl/msDesc/msContents/msItem/locus	B	skip_empty	no									"<locus from="""" to=""""/>"	"<locus from="""" to=""""/>"	empty placeholder (no @from/@to) — nothing to render
1147	data/manuscripts/tei/1147.xml	/*/*[2]/*/*/*/*[2]/*[2]/*[1]	TEI/text/body/listBibl/msDesc/msContents/msItem/locus	B	skip_empty	no									"<locus from="""" to=""""/>"	"<locus from="""" to=""""/>"	empty placeholder (no @from/@to) — nothing to render
1148	data/manuscripts/tei/1148.xml	/*/*[2]/*/*/*/*[2]/*[2]/*[1]	TEI/text/body/listBibl/msDesc/msContents/msItem/locus	B	skip_empty	no									"<locus from="""" to=""""/>"	"<locus from="""" to=""""/>"	empty placeholder (no @from/@to) — nothing to render
1149	data/manuscripts/tei/1149.xml	/*/*[2]/*/*/*/*[2]/*[2]/*[1]	TEI/text/body/listBibl/msDesc/msContents/msItem/locus	B	skip_empty	no									"<locus from="""" to=""""/>"	"<locus from="""" to=""""/>"	empty placeholder (no @from/@to) — nothing to render
115	data/manuscripts/tei/115.xml	/*/*[2]/*/*/*/*[2]/*[2]/*[1]	TEI/text/body/listBibl/msDesc/msContents/msItem/locus	B	skip_empty	no									"<locus from="""" to=""""/>"	"<locus from="""" to=""""/>"	empty placeholder (no @from/@to) — nothing to render
1150	data/manuscripts/tei/1150.xml	/*/*[2]/*/*/*/*[2]/*[2]/*[1]	TEI/text/body/listBibl/msDesc/msContents/msItem/locus	B	skip_empty	no									"<locus from="""" to=""""/>"	"<locus from="""" to=""""/>"	empty placeholder (no @from/@to) — nothing to render
1151	data/manuscripts/tei/1151.xml	/*/*[2]/*/*/*/*[2]/*[2]/*[1]	TEI/text/body/listBibl/msDesc/msContents/msItem/locus	B	skip_empty	no									"<locus from="""" to=""""/>"	"<locus from="""" to=""""/>"	empty placeholder (no @from/@to) — nothing to render
1152	data/manuscripts/tei/1152.xml	/*/*[2]/*/*/*/*[2]/*[2]/*[1]	TEI/text/body/listBibl/msDesc/msContents/msItem/locus	B	skip_empty	no									"<locus from="""" to=""""/>"	"<locus from="""" to=""""/>"	empty placeholder (no @from/@to) — nothing to render
1153	data/manuscripts/tei/1153.xml	/*/*[2]/*/*/*/*[2]/*[2]/*[1]	TEI/text/body/listBibl/msDesc/msContents/msItem/locus	B	skip_empty	no									"<locus from="""" to=""""/>"	"<locus from="""" to=""""/>"	empty placeholder (no @from/@to) — nothing to render
1154	data/manuscripts/tei/1154.xml	/*/*[2]/*/*/*/*[2]/*[2]/*[1]	TEI/text/body/listBibl/msDesc/msContents/msItem/locus	B	skip_empty	no									"<locus from="""" to=""""/>"	"<locus from="""" to=""""/>"	empty placeholder (no @from/@to) — nothing to render
1155	data/manuscripts/tei/1155.xml	/*/*[2]/*/*/*/*[2]/*[2]/*[1]	TEI/text/body/listBibl/msDesc/msContents/msItem/locus	B	skip_empty	no									"<locus from="""" to=""""/>"	"<locus from="""" to=""""/>"	empty placeholder (no @from/@to) — nothing to render
1156	data/manuscripts/tei/1156.xml	/*/*[2]/*/*/*/*[2]/*[2]/*[1]	TEI/text/body/listBibl/msDesc/msContents/msItem/locus	B	skip_empty	no									"<locus from="""" to=""""/>"	"<locus from="""" to=""""/>"	empty placeholder (no @from/@to) — nothing to render
1157	data/manuscripts/tei/1157.xml	/*/*[2]/*/*/*/*[2]/*[2]/*[1]	TEI/text/body/listBibl/msDesc/msContents/msItem/locus	B	skip_empty	no									"<locus from="""" to=""""/>"	"<locus from="""" to=""""/>"	empty placeholder (no @from/@to) — nothing to render
1158	data/manuscripts/tei/1158.xml	/*/*[2]/*/*/*/*[2]/*[2]/*[1]	TEI/text/body/listBibl/msDesc/msContents/msItem/locus	B	skip_empty	no									"<locus from="""" to=""""/>"	"<locus from="""" to=""""/>"	empty placeholder (no @from/@to) — nothing to render
1159	data/manuscripts/tei/1159.xml	/*/*[2]/*/*/*/*[2]/*[2]/*[1]	TEI/text/body/listBibl/msDesc/msContents/msItem/locus	B	skip_empty	no									"<locus from="""" to=""""/>"	"<locus from="""" to=""""/>"	empty placeholder (no @from/@to) — nothing to render
116	data/manuscripts/tei/116.xml	/*/*[2]/*/*/*/*[2]/*[2]/*[1]	TEI/text/body/listBibl/msDesc/msContents/msItem/locus	B	skip_empty	no									"<locus from="""" to=""""/>"	"<locus from="""" to=""""/>"	empty placeholder (no @from/@to) — nothing to render
1160	data/manuscripts/tei/1160.xml	/*/*[2]/*/*/*/*[2]/*[2]/*[1]	TEI/text/body/listBibl/msDesc/msContents/msItem/locus	B	skip_empty	no									"<locus from="""" to=""""/>"	"<locus from="""" to=""""/>"	empty placeholder (no @from/@to) — nothing to render
1161	data/manuscripts/tei/1161.xml	/*/*[2]/*/*/*/*[2]/*[2]/*[1]	TEI/text/body/listBibl/msDesc/msContents/msItem/locus	B	skip_empty	no									"<locus from="""" to=""""/>"	"<locus from="""" to=""""/>"	empty placeholder (no @from/@to) — nothing to render
1162	data/manuscripts/tei/1162.xml	/*/*[2]/*/*/*/*[2]/*[2]/*[1]	TEI/text/body/listBibl/msDesc/msContents/msItem/locus	B	skip_empty	no									"<locus from="""" to=""""/>"	"<locus from="""" to=""""/>"	empty placeholder (no @from/@to) — nothing to render
1163	data/manuscripts/tei/1163.xml	/*/*[2]/*/*/*/*[2]/*[2]/*[1]	TEI/text/body/listBibl/msDesc/msContents/msItem/locus	B	skip_empty	no									"<locus from="""" to=""""/>"	"<locus from="""" to=""""/>"	empty placeholder (no @from/@to) — nothing to render
1164	data/manuscripts/tei/1164.xml	/*/*[2]/*/*/*/*[2]/*[2]/*[1]	TEI/text/body/listBibl/msDesc/msContents/msItem/locus	B	skip_empty	no									"<locus from="""" to=""""/>"	"<locus from="""" to=""""/>"	empty placeholder (no @from/@to) — nothing to render
1165	data/manuscripts/tei/1165.xml	/*/*[2]/*/*/*/*[2]/*[2]/*[1]	TEI/text/body/listBibl/msDesc/msContents/msItem/locus	B	skip_empty	no									"<locus from="""" to=""""/>"	"<locus from="""" to=""""/>"	empty placeholder (no @from/@to) — nothing to render
1166	data/manuscripts/tei/1166.xml	/*/*[2]/*/*/*/*[2]/*[2]/*[1]	TEI/text/body/listBibl/msDesc/msContents/msItem/locus	B	skip_empty	no									"<locus from="""" to=""""/>"	"<locus from="""" to=""""/>"	empty placeholder (no @from/@to) — nothing to render
1167	data/manuscripts/tei/1167.xml	/*/*[2]/*/*/*/*[2]/*[2]/*[1]	TEI/text/body/listBibl/msDesc/msContents/msItem/locus	B	skip_empty	no									"<locus from="""" to=""""/>"	"<locus from="""" to=""""/>"	empty placeholder (no @from/@to) — nothing to render
1168	data/manuscripts/tei/1168.xml	/*/*[2]/*/*/*/*[2]/*[2]/*[1]	TEI/text/body/listBibl/msDesc/msContents/msItem/locus	B	skip_empty	no									"<locus from="""" to=""""/>"	"<locus from="""" to=""""/>"	empty placeholder (no @from/@to) — nothing to render
1169	data/manuscripts/tei/1169.xml	/*/*[2]/*/*/*/*[2]/*[2]/*[1]	TEI/text/body/listBibl/msDesc/msContents/msItem/locus	B	skip_empty	no									"<locus from="""" to=""""/>"	"<locus from="""" to=""""/>"	empty placeholder (no @from/@to) — nothing to render
117	data/manuscripts/tei/117.xml	/*/*[2]/*/*/*/*[2]/*[2]/*[1]	TEI/text/body/listBibl/msDesc/msContents/msItem/locus	B	skip_empty	no									"<locus from="""" to=""""/>"	"<locus from="""" to=""""/>"	empty placeholder (no @from/@to) — nothing to render
1170	data/manuscripts/tei/1170.xml	/*/*[2]/*/*/*/*[2]/*[2]/*[1]	TEI/text/body/listBibl/msDesc/msContents/msItem/locus	B	skip_empty	no									"<locus from="""" to=""""/>"	"<locus from="""" to=""""/>"	empty placeholder (no @from/@to) — nothing to render
1171	data/manuscripts/tei/1171.xml	/*/*[2]/*/*/*/*[2]/*[2]/*[1]	TEI/text/body/listBibl/msDesc/msContents/msItem/locus	B	skip_empty	no									"<locus from="""" to=""""/>"	"<locus from="""" to=""""/>"	empty placeholder (no @from/@to) — nothing to render
1172	data/manuscripts/tei/1172.xml	/*/*[2]/*/*/*/*[2]/*[2]/*[1]	TEI/text/body/listBibl/msDesc/msContents/msItem/locus	B	skip_empty	no									"<locus from="""" to=""""/>"	"<locus from="""" to=""""/>"	empty placeholder (no @from/@to) — nothing to render
1173	data/manuscripts/tei/1173.xml	/*/*[2]/*/*/*/*[2]/*[2]/*[1]	TEI/text/body/listBibl/msDesc/msContents/msItem/locus	B	skip_empty	no									"<locus from="""" to=""""/>"	"<locus from="""" to=""""/>"	empty placeholder (no @from/@to) — nothing to render
1174	data/manuscripts/tei/1174.xml	/*/*[2]/*/*/*/*[2]/*[2]/*[1]	TEI/text/body/listBibl/msDesc/msContents/msItem/locus	B	skip_empty	no									"<locus from="""" to=""""/>"	"<locus from="""" to=""""/>"	empty placeholder (no @from/@to) — nothing to render
1175	data/manuscripts/tei/1175.xml	/*/*[2]/*/*/*/*[2]/*[2]/*[1]	TEI/text/body/listBibl/msDesc/msContents/msItem/locus	B	skip_empty	no									"<locus from="""" to=""""/>"	"<locus from="""" to=""""/>"	empty placeholder (no @from/@to) — nothing to render
1176	data/manuscripts/tei/1176.xml	/*/*[2]/*/*/*/*[2]/*[2]/*[1]	TEI/text/body/listBibl/msDesc/msContents/msItem/locus	B	skip_empty	no									"<locus from="""" to=""""/>"	"<locus from="""" to=""""/>"	empty placeholder (no @from/@to) — nothing to render
1177	data/manuscripts/tei/1177.xml	/*/*[2]/*/*/*/*[2]/*[2]/*[1]	TEI/text/body/listBibl/msDesc/msContents/msItem/locus	B	skip_empty	no									"<locus from="""" to=""""/>"	"<locus from="""" to=""""/>"	empty placeholder (no @from/@to) — nothing to render
1178	data/manuscripts/tei/1178.xml	/*/*[2]/*/*/*/*[2]/*[2]/*[1]	TEI/text/body/listBibl/msDesc/msContents/msItem/locus	B	skip_empty	no									"<locus from="""" to=""""/>"	"<locus from="""" to=""""/>"	empty placeholder (no @from/@to) — nothing to render
1179	data/manuscripts/tei/1179.xml	/*/*[2]/*/*/*/*[2]/*[2]/*[1]	TEI/text/body/listBibl/msDesc/msContents/msItem/locus	B	skip_empty	no									"<locus from="""" to=""""/>"	"<locus from="""" to=""""/>"	empty placeholder (no @from/@to) — nothing to render
118	data/manuscripts/tei/118.xml	/*/*[2]/*/*/*/*[2]/*[2]/*[1]	TEI/text/body/listBibl/msDesc/msContents/msItem/locus	B	skip_empty	no									"<locus from="""" to=""""/>"	"<locus from="""" to=""""/>"	empty placeholder (no @from/@to) — nothing to render
1180	data/manuscripts/tei/1180.xml	/*/*[2]/*/*/*/*[2]/*[2]/*[1]	TEI/text/body/listBibl/msDesc/msContents/msItem/locus	B	skip_empty	no									"<locus from="""" to=""""/>"	"<locus from="""" to=""""/>"	empty placeholder (no @from/@to) — nothing to render
1181	data/manuscripts/tei/1181.xml	/*/*[2]/*/*/*/*[2]/*[2]/*[1]	TEI/text/body/listBibl/msDesc/msContents/msItem/locus	B	skip_empty	no									"<locus from="""" to=""""/>"	"<locus from="""" to=""""/>"	empty placeholder (no @from/@to) — nothing to render
1182	data/manuscripts/tei/1182.xml	/*/*[2]/*/*/*/*[2]/*[2]/*[1]	TEI/text/body/listBibl/msDesc/msContents/msItem/locus	B	skip_empty	no									"<locus from="""" to=""""/>"	"<locus from="""" to=""""/>"	empty placeholder (no @from/@to) — nothing to render
1183	data/manuscripts/tei/1183.xml	/*/*[2]/*/*/*/*[2]/*[2]/*[1]	TEI/text/body/listBibl/msDesc/msContents/msItem/locus	B	skip_empty	no									"<locus from="""" to=""""/>"	"<locus from="""" to=""""/>"	empty placeholder (no @from/@to) — nothing to render
1184	data/manuscripts/tei/1184.xml	/*/*[2]/*/*/*/*[2]/*[2]/*[1]	TEI/text/body/listBibl/msDesc/msContents/msItem/locus	B	skip_empty	no									"<locus from="""" to=""""/>"	"<locus from="""" to=""""/>"	empty placeholder (no @from/@to) — nothing to render
1185	data/manuscripts/tei/1185.xml	/*/*[2]/*/*/*/*[2]/*[2]/*[1]	TEI/text/body/listBibl/msDesc/msContents/msItem/locus	B	skip_empty	no									"<locus from="""" to=""""/>"	"<locus from="""" to=""""/>"	empty placeholder (no @from/@to) — nothing to render
1186	data/manuscripts/tei/1186.xml	/*/*[2]/*/*/*/*[2]/*[2]/*[1]	TEI/text/body/listBibl/msDesc/msContents/msItem/locus	B	skip_empty	no									"<locus from="""" to=""""/>"	"<locus from="""" to=""""/>"	empty placeholder (no @from/@to) — nothing to render
1187	data/manuscripts/tei/1187.xml	/*/*[2]/*/*/*/*[2]/*[2]/*[1]	TEI/text/body/listBibl/msDesc/msContents/msItem/locus	B	skip_empty	no									"<locus from="""" to=""""/>"	"<locus from="""" to=""""/>"	empty placeholder (no @from/@to) — nothing to render
1188	data/manuscripts/tei/1188.xml	/*/*[2]/*/*/*/*[2]/*[2]/*[1]	TEI/text/body/listBibl/msDesc/msContents/msItem/locus	B	skip_empty	no									"<locus from="""" to=""""/>"	"<locus from="""" to=""""/>"	empty placeholder (no @from/@to) — nothing to render
1189	data/manuscripts/tei/1189.xml	/*/*[2]/*/*/*/*[2]/*[2]/*[1]	TEI/text/body/listBibl/msDesc/msContents/msItem/locus	B	skip_empty	no									"<locus from="""" to=""""/>"	"<locus from="""" to=""""/>"	empty placeholder (no @from/@to) — nothing to render
119	data/manuscripts/tei/119.xml	/*/*[2]/*/*/*/*[2]/*[2]/*[1]	TEI/text/body/listBibl/msDesc/msContents/msItem/locus	B	skip_empty	no									"<locus from="""" to=""""/>"	"<locus from="""" to=""""/>"	empty placeholder (no @from/@to) — nothing to render
1190	data/manuscripts/tei/1190.xml	/*/*[2]/*/*/*/*[2]/*[2]/*[1]	TEI/text/body/listBibl/msDesc/msContents/msItem/locus	B	skip_empty	no									"<locus from="""" to=""""/>"	"<locus from="""" to=""""/>"	empty placeholder (no @from/@to) — nothing to render
1191	data/manuscripts/tei/1191.xml	/*/*[2]/*/*/*/*[2]/*[2]/*[1]	TEI/text/body/listBibl/msDesc/msContents/msItem/locus	B	skip_empty	no									"<locus from="""" to=""""/>"	"<locus from="""" to=""""/>"	empty placeholder (no @from/@to) — nothing to render
1192	data/manuscripts/tei/1192.xml	/*/*[2]/*/*/*/*[2]/*[2]/*[1]	TEI/text/body/listBibl/msDesc/msContents/msItem/locus	B	skip_empty	no									"<locus from="""" to=""""/>"	"<locus from="""" to=""""/>"	empty placeholder (no @from/@to) — nothing to render
1193	data/manuscripts/tei/1193.xml	/*/*[2]/*/*/*/*[2]/*[2]/*[1]	TEI/text/body/listBibl/msDesc/msContents/msItem/locus	B	skip_empty	no									"<locus from="""" to=""""/>"	"<locus from="""" to=""""/>"	empty placeholder (no @from/@to) — nothing to render
1194	data/manuscripts/tei/1194.xml	/*/*[2]/*/*/*/*[2]/*[2]/*[1]	TEI/text/body/listBibl/msDesc/msContents/msItem/locus	B	skip_empty	no									"<locus from="""" to=""""/>"	"<locus from="""" to=""""/>"	empty placeholder (no @from/@to) — nothing to render
1195	data/manuscripts/tei/1195.xml	/*/*[2]/*/*/*/*[2]/*[2]/*[1]	TEI/text/body/listBibl/msDesc/msContents/msItem/locus	B	skip_empty	no									"<locus from="""" to=""""/>"	"<locus from="""" to=""""/>"	empty placeholder (no @from/@to) — nothing to render
1196	data/manuscripts/tei/1196.xml	/*/*[2]/*/*/*/*[2]/*[2]/*[1]	TEI/text/body/listBibl/msDesc/msContents/msItem/locus	B	skip_empty	no									"<locus from="""" to=""""/>"	"<locus from="""" to=""""/>"	empty placeholder (no @from/@to) — nothing to render
1197	data/manuscripts/tei/1197.xml	/*/*[2]/*/*/*/*[2]/*[2]/*[1]	TEI/text/body/listBibl/msDesc/msContents/msItem/locus	B	skip_empty	no									"<locus from="""" to=""""/>"	"<locus from="""" to=""""/>"	empty placeholder (no @from/@to) — nothing to render
1198	data/manuscripts/tei/1198.xml	/*/*[2]/*/*/*/*[2]/*[2]/*[1]	TEI/text/body/listBibl/msDesc/msContents/msItem/locus	B	skip_empty	no									"<locus from="""" to=""""/>"	"<locus from="""" to=""""/>"	empty placeholder (no @from/@to) — nothing to render
1199	data/manuscripts/tei/1199.xml	/*/*[2]/*/*/*/*[2]/*[2]/*[1]	TEI/text/body/listBibl/msDesc/msContents/msItem/locus	B	skip_empty	no									"<locus from="""" to=""""/>"	"<locus from="""" to=""""/>"	empty placeholder (no @from/@to) — nothing to render
12	data/manuscripts/tei/12.xml	/*/*[2]/*/*/*/*[2]/*[2]/*[1]	TEI/text/body/listBibl/msDesc/msContents/msItem/locus	B	skip_empty	no									"<locus from="""" to=""""/>"	"<locus from="""" to=""""/>"	empty placeholder (no @from/@to) — nothing to render
120	data/manuscripts/tei/120.xml	/*/*[2]/*/*/*/*[2]/*[2]/*[1]	TEI/text/body/listBibl/msDesc/msContents/msItem/locus	B	skip_empty	no									"<locus from="""" to=""""/>"	"<locus from="""" to=""""/>"	empty placeholder (no @from/@to) — nothing to render
1200	data/manuscripts/tei/1200.xml	/*/*[2]/*/*/*/*[2]/*[2]/*[1]	TEI/text/body/listBibl/msDesc/msContents/msItem/locus	B	skip_empty	no									"<locus from="""" to=""""/>"	"<locus from="""" to=""""/>"	empty placeholder (no @from/@to) — nothing to render
1201	data/manuscripts/tei/1201.xml	/*/*[2]/*/*/*/*[2]/*[2]/*[1]	TEI/text/body/listBibl/msDesc/msContents/msItem/locus	B	skip_empty	no									"<locus from="""" to=""""/>"	"<locus from="""" to=""""/>"	empty placeholder (no @from/@to) — nothing to render
1202	data/manuscripts/tei/1202.xml	/*/*[2]/*/*/*/*[2]/*[2]/*[1]	TEI/text/body/listBibl/msDesc/msContents/msItem/locus	B	skip_empty	no									"<locus from="""" to=""""/>"	"<locus from="""" to=""""/>"	empty placeholder (no @from/@to) — nothing to render
1203	data/manuscripts/tei/1203.xml	/*/*[2]/*/*/*/*[2]/*[2]/*[1]	TEI/text/body/listBibl/msDesc/msContents/msItem/locus	B	skip_empty	no									"<locus from="""" to=""""/>"	"<locus from="""" to=""""/>"	empty placeholder (no @from/@to) — nothing to render
1204	data/manuscripts/tei/1204.xml	/*/*[2]/*/*/*/*[2]/*[2]/*[1]	TEI/text/body/listBibl/msDesc/msContents/msItem/locus	B	skip_empty	no									"<locus from="""" to=""""/>"	"<locus from="""" to=""""/>"	empty placeholder (no @from/@to) — nothing to render
1205	data/manuscripts/tei/1205.xml	/*/*[2]/*/*/*/*[2]/*[2]/*[1]	TEI/text/body/listBibl/msDesc/msContents/msItem/locus	B	skip_empty	no									"<locus from="""" to=""""/>"	"<locus from="""" to=""""/>"	empty placeholder (no @from/@to) — nothing to render
1206	data/manuscripts/tei/1206.xml	/*/*[2]/*/*/*/*[2]/*[2]/*[1]	TEI/text/body/listBibl/msDesc/msContents/msItem/locus	B	skip_empty	no									"<locus from="""" to=""""/>"	"<locus from="""" to=""""/>"	empty placeholder (no @from/@to) — nothing to render
1207	data/manuscripts/tei/1207.xml	/*/*[2]/*/*/*/*[2]/*[2]/*[1]	TEI/text/body/listBibl/msDesc/msContents/msItem/locus	B	skip_empty	no									"<locus from="""" to=""""/>"	"<locus from="""" to=""""/>"	empty placeholder (no @from/@to) — nothing to render
1208	data/manuscripts/tei/1208.xml	/*/*[2]/*/*/*/*[2]/*[2]/*[1]	TEI/text/body/listBibl/msDesc/msContents/msItem/locus	B	skip_empty	no									"<locus from="""" to=""""/>"	"<locus from="""" to=""""/>"	empty placeholder (no @from/@to) — nothing to render
1209	data/manuscripts/tei/1209.xml	/*/*[2]/*/*/*/*[2]/*[2]/*[1]	TEI/text/body/listBibl/msDesc/msContents/msItem/locus	B	skip_empty	no									"<locus from="""" to=""""/>"	"<locus from="""" to=""""/>"	empty placeholder (no @from/@to) — nothing to render
121	data/manuscripts/tei/121.xml	/*/*[2]/*/*/*/*[2]/*[2]/*[1]	TEI/text/body/listBibl/msDesc/msContents/msItem/locus	B	skip_empty	no									"<locus from="""" to=""""/>"	"<locus from="""" to=""""/>"	empty placeholder (no @from/@to) — nothing to render
1210	data/manuscripts/tei/1210.xml	/*/*[2]/*/*/*/*[2]/*[2]/*[1]	TEI/text/body/listBibl/msDesc/msContents/msItem/locus	B	skip_empty	no									"<locus from="""" to=""""/>"	"<locus from="""" to=""""/>"	empty placeholder (no @from/@to) — nothing to render
1211	data/manuscripts/tei/1211.xml	/*/*[2]/*/*/*/*[2]/*[2]/*[1]	TEI/text/body/listBibl/msDesc/msContents/msItem/locus	B	skip_empty	no									"<locus from="""" to=""""/>"	"<locus from="""" to=""""/>"	empty placeholder (no @from/@to) — nothing to render
1212	data/manuscripts/tei/1212.xml	/*/*[2]/*/*/*/*[2]/*[2]/*[1]	TEI/text/body/listBibl/msDesc/msContents/msItem/locus	B	skip_empty	no									"<locus from="""" to=""""/>"	"<locus from="""" to=""""/>"	empty placeholder (no @from/@to) — nothing to render
1213	data/manuscripts/tei/1213.xml	/*/*[2]/*/*/*/*[2]/*[2]/*[1]	TEI/text/body/listBibl/msDesc/msContents/msItem/locus	B	skip_empty	no									"<locus from="""" to=""""/>"	"<locus from="""" to=""""/>"	empty placeholder (no @from/@to) — nothing to render
1214	data/manuscripts/tei/1214.xml	/*/*[2]/*/*/*/*[2]/*[2]/*[1]	TEI/text/body/listBibl/msDesc/msContents/msItem/locus	B	skip_empty	no									"<locus from="""" to=""""/>"	"<locus from="""" to=""""/>"	empty placeholder (no @from/@to) — nothing to render
1215	data/manuscripts/tei/1215.xml	/*/*[2]/*/*/*/*[2]/*[2]/*[1]	TEI/text/body/listBibl/msDesc/msContents/msItem/locus	B	skip_empty	no									"<locus from="""" to=""""/>"	"<locus from="""" to=""""/>"	empty placeholder (no @from/@to) — nothing to render
1216	data/manuscripts/tei/1216.xml	/*/*[2]/*/*/*/*[2]/*[2]/*[1]	TEI/text/body/listBibl/msDesc/msContents/msItem/locus	B	skip_empty	no									"<locus from="""" to=""""/>"	"<locus from="""" to=""""/>"	empty placeholder (no @from/@to) — nothing to render
1217	data/manuscripts/tei/1217.xml	/*/*[2]/*/*/*/*[2]/*[2]/*[1]	TEI/text/body/listBibl/msDesc/msContents/msItem/locus	B	skip_empty	no									"<locus from="""" to=""""/>"	"<locus from="""" to=""""/>"	empty placeholder (no @from/@to) — nothing to render
1218	data/manuscripts/tei/1218.xml	/*/*[2]/*/*/*/*[2]/*[2]/*[1]	TEI/text/body/listBibl/msDesc/msContents/msItem/locus	B	skip_empty	no									"<locus from="""" to=""""/>"	"<locus from="""" to=""""/>"	empty placeholder (no @from/@to) — nothing to render
1219	data/manuscripts/tei/1219.xml	/*/*[2]/*/*/*/*[2]/*[2]/*[1]	TEI/text/body/listBibl/msDesc/msContents/msItem/locus	B	skip_empty	no									"<locus from="""" to=""""/>"	"<locus from="""" to=""""/>"	empty placeholder (no @from/@to) — nothing to render
122	data/manuscripts/tei/122.xml	/*/*[2]/*/*/*/*[2]/*[2]/*[1]	TEI/text/body/listBibl/msDesc/msContents/msItem/locus	B	skip_empty	no									"<locus from="""" to=""""/>"	"<locus from="""" to=""""/>"	empty placeholder (no @from/@to) — nothing to render
1220	data/manuscripts/tei/1220.xml	/*/*[2]/*/*/*/*[2]/*[2]/*[1]	TEI/text/body/listBibl/msDesc/msContents/msItem/locus	B	skip_empty	no									"<locus from="""" to=""""/>"	"<locus from="""" to=""""/>"	empty placeholder (no @from/@to) — nothing to render
1221	data/manuscripts/tei/1221.xml	/*/*[2]/*/*/*/*[2]/*[2]/*[1]	TEI/text/body/listBibl/msDesc/msContents/msItem/locus	B	skip_empty	no									"<locus from="""" to=""""/>"	"<locus from="""" to=""""/>"	empty placeholder (no @from/@to) — nothing to render
1222	data/manuscripts/tei/1222.xml	/*/*[2]/*/*/*/*[2]/*[2]/*[1]	TEI/text/body/listBibl/msDesc/msContents/msItem/locus	B	skip_empty	no									"<locus from="""" to=""""/>"	"<locus from="""" to=""""/>"	empty placeholder (no @from/@to) — nothing to render
1223	data/manuscripts/tei/1223.xml	/*/*[2]/*/*/*/*[2]/*[2]/*[1]	TEI/text/body/listBibl/msDesc/msContents/msItem/locus	B	skip_empty	no									"<locus from="""" to=""""/>"	"<locus from="""" to=""""/>"	empty placeholder (no @from/@to) — nothing to render
1224	data/manuscripts/tei/1224.xml	/*/*[2]/*/*/*/*[2]/*[2]/*[1]	TEI/text/body/listBibl/msDesc/msContents/msItem/locus	B	skip_empty	no									"<locus from="""" to=""""/>"	"<locus from="""" to=""""/>"	empty placeholder (no @from/@to) — nothing to render
1225	data/manuscripts/tei/1225.xml	/*/*[2]/*/*/*/*[2]/*[2]/*[1]	TEI/text/body/listBibl/msDesc/msContents/msItem/locus	B	skip_empty	no									"<locus from="""" to=""""/>"	"<locus from="""" to=""""/>"	empty placeholder (no @from/@to) — nothing to render
1226	data/manuscripts/tei/1226.xml	/*/*[2]/*/*/*/*[2]/*[2]/*[1]	TEI/text/body/listBibl/msDesc/msContents/msItem/locus	B	skip_empty	no									"<locus from="""" to=""""/>"	"<locus from="""" to=""""/>"	empty placeholder (no @from/@to) — nothing to render
1227	data/manuscripts/tei/1227.xml	/*/*[2]/*/*/*/*[2]/*[2]/*[1]	TEI/text/body/listBibl/msDesc/msContents/msItem/locus	B	skip_empty	no									"<locus from="""" to=""""/>"	"<locus from="""" to=""""/>"	empty placeholder (no @from/@to) — nothing to render
1228	data/manuscripts/tei/1228.xml	/*/*[2]/*/*/*/*[2]/*[2]/*[1]	TEI/text/body/listBibl/msDesc/msContents/msItem/locus	B	skip_empty	no									"<locus from="""" to=""""/>"	"<locus from="""" to=""""/>"	empty placeholder (no @from/@to) — nothing to render
1229	data/manuscripts/tei/1229.xml	/*/*[2]/*/*/*/*[2]/*[2]/*[1]	TEI/text/body/listBibl/msDesc/msContents/msItem/locus	B	skip_empty	no									"<locus from="""" to=""""/>"	"<locus from="""" to=""""/>"	empty placeholder (no @from/@to) — nothing to render
123	data/manuscripts/tei/123.xml	/*/*[2]/*/*/*/*[2]/*[2]/*[1]	TEI/text/body/listBibl/msDesc/msContents/msItem/locus	B	skip_empty	no									"<locus from="""" to=""""/>"	"<locus from="""" to=""""/>"	empty placeholder (no @from/@to) — nothing to render
1230	data/manuscripts/tei/1230.xml	/*/*[2]/*/*/*/*[2]/*[2]/*[1]	TEI/text/body/listBibl/msDesc/msContents/msItem/locus	B	skip_empty	no									"<locus from="""" to=""""/>"	"<locus from="""" to=""""/>"	empty placeholder (no @from/@to) — nothing to render
1231	data/manuscripts/tei/1231.xml	/*/*[2]/*/*/*/*[2]/*[2]/*[1]	TEI/text/body/listBibl/msDesc/msContents/msItem/locus	B	skip_empty	no									"<locus from="""" to=""""/>"	"<locus from="""" to=""""/>"	empty placeholder (no @from/@to) — nothing to render
1232	data/manuscripts/tei/1232.xml	/*/*[2]/*/*/*/*[2]/*[2]/*[1]	TEI/text/body/listBibl/msDesc/msContents/msItem/locus	B	skip_empty	no									"<locus from="""" to=""""/>"	"<locus from="""" to=""""/>"	empty placeholder (no @from/@to) — nothing to render
1233	data/manuscripts/tei/1233.xml	/*/*[2]/*/*/*/*[2]/*[2]/*[1]	TEI/text/body/listBibl/msDesc/msContents/msItem/locus	B	skip_empty	no									"<locus from="""" to=""""/>"	"<locus from="""" to=""""/>"	empty placeholder (no @from/@to) — nothing to render
1234	data/manuscripts/tei/1234.xml	/*/*[2]/*/*/*/*[2]/*[2]/*[1]	TEI/text/body/listBibl/msDesc/msContents/msItem/locus	B	skip_empty	no									"<locus from="""" to=""""/>"	"<locus from="""" to=""""/>"	empty placeholder (no @from/@to) — nothing to render
1235	data/manuscripts/tei/1235.xml	/*/*[2]/*/*/*/*[2]/*[2]/*[1]	TEI/text/body/listBibl/msDesc/msContents/msItem/locus	B	skip_empty	no									"<locus from="""" to=""""/>"	"<locus from="""" to=""""/>"	empty placeholder (no @from/@to) — nothing to render
1236	data/manuscripts/tei/1236.xml	/*/*[2]/*/*/*/*[2]/*[2]/*[1]	TEI/text/body/listBibl/msDesc/msContents/msItem/locus	B	skip_empty	no									"<locus from="""" to=""""/>"	"<locus from="""" to=""""/>"	empty placeholder (no @from/@to) — nothing to render
1237	data/manuscripts/tei/1237.xml	/*/*[2]/*/*/*/*[2]/*[2]/*[1]	TEI/text/body/listBibl/msDesc/msContents/msItem/locus	B	skip_empty	no									"<locus from="""" to=""""/>"	"<locus from="""" to=""""/>"	empty placeholder (no @from/@to) — nothing to render
1238	data/manuscripts/tei/1238.xml	/*/*[2]/*/*/*/*[2]/*[2]/*[1]	TEI/text/body/listBibl/msDesc/msContents/msItem/locus	B	skip_empty	no									"<locus from="""" to=""""/>"	"<locus from="""" to=""""/>"	empty placeholder (no @from/@to) — nothing to render
1239	data/manuscripts/tei/1239.xml	/*/*[2]/*/*/*/*[2]/*[2]/*[1]	TEI/text/body/listBibl/msDesc/msContents/msItem/locus	B	skip_empty	no									"<locus from="""" to=""""/>"	"<locus from="""" to=""""/>"	empty placeholder (no @from/@to) — nothing to render
124	data/manuscripts/tei/124.xml	/*/*[2]/*/*/*/*[2]/*[2]/*[1]	TEI/text/body/listBibl/msDesc/msContents/msItem/locus	B	skip_empty	no									"<locus from="""" to=""""/>"	"<locus from="""" to=""""/>"	empty placeholder (no @from/@to) — nothing to render
1240	data/manuscripts/tei/1240.xml	/*/*[2]/*/*/*/*[2]/*[2]/*[1]	TEI/text/body/listBibl/msDesc/msContents/msItem/locus	B	skip_empty	no									"<locus from="""" to=""""/>"	"<locus from="""" to=""""/>"	empty placeholder (no @from/@to) — nothing to render
1241	data/manuscripts/tei/1241.xml	/*/*[2]/*/*/*/*[2]/*[2]/*[1]	TEI/text/body/listBibl/msDesc/msContents/msItem/locus	B	skip_empty	no									"<locus from="""" to=""""/>"	"<locus from="""" to=""""/>"	empty placeholder (no @from/@to) — nothing to render
1242	data/manuscripts/tei/1242.xml	/*/*[2]/*/*/*/*[2]/*[2]/*[1]	TEI/text/body/listBibl/msDesc/msContents/msItem/locus	B	skip_empty	no									"<locus from="""" to=""""/>"	"<locus from="""" to=""""/>"	empty placeholder (no @from/@to) — nothing to render
1243	data/manuscripts/tei/1243.xml	/*/*[2]/*/*/*/*[2]/*[2]/*[1]	TEI/text/body/listBibl/msDesc/msContents/msItem/locus	B	skip_empty	no									"<locus from="""" to=""""/>"	"<locus from="""" to=""""/>"	empty placeholder (no @from/@to) — nothing to render
1244	data/manuscripts/tei/1244.xml	/*/*[2]/*/*/*/*[2]/*[2]/*[1]	TEI/text/body/listBibl/msDesc/msContents/msItem/locus	B	skip_empty	no									"<locus from="""" to=""""/>"	"<locus from="""" to=""""/>"	empty placeholder (no @from/@to) — nothing to render
1245	data/manuscripts/tei/1245.xml	/*/*[2]/*/*/*/*[2]/*[2]/*[1]	TEI/text/body/listBibl/msDesc/msContents/msItem/locus	B	skip_empty	no									"<locus from="""" to=""""/>"	"<locus from="""" to=""""/>"	empty placeholder (no @from/@to) — nothing to render
1246	data/manuscripts/tei/1246.xml	/*/*[2]/*/*/*/*[2]/*[2]/*[1]	TEI/text/body/listBibl/msDesc/msContents/msItem/locus	B	skip_empty	no									"<locus from="""" to=""""/>"	"<locus from="""" to=""""/>"	empty placeholder (no @from/@to) — nothing to render
1247	data/manuscripts/tei/1247.xml	/*/*[2]/*/*/*/*[2]/*[2]/*[1]	TEI/text/body/listBibl/msDesc/msContents/msItem/locus	B	skip_empty	no									"<locus from="""" to=""""/>"	"<locus from="""" to=""""/>"	empty placeholder (no @from/@to) — nothing to render
1248	data/manuscripts/tei/1248.xml	/*/*[2]/*/*/*/*[2]/*[2]/*[1]	TEI/text/body/listBibl/msDesc/msContents/msItem/locus	B	skip_empty	no									"<locus from="""" to=""""/>"	"<locus from="""" to=""""/>"	empty placeholder (no @from/@to) — nothing to render
1249	data/manuscripts/tei/1249.xml	/*/*[2]/*/*/*/*[2]/*[2]/*[1]	TEI/text/body/listBibl/msDesc/msContents/msItem/locus	B	skip_empty	no									"<locus from="""" to=""""/>"	"<locus from="""" to=""""/>"	empty placeholder (no @from/@to) — nothing to render
125	data/manuscripts/tei/125.xml	/*/*[2]/*/*/*/*[2]/*[2]/*[1]	TEI/text/body/listBibl/msDesc/msContents/msItem/locus	B	skip_empty	no									"<locus from="""" to=""""/>"	"<locus from="""" to=""""/>"	empty placeholder (no @from/@to) — nothing to render
1250	data/manuscripts/tei/1250.xml	/*/*[2]/*/*/*/*[2]/*[2]/*[1]	TEI/text/body/listBibl/msDesc/msContents/msItem/locus	B	skip_empty	no									"<locus from="""" to=""""/>"	"<locus from="""" to=""""/>"	empty placeholder (no @from/@to) — nothing to render
1251	data/manuscripts/tei/1251.xml	/*/*[2]/*/*/*/*[2]/*[2]/*[1]	TEI/text/body/listBibl/msDesc/msContents/msItem/locus	B	skip_empty	no									"<locus from="""" to=""""/>"	"<locus from="""" to=""""/>"	empty placeholder (no @from/@to) — nothing to render
1252	data/manuscripts/tei/1252.xml	/*/*[2]/*/*/*/*[2]/*[2]/*[1]	TEI/text/body/listBibl/msDesc/msContents/msItem/locus	B	skip_empty	no									"<locus from="""" to=""""/>"	"<locus from="""" to=""""/>"	empty placeholder (no @from/@to) — nothing to render
1253	data/manuscripts/tei/1253.xml	/*/*[2]/*/*/*/*[2]/*[2]/*[1]	TEI/text/body/listBibl/msDesc/msContents/msItem/locus	B	skip_empty	no									"<locus from="""" to=""""/>"	"<locus from="""" to=""""/>"	empty placeholder (no @from/@to) — nothing to render
1254	data/manuscripts/tei/1254.xml	/*/*[2]/*/*/*/*[2]/*[2]/*[1]	TEI/text/body/listBibl/msDesc/msContents/msItem/locus	B	skip_empty	no									"<locus from="""" to=""""/>"	"<locus from="""" to=""""/>"	empty placeholder (no @from/@to) — nothing to render
1255	data/manuscripts/tei/1255.xml	/*/*[2]/*/*/*/*[2]/*[2]/*[1]	TEI/text/body/listBibl/msDesc/msContents/msItem/locus	B	skip_empty	no									"<locus from="""" to=""""/>"	"<locus from="""" to=""""/>"	empty placeholder (no @from/@to) — nothing to render
1256	data/manuscripts/tei/1256.xml	/*/*[2]/*/*/*/*[2]/*[2]/*[1]	TEI/text/body/listBibl/msDesc/msContents/msItem/locus	B	skip_empty	no									"<locus from="""" to=""""/>"	"<locus from="""" to=""""/>"	empty placeholder (no @from/@to) — nothing to render
1257	data/manuscripts/tei/1257.xml	/*/*[2]/*/*/*/*[2]/*[2]/*[1]	TEI/text/body/listBibl/msDesc/msContents/msItem/locus	B	skip_empty	no									"<locus from="""" to=""""/>"	"<locus from="""" to=""""/>"	empty placeholder (no @from/@to) — nothing to render
1258	data/manuscripts/tei/1258.xml	/*/*[2]/*/*/*/*[2]/*[2]/*[1]	TEI/text/body/listBibl/msDesc/msContents/msItem/locus	B	skip_empty	no									"<locus from="""" to=""""/>"	"<locus from="""" to=""""/>"	empty placeholder (no @from/@to) — nothing to render
1259	data/manuscripts/tei/1259.xml	/*/*[2]/*/*/*/*[2]/*[2]/*[1]	TEI/text/body/listBibl/msDesc/msContents/msItem/locus	B	skip_empty	no									"<locus from="""" to=""""/>"	"<locus from="""" to=""""/>"	empty placeholder (no @from/@to) — nothing to render
126	data/manuscripts/tei/126.xml	/*/*[2]/*/*/*/*[2]/*[2]/*[1]	TEI/text/body/listBibl/msDesc/msContents/msItem/locus	B	skip_empty	no									"<locus from="""" to=""""/>"	"<locus from="""" to=""""/>"	empty placeholder (no @from/@to) — nothing to render
1260	data/manuscripts/tei/1260.xml	/*/*[2]/*/*/*/*[2]/*[2]/*[1]	TEI/text/body/listBibl/msDesc/msContents/msItem/locus	B	skip_empty	no									"<locus from="""" to=""""/>"	"<locus from="""" to=""""/>"	empty placeholder (no @from/@to) — nothing to render
1261	data/manuscripts/tei/1261.xml	/*/*[2]/*/*/*/*[2]/*[2]/*[1]	TEI/text/body/listBibl/msDesc/msContents/msItem/locus	B	skip_empty	no									"<locus from="""" to=""""/>"	"<locus from="""" to=""""/>"	empty placeholder (no @from/@to) — nothing to render
1262	data/manuscripts/tei/1262.xml	/*/*[2]/*/*/*/*[2]/*[2]/*[1]	TEI/text/body/listBibl/msDesc/msContents/msItem/locus	B	skip_empty	no									"<locus from="""" to=""""/>"	"<locus from="""" to=""""/>"	empty placeholder (no @from/@to) — nothing to render
1263	data/manuscripts/tei/1263.xml	/*/*[2]/*/*/*/*[2]/*[2]/*[1]	TEI/text/body/listBibl/msDesc/msContents/msItem/locus	B	skip_empty	no									"<locus from="""" to=""""/>"	"<locus from="""" to=""""/>"	empty placeholder (no @from/@to) — nothing to render
1264	data/manuscripts/tei/1264.xml	/*/*[2]/*/*/*/*[2]/*[2]/*[1]	TEI/text/body/listBibl/msDesc/msContents/msItem/locus	B	skip_empty	no									"<locus from="""" to=""""/>"	"<locus from="""" to=""""/>"	empty placeholder (no @from/@to) — nothing to render
1265	data/manuscripts/tei/1265.xml	/*/*[2]/*/*/*/*[2]/*[2]/*[1]	TEI/text/body/listBibl/msDesc/msContents/msItem/locus	B	skip_empty	no									"<locus from="""" to=""""/>"	"<locus from="""" to=""""/>"	empty placeholder (no @from/@to) — nothing to render
1266	data/manuscripts/tei/1266.xml	/*/*[2]/*/*/*/*[2]/*[2]/*[1]	TEI/text/body/listBibl/msDesc/msContents/msItem/locus	B	skip_empty	no									"<locus from="""" to=""""/>"	"<locus from="""" to=""""/>"	empty placeholder (no @from/@to) — nothing to render
1267	data/manuscripts/tei/1267.xml	/*/*[2]/*/*/*/*[2]/*[2]/*[1]	TEI/text/body/listBibl/msDesc/msContents/msItem/locus	B	skip_empty	no									"<locus from="""" to=""""/>"	"<locus from="""" to=""""/>"	empty placeholder (no @from/@to) — nothing to render
1268	data/manuscripts/tei/1268.xml	/*/*[2]/*/*/*/*[2]/*[2]/*[1]	TEI/text/body/listBibl/msDesc/msContents/msItem/locus	B	skip_empty	no									"<locus from="""" to=""""/>"	"<locus from="""" to=""""/>"	empty placeholder (no @from/@to) — nothing to render
1269	data/manuscripts/tei/1269.xml	/*/*[2]/*/*/*/*[2]/*[2]/*[1]	TEI/text/body/listBibl/msDesc/msContents/msItem/locus	B	no_change	no	1r	2v	1r–2v		1r	2v	1r–2v		"<locus from=""1r"" to=""2v"">1r–2v</locus>"	"<locus from=""1r"" to=""2v"">1r–2v</locus>"	text already matches @from/@to
127	data/manuscripts/tei/127.xml	/*/*[2]/*/*/*/*[2]/*[2]/*[1]	TEI/text/body/listBibl/msDesc/msContents/msItem/locus	B	skip_empty	no									"<locus from="""" to=""""/>"	"<locus from="""" to=""""/>"	empty placeholder (no @from/@to) — nothing to render
1270	data/manuscripts/tei/1270.xml	/*/*[2]/*/*/*/*[2]/*[2]/*[1]	TEI/text/body/listBibl/msDesc/msContents/msItem/locus	B	skip_empty	no									"<locus from="""" to=""""/>"	"<locus from="""" to=""""/>"	empty placeholder (no @from/@to) — nothing to render
1271	data/manuscripts/tei/1271.xml	/*/*[2]/*/*/*/*[2]/*[2]/*[1]	TEI/text/body/listBibl/msDesc/msContents/msItem/locus	B	skip_empty	no									"<locus from="""" to=""""/>"	"<locus from="""" to=""""/>"	empty placeholder (no @from/@to) — nothing to render
1272	data/manuscripts/tei/1272.xml	/*/*[2]/*/*/*/*[2]/*[2]/*[1]	TEI/text/body/listBibl/msDesc/msContents/msItem/locus	B	skip_empty	no									"<locus from="""" to=""""/>"	"<locus from="""" to=""""/>"	empty placeholder (no @from/@to) — nothing to render
1273	data/manuscripts/tei/1273.xml	/*/*[2]/*/*/*/*[2]/*[2]/*[1]	TEI/text/body/listBibl/msDesc/msContents/msItem/locus	B	skip_empty	no									"<locus from="""" to=""""/>"	"<locus from="""" to=""""/>"	empty placeholder (no @from/@to) — nothing to render
1274	data/manuscripts/tei/1274.xml	/*/*[2]/*/*/*/*[2]/*[2]/*[1]	TEI/text/body/listBibl/msDesc/msContents/msItem/locus	B	skip_empty	no									"<locus from="""" to=""""/>"	"<locus from="""" to=""""/>"	empty placeholder (no @from/@to) — nothing to render
1275	data/manuscripts/tei/1275.xml	/*/*[2]/*/*/*/*[2]/*[2]/*[1]	TEI/text/body/listBibl/msDesc/msContents/msItem/locus	B	skip_empty	no									"<locus from="""" to=""""/>"	"<locus from="""" to=""""/>"	empty placeholder (no @from/@to) — nothing to render
1276	data/manuscripts/tei/1276.xml	/*/*[2]/*/*/*/*[2]/*[2]/*[1]	TEI/text/body/listBibl/msDesc/msContents/msItem/locus	B	skip_empty	no									"<locus from="""" to=""""/>"	"<locus from="""" to=""""/>"	empty placeholder (no @from/@to) — nothing to render
1277	data/manuscripts/tei/1277.xml	/*/*[2]/*/*/*/*[2]/*[2]/*[1]	TEI/text/body/listBibl/msDesc/msContents/msItem/locus	B	skip_empty	no									"<locus from="""" to=""""/>"	"<locus from="""" to=""""/>"	empty placeholder (no @from/@to) — nothing to render
1278	data/manuscripts/tei/1278.xml	/*/*[2]/*/*/*/*[2]/*[2]/*[1]	TEI/text/body/listBibl/msDesc/msContents/msItem/locus	B	skip_empty	no									"<locus from="""" to=""""/>"	"<locus from="""" to=""""/>"	empty placeholder (no @from/@to) — nothing to render
1279	data/manuscripts/tei/1279.xml	/*/*[2]/*/*/*/*[2]/*[2]/*[1]	TEI/text/body/listBibl/msDesc/msContents/msItem/locus	B	skip_empty	no									"<locus from="""" to=""""/>"	"<locus from="""" to=""""/>"	empty placeholder (no @from/@to) — nothing to render
128	data/manuscripts/tei/128.xml	/*/*[2]/*/*/*/*[2]/*[2]/*[1]	TEI/text/body/listBibl/msDesc/msContents/msItem/locus	B	skip_empty	no									"<locus from="""" to=""""/>"	"<locus from="""" to=""""/>"	empty placeholder (no @from/@to) — nothing to render
1280	data/manuscripts/tei/1280.xml	/*/*[2]/*/*/*/*[2]/*[2]/*[1]	TEI/text/body/listBibl/msDesc/msContents/msItem/locus	B	skip_empty	no									"<locus from="""" to=""""/>"	"<locus from="""" to=""""/>"	empty placeholder (no @from/@to) — nothing to render
1281	data/manuscripts/tei/1281.xml	/*/*[2]/*/*/*/*[2]/*[2]/*[1]	TEI/text/body/listBibl/msDesc/msContents/msItem/locus	B	skip_empty	no									"<locus from="""" to=""""/>"	"<locus from="""" to=""""/>"	empty placeholder (no @from/@to) — nothing to render
1282	data/manuscripts/tei/1282.xml	/*/*[2]/*/*/*/*[2]/*[2]/*[1]	TEI/text/body/listBibl/msDesc/msContents/msItem/locus	B	skip_empty	no									"<locus from="""" to=""""/>"	"<locus from="""" to=""""/>"	empty placeholder (no @from/@to) — nothing to render
1283	data/manuscripts/tei/1283.xml	/*/*[2]/*/*/*/*[2]/*[2]/*[1]	TEI/text/body/listBibl/msDesc/msContents/msItem/locus	B	skip_empty	no									"<locus from="""" to=""""/>"	"<locus from="""" to=""""/>"	empty placeholder (no @from/@to) — nothing to render
1284	data/manuscripts/tei/1284.xml	/*/*[2]/*/*/*/*[2]/*[2]/*[1]	TEI/text/body/listBibl/msDesc/msContents/msItem/locus	B	skip_empty	no									"<locus from="""" to=""""/>"	"<locus from="""" to=""""/>"	empty placeholder (no @from/@to) — nothing to render
1285	data/manuscripts/tei/1285.xml	/*/*[2]/*/*/*/*[2]/*[2]/*[1]	TEI/text/body/listBibl/msDesc/msContents/msItem/locus	B	skip_empty	no									"<locus from="""" to=""""/>"	"<locus from="""" to=""""/>"	empty placeholder (no @from/@to) — nothing to render
1286	data/manuscripts/tei/1286.xml	/*/*[2]/*/*/*/*[2]/*[2]/*[1]	TEI/text/body/listBibl/msDesc/msContents/msItem/locus	B	skip_empty	no									"<locus from="""" to=""""/>"	"<locus from="""" to=""""/>"	empty placeholder (no @from/@to) — nothing to render
1287	data/manuscripts/tei/1287.xml	/*/*[2]/*/*/*/*[2]/*[2]/*[1]	TEI/text/body/listBibl/msDesc/msContents/msItem/locus	B	skip_empty	no									"<locus from="""" to=""""/>"	"<locus from="""" to=""""/>"	empty placeholder (no @from/@to) — nothing to render
1288	data/manuscripts/tei/1288.xml	/*/*[2]/*/*/*/*[2]/*[2]/*[1]	TEI/text/body/listBibl/msDesc/msContents/msItem/locus	B	skip_empty	no									"<locus from="""" to=""""/>"	"<locus from="""" to=""""/>"	empty placeholder (no @from/@to) — nothing to render
1289	data/manuscripts/tei/1289.xml	/*/*[2]/*/*/*/*[2]/*[2]/*[1]	TEI/text/body/listBibl/msDesc/msContents/msItem/locus	B	skip_empty	no									"<locus from="""" to=""""/>"	"<locus from="""" to=""""/>"	empty placeholder (no @from/@to) — nothing to render
129	data/manuscripts/tei/129.xml	/*/*[2]/*/*/*/*[2]/*[2]/*[1]	TEI/text/body/listBibl/msDesc/msContents/msItem/locus	B	skip_empty	no									"<locus from="""" to=""""/>"	"<locus from="""" to=""""/>"	empty placeholder (no @from/@to) — nothing to render
1290	data/manuscripts/tei/1290.xml	/*/*[2]/*/*/*/*[2]/*[2]/*[1]	TEI/text/body/listBibl/msDesc/msContents/msItem/locus	B	skip_empty	no									"<locus from="""" to=""""/>"	"<locus from="""" to=""""/>"	empty placeholder (no @from/@to) — nothing to render
1291	data/manuscripts/tei/1291.xml	/*/*[2]/*/*/*/*[2]/*[2]/*[1]	TEI/text/body/listBibl/msDesc/msContents/msItem/locus	B	skip_empty	no									"<locus from="""" to=""""/>"	"<locus from="""" to=""""/>"	empty placeholder (no @from/@to) — nothing to render
1292	data/manuscripts/tei/1292.xml	/*/*[2]/*/*/*/*[2]/*[2]/*[1]	TEI/text/body/listBibl/msDesc/msContents/msItem/locus	B	skip_empty	no									"<locus from="""" to=""""/>"	"<locus from="""" to=""""/>"	empty placeholder (no @from/@to) — nothing to render
1293	data/manuscripts/tei/1293.xml	/*/*[2]/*/*/*/*[2]/*[2]/*[1]	TEI/text/body/listBibl/msDesc/msContents/msItem/locus	B	skip_empty	no									"<locus from="""" to=""""/>"	"<locus from="""" to=""""/>"	empty placeholder (no @from/@to) — nothing to render
1294	data/manuscripts/tei/1294.xml	/*/*[2]/*/*/*/*[2]/*[2]/*[1]	TEI/text/body/listBibl/msDesc/msContents/msItem/locus	B	skip_empty	no									"<locus from="""" to=""""/>"	"<locus from="""" to=""""/>"	empty placeholder (no @from/@to) — nothing to render
1295	data/manuscripts/tei/1295.xml	/*/*[2]/*/*/*/*[2]/*[2]/*[1]	TEI/text/body/listBibl/msDesc/msContents/msItem/locus	B	skip_empty	no									"<locus from="""" to=""""/>"	"<locus from="""" to=""""/>"	empty placeholder (no @from/@to) — nothing to render
1296	data/manuscripts/tei/1296.xml	/*/*[2]/*/*/*/*[2]/*[2]/*[1]	TEI/text/body/listBibl/msDesc/msContents/msItem/locus	B	skip_empty	no									"<locus from="""" to=""""/>"	"<locus from="""" to=""""/>"	empty placeholder (no @from/@to) — nothing to render
1297	data/manuscripts/tei/1297.xml	/*/*[2]/*/*/*/*[2]/*[2]/*[1]	TEI/text/body/listBibl/msDesc/msContents/msItem/locus	B	skip_empty	no									"<locus from="""" to=""""/>"	"<locus from="""" to=""""/>"	empty placeholder (no @from/@to) — nothing to render
1298	data/manuscripts/tei/1298.xml	/*/*[2]/*/*/*/*[2]/*[2]/*[1]	TEI/text/body/listBibl/msDesc/msContents/msItem/locus	B	skip_empty	no									"<locus from="""" to=""""/>"	"<locus from="""" to=""""/>"	empty placeholder (no @from/@to) — nothing to render
1299	data/manuscripts/tei/1299.xml	/*/*[2]/*/*/*/*[2]/*[2]/*[1]	TEI/text/body/listBibl/msDesc/msContents/msItem/locus	B	skip_empty	no									"<locus from="""" to=""""/>"	"<locus from="""" to=""""/>"	empty placeholder (no @from/@to) — nothing to render
13	data/manuscripts/tei/13.xml	/*/*[2]/*/*/*/*[2]/*[2]/*[1]	TEI/text/body/listBibl/msDesc/msContents/msItem/locus	B	skip_empty	no									"<locus from="""" to=""""/>"	"<locus from="""" to=""""/>"	empty placeholder (no @from/@to) — nothing to render
130	data/manuscripts/tei/130.xml	/*/*[2]/*/*/*/*[2]/*[2]/*[1]	TEI/text/body/listBibl/msDesc/msContents/msItem/locus	B	skip_empty	no									"<locus from="""" to=""""/>"	"<locus from="""" to=""""/>"	empty placeholder (no @from/@to) — nothing to render
1300	data/manuscripts/tei/1300.xml	/*/*[2]/*/*/*/*[2]/*[2]/*[1]	TEI/text/body/listBibl/msDesc/msContents/msItem/locus	B	skip_empty	no									"<locus from="""" to=""""/>"	"<locus from="""" to=""""/>"	empty placeholder (no @from/@to) — nothing to render
1301	data/manuscripts/tei/1301.xml	/*/*[2]/*/*/*/*[2]/*[2]/*[1]	TEI/text/body/listBibl/msDesc/msContents/msItem/locus	B	skip_empty	no									"<locus from="""" to=""""/>"	"<locus from="""" to=""""/>"	empty placeholder (no @from/@to) — nothing to render
1302	data/manuscripts/tei/1302.xml	/*/*[2]/*/*/*/*[2]/*[2]/*[1]	TEI/text/body/listBibl/msDesc/msContents/msItem/locus	B	skip_empty	no									"<locus from="""" to=""""/>"	"<locus from="""" to=""""/>"	empty placeholder (no @from/@to) — nothing to render
1303	data/manuscripts/tei/1303.xml	/*/*[2]/*/*/*/*[2]/*[2]/*[1]	TEI/text/body/listBibl/msDesc/msContents/msItem/locus	B	skip_empty	no									"<locus from="""" to=""""/>"	"<locus from="""" to=""""/>"	empty placeholder (no @from/@to) — nothing to render
1304	data/manuscripts/tei/1304.xml	/*/*[2]/*/*/*/*[2]/*[2]/*[1]	TEI/text/body/listBibl/msDesc/msContents/msItem/locus	B	skip_empty	no									"<locus from="""" to=""""/>"	"<locus from="""" to=""""/>"	empty placeholder (no @from/@to) — nothing to render
1305	data/manuscripts/tei/1305.xml	/*/*[2]/*/*/*/*[2]/*[2]/*[1]	TEI/text/body/listBibl/msDesc/msContents/msItem/locus	B	skip_empty	no									"<locus from="""" to=""""/>"	"<locus from="""" to=""""/>"	empty placeholder (no @from/@to) — nothing to render
1306	data/manuscripts/tei/1306.xml	/*/*[2]/*/*/*/*[2]/*[2]/*[1]	TEI/text/body/listBibl/msDesc/msContents/msItem/locus	B	skip_empty	no									"<locus from="""" to=""""/>"	"<locus from="""" to=""""/>"	empty placeholder (no @from/@to) — nothing to render
1307	data/manuscripts/tei/1307.xml	/*/*[2]/*/*/*/*[2]/*[2]/*[1]	TEI/text/body/listBibl/msDesc/msContents/msItem/locus	B	skip_empty	no									"<locus from="""" to=""""/>"	"<locus from="""" to=""""/>"	empty placeholder (no @from/@to) — nothing to render
1308	data/manuscripts/tei/1308.xml	/*/*[2]/*/*/*/*[2]/*[2]/*[1]	TEI/text/body/listBibl/msDesc/msContents/msItem/locus	B	skip_empty	no									"<locus from="""" to=""""/>"	"<locus from="""" to=""""/>"	empty placeholder (no @from/@to) — nothing to render
1309	data/manuscripts/tei/1309.xml	/*/*[2]/*/*/*/*[2]/*[2]/*[1]	TEI/text/body/listBibl/msDesc/msContents/msItem/locus	B	skip_empty	no									"<locus from="""" to=""""/>"	"<locus from="""" to=""""/>"	empty placeholder (no @from/@to) — nothing to render
131	data/manuscripts/tei/131.xml	/*/*[2]/*/*/*/*[2]/*[2]/*[1]	TEI/text/body/listBibl/msDesc/msContents/msItem/locus	B	skip_empty	no									"<locus from="""" to=""""/>"	"<locus from="""" to=""""/>"	empty placeholder (no @from/@to) — nothing to render
1310	data/manuscripts/tei/1310.xml	/*/*[2]/*/*/*/*[2]/*[2]/*[1]	TEI/text/body/listBibl/msDesc/msContents/msItem/locus	B	skip_empty	no									"<locus from="""" to=""""/>"	"<locus from="""" to=""""/>"	empty placeholder (no @from/@to) — nothing to render
1311	data/manuscripts/tei/1311.xml	/*/*[2]/*/*/*/*[2]/*[2]/*[1]	TEI/text/body/listBibl/msDesc/msContents/msItem/locus	B	skip_empty	no									"<locus from="""" to=""""/>"	"<locus from="""" to=""""/>"	empty placeholder (no @from/@to) — nothing to render
1312	data/manuscripts/tei/1312.xml	/*/*[2]/*/*/*/*[2]/*[2]/*[1]	TEI/text/body/listBibl/msDesc/msContents/msItem/locus	B	skip_empty	no									"<locus from="""" to=""""/>"	"<locus from="""" to=""""/>"	empty placeholder (no @from/@to) — nothing to render
1313	data/manuscripts/tei/1313.xml	/*/*[2]/*/*/*/*[2]/*[2]/*[1]	TEI/text/body/listBibl/msDesc/msContents/msItem/locus	B	skip_empty	no									"<locus from="""" to=""""/>"	"<locus from="""" to=""""/>"	empty placeholder (no @from/@to) — nothing to render
1314	data/manuscripts/tei/1314.xml	/*/*[2]/*/*/*/*[2]/*[2]/*[1]	TEI/text/body/listBibl/msDesc/msContents/msItem/locus	B	skip_empty	no									"<locus from="""" to=""""/>"	"<locus from="""" to=""""/>"	empty placeholder (no @from/@to) — nothing to render
1315	data/manuscripts/tei/1315.xml	/*/*[2]/*/*/*/*[2]/*[2]/*[1]	TEI/text/body/listBibl/msDesc/msContents/msItem/locus	B	skip_empty	no									"<locus from="""" to=""""/>"	"<locus from="""" to=""""/>"	empty placeholder (no @from/@to) — nothing to render
1316	data/manuscripts/tei/1316.xml	/*/*[2]/*/*/*/*[2]/*[2]/*[1]	TEI/text/body/listBibl/msDesc/msContents/msItem/locus	B	skip_empty	no									"<locus from="""" to=""""/>"	"<locus from="""" to=""""/>"	empty placeholder (no @from/@to) — nothing to render
1317	data/manuscripts/tei/1317.xml	/*/*[2]/*/*/*/*[2]/*[2]/*[1]	TEI/text/body/listBibl/msDesc/msContents/msItem/locus	B	skip_empty	no									"<locus from="""" to=""""/>"	"<locus from="""" to=""""/>"	empty placeholder (no @from/@to) — nothing to render
1318	data/manuscripts/tei/1318.xml	/*/*[2]/*/*/*/*[2]/*[2]/*[1]	TEI/text/body/listBibl/msDesc/msContents/msItem/locus	B	skip_empty	no									"<locus from="""" to=""""/>"	"<locus from="""" to=""""/>"	empty placeholder (no @from/@to) — nothing to render
1319	data/manuscripts/tei/1319.xml	/*/*[2]/*/*/*/*[2]/*[2]/*[1]	TEI/text/body/listBibl/msDesc/msContents/msItem/locus	B	no_change	no	2r	4v	2r–4v		2r	4v	2r–4v		"<locus from=""2r"" to=""4v"">2r–4v</locus>"	"<locus from=""2r"" to=""4v"">2r–4v</locus>"	text already matches @from/@to
132	data/manuscripts/tei/132.xml	/*/*[2]/*/*/*/*[2]/*[2]/*[1]	TEI/text/body/listBibl/msDesc/msContents/msItem/locus	B	skip_empty	no									"<locus from="""" to=""""/>"	"<locus from="""" to=""""/>"	empty placeholder (no @from/@to) — nothing to render
1320	data/manuscripts/tei/1320.xml	/*/*[2]/*/*/*/*[2]/*[2]/*[1]	TEI/text/body/listBibl/msDesc/msContents/msItem/locus	B	skip_empty	no									"<locus from="""" to=""""/>"	"<locus from="""" to=""""/>"	empty placeholder (no @from/@to) — nothing to render
1321	data/manuscripts/tei/1321.xml	/*/*[2]/*/*/*/*[2]/*[2]/*[1]	TEI/text/body/listBibl/msDesc/msContents/msItem/locus	B	skip_empty	no									"<locus from="""" to=""""/>"	"<locus from="""" to=""""/>"	empty placeholder (no @from/@to) — nothing to render
1322	data/manuscripts/tei/1322.xml	/*/*[2]/*/*/*/*[2]/*[2]/*[1]	TEI/text/body/listBibl/msDesc/msContents/msItem/locus	B	skip_empty	no									"<locus from="""" to=""""/>"	"<locus from="""" to=""""/>"	empty placeholder (no @from/@to) — nothing to render
1323	data/manuscripts/tei/1323.xml	/*/*[2]/*/*/*/*[2]/*[2]/*[1]	TEI/text/body/listBibl/msDesc/msContents/msItem/locus	B	skip_empty	no									"<locus from="""" to=""""/>"	"<locus from="""" to=""""/>"	empty placeholder (no @from/@to) — nothing to render
1324	data/manuscripts/tei/1324.xml	/*/*[2]/*/*/*/*[2]/*[2]/*[1]	TEI/text/body/listBibl/msDesc/msContents/msItem/locus	B	skip_empty	no									"<locus from="""" to=""""/>"	"<locus from="""" to=""""/>"	empty placeholder (no @from/@to) — nothing to render
1325	data/manuscripts/tei/1325.xml	/*/*[2]/*/*/*/*[2]/*[2]/*[1]	TEI/text/body/listBibl/msDesc/msContents/msItem/locus	B	skip_empty	no									"<locus from="""" to=""""/>"	"<locus from="""" to=""""/>"	empty placeholder (no @from/@to) — nothing to render
1326	data/manuscripts/tei/1326.xml	/*/*[2]/*/*/*/*[2]/*[2]/*[1]	TEI/text/body/listBibl/msDesc/msContents/msItem/locus	B	skip_empty	no									"<locus from="""" to=""""/>"	"<locus from="""" to=""""/>"	empty placeholder (no @from/@to) — nothing to render
1327	data/manuscripts/tei/1327.xml	/*/*[2]/*/*/*/*[2]/*[2]/*[1]	TEI/text/body/listBibl/msDesc/msContents/msItem/locus	B	skip_empty	no									"<locus from="""" to=""""/>"	"<locus from="""" to=""""/>"	empty placeholder (no @from/@to) — nothing to render
1328	data/manuscripts/tei/1328.xml	/*/*[2]/*/*/*/*[2]/*[2]/*[1]	TEI/text/body/listBibl/msDesc/msContents/msItem/locus	B	skip_empty	no									"<locus from="""" to=""""/>"	"<locus from="""" to=""""/>"	empty placeholder (no @from/@to) — nothing to render
1329	data/manuscripts/tei/1329.xml	/*/*[2]/*/*/*/*[2]/*[2]/*[1]	TEI/text/body/listBibl/msDesc/msContents/msItem/locus	B	skip_empty	no									"<locus from="""" to=""""/>"	"<locus from="""" to=""""/>"	empty placeholder (no @from/@to) — nothing to render
133	data/manuscripts/tei/133.xml	/*/*[2]/*/*/*/*[2]/*[2]/*[1]	TEI/text/body/listBibl/msDesc/msContents/msItem/locus	B	skip_empty	no									"<locus from="""" to=""""/>"	"<locus from="""" to=""""/>"	empty placeholder (no @from/@to) — nothing to render
1330	data/manuscripts/tei/1330.xml	/*/*[2]/*/*/*/*[2]/*[2]/*[1]	TEI/text/body/listBibl/msDesc/msContents/msItem/locus	B	skip_empty	no									"<locus from="""" to=""""/>"	"<locus from="""" to=""""/>"	empty placeholder (no @from/@to) — nothing to render
1331	data/manuscripts/tei/1331.xml	/*/*[2]/*/*/*/*[2]/*[2]/*[1]	TEI/text/body/listBibl/msDesc/msContents/msItem/locus	B	skip_empty	no									"<locus from="""" to=""""/>"	"<locus from="""" to=""""/>"	empty placeholder (no @from/@to) — nothing to render
1332	data/manuscripts/tei/1332.xml	/*/*[2]/*/*/*/*[2]/*[2]/*[1]	TEI/text/body/listBibl/msDesc/msContents/msItem/locus	B	skip_empty	no									"<locus from="""" to=""""/>"	"<locus from="""" to=""""/>"	empty placeholder (no @from/@to) — nothing to render
1333	data/manuscripts/tei/1333.xml	/*/*[2]/*/*/*/*[2]/*[2]/*[1]	TEI/text/body/listBibl/msDesc/msContents/msItem/locus	B	skip_empty	no									"<locus from="""" to=""""/>"	"<locus from="""" to=""""/>"	empty placeholder (no @from/@to) — nothing to render
1334	data/manuscripts/tei/1334.xml	/*/*[2]/*/*/*/*[2]/*[2]/*[1]	TEI/text/body/listBibl/msDesc/msContents/msItem/locus	B	skip_empty	no									"<locus from="""" to=""""/>"	"<locus from="""" to=""""/>"	empty placeholder (no @from/@to) — nothing to render
1335	data/manuscripts/tei/1335.xml	/*/*[2]/*/*/*/*[2]/*[2]/*[1]	TEI/text/body/listBibl/msDesc/msContents/msItem/locus	B	skip_empty	no									"<locus from="""" to=""""/>"	"<locus from="""" to=""""/>"	empty placeholder (no @from/@to) — nothing to render
1336	data/manuscripts/tei/1336.xml	/*/*[2]/*/*/*/*[2]/*[2]/*[1]	TEI/text/body/listBibl/msDesc/msContents/msItem/locus	B	skip_empty	no									"<locus from="""" to=""""/>"	"<locus from="""" to=""""/>"	empty placeholder (no @from/@to) — nothing to render
1337	data/manuscripts/tei/1337.xml	/*/*[2]/*/*/*/*[2]/*[2]/*[1]	TEI/text/body/listBibl/msDesc/msContents/msItem/locus	B	skip_empty	no									"<locus from="""" to=""""/>"	"<locus from="""" to=""""/>"	empty placeholder (no @from/@to) — nothing to render
1338	data/manuscripts/tei/1338.xml	/*/*[2]/*/*/*/*[2]/*[2]/*[1]	TEI/text/body/listBibl/msDesc/msContents/msItem/locus	B	skip_empty	no									"<locus from="""" to=""""/>"	"<locus from="""" to=""""/>"	empty placeholder (no @from/@to) — nothing to render
1339	data/manuscripts/tei/1339.xml	/*/*[2]/*/*/*/*[2]/*[2]/*[1]	TEI/text/body/listBibl/msDesc/msContents/msItem/locus	B	skip_empty	no									"<locus from="""" to=""""/>"	"<locus from="""" to=""""/>"	empty placeholder (no @from/@to) — nothing to render
134	data/manuscripts/tei/134.xml	/*/*[2]/*/*/*/*[2]/*[2]/*[1]	TEI/text/body/listBibl/msDesc/msContents/msItem/locus	B	skip_empty	no									"<locus from="""" to=""""/>"	"<locus from="""" to=""""/>"	empty placeholder (no @from/@to) — nothing to render
1340	data/manuscripts/tei/1340.xml	/*/*[2]/*/*/*/*[2]/*[2]/*[1]	TEI/text/body/listBibl/msDesc/msContents/msItem/locus	B	skip_empty	no									"<locus from="""" to=""""/>"	"<locus from="""" to=""""/>"	empty placeholder (no @from/@to) — nothing to render
1341	data/manuscripts/tei/1341.xml	/*/*[2]/*/*/*/*[2]/*[2]/*[1]	TEI/text/body/listBibl/msDesc/msContents/msItem/locus	B	skip_empty	no									"<locus from="""" to=""""/>"	"<locus from="""" to=""""/>"	empty placeholder (no @from/@to) — nothing to render
1342	data/manuscripts/tei/1342.xml	/*/*[2]/*/*/*/*[2]/*[2]/*[1]	TEI/text/body/listBibl/msDesc/msContents/msItem/locus	B	skip_empty	no									"<locus from="""" to=""""/>"	"<locus from="""" to=""""/>"	empty placeholder (no @from/@to) — nothing to render
1343	data/manuscripts/tei/1343.xml	/*/*[2]/*/*/*/*[2]/*[2]/*[1]	TEI/text/body/listBibl/msDesc/msContents/msItem/locus	B	skip_empty	no									"<locus from="""" to=""""/>"	"<locus from="""" to=""""/>"	empty placeholder (no @from/@to) — nothing to render
1344	data/manuscripts/tei/1344.xml	/*/*[2]/*/*/*/*[2]/*[2]/*[1]	TEI/text/body/listBibl/msDesc/msContents/msItem/locus	B	skip_empty	no									"<locus from="""" to=""""/>"	"<locus from="""" to=""""/>"	empty placeholder (no @from/@to) — nothing to render
1345	data/manuscripts/tei/1345.xml	/*/*[2]/*/*/*/*[2]/*[2]/*[1]	TEI/text/body/listBibl/msDesc/msContents/msItem/locus	B	skip_empty	no									"<locus from="""" to=""""/>"	"<locus from="""" to=""""/>"	empty placeholder (no @from/@to) — nothing to render
1346	data/manuscripts/tei/1346.xml	/*/*[2]/*/*/*/*[2]/*[2]/*[1]	TEI/text/body/listBibl/msDesc/msContents/msItem/locus	B	skip_empty	no									"<locus from="""" to=""""/>"	"<locus from="""" to=""""/>"	empty placeholder (no @from/@to) — nothing to render
1347	data/manuscripts/tei/1347.xml	/*/*[2]/*/*/*/*[2]/*[2]/*[1]	TEI/text/body/listBibl/msDesc/msContents/msItem/locus	B	skip_empty	no									"<locus from="""" to=""""/>"	"<locus from="""" to=""""/>"	empty placeholder (no @from/@to) — nothing to render
1348	data/manuscripts/tei/1348.xml	/*/*[2]/*/*/*/*[2]/*[2]/*[1]	TEI/text/body/listBibl/msDesc/msContents/msItem/locus	B	skip_empty	no									"<locus from="""" to=""""/>"	"<locus from="""" to=""""/>"	empty placeholder (no @from/@to) — nothing to render
1349	data/manuscripts/tei/1349.xml	/*/*[2]/*/*/*/*[2]/*[2]/*[1]	TEI/text/body/listBibl/msDesc/msContents/msItem/locus	B	skip_empty	no									"<locus from="""" to=""""/>"	"<locus from="""" to=""""/>"	empty placeholder (no @from/@to) — nothing to render
135	data/manuscripts/tei/135.xml	/*/*[2]/*/*/*/*[2]/*[2]/*[1]	TEI/text/body/listBibl/msDesc/msContents/msItem/locus	B	skip_empty	no									"<locus from="""" to=""""/>"	"<locus from="""" to=""""/>"	empty placeholder (no @from/@to) — nothing to render
1350	data/manuscripts/tei/1350.xml	/*/*[2]/*/*/*/*[2]/*[2]/*[1]	TEI/text/body/listBibl/msDesc/msContents/msItem/locus	B	skip_empty	no									"<locus from="""" to=""""/>"	"<locus from="""" to=""""/>"	empty placeholder (no @from/@to) — nothing to render
1351	data/manuscripts/tei/1351.xml	/*/*[2]/*/*/*/*[2]/*[2]/*[1]	TEI/text/body/listBibl/msDesc/msContents/msItem/locus	B	skip_empty	no									"<locus from="""" to=""""/>"	"<locus from="""" to=""""/>"	empty placeholder (no @from/@to) — nothing to render
1352	data/manuscripts/tei/1352.xml	/*/*[2]/*/*/*/*[2]/*[2]/*[1]	TEI/text/body/listBibl/msDesc/msContents/msItem/locus	B	skip_empty	no									"<locus from="""" to=""""/>"	"<locus from="""" to=""""/>"	empty placeholder (no @from/@to) — nothing to render
1353	data/manuscripts/tei/1353.xml	/*/*[2]/*/*/*/*[2]/*[2]/*[1]	TEI/text/body/listBibl/msDesc/msContents/msItem/locus	B	skip_empty	no									"<locus from="""" to=""""/>"	"<locus from="""" to=""""/>"	empty placeholder (no @from/@to) — nothing to render
1354	data/manuscripts/tei/1354.xml	/*/*[2]/*/*/*/*[2]/*[2]/*[1]	TEI/text/body/listBibl/msDesc/msContents/msItem/locus	B	skip_empty	no									"<locus from="""" to=""""/>"	"<locus from="""" to=""""/>"	empty placeholder (no @from/@to) — nothing to render
1355	data/manuscripts/tei/1355.xml	/*/*[2]/*/*/*/*[2]/*[2]/*[1]	TEI/text/body/listBibl/msDesc/msContents/msItem/locus	B	skip_empty	no									"<locus from="""" to=""""/>"	"<locus from="""" to=""""/>"	empty placeholder (no @from/@to) — nothing to render
1356	data/manuscripts/tei/1356.xml	/*/*[2]/*/*/*/*[2]/*[2]/*[1]	TEI/text/body/listBibl/msDesc/msContents/msItem/locus	B	skip_empty	no									"<locus from="""" to=""""/>"	"<locus from="""" to=""""/>"	empty placeholder (no @from/@to) — nothing to render
1357	data/manuscripts/tei/1357.xml	/*/*[2]/*/*/*/*[2]/*[2]/*[1]	TEI/text/body/listBibl/msDesc/msContents/msItem/locus	B	skip_empty	no									"<locus from="""" to=""""/>"	"<locus from="""" to=""""/>"	empty placeholder (no @from/@to) — nothing to render
1358	data/manuscripts/tei/1358.xml	/*/*[2]/*/*/*/*[2]/*[2]/*[1]	TEI/text/body/listBibl/msDesc/msContents/msItem/locus	B	skip_empty	no									"<locus from="""" to=""""/>"	"<locus from="""" to=""""/>"	empty placeholder (no @from/@to) — nothing to render
1359	data/manuscripts/tei/1359.xml	/*/*[2]/*/*/*/*[2]/*[2]/*[1]	TEI/text/body/listBibl/msDesc/msContents/msItem/locus	B	skip_empty	no									"<locus from="""" to=""""/>"	"<locus from="""" to=""""/>"	empty placeholder (no @from/@to) — nothing to render
136	data/manuscripts/tei/136.xml	/*/*[2]/*/*/*/*[2]/*[2]/*[1]	TEI/text/body/listBibl/msDesc/msContents/msItem/locus	B	skip_empty	no									"<locus from="""" to=""""/>"	"<locus from="""" to=""""/>"	empty placeholder (no @from/@to) — nothing to render
1360	data/manuscripts/tei/1360.xml	/*/*[2]/*/*/*/*[2]/*[2]/*[1]	TEI/text/body/listBibl/msDesc/msContents/msItem/locus	B	no_change	no	1r	46v	1r–46v		1r	46v	1r–46v		"<locus from=""1r"" to=""46v"">1r–46v</locus>"	"<locus from=""1r"" to=""46v"">1r–46v</locus>"	text already matches @from/@to
1361	data/manuscripts/tei/1361.xml	/*/*[2]/*/*/*/*[2]/*[2]/*[1]	TEI/text/body/listBibl/msDesc/msContents/msItem/locus	B	skip_empty	no									"<locus from="""" to=""""/>"	"<locus from="""" to=""""/>"	empty placeholder (no @from/@to) — nothing to render
1362	data/manuscripts/tei/1362.xml	/*/*[2]/*/*/*/*[2]/*[2]/*[1]	TEI/text/body/listBibl/msDesc/msContents/msItem/locus	B	skip_empty	no									"<locus from="""" to=""""/>"	"<locus from="""" to=""""/>"	empty placeholder (no @from/@to) — nothing to render
1363	data/manuscripts/tei/1363.xml	/*/*[2]/*/*/*/*[2]/*[2]/*[1]	TEI/text/body/listBibl/msDesc/msContents/msItem/locus	B	skip_empty	no									"<locus from="""" to=""""/>"	"<locus from="""" to=""""/>"	empty placeholder (no @from/@to) — nothing to render
1364	data/manuscripts/tei/1364.xml	/*/*[2]/*/*/*/*[2]/*[2]/*[1]	TEI/text/body/listBibl/msDesc/msContents/msItem/locus	B	skip_empty	no									"<locus from="""" to=""""/>"	"<locus from="""" to=""""/>"	empty placeholder (no @from/@to) — nothing to render
1365	data/manuscripts/tei/1365.xml	/*/*[2]/*/*/*/*[2]/*[2]/*[1]	TEI/text/body/listBibl/msDesc/msContents/msItem/locus	B	skip_empty	no									"<locus from="""" to=""""/>"	"<locus from="""" to=""""/>"	empty placeholder (no @from/@to) — nothing to render
1366	data/manuscripts/tei/1366.xml	/*/*[2]/*/*/*/*[2]/*[2]/*[1]	TEI/text/body/listBibl/msDesc/msContents/msItem/locus	B	skip_empty	no									"<locus from="""" to=""""/>"	"<locus from="""" to=""""/>"	empty placeholder (no @from/@to) — nothing to render
1367	data/manuscripts/tei/1367.xml	/*/*[2]/*/*/*/*[2]/*[2]/*[1]	TEI/text/body/listBibl/msDesc/msContents/msItem/locus	B	skip_empty	no									"<locus from="""" to=""""/>"	"<locus from="""" to=""""/>"	empty placeholder (no @from/@to) — nothing to render
1368	data/manuscripts/tei/1368.xml	/*/*[2]/*/*/*/*[2]/*[2]/*[1]	TEI/text/body/listBibl/msDesc/msContents/msItem/locus	B	skip_empty	no									"<locus from="""" to=""""/>"	"<locus from="""" to=""""/>"	empty placeholder (no @from/@to) — nothing to render
1369	data/manuscripts/tei/1369.xml	/*/*[2]/*/*/*/*[2]/*[2]/*[1]	TEI/text/body/listBibl/msDesc/msContents/msItem/locus	B	skip_empty	no									"<locus from="""" to=""""/>"	"<locus from="""" to=""""/>"	empty placeholder (no @from/@to) — nothing to render
137	data/manuscripts/tei/137.xml	/*/*[2]/*/*/*/*[2]/*[2]/*[1]	TEI/text/body/listBibl/msDesc/msContents/msItem/locus	B	skip_empty	no									"<locus from="""" to=""""/>"	"<locus from="""" to=""""/>"	empty placeholder (no @from/@to) — nothing to render
1370	data/manuscripts/tei/1370.xml	/*/*[2]/*/*/*/*[2]/*[2]/*[1]	TEI/text/body/listBibl/msDesc/msContents/msItem/locus	B	skip_empty	no									"<locus from="""" to=""""/>"	"<locus from="""" to=""""/>"	empty placeholder (no @from/@to) — nothing to render
1371	data/manuscripts/tei/1371.xml	/*/*[2]/*/*/*/*[2]/*[2]/*[1]	TEI/text/body/listBibl/msDesc/msContents/msItem/locus	B	skip_empty	no									"<locus from="""" to=""""/>"	"<locus from="""" to=""""/>"	empty placeholder (no @from/@to) — nothing to render
1372	data/manuscripts/tei/1372.xml	/*/*[2]/*/*/*/*[2]/*[2]/*[1]	TEI/text/body/listBibl/msDesc/msContents/msItem/locus	B	skip_empty	no									"<locus from="""" to=""""/>"	"<locus from="""" to=""""/>"	empty placeholder (no @from/@to) — nothing to render
1373	data/manuscripts/tei/1373.xml	/*/*[2]/*/*/*/*[2]/*[2]/*[1]	TEI/text/body/listBibl/msDesc/msContents/msItem/locus	B	skip_empty	no									"<locus from="""" to=""""/>"	"<locus from="""" to=""""/>"	empty placeholder (no @from/@to) — nothing to render
1374	data/manuscripts/tei/1374.xml	/*/*[2]/*/*/*/*[2]/*[2]/*[1]	TEI/text/body/listBibl/msDesc/msContents/msItem/locus	B	skip_empty	no									"<locus from="""" to=""""/>"	"<locus from="""" to=""""/>"	empty placeholder (no @from/@to) — nothing to render
1375	data/manuscripts/tei/1375.xml	/*/*[2]/*/*/*/*[2]/*[2]/*[1]	TEI/text/body/listBibl/msDesc/msContents/msItem/locus	B	skip_empty	no									"<locus from="""" to=""""/>"	"<locus from="""" to=""""/>"	empty placeholder (no @from/@to) — nothing to render
1376	data/manuscripts/tei/1376.xml	/*/*[2]/*/*/*/*[2]/*[2]/*[1]	TEI/text/body/listBibl/msDesc/msContents/msItem/locus	B	skip_empty	no									"<locus from="""" to=""""/>"	"<locus from="""" to=""""/>"	empty placeholder (no @from/@to) — nothing to render
1377	data/manuscripts/tei/1377.xml	/*/*[2]/*/*/*/*[2]/*[2]/*[1]	TEI/text/body/listBibl/msDesc/msContents/msItem/locus	B	skip_empty	no									"<locus from="""" to=""""/>"	"<locus from="""" to=""""/>"	empty placeholder (no @from/@to) — nothing to render
1378	data/manuscripts/tei/1378.xml	/*/*[2]/*/*/*/*[2]/*[2]/*[1]	TEI/text/body/listBibl/msDesc/msContents/msItem/locus	B	skip_empty	no									"<locus from="""" to=""""/>"	"<locus from="""" to=""""/>"	empty placeholder (no @from/@to) — nothing to render
1379	data/manuscripts/tei/1379.xml	/*/*[2]/*/*/*/*[2]/*[2]/*[1]	TEI/text/body/listBibl/msDesc/msContents/msItem/locus	B	skip_empty	no									"<locus from="""" to=""""/>"	"<locus from="""" to=""""/>"	empty placeholder (no @from/@to) — nothing to render
138	data/manuscripts/tei/138.xml	/*/*[2]/*/*/*/*[2]/*[2]/*[1]	TEI/text/body/listBibl/msDesc/msContents/msItem/locus	B	skip_empty	no									"<locus from="""" to=""""/>"	"<locus from="""" to=""""/>"	empty placeholder (no @from/@to) — nothing to render
1380	data/manuscripts/tei/1380.xml	/*/*[2]/*/*/*/*[2]/*[2]/*[1]	TEI/text/body/listBibl/msDesc/msContents/msItem/locus	B	skip_empty	no									"<locus from="""" to=""""/>"	"<locus from="""" to=""""/>"	empty placeholder (no @from/@to) — nothing to render
1381	data/manuscripts/tei/1381.xml	/*/*[2]/*/*/*/*[2]/*[2]/*[1]	TEI/text/body/listBibl/msDesc/msContents/msItem/locus	B	skip_empty	no									"<locus from="""" to=""""/>"	"<locus from="""" to=""""/>"	empty placeholder (no @from/@to) — nothing to render
1382	data/manuscripts/tei/1382.xml	/*/*[2]/*/*/*/*[2]/*[2]/*[1]	TEI/text/body/listBibl/msDesc/msContents/msItem/locus	B	skip_empty	no									"<locus from="""" to=""""/>"	"<locus from="""" to=""""/>"	empty placeholder (no @from/@to) — nothing to render
1383	data/manuscripts/tei/1383.xml	/*/*[2]/*/*/*/*[2]/*[2]/*[1]	TEI/text/body/listBibl/msDesc/msContents/msItem/locus	B	skip_empty	no									"<locus from="""" to=""""/>"	"<locus from="""" to=""""/>"	empty placeholder (no @from/@to) — nothing to render
1384	data/manuscripts/tei/1384.xml	/*/*[2]/*/*/*/*[2]/*[2]/*[1]	TEI/text/body/listBibl/msDesc/msContents/msItem/locus	B	skip_empty	no									"<locus from="""" to=""""/>"	"<locus from="""" to=""""/>"	empty placeholder (no @from/@to) — nothing to render
1385	data/manuscripts/tei/1385.xml	/*/*[2]/*/*/*/*[2]/*[2]/*[1]	TEI/text/body/listBibl/msDesc/msContents/msItem/locus	B	skip_empty	no									"<locus from="""" to=""""/>"	"<locus from="""" to=""""/>"	empty placeholder (no @from/@to) — nothing to render
1386	data/manuscripts/tei/1386.xml	/*/*[2]/*/*/*/*[2]/*[2]/*[1]	TEI/text/body/listBibl/msDesc/msContents/msItem/locus	B	skip_empty	no									"<locus from="""" to=""""/>"	"<locus from="""" to=""""/>"	empty placeholder (no @from/@to) — nothing to render
1387	data/manuscripts/tei/1387.xml	/*/*[2]/*/*/*/*[2]/*[2]/*[1]	TEI/text/body/listBibl/msDesc/msContents/msItem/locus	B	skip_empty	no									"<locus from="""" to=""""/>"	"<locus from="""" to=""""/>"	empty placeholder (no @from/@to) — nothing to render
1388	data/manuscripts/tei/1388.xml	/*/*[2]/*/*/*/*[2]/*[2]/*[1]	TEI/text/body/listBibl/msDesc/msContents/msItem/locus	B	skip_empty	no									"<locus from="""" to=""""/>"	"<locus from="""" to=""""/>"	empty placeholder (no @from/@to) — nothing to render
1389	data/manuscripts/tei/1389.xml	/*/*[2]/*/*/*/*[2]/*[2]/*[1]	TEI/text/body/listBibl/msDesc/msContents/msItem/locus	B	skip_empty	no									"<locus from="""" to=""""/>"	"<locus from="""" to=""""/>"	empty placeholder (no @from/@to) — nothing to render
139	data/manuscripts/tei/139.xml	/*/*[2]/*/*/*/*[2]/*[2]/*[1]	TEI/text/body/listBibl/msDesc/msContents/msItem/locus	B	skip_empty	no									"<locus from="""" to=""""/>"	"<locus from="""" to=""""/>"	empty placeholder (no @from/@to) — nothing to render
1390	data/manuscripts/tei/1390.xml	/*/*[2]/*/*/*/*[2]/*[2]/*[1]	TEI/text/body/listBibl/msDesc/msContents/msItem/locus	B	skip_empty	no									"<locus from="""" to=""""/>"	"<locus from="""" to=""""/>"	empty placeholder (no @from/@to) — nothing to render
1391	data/manuscripts/tei/1391.xml	/*/*[2]/*/*/*/*[2]/*[2]/*[1]	TEI/text/body/listBibl/msDesc/msContents/msItem/locus	B	skip_empty	no									"<locus from="""" to=""""/>"	"<locus from="""" to=""""/>"	empty placeholder (no @from/@to) — nothing to render
1392	data/manuscripts/tei/1392.xml	/*/*[2]/*/*/*/*[2]/*[2]/*[1]	TEI/text/body/listBibl/msDesc/msContents/msItem/locus	B	skip_empty	no									"<locus from="""" to=""""/>"	"<locus from="""" to=""""/>"	empty placeholder (no @from/@to) — nothing to render
1393	data/manuscripts/tei/1393.xml	/*/*[2]/*/*/*/*[2]/*[2]/*[1]	TEI/text/body/listBibl/msDesc/msContents/msItem/locus	B	skip_empty	no									"<locus from="""" to=""""/>"	"<locus from="""" to=""""/>"	empty placeholder (no @from/@to) — nothing to render
1394	data/manuscripts/tei/1394.xml	/*/*[2]/*/*/*/*[2]/*[2]/*[1]	TEI/text/body/listBibl/msDesc/msContents/msItem/locus	B	skip_empty	no									"<locus from="""" to=""""/>"	"<locus from="""" to=""""/>"	empty placeholder (no @from/@to) — nothing to render
1395	data/manuscripts/tei/1395.xml	/*/*[2]/*/*/*/*[2]/*[2]/*[1]	TEI/text/body/listBibl/msDesc/msContents/msItem/locus	B	skip_empty	no									"<locus from="""" to=""""/>"	"<locus from="""" to=""""/>"	empty placeholder (no @from/@to) — nothing to render
1396	data/manuscripts/tei/1396.xml	/*/*[2]/*/*/*/*[2]/*[2]/*[1]	TEI/text/body/listBibl/msDesc/msContents/msItem/locus	B	skip_empty	no									"<locus from="""" to=""""/>"	"<locus from="""" to=""""/>"	empty placeholder (no @from/@to) — nothing to render
1397	data/manuscripts/tei/1397.xml	/*/*[2]/*/*/*/*[2]/*[2]/*[1]	TEI/text/body/listBibl/msDesc/msContents/msItem/locus	B	skip_empty	no									"<locus from="""" to=""""/>"	"<locus from="""" to=""""/>"	empty placeholder (no @from/@to) — nothing to render
1398	data/manuscripts/tei/1398.xml	/*/*[2]/*/*/*/*[2]/*[2]/*[1]	TEI/text/body/listBibl/msDesc/msContents/msItem/locus	B	skip_empty	no									"<locus from="""" to=""""/>"	"<locus from="""" to=""""/>"	empty placeholder (no @from/@to) — nothing to render
1399	data/manuscripts/tei/1399.xml	/*/*[2]/*/*/*/*[2]/*[2]/*[1]	TEI/text/body/listBibl/msDesc/msContents/msItem/locus	B	skip_empty	no									"<locus from="""" to=""""/>"	"<locus from="""" to=""""/>"	empty placeholder (no @from/@to) — nothing to render
14	data/manuscripts/tei/14.xml	/*/*[2]/*/*/*/*[2]/*[2]/*[1]	TEI/text/body/listBibl/msDesc/msContents/msItem/locus	B	skip_empty	no									"<locus from="""" to=""""/>"	"<locus from="""" to=""""/>"	empty placeholder (no @from/@to) — nothing to render
140	data/manuscripts/tei/140.xml	/*/*[2]/*/*/*/*[2]/*[2]/*[1]	TEI/text/body/listBibl/msDesc/msContents/msItem/locus	B	skip_empty	no									"<locus from="""" to=""""/>"	"<locus from="""" to=""""/>"	empty placeholder (no @from/@to) — nothing to render
1400	data/manuscripts/tei/1400.xml	/*/*[2]/*/*/*/*[2]/*[2]/*[1]	TEI/text/body/listBibl/msDesc/msContents/msItem/locus	B	skip_empty	no									"<locus from="""" to=""""/>"	"<locus from="""" to=""""/>"	empty placeholder (no @from/@to) — nothing to render
1401	data/manuscripts/tei/1401.xml	/*/*[2]/*/*/*/*[2]/*[2]/*[1]	TEI/text/body/listBibl/msDesc/msContents/msItem/locus	B	skip_empty	no									"<locus from="""" to=""""/>"	"<locus from="""" to=""""/>"	empty placeholder (no @from/@to) — nothing to render
1402	data/manuscripts/tei/1402.xml	/*/*[2]/*/*/*/*[2]/*[2]/*[1]	TEI/text/body/listBibl/msDesc/msContents/msItem/locus	B	skip_empty	no									"<locus from="""" to=""""/>"	"<locus from="""" to=""""/>"	empty placeholder (no @from/@to) — nothing to render
1403	data/manuscripts/tei/1403.xml	/*/*[2]/*/*/*/*[2]/*[2]/*[1]	TEI/text/body/listBibl/msDesc/msContents/msItem/locus	B	skip_empty	no									"<locus from="""" to=""""/>"	"<locus from="""" to=""""/>"	empty placeholder (no @from/@to) — nothing to render
1404	data/manuscripts/tei/1404.xml	/*/*[2]/*/*/*/*[2]/*[2]/*[1]	TEI/text/body/listBibl/msDesc/msContents/msItem/locus	B	skip_empty	no									"<locus from="""" to=""""/>"	"<locus from="""" to=""""/>"	empty placeholder (no @from/@to) — nothing to render
1405	data/manuscripts/tei/1405.xml	/*/*[2]/*/*/*/*[2]/*[2]/*[1]	TEI/text/body/listBibl/msDesc/msContents/msItem/locus	B	skip_empty	no									"<locus from="""" to=""""/>"	"<locus from="""" to=""""/>"	empty placeholder (no @from/@to) — nothing to render
1406	data/manuscripts/tei/1406.xml	/*/*[2]/*/*/*/*[2]/*[2]/*[1]	TEI/text/body/listBibl/msDesc/msContents/msItem/locus	B	skip_empty	no									"<locus from="""" to=""""/>"	"<locus from="""" to=""""/>"	empty placeholder (no @from/@to) — nothing to render
1407	data/manuscripts/tei/1407.xml	/*/*[2]/*/*/*/*[2]/*[2]/*[1]	TEI/text/body/listBibl/msDesc/msContents/msItem/locus	B	skip_empty	no									"<locus from="""" to=""""/>"	"<locus from="""" to=""""/>"	empty placeholder (no @from/@to) — nothing to render
1408	data/manuscripts/tei/1408.xml	/*/*[2]/*/*/*/*[2]/*[2]/*[1]	TEI/text/body/listBibl/msDesc/msContents/msItem/locus	B	skip_empty	no									"<locus from="""" to=""""/>"	"<locus from="""" to=""""/>"	empty placeholder (no @from/@to) — nothing to render
1409	data/manuscripts/tei/1409.xml	/*/*[2]/*/*/*/*[2]/*[2]/*[1]	TEI/text/body/listBibl/msDesc/msContents/msItem/locus	B	skip_empty	no									"<locus from="""" to=""""/>"	"<locus from="""" to=""""/>"	empty placeholder (no @from/@to) — nothing to render
141	data/manuscripts/tei/141.xml	/*/*[2]/*/*/*/*[2]/*[2]/*[1]	TEI/text/body/listBibl/msDesc/msContents/msItem/locus	B	skip_empty	no									"<locus from="""" to=""""/>"	"<locus from="""" to=""""/>"	empty placeholder (no @from/@to) — nothing to render
1410	data/manuscripts/tei/1410.xml	/*/*[2]/*/*/*/*[2]/*[2]/*[1]	TEI/text/body/listBibl/msDesc/msContents/msItem/locus	B	skip_empty	no									"<locus from="""" to=""""/>"	"<locus from="""" to=""""/>"	empty placeholder (no @from/@to) — nothing to render
1411	data/manuscripts/tei/1411.xml	/*/*[2]/*/*/*/*[2]/*[2]/*[1]	TEI/text/body/listBibl/msDesc/msContents/msItem/locus	B	skip_empty	no									"<locus from="""" to=""""/>"	"<locus from="""" to=""""/>"	empty placeholder (no @from/@to) — nothing to render
1412	data/manuscripts/tei/1412.xml	/*/*[2]/*/*/*/*[2]/*[2]/*[1]	TEI/text/body/listBibl/msDesc/msContents/msItem/locus	B	skip_empty	no									"<locus from="""" to=""""/>"	"<locus from="""" to=""""/>"	empty placeholder (no @from/@to) — nothing to render
1413	data/manuscripts/tei/1413.xml	/*/*[2]/*/*/*/*[2]/*[2]/*[1]	TEI/text/body/listBibl/msDesc/msContents/msItem/locus	B	skip_empty	no									"<locus from="""" to=""""/>"	"<locus from="""" to=""""/>"	empty placeholder (no @from/@to) — nothing to render
1414	data/manuscripts/tei/1414.xml	/*/*[2]/*/*/*/*[2]/*[2]/*[1]	TEI/text/body/listBibl/msDesc/msContents/msItem/locus	B	skip_empty	no									"<locus from="""" to=""""/>"	"<locus from="""" to=""""/>"	empty placeholder (no @from/@to) — nothing to render
1415	data/manuscripts/tei/1415.xml	/*/*[2]/*/*/*/*[2]/*[2]/*[1]	TEI/text/body/listBibl/msDesc/msContents/msItem/locus	B	skip_empty	no									"<locus from="""" to=""""/>"	"<locus from="""" to=""""/>"	empty placeholder (no @from/@to) — nothing to render
1416	data/manuscripts/tei/1416.xml	/*/*[2]/*/*/*/*[2]/*[2]/*[1]	TEI/text/body/listBibl/msDesc/msContents/msItem/locus	B	skip_empty	no									"<locus from="""" to=""""/>"	"<locus from="""" to=""""/>"	empty placeholder (no @from/@to) — nothing to render
1417	data/manuscripts/tei/1417.xml	/*/*[2]/*/*/*/*[2]/*[2]/*[1]	TEI/text/body/listBibl/msDesc/msContents/msItem/locus	B	skip_empty	no									"<locus from="""" to=""""/>"	"<locus from="""" to=""""/>"	empty placeholder (no @from/@to) — nothing to render
1418	data/manuscripts/tei/1418.xml	/*/*[2]/*/*/*/*[2]/*[2]/*[1]	TEI/text/body/listBibl/msDesc/msContents/msItem/locus	B	skip_empty	no									"<locus from="""" to=""""/>"	"<locus from="""" to=""""/>"	empty placeholder (no @from/@to) — nothing to render
1419	data/manuscripts/tei/1419.xml	/*/*[2]/*/*/*/*[2]/*[2]/*[1]	TEI/text/body/listBibl/msDesc/msContents/msItem/locus	B	skip_empty	no									"<locus from="""" to=""""/>"	"<locus from="""" to=""""/>"	empty placeholder (no @from/@to) — nothing to render
142	data/manuscripts/tei/142.xml	/*/*[2]/*/*/*/*[2]/*[2]/*[1]	TEI/text/body/listBibl/msDesc/msContents/msItem/locus	B	skip_empty	no									"<locus from="""" to=""""/>"	"<locus from="""" to=""""/>"	empty placeholder (no @from/@to) — nothing to render
1420	data/manuscripts/tei/1420.xml	/*/*[2]/*/*/*/*[2]/*[2]/*[1]	TEI/text/body/listBibl/msDesc/msContents/msItem/locus	B	skip_empty	no									"<locus from="""" to=""""/>"	"<locus from="""" to=""""/>"	empty placeholder (no @from/@to) — nothing to render
1421	data/manuscripts/tei/1421.xml	/*/*[2]/*/*/*/*[2]/*[2]/*[1]	TEI/text/body/listBibl/msDesc/msContents/msItem/locus	B	skip_empty	no									"<locus from="""" to=""""/>"	"<locus from="""" to=""""/>"	empty placeholder (no @from/@to) — nothing to render
1422	data/manuscripts/tei/1422.xml	/*/*[2]/*/*/*/*[2]/*[2]/*[1]	TEI/text/body/listBibl/msDesc/msContents/msItem/locus	B	skip_empty	no									"<locus from="""" to=""""/>"	"<locus from="""" to=""""/>"	empty placeholder (no @from/@to) — nothing to render
1423	data/manuscripts/tei/1423.xml	/*/*[2]/*/*/*/*[2]/*[2]/*[1]	TEI/text/body/listBibl/msDesc/msContents/msItem/locus	B	skip_empty	no									"<locus from="""" to=""""/>"	"<locus from="""" to=""""/>"	empty placeholder (no @from/@to) — nothing to render
1424	data/manuscripts/tei/1424.xml	/*/*[2]/*/*/*/*[2]/*[2]/*[1]	TEI/text/body/listBibl/msDesc/msContents/msItem/locus	B	skip_empty	no									"<locus from="""" to=""""/>"	"<locus from="""" to=""""/>"	empty placeholder (no @from/@to) — nothing to render
1425	data/manuscripts/tei/1425.xml	/*/*[2]/*/*/*/*[2]/*[2]/*[1]	TEI/text/body/listBibl/msDesc/msContents/msItem/locus	B	skip_empty	no									"<locus from="""" to=""""/>"	"<locus from="""" to=""""/>"	empty placeholder (no @from/@to) — nothing to render
1426	data/manuscripts/tei/1426.xml	/*/*[2]/*/*/*/*[2]/*[2]/*[1]	TEI/text/body/listBibl/msDesc/msContents/msItem/locus	B	skip_empty	no									"<locus from="""" to=""""/>"	"<locus from="""" to=""""/>"	empty placeholder (no @from/@to) — nothing to render
1427	data/manuscripts/tei/1427.xml	/*/*[2]/*/*/*/*[2]/*[2]/*[1]	TEI/text/body/listBibl/msDesc/msContents/msItem/locus	B	skip_empty	no									"<locus from="""" to=""""/>"	"<locus from="""" to=""""/>"	empty placeholder (no @from/@to) — nothing to render
1428	data/manuscripts/tei/1428.xml	/*/*[2]/*/*/*/*[2]/*[2]/*[1]	TEI/text/body/listBibl/msDesc/msContents/msItem/locus	B	skip_empty	no									"<locus from="""" to=""""/>"	"<locus from="""" to=""""/>"	empty placeholder (no @from/@to) — nothing to render
1429	data/manuscripts/tei/1429.xml	/*/*[2]/*/*/*/*[2]/*[2]/*[1]	TEI/text/body/listBibl/msDesc/msContents/msItem/locus	B	skip_empty	no									"<locus from="""" to=""""/>"	"<locus from="""" to=""""/>"	empty placeholder (no @from/@to) — nothing to render
143	data/manuscripts/tei/143.xml	/*/*[2]/*/*/*/*[2]/*[2]/*[1]	TEI/text/body/listBibl/msDesc/msContents/msItem/locus	B	skip_empty	no									"<locus from="""" to=""""/>"	"<locus from="""" to=""""/>"	empty placeholder (no @from/@to) — nothing to render
1430	data/manuscripts/tei/1430.xml	/*/*[2]/*/*/*/*[2]/*[2]/*[1]	TEI/text/body/listBibl/msDesc/msContents/msItem/locus	B	skip_empty	no									"<locus from="""" to=""""/>"	"<locus from="""" to=""""/>"	empty placeholder (no @from/@to) — nothing to render
1431	data/manuscripts/tei/1431.xml	/*/*[2]/*/*/*/*[2]/*[2]/*[1]	TEI/text/body/listBibl/msDesc/msContents/msItem/locus	B	skip_empty	no									"<locus from="""" to=""""/>"	"<locus from="""" to=""""/>"	empty placeholder (no @from/@to) — nothing to render
1432	data/manuscripts/tei/1432.xml	/*/*[2]/*/*/*/*[2]/*[2]/*[1]	TEI/text/body/listBibl/msDesc/msContents/msItem/locus	B	skip_empty	no									"<locus from="""" to=""""/>"	"<locus from="""" to=""""/>"	empty placeholder (no @from/@to) — nothing to render
1433	data/manuscripts/tei/1433.xml	/*/*[2]/*/*/*/*[2]/*[2]/*[1]	TEI/text/body/listBibl/msDesc/msContents/msItem/locus	B	skip_empty	no									"<locus from="""" to=""""/>"	"<locus from="""" to=""""/>"	empty placeholder (no @from/@to) — nothing to render
1434	data/manuscripts/tei/1434.xml	/*/*[2]/*/*/*/*[2]/*[2]/*[1]	TEI/text/body/listBibl/msDesc/msContents/msItem/locus	B	skip_empty	no									"<locus from="""" to=""""/>"	"<locus from="""" to=""""/>"	empty placeholder (no @from/@to) — nothing to render
1435	data/manuscripts/tei/1435.xml	/*/*[2]/*/*/*/*[2]/*[2]/*[1]	TEI/text/body/listBibl/msDesc/msContents/msItem/locus	B	skip_empty	no									"<locus from="""" to=""""/>"	"<locus from="""" to=""""/>"	empty placeholder (no @from/@to) — nothing to render
1436	data/manuscripts/tei/1436.xml	/*/*[2]/*/*/*/*[2]/*[2]/*[1]	TEI/text/body/listBibl/msDesc/msContents/msItem/locus	B	skip_empty	no									"<locus from="""" to=""""/>"	"<locus from="""" to=""""/>"	empty placeholder (no @from/@to) — nothing to render
1437	data/manuscripts/tei/1437.xml	/*/*[2]/*/*/*/*[2]/*[2]/*[1]	TEI/text/body/listBibl/msDesc/msContents/msItem/locus	B	skip_empty	no									"<locus from="""" to=""""/>"	"<locus from="""" to=""""/>"	empty placeholder (no @from/@to) — nothing to render
1438	data/manuscripts/tei/1438.xml	/*/*[2]/*/*/*/*[2]/*[2]/*[1]	TEI/text/body/listBibl/msDesc/msContents/msItem/locus	B	skip_empty	no									"<locus from="""" to=""""/>"	"<locus from="""" to=""""/>"	empty placeholder (no @from/@to) — nothing to render
1439	data/manuscripts/tei/1439.xml	/*/*[2]/*/*/*/*[2]/*[2]/*[1]	TEI/text/body/listBibl/msDesc/msContents/msItem/locus	B	skip_empty	no									"<locus from="""" to=""""/>"	"<locus from="""" to=""""/>"	empty placeholder (no @from/@to) — nothing to render
144	data/manuscripts/tei/144.xml	/*/*[2]/*/*/*/*[2]/*[2]/*[1]	TEI/text/body/listBibl/msDesc/msContents/msItem/locus	B	skip_empty	no									"<locus from="""" to=""""/>"	"<locus from="""" to=""""/>"	empty placeholder (no @from/@to) — nothing to render
1440	data/manuscripts/tei/1440.xml	/*/*[2]/*/*/*/*[2]/*[2]/*[1]	TEI/text/body/listBibl/msDesc/msContents/msItem/locus	B	skip_empty	no									"<locus from="""" to=""""/>"	"<locus from="""" to=""""/>"	empty placeholder (no @from/@to) — nothing to render
1441	data/manuscripts/tei/1441.xml	/*/*[2]/*/*/*/*[2]/*[2]/*[1]	TEI/text/body/listBibl/msDesc/msContents/msItem/locus	B	skip_empty	no									"<locus from="""" to=""""/>"	"<locus from="""" to=""""/>"	empty placeholder (no @from/@to) — nothing to render
1443	data/manuscripts/tei/1443.xml	/*/*[2]/*/*/*/*[2]/*[2]/*[1]	TEI/text/body/listBibl/msDesc/msContents/msItem/locus	B	skip_empty	no									"<locus from="""" to=""""/>"	"<locus from="""" to=""""/>"	empty placeholder (no @from/@to) — nothing to render
1444	data/manuscripts/tei/1444.xml	/*/*[2]/*/*/*/*[2]/*[2]/*[1]	TEI/text/body/listBibl/msDesc/msContents/msItem/locus	B	skip_empty	no									"<locus from="""" to=""""/>"	"<locus from="""" to=""""/>"	empty placeholder (no @from/@to) — nothing to render
1445	data/manuscripts/tei/1445.xml	/*/*[2]/*/*/*/*[2]/*[2]/*[1]	TEI/text/body/listBibl/msDesc/msContents/msItem/locus	B	skip_empty	no									"<locus from="""" to=""""/>"	"<locus from="""" to=""""/>"	empty placeholder (no @from/@to) — nothing to render
1446	data/manuscripts/tei/1446.xml	/*/*[2]/*/*/*/*[2]/*[2]/*[1]	TEI/text/body/listBibl/msDesc/msContents/msItem/locus	B	skip_empty	no									"<locus from="""" to=""""/>"	"<locus from="""" to=""""/>"	empty placeholder (no @from/@to) — nothing to render
1447	data/manuscripts/tei/1447.xml	/*/*[2]/*/*/*/*[2]/*[2]/*[1]	TEI/text/body/listBibl/msDesc/msContents/msItem/locus	B	skip_empty	no									"<locus from="""" to=""""/>"	"<locus from="""" to=""""/>"	empty placeholder (no @from/@to) — nothing to render
1448	data/manuscripts/tei/1448.xml	/*/*[2]/*/*/*/*[2]/*[2]/*[1]	TEI/text/body/listBibl/msDesc/msContents/msItem/locus	B	skip_empty	no									"<locus from="""" to=""""/>"	"<locus from="""" to=""""/>"	empty placeholder (no @from/@to) — nothing to render
1449	data/manuscripts/tei/1449.xml	/*/*[2]/*/*/*/*[2]/*[2]/*[1]	TEI/text/body/listBibl/msDesc/msContents/msItem/locus	B	skip_empty	no									"<locus from="""" to=""""/>"	"<locus from="""" to=""""/>"	empty placeholder (no @from/@to) — nothing to render
145	data/manuscripts/tei/145.xml	/*/*[2]/*/*/*/*[2]/*[2]/*[1]	TEI/text/body/listBibl/msDesc/msContents/msItem/locus	B	skip_empty	no									"<locus from="""" to=""""/>"	"<locus from="""" to=""""/>"	empty placeholder (no @from/@to) — nothing to render
1450	data/manuscripts/tei/1450.xml	/*/*[2]/*/*/*/*[2]/*[2]/*[1]	TEI/text/body/listBibl/msDesc/msContents/msItem/locus	B	skip_empty	no									"<locus from="""" to=""""/>"	"<locus from="""" to=""""/>"	empty placeholder (no @from/@to) — nothing to render
1451	data/manuscripts/tei/1451.xml	/*/*[2]/*/*/*/*[2]/*[2]/*[1]	TEI/text/body/listBibl/msDesc/msContents/msItem/locus	B	skip_empty	no									"<locus from="""" to=""""/>"	"<locus from="""" to=""""/>"	empty placeholder (no @from/@to) — nothing to render
1452	data/manuscripts/tei/1452.xml	/*/*[2]/*/*/*/*[2]/*[2]/*[1]	TEI/text/body/listBibl/msDesc/msContents/msItem/locus	B	skip_empty	no									"<locus from="""" to=""""/>"	"<locus from="""" to=""""/>"	empty placeholder (no @from/@to) — nothing to render
1453	data/manuscripts/tei/1453.xml	/*/*[2]/*/*/*/*[2]/*[2]/*[1]	TEI/text/body/listBibl/msDesc/msContents/msItem/locus	B	skip_empty	no									"<locus from="""" to=""""/>"	"<locus from="""" to=""""/>"	empty placeholder (no @from/@to) — nothing to render
1454	data/manuscripts/tei/1454.xml	/*/*[2]/*/*/*/*[2]/*[2]/*[1]	TEI/text/body/listBibl/msDesc/msContents/msItem/locus	B	skip_empty	no									"<locus from="""" to=""""/>"	"<locus from="""" to=""""/>"	empty placeholder (no @from/@to) — nothing to render
1455	data/manuscripts/tei/1455.xml	/*/*[2]/*/*/*/*[2]/*[2]/*[1]	TEI/text/body/listBibl/msDesc/msContents/msItem/locus	B	skip_empty	no									"<locus from="""" to=""""/>"	"<locus from="""" to=""""/>"	empty placeholder (no @from/@to) — nothing to render
1456	data/manuscripts/tei/1456.xml	/*/*[2]/*/*/*/*[2]/*[2]/*[1]	TEI/text/body/listBibl/msDesc/msContents/msItem/locus	B	skip_empty	no									"<locus from="""" to=""""/>"	"<locus from="""" to=""""/>"	empty placeholder (no @from/@to) — nothing to render
1457	data/manuscripts/tei/1457.xml	/*/*[2]/*/*/*/*[2]/*[2]/*[1]	TEI/text/body/listBibl/msDesc/msContents/msItem/locus	B	skip_empty	no									"<locus from="""" to=""""/>"	"<locus from="""" to=""""/>"	empty placeholder (no @from/@to) — nothing to render
1458	data/manuscripts/tei/1458.xml	/*/*[2]/*/*/*/*[2]/*[2]/*[1]	TEI/text/body/listBibl/msDesc/msContents/msItem/locus	B	skip_empty	no									"<locus from="""" to=""""/>"	"<locus from="""" to=""""/>"	empty placeholder (no @from/@to) — nothing to render
1459	data/manuscripts/tei/1459.xml	/*/*[2]/*/*/*/*[2]/*[2]/*[1]	TEI/text/body/listBibl/msDesc/msContents/msItem/locus	B	skip_empty	no									"<locus from="""" to=""""/>"	"<locus from="""" to=""""/>"	empty placeholder (no @from/@to) — nothing to render
146	data/manuscripts/tei/146.xml	/*/*[2]/*/*/*/*[2]/*[2]/*[1]	TEI/text/body/listBibl/msDesc/msContents/msItem/locus	B	skip_empty	no									"<locus from="""" to=""""/>"	"<locus from="""" to=""""/>"	empty placeholder (no @from/@to) — nothing to render
1460	data/manuscripts/tei/1460.xml	/*/*[2]/*/*/*/*[2]/*[2]/*[1]	TEI/text/body/listBibl/msDesc/msContents/msItem/locus	B	skip_empty	no									"<locus from="""" to=""""/>"	"<locus from="""" to=""""/>"	empty placeholder (no @from/@to) — nothing to render
1461	data/manuscripts/tei/1461.xml	/*/*[2]/*/*/*/*[2]/*[2]/*[1]	TEI/text/body/listBibl/msDesc/msContents/msItem/locus	B	skip_empty	no									"<locus from="""" to=""""/>"	"<locus from="""" to=""""/>"	empty placeholder (no @from/@to) — nothing to render
1462	data/manuscripts/tei/1462.xml	/*/*[2]/*/*/*/*[2]/*[2]/*[1]	TEI/text/body/listBibl/msDesc/msContents/msItem/locus	B	skip_empty	no									"<locus from="""" to=""""/>"	"<locus from="""" to=""""/>"	empty placeholder (no @from/@to) — nothing to render
1464	data/manuscripts/tei/1464.xml	/*/*[2]/*/*/*/*[2]/*[2]/*[1]	TEI/text/body/listBibl/msDesc/msContents/msItem/locus	B	skip_empty	no									"<locus from="""" to=""""/>"	"<locus from="""" to=""""/>"	empty placeholder (no @from/@to) — nothing to render
1465	data/manuscripts/tei/1465.xml	/*/*[2]/*/*/*/*[2]/*[2]/*[1]	TEI/text/body/listBibl/msDesc/msContents/msItem/locus	B	no_change	no	1r	183v	1r–183v		1r	183v	1r–183v		"<locus from=""1r"" to=""183v"">1r–183v</locus>"	"<locus from=""1r"" to=""183v"">1r–183v</locus>"	text already matches @from/@to
1466	data/manuscripts/tei/1466.xml	/*/*[2]/*/*/*/*[2]/*[2]/*[1]	TEI/text/body/listBibl/msDesc/msContents/msItem/locus	B	skip_empty	no									"<locus from="""" to=""""/>"	"<locus from="""" to=""""/>"	empty placeholder (no @from/@to) — nothing to render
1467	data/manuscripts/tei/1467.xml	/*/*[2]/*/*/*/*[2]/*[2]/*[1]	TEI/text/body/listBibl/msDesc/msContents/msItem/locus	B	skip_empty	no									"<locus from="""" to=""""/>"	"<locus from="""" to=""""/>"	empty placeholder (no @from/@to) — nothing to render
1468	data/manuscripts/tei/1468.xml	/*/*[2]/*/*/*/*[2]/*[2]/*[1]	TEI/text/body/listBibl/msDesc/msContents/msItem/locus	B	skip_empty	no									"<locus from="""" to=""""/>"	"<locus from="""" to=""""/>"	empty placeholder (no @from/@to) — nothing to render
1469	data/manuscripts/tei/1469.xml	/*/*[2]/*/*/*/*[2]/*[2]/*[1]	TEI/text/body/listBibl/msDesc/msContents/msItem/locus	B	no_change	no	1r	16v	1r–16v		1r	16v	1r–16v		"<locus from=""1r"" to=""16v"">1r–16v</locus>"	"<locus from=""1r"" to=""16v"">1r–16v</locus>"	text already matches @from/@to
147	data/manuscripts/tei/147.xml	/*/*[2]/*/*/*/*[2]/*[2]/*[1]	TEI/text/body/listBibl/msDesc/msContents/msItem/locus	B	skip_empty	no									"<locus from="""" to=""""/>"	"<locus from="""" to=""""/>"	empty placeholder (no @from/@to) — nothing to render
1470	data/manuscripts/tei/1470.xml	/*/*[2]/*/*/*/*[2]/*[2]/*[1]	TEI/text/body/listBibl/msDesc/msContents/msItem/locus	B	skip_empty	no									"<locus from="""" to=""""/>"	"<locus from="""" to=""""/>"	empty placeholder (no @from/@to) — nothing to render
1471	data/manuscripts/tei/1471.xml	/*/*[2]/*/*/*/*[2]/*[2]/*[1]	TEI/text/body/listBibl/msDesc/msContents/msItem/locus	B	skip_empty	no									"<locus from="""" to=""""/>"	"<locus from="""" to=""""/>"	empty placeholder (no @from/@to) — nothing to render
1472	data/manuscripts/tei/1472.xml	/*/*[2]/*/*/*/*[2]/*[2]/*[1]	TEI/text/body/listBibl/msDesc/msContents/msItem/locus	B	skip_empty	no									"<locus from="""" to=""""/>"	"<locus from="""" to=""""/>"	empty placeholder (no @from/@to) — nothing to render
1473	data/manuscripts/tei/1473.xml	/*/*[2]/*/*/*/*[2]/*[2]/*[1]	TEI/text/body/listBibl/msDesc/msContents/msItem/locus	B	skip_empty	no									"<locus from="""" to=""""/>"	"<locus from="""" to=""""/>"	empty placeholder (no @from/@to) — nothing to render
1474	data/manuscripts/tei/1474.xml	/*/*[2]/*/*/*/*[2]/*[2]/*[1]	TEI/text/body/listBibl/msDesc/msContents/msItem/locus	B	no_change	no	1r	6v	1r–6v		1r	6v	1r–6v		"<locus from=""1r"" to=""6v"">1r–6v</locus>"	"<locus from=""1r"" to=""6v"">1r–6v</locus>"	text already matches @from/@to
1475	data/manuscripts/tei/1475.xml	/*/*[2]/*/*/*/*[2]/*[2]/*[1]	TEI/text/body/listBibl/msDesc/msContents/msItem/locus	B	skip_empty	no									"<locus from="""" to=""""/>"	"<locus from="""" to=""""/>"	empty placeholder (no @from/@to) — nothing to render
1476	data/manuscripts/tei/1476.xml	/*/*[2]/*/*/*/*[2]/*[2]/*[1]	TEI/text/body/listBibl/msDesc/msContents/msItem/locus	B	skip_empty	no									"<locus from="""" to=""""/>"	"<locus from="""" to=""""/>"	empty placeholder (no @from/@to) — nothing to render
1477	data/manuscripts/tei/1477.xml	/*/*[2]/*/*/*/*[2]/*[2]/*[1]	TEI/text/body/listBibl/msDesc/msContents/msItem/locus	B	no_change	no	1r	24v	1r–24v		1r	24v	1r–24v		"<locus from=""1r"" to=""24v"">1r–24v</locus>"	"<locus from=""1r"" to=""24v"">1r–24v</locus>"	text already matches @from/@to
1478	data/manuscripts/tei/1478.xml	/*/*[2]/*/*/*/*[2]/*[2]/*[3]	TEI/text/body/listBibl/msDesc/msContents/msItem/locus	B	no_change	no	2r	2v	2r–2v		2r	2v	2r–2v		"<locus from=""2r"" to=""2v"">2r–2v</locus>"	"<locus from=""2r"" to=""2v"">2r–2v</locus>"	text already matches @from/@to
1479	data/manuscripts/tei/1479.xml	/*/*[2]/*/*/*/*[2]/*[2]/*[1]	TEI/text/body/listBibl/msDesc/msContents/msItem/locus	B	no_change	no	1r	6v	1r–6v		1r	6v	1r–6v		"<locus from=""1r"" to=""6v"">1r–6v</locus>"	"<locus from=""1r"" to=""6v"">1r–6v</locus>"	text already matches @from/@to
148	data/manuscripts/tei/148.xml	/*/*[2]/*/*/*/*[2]/*[2]/*[1]	TEI/text/body/listBibl/msDesc/msContents/msItem/locus	B	skip_empty	no									"<locus from="""" to=""""/>"	"<locus from="""" to=""""/>"	empty placeholder (no @from/@to) — nothing to render
1480	data/manuscripts/tei/1480.xml	/*/*[2]/*/*/*/*[2]/*[2]/*[1]	TEI/text/body/listBibl/msDesc/msContents/msItem/locus	B	no_change	no	1r	2v	1r–2v		1r	2v	1r–2v		"<locus from=""1r"" to=""2v"">1r–2v</locus>"	"<locus from=""1r"" to=""2v"">1r–2v</locus>"	text already matches @from/@to
1481	data/manuscripts/tei/1481.xml	/*/*[2]/*/*/*/*[2]/*[2]/*[1]	TEI/text/body/listBibl/msDesc/msContents/msItem/locus	B	no_change	no	1r	3v	1r–3v		1r	3v	1r–3v		"<locus from=""1r"" to=""3v"">1r–3v</locus>"	"<locus from=""1r"" to=""3v"">1r–3v</locus>"	text already matches @from/@to
1482	data/manuscripts/tei/1482.xml	/*/*[2]/*/*/*/*[2]/*[2]/*[1]	TEI/text/body/listBibl/msDesc/msContents/msItem/locus	B	skip_empty	no									"<locus from="""" to=""""/>"	"<locus from="""" to=""""/>"	empty placeholder (no @from/@to) — nothing to render
1483	data/manuscripts/tei/1483.xml	/*/*[2]/*/*/*/*[2]/*[2]/*[3]	TEI/text/body/listBibl/msDesc/msContents/msItem/locus	B	no_change	no	1r	5v	1r–5v		1r	5v	1r–5v		"<locus from=""1r"" to=""5v"">1r–5v</locus>"	"<locus from=""1r"" to=""5v"">1r–5v</locus>"	text already matches @from/@to
1484	data/manuscripts/tei/1484.xml	/*/*[2]/*/*/*/*[2]/*[2]/*[2]	TEI/text/body/listBibl/msDesc/msContents/msItem/locus	B	skip_empty	no									"<locus from="""" to=""""/>"	"<locus from="""" to=""""/>"	empty placeholder (no @from/@to) — nothing to render
1485	data/manuscripts/tei/1485.xml	/*/*[2]/*/*/*/*[2]/*[2]/*[1]	TEI/text/body/listBibl/msDesc/msContents/msItem/locus	B	skip_empty	no									"<locus from="""" to=""""/>"	"<locus from="""" to=""""/>"	empty placeholder (no @from/@to) — nothing to render
1486	data/manuscripts/tei/1486.xml	/*/*[2]/*/*/*/*[2]/*[2]/*[1]	TEI/text/body/listBibl/msDesc/msContents/msItem/locus	B	skip_empty	no									"<locus from="""" to=""""/>"	"<locus from="""" to=""""/>"	empty placeholder (no @from/@to) — nothing to render
1487	data/manuscripts/tei/1487.xml	/*/*[2]/*/*/*/*[2]/*[2]/*[3]	TEI/text/body/listBibl/msDesc/msContents/msItem/locus	B	skip_empty	no									"<locus from="""" to=""""/>"	"<locus from="""" to=""""/>"	empty placeholder (no @from/@to) — nothing to render
1488	data/manuscripts/tei/1488.xml	/*/*[2]/*/*/*/*[2]/*[2]/*[2]	TEI/text/body/listBibl/msDesc/msContents/msItem/locus	B	skip_empty	no									"<locus from="""" to=""""/>"	"<locus from="""" to=""""/>"	empty placeholder (no @from/@to) — nothing to render
1489	data/manuscripts/tei/1489.xml	/*/*[2]/*/*/*/*[2]/*[2]/*[1]	TEI/text/body/listBibl/msDesc/msContents/msItem/locus	B	skip_empty	no									"<locus from="""" to=""""/>"	"<locus from="""" to=""""/>"	empty placeholder (no @from/@to) — nothing to render
149	data/manuscripts/tei/149.xml	/*/*[2]/*/*/*/*[2]/*[2]/*[1]	TEI/text/body/listBibl/msDesc/msContents/msItem/locus	B	skip_empty	no									"<locus from="""" to=""""/>"	"<locus from="""" to=""""/>"	empty placeholder (no @from/@to) — nothing to render
1490	data/manuscripts/tei/1490.xml	/*/*[2]/*/*/*/*[2]/*[2]/*[1]	TEI/text/body/listBibl/msDesc/msContents/msItem/locus	B	skip_empty	no									"<locus from="""" to=""""/>"	"<locus from="""" to=""""/>"	empty placeholder (no @from/@to) — nothing to render
1491	data/manuscripts/tei/1491.xml	/*/*[2]/*/*/*/*[2]/*[2]/*[1]	TEI/text/body/listBibl/msDesc/msContents/msItem/locus	B	skip_empty	no									"<locus from="""" to=""""/>"	"<locus from="""" to=""""/>"	empty placeholder (no @from/@to) — nothing to render
1492	data/manuscripts/tei/1492.xml	/*/*[2]/*/*/*/*[2]/*[2]/*[1]	TEI/text/body/listBibl/msDesc/msContents/msItem/locus	B	no_change	no	1r	6v	1r–6v		1r	6v	1r–6v		"<locus from=""1r"" to=""6v"">1r–6v</locus>"	"<locus from=""1r"" to=""6v"">1r–6v</locus>"	text already matches @from/@to
1493	data/manuscripts/tei/1493.xml	/*/*[2]/*/*/*/*[2]/*[2]/*[3]	TEI/text/body/listBibl/msDesc/msContents/msItem/locus	B	no_change	no	1r	1v	1r–1v		1r	1v	1r–1v		"<locus from=""1r"" to=""1v"">1r–1v</locus>"	"<locus from=""1r"" to=""1v"">1r–1v</locus>"	text already matches @from/@to
1494	data/manuscripts/tei/1494.xml	/*/*[2]/*/*/*/*[2]/*[2]/*[3]	TEI/text/body/listBibl/msDesc/msContents/msItem/locus	B	no_change	no	1r	1v	1r–1v		1r	1v	1r–1v		"<locus from=""1r"" to=""1v"">1r–1v</locus>"	"<locus from=""1r"" to=""1v"">1r–1v</locus>"	text already matches @from/@to
1495	data/manuscripts/tei/1495.xml	/*/*[2]/*/*/*/*[2]/*[2]/*[3]	TEI/text/body/listBibl/msDesc/msContents/msItem/locus	B	no_change	no	1r	4v	1r–4v		1r	4v	1r–4v		"<locus from=""1r"" to=""4v"">1r–4v</locus>"	"<locus from=""1r"" to=""4v"">1r–4v</locus>"	text already matches @from/@to
1496	data/manuscripts/tei/1496.xml	/*/*[2]/*/*/*/*[2]/*[2]/*[3]	TEI/text/body/listBibl/msDesc/msContents/msItem/locus	B	no_change	no	1r	3v	1r–3v		1r	3v	1r–3v		"<locus from=""1r"" to=""3v"">1r–3v</locus>"	"<locus from=""1r"" to=""3v"">1r–3v</locus>"	text already matches @from/@to
1497	data/manuscripts/tei/1497.xml	/*/*[2]/*/*/*/*[2]/*[2]/*[3]	TEI/text/body/listBibl/msDesc/msContents/msItem/locus	B	no_change	no	1r	2v	1r–2v		1r	2v	1r–2v		"<locus from=""1r"" to=""2v"">1r–2v</locus>"	"<locus from=""1r"" to=""2v"">1r–2v</locus>"	text already matches @from/@to
1498	data/manuscripts/tei/1498.xml	/*/*[2]/*/*/*/*[2]/*[2]/*[3]	TEI/text/body/listBibl/msDesc/msContents/msItem/locus	B	no_change	no	1r	2v	1r–2v		1r	2v	1r–2v		"<locus from=""1r"" to=""2v"">1r–2v</locus>"	"<locus from=""1r"" to=""2v"">1r–2v</locus>"	text already matches @from/@to
1499	data/manuscripts/tei/1499.xml	/*/*[2]/*/*/*/*[2]/*[2]/*[3]	TEI/text/body/listBibl/msDesc/msContents/msItem/locus	B	no_change	no	1r	1v	1r–1v		1r	1v	1r–1v		"<locus from=""1r"" to=""1v"">1r–1v</locus>"	"<locus from=""1r"" to=""1v"">1r–1v</locus>"	text already matches @from/@to
15	data/manuscripts/tei/15.xml	/*/*[2]/*/*/*/*[2]/*[2]/*[1]	TEI/text/body/listBibl/msDesc/msContents/msItem/locus	B	skip_empty	no									"<locus from="""" to=""""/>"	"<locus from="""" to=""""/>"	empty placeholder (no @from/@to) — nothing to render
150	data/manuscripts/tei/150.xml	/*/*[2]/*/*/*/*[2]/*[2]/*[1]	TEI/text/body/listBibl/msDesc/msContents/msItem/locus	B	skip_empty	no									"<locus from="""" to=""""/>"	"<locus from="""" to=""""/>"	empty placeholder (no @from/@to) — nothing to render
1500	data/manuscripts/tei/1500.xml	/*/*[2]/*/*/*/*[2]/*[2]/*[1]	TEI/text/body/listBibl/msDesc/msContents/msItem/locus	B	no_change	no	1r	2v	1r–2v		1r	2v	1r–2v		"<locus from=""1r"" to=""2v"">1r–2v</locus>"	"<locus from=""1r"" to=""2v"">1r–2v</locus>"	text already matches @from/@to
1501	data/manuscripts/tei/1501.xml	/*/*[2]/*/*/*/*[2]/*[2]/*[3]	TEI/text/body/listBibl/msDesc/msContents/msItem/locus	B	no_change	no	1r	1v	1r–1v		1r	1v	1r–1v		"<locus from=""1r"" to=""1v"">1r–1v</locus>"	"<locus from=""1r"" to=""1v"">1r–1v</locus>"	text already matches @from/@to
1502	data/manuscripts/tei/1502.xml	/*/*[2]/*/*/*/*[2]/*[2]/*[3]	TEI/text/body/listBibl/msDesc/msContents/msItem/locus	B	no_change	no	1r	2v	1r–2v		1r	2v	1r–2v		"<locus from=""1r"" to=""2v"">1r–2v</locus>"	"<locus from=""1r"" to=""2v"">1r–2v</locus>"	text already matches @from/@to
1504	data/manuscripts/tei/1504.xml	/*/*[2]/*/*/*/*[2]/*[2]/*[1]	TEI/text/body/listBibl/msDesc/msContents/msItem/locus	B	skip_empty	no									"<locus from="""" to=""""/>"	"<locus from="""" to=""""/>"	empty placeholder (no @from/@to) — nothing to render
1505	data/manuscripts/tei/1505.xml	/*/*[2]/*/*/*/*[2]/*[2]/*[1]	TEI/text/body/listBibl/msDesc/msContents/msItem/locus	B	skip_empty	no									"<locus from="""" to=""""/>"	"<locus from="""" to=""""/>"	empty placeholder (no @from/@to) — nothing to render
1506	data/manuscripts/tei/1506.xml	/*/*[2]/*/*/*/*[2]/*[2]/*[1]	TEI/text/body/listBibl/msDesc/msContents/msItem/locus	B	skip_empty	no									"<locus from="""" to=""""/>"	"<locus from="""" to=""""/>"	empty placeholder (no @from/@to) — nothing to render
1508	data/manuscripts/tei/1508.xml	/*/*[2]/*/*/*/*[2]/*[2]/*[1]	TEI/text/body/listBibl/msDesc/msContents/msItem/locus	B	skip_empty	no									"<locus from="""" to=""""/>"	"<locus from="""" to=""""/>"	empty placeholder (no @from/@to) — nothing to render
1509	data/manuscripts/tei/1509.xml	/*/*[2]/*/*/*/*[2]/*[2]/*[1]	TEI/text/body/listBibl/msDesc/msContents/msItem/locus	B	skip_empty	no									"<locus from="""" to=""""/>"	"<locus from="""" to=""""/>"	empty placeholder (no @from/@to) — nothing to render
151	data/manuscripts/tei/151.xml	/*/*[2]/*/*/*/*[2]/*[2]/*[1]	TEI/text/body/listBibl/msDesc/msContents/msItem/locus	B	skip_empty	no									"<locus from="""" to=""""/>"	"<locus from="""" to=""""/>"	empty placeholder (no @from/@to) — nothing to render
1510	data/manuscripts/tei/1510.xml	/*/*[2]/*/*/*/*[2]/*[2]/*[1]	TEI/text/body/listBibl/msDesc/msContents/msItem/locus	B	skip_empty	no									"<locus from="""" to=""""/>"	"<locus from="""" to=""""/>"	empty placeholder (no @from/@to) — nothing to render
1511	data/manuscripts/tei/1511.xml	/*/*[2]/*/*/*/*[2]/*[2]/*[1]	TEI/text/body/listBibl/msDesc/msContents/msItem/locus	B	skip_empty	no									"<locus from="""" to=""""/>"	"<locus from="""" to=""""/>"	empty placeholder (no @from/@to) — nothing to render
1512	data/manuscripts/tei/1512.xml	/*/*[2]/*/*/*/*[2]/*[2]/*[1]	TEI/text/body/listBibl/msDesc/msContents/msItem/locus	B	skip_empty	no									"<locus from="""" to=""""/>"	"<locus from="""" to=""""/>"	empty placeholder (no @from/@to) — nothing to render
1513	data/manuscripts/tei/1513.xml	/*/*[2]/*/*/*/*[2]/*[2]/*[1]	TEI/text/body/listBibl/msDesc/msContents/msItem/locus	B	skip_empty	no									"<locus from="""" to=""""/>"	"<locus from="""" to=""""/>"	empty placeholder (no @from/@to) — nothing to render
1514	data/manuscripts/tei/1514.xml	/*/*[2]/*/*/*/*[2]/*[2]/*[1]	TEI/text/body/listBibl/msDesc/msContents/msItem/locus	B	skip_empty	no									"<locus from="""" to=""""/>"	"<locus from="""" to=""""/>"	empty placeholder (no @from/@to) — nothing to render
1515	data/manuscripts/tei/1515.xml	/*/*[2]/*/*/*/*[2]/*[2]/*[1]	TEI/text/body/listBibl/msDesc/msContents/msItem/locus	B	skip_empty	no									"<locus from="""" to=""""/>"	"<locus from="""" to=""""/>"	empty placeholder (no @from/@to) — nothing to render
1517	data/manuscripts/tei/1517.xml	/*/*[2]/*/*/*/*[2]/*[2]/*[1]	TEI/text/body/listBibl/msDesc/msContents/msItem/locus	B	skip_empty	no									"<locus from="""" to=""""/>"	"<locus from="""" to=""""/>"	empty placeholder (no @from/@to) — nothing to render
1518	data/manuscripts/tei/1518.xml	/*/*[2]/*/*/*/*[2]/*[2]/*[1]	TEI/text/body/listBibl/msDesc/msContents/msItem/locus	B	skip_empty	no									"<locus from="""" to=""""/>"	"<locus from="""" to=""""/>"	empty placeholder (no @from/@to) — nothing to render
1519	data/manuscripts/tei/1519.xml	/*/*[2]/*/*/*/*[2]/*[2]/*[1]	TEI/text/body/listBibl/msDesc/msContents/msItem/locus	B	skip_empty	no									"<locus from="""" to=""""/>"	"<locus from="""" to=""""/>"	empty placeholder (no @from/@to) — nothing to render
152	data/manuscripts/tei/152.xml	/*/*[2]/*/*/*/*[2]/*[2]/*[1]	TEI/text/body/listBibl/msDesc/msContents/msItem/locus	B	skip_empty	no									"<locus from="""" to=""""/>"	"<locus from="""" to=""""/>"	empty placeholder (no @from/@to) — nothing to render
1520	data/manuscripts/tei/1520.xml	/*/*[2]/*/*/*/*[2]/*[2]/*[1]	TEI/text/body/listBibl/msDesc/msContents/msItem/locus	B	skip_empty	no									"<locus from="""" to=""""/>"	"<locus from="""" to=""""/>"	empty placeholder (no @from/@to) — nothing to render
1521	data/manuscripts/tei/1521.xml	/*/*[2]/*/*/*/*[2]/*[2]/*[1]	TEI/text/body/listBibl/msDesc/msContents/msItem/locus	B	skip_empty	no									"<locus from="""" to=""""/>"	"<locus from="""" to=""""/>"	empty placeholder (no @from/@to) — nothing to render
1522	data/manuscripts/tei/1522.xml	/*/*[2]/*/*/*/*[2]/*[2]/*[1]	TEI/text/body/listBibl/msDesc/msContents/msItem/locus	B	skip_empty	no									"<locus from="""" to=""""/>"	"<locus from="""" to=""""/>"	empty placeholder (no @from/@to) — nothing to render
1523	data/manuscripts/tei/1523.xml	/*/*[2]/*/*/*/*[2]/*[2]/*[1]	TEI/text/body/listBibl/msDesc/msContents/msItem/locus	B	skip_empty	no									"<locus from="""" to=""""/>"	"<locus from="""" to=""""/>"	empty placeholder (no @from/@to) — nothing to render
1524	data/manuscripts/tei/1524.xml	/*/*[2]/*/*/*/*[2]/*[2]/*[1]	TEI/text/body/listBibl/msDesc/msContents/msItem/locus	B	skip_empty	no									"<locus from="""" to=""""/>"	"<locus from="""" to=""""/>"	empty placeholder (no @from/@to) — nothing to render
1525	data/manuscripts/tei/1525.xml	/*/*[2]/*/*/*/*[2]/*[2]/*[1]	TEI/text/body/listBibl/msDesc/msContents/msItem/locus	B	skip_empty	no									"<locus from="""" to=""""/>"	"<locus from="""" to=""""/>"	empty placeholder (no @from/@to) — nothing to render
1526	data/manuscripts/tei/1526.xml	/*/*[2]/*/*/*/*[2]/*[2]/*[1]	TEI/text/body/listBibl/msDesc/msContents/msItem/locus	B	skip_empty	no									"<locus from="""" to=""""/>"	"<locus from="""" to=""""/>"	empty placeholder (no @from/@to) — nothing to render
1527	data/manuscripts/tei/1527.xml	/*/*[2]/*/*/*/*[2]/*[2]/*[1]	TEI/text/body/listBibl/msDesc/msContents/msItem/locus	B	no_change	no	1r	6v	1r–6v		1r	6v	1r–6v		"<locus from=""1r"" to=""6v"">1r–6v</locus>"	"<locus from=""1r"" to=""6v"">1r–6v</locus>"	text already matches @from/@to
1528	data/manuscripts/tei/1528.xml	/*/*[2]/*/*/*/*[2]/*[2]/*[1]	TEI/text/body/listBibl/msDesc/msContents/msItem/locus	B	skip_empty	no									"<locus from="""" to=""""/>"	"<locus from="""" to=""""/>"	empty placeholder (no @from/@to) — nothing to render
1529	data/manuscripts/tei/1529.xml	/*/*[2]/*/*/*/*[2]/*[2]/*[1]	TEI/text/body/listBibl/msDesc/msContents/msItem/locus	B	skip_empty	no									"<locus from="""" to=""""/>"	"<locus from="""" to=""""/>"	empty placeholder (no @from/@to) — nothing to render
153	data/manuscripts/tei/153.xml	/*/*[2]/*/*/*/*[2]/*[2]/*[1]	TEI/text/body/listBibl/msDesc/msContents/msItem/locus	B	skip_empty	no									"<locus from="""" to=""""/>"	"<locus from="""" to=""""/>"	empty placeholder (no @from/@to) — nothing to render
1530	data/manuscripts/tei/1530.xml	/*/*[2]/*/*/*/*[2]/*[2]/*[1]	TEI/text/body/listBibl/msDesc/msContents/msItem/locus	B	skip_empty	no									"<locus from="""" to=""""/>"	"<locus from="""" to=""""/>"	empty placeholder (no @from/@to) — nothing to render
1531	data/manuscripts/tei/1531.xml	/*/*[2]/*/*/*/*[2]/*[2]/*[1]	TEI/text/body/listBibl/msDesc/msContents/msItem/locus	B	no_change	no	1r	118v	1r–118v		1r	118v	1r–118v		"<locus from=""1r"" to=""118v"">1r–118v</locus>"	"<locus from=""1r"" to=""118v"">1r–118v</locus>"	text already matches @from/@to
1532	data/manuscripts/tei/1532.xml	/*/*[2]/*/*/*/*[2]/*[2]/*[1]	TEI/text/body/listBibl/msDesc/msContents/msItem/locus	B	skip_empty	no									"<locus from="""" to=""""/>"	"<locus from="""" to=""""/>"	empty placeholder (no @from/@to) — nothing to render
1533	data/manuscripts/tei/1533.xml	/*/*[2]/*/*/*/*[2]/*[2]/*[1]	TEI/text/body/listBibl/msDesc/msContents/msItem/locus	B	skip_empty	no									"<locus from="""" to=""""/>"	"<locus from="""" to=""""/>"	empty placeholder (no @from/@to) — nothing to render
1534	data/manuscripts/tei/1534.xml	/*/*[2]/*/*/*/*[2]/*[2]/*[1]	TEI/text/body/listBibl/msDesc/msContents/msItem/locus	B	skip_empty	no									"<locus from="""" to=""""/>"	"<locus from="""" to=""""/>"	empty placeholder (no @from/@to) — nothing to render
1535	data/manuscripts/tei/1535.xml	/*/*[2]/*/*/*/*[2]/*[2]/*[1]	TEI/text/body/listBibl/msDesc/msContents/msItem/locus	B	skip_empty	no									"<locus from="""" to=""""/>"	"<locus from="""" to=""""/>"	empty placeholder (no @from/@to) — nothing to render
1536	data/manuscripts/tei/1536.xml	/*/*[2]/*/*/*/*[2]/*[2]/*[1]	TEI/text/body/listBibl/msDesc/msContents/msItem/locus	B	skip_empty	no									"<locus from="""" to=""""/>"	"<locus from="""" to=""""/>"	empty placeholder (no @from/@to) — nothing to render
1537	data/manuscripts/tei/1537.xml	/*/*[2]/*/*/*/*[2]/*[2]/*[1]	TEI/text/body/listBibl/msDesc/msContents/msItem/locus	B	skip_empty	no									"<locus from="""" to=""""/>"	"<locus from="""" to=""""/>"	empty placeholder (no @from/@to) — nothing to render
1538	data/manuscripts/tei/1538.xml	/*/*[2]/*/*/*/*[2]/*[2]/*[1]	TEI/text/body/listBibl/msDesc/msContents/msItem/locus	B	skip_empty	no									"<locus from="""" to=""""/>"	"<locus from="""" to=""""/>"	empty placeholder (no @from/@to) — nothing to render
1539	data/manuscripts/tei/1539.xml	/*/*[2]/*/*/*/*[2]/*[2]/*[1]	TEI/text/body/listBibl/msDesc/msContents/msItem/locus	B	skip_empty	no									"<locus from="""" to=""""/>"	"<locus from="""" to=""""/>"	empty placeholder (no @from/@to) — nothing to render
154	data/manuscripts/tei/154.xml	/*/*[2]/*/*/*/*[2]/*[2]/*[1]	TEI/text/body/listBibl/msDesc/msContents/msItem/locus	B	skip_empty	no									"<locus from="""" to=""""/>"	"<locus from="""" to=""""/>"	empty placeholder (no @from/@to) — nothing to render
1540	data/manuscripts/tei/1540.xml	/*/*[2]/*/*/*/*[2]/*[2]/*[1]	TEI/text/body/listBibl/msDesc/msContents/msItem/locus	B	skip_empty	no									"<locus from="""" to=""""/>"	"<locus from="""" to=""""/>"	empty placeholder (no @from/@to) — nothing to render
1541	data/manuscripts/tei/1541.xml	/*/*[2]/*/*/*/*[2]/*[2]/*[1]	TEI/text/body/listBibl/msDesc/msContents/msItem/locus	B	skip_empty	no									"<locus from="""" to=""""/>"	"<locus from="""" to=""""/>"	empty placeholder (no @from/@to) — nothing to render
1542	data/manuscripts/tei/1542.xml	/*/*[2]/*/*/*/*[2]/*[2]/*[1]	TEI/text/body/listBibl/msDesc/msContents/msItem/locus	B	skip_empty	no									"<locus from="""" to=""""/>"	"<locus from="""" to=""""/>"	empty placeholder (no @from/@to) — nothing to render
1543	data/manuscripts/tei/1543.xml	/*/*[2]/*/*/*/*[2]/*[2]/*[1]	TEI/text/body/listBibl/msDesc/msContents/msItem/locus	B	skip_empty	no									"<locus from="""" to=""""/>"	"<locus from="""" to=""""/>"	empty placeholder (no @from/@to) — nothing to render
1544	data/manuscripts/tei/1544.xml	/*/*[2]/*/*/*/*[2]/*[2]/*[1]	TEI/text/body/listBibl/msDesc/msContents/msItem/locus	B	skip_empty	no									"<locus from="""" to=""""/>"	"<locus from="""" to=""""/>"	empty placeholder (no @from/@to) — nothing to render
1545	data/manuscripts/tei/1545.xml	/*/*[2]/*/*/*/*[2]/*[2]/*[1]	TEI/text/body/listBibl/msDesc/msContents/msItem/locus	B	skip_empty	no									"<locus from="""" to=""""/>"	"<locus from="""" to=""""/>"	empty placeholder (no @from/@to) — nothing to render
1548	data/manuscripts/tei/1548.xml	/*/*[2]/*/*/*/*[2]/*[2]/*[1]	TEI/text/body/listBibl/msDesc/msContents/msItem/locus	B	skip_empty	no									"<locus from="""" to=""""/>"	"<locus from="""" to=""""/>"	empty placeholder (no @from/@to) — nothing to render
155	data/manuscripts/tei/155.xml	/*/*[2]/*/*/*/*[2]/*[2]/*[1]	TEI/text/body/listBibl/msDesc/msContents/msItem/locus	B	skip_empty	no									"<locus from="""" to=""""/>"	"<locus from="""" to=""""/>"	empty placeholder (no @from/@to) — nothing to render
1551	data/manuscripts/tei/1551.xml	/*/*[2]/*/*/*/*[2]/*[2]/*[1]	TEI/text/body/listBibl/msDesc/msContents/msItem/locus	B	skip_empty	no									"<locus from="""" to=""""/>"	"<locus from="""" to=""""/>"	empty placeholder (no @from/@to) — nothing to render
1551	data/manuscripts/tei/1551.xml	/*/*[2]/*/*/*/*[2]/*[3]/*[1]	TEI/text/body/listBibl/msDesc/msContents/msItem/locus	B	no_change	no	2v	19v	2v–19v		2v	19v	2v–19v		"<locus from=""2v"" to=""19v"">2v–19v</locus>"	"<locus from=""2v"" to=""19v"">2v–19v</locus>"	text already matches @from/@to
1551	data/manuscripts/tei/1551.xml	/*/*[2]/*/*/*/*[2]/*[3]/*[2]	TEI/text/body/listBibl/msDesc/msContents/msItem/locus	B	no_change	no	65r	84r	65r–84r		65r	84r	65r–84r		"<locus from=""65r"" to=""84r"">65r–84r</locus>"	"<locus from=""65r"" to=""84r"">65r–84r</locus>"	text already matches @from/@to
1551	data/manuscripts/tei/1551.xml	/*/*[2]/*/*/*/*[2]/*[3]/*[3]	TEI/text/body/listBibl/msDesc/msContents/msItem/locus	B	no_change	no	108r	127v	108r–127v		108r	127v	108r–127v		"<locus from=""108r"" to=""127v"">108r–127v</locus>"	"<locus from=""108r"" to=""127v"">108r–127v</locus>"	text already matches @from/@to
1551	data/manuscripts/tei/1551.xml	/*/*[2]/*/*/*/*[2]/*[3]/*[4]	TEI/text/body/listBibl/msDesc/msContents/msItem/locus	B	no_change	no	136		136		136		136		"<locus from=""136"">136</locus>"	"<locus from=""136"">136</locus>"	text already matches @from/@to
1552	data/manuscripts/tei/1552.xml	/*/*[2]/*/*/*/*[2]/*[2]/*[1]	TEI/text/body/listBibl/msDesc/msContents/msItem/locus	B	no_change	no	1r	1v	1r–1v		1r	1v	1r–1v		"<locus from=""1r"" to=""1v"">1r–1v</locus>"	"<locus from=""1r"" to=""1v"">1r–1v</locus>"	text already matches @from/@to
1553	data/manuscripts/tei/1553.xml	/*/*[2]/*/*/*/*[2]/*[2]/*[1]	TEI/text/body/listBibl/msDesc/msContents/msItem/locus	B	no_change	no	1r	153v	1r–153v		1r	153v	1r–153v		"<locus from=""1r"" to=""153v"">1r–153v</locus>"	"<locus from=""1r"" to=""153v"">1r–153v</locus>"	text already matches @from/@to
1557	data/manuscripts/tei/1557.xml	/*/*[2]/*/*/*/*[2]/*[2]/*[1]	TEI/text/body/listBibl/msDesc/msContents/msItem/locus	B	skip_empty	no									"<locus from="""" to=""""/>"	"<locus from="""" to=""""/>"	empty placeholder (no @from/@to) — nothing to render
156	data/manuscripts/tei/156.xml	/*/*[2]/*/*/*/*[2]/*[2]/*[1]	TEI/text/body/listBibl/msDesc/msContents/msItem/locus	B	skip_empty	no									"<locus from="""" to=""""/>"	"<locus from="""" to=""""/>"	empty placeholder (no @from/@to) — nothing to render
1565	data/manuscripts/tei/1565.xml	/*/*[2]/*/*/*/*[2]/*[2]/*[1]	TEI/text/body/listBibl/msDesc/msContents/msItem/locus	B	skip_empty	no									"<locus from="""" to=""""/>"	"<locus from="""" to=""""/>"	empty placeholder (no @from/@to) — nothing to render
1567	data/manuscripts/tei/1567.xml	/*/*[2]/*/*/*/*[2]/*[2]/*[1]	TEI/text/body/listBibl/msDesc/msContents/msItem/locus	B	skip_empty	no									"<locus from="""" to=""""/>"	"<locus from="""" to=""""/>"	empty placeholder (no @from/@to) — nothing to render
1568	data/manuscripts/tei/1568.xml	/*/*[2]/*/*/*/*[2]/*[3]/*[1]	TEI/text/body/listBibl/msDesc/msContents/msItem/locus	B	no_change	no	1r	67v	1r–67v		1r	67v	1r–67v		"<locus from=""1r"" to=""67v"">1r–67v</locus>"	"<locus from=""1r"" to=""67v"">1r–67v</locus>"	text already matches @from/@to
1568	data/manuscripts/tei/1568.xml	/*/*[2]/*/*/*/*[2]/*[3]/*[2]	TEI/text/body/listBibl/msDesc/msContents/msItem/locus	B	no_change	no	69r	104v	69r–104v		69r	104v	69r–104v		"<locus from=""69r"" to=""104v"">69r–104v</locus>"	"<locus from=""69r"" to=""104v"">69r–104v</locus>"	text already matches @from/@to
1569	data/manuscripts/tei/1569.xml	/*/*[2]/*/*/*/*[2]/*[2]/*[2]	TEI/text/body/listBibl/msDesc/msContents/msItem/locus	B	no_change	no	87r	240r	87r–240r		87r	240r	87r–240r		"<locus from=""87r"" to=""240r"">87r–240r</locus>"	"<locus from=""87r"" to=""240r"">87r–240r</locus>"	text already matches @from/@to
157	data/manuscripts/tei/157.xml	/*/*[2]/*/*/*/*[2]/*[2]/*[1]	TEI/text/body/listBibl/msDesc/msContents/msItem/locus	B	skip_empty	no									"<locus from="""" to=""""/>"	"<locus from="""" to=""""/>"	empty placeholder (no @from/@to) — nothing to render
1570	data/manuscripts/tei/1570.xml	/*/*[2]/*/*/*/*[2]/*[2]/*[1]	TEI/text/body/listBibl/msDesc/msContents/msItem/locus	B	no_change	no	5r	5v	5r–5v		5r	5v	5r–5v		"<locus from=""5r"" to=""5v"">5r–5v</locus>"	"<locus from=""5r"" to=""5v"">5r–5v</locus>"	text already matches @from/@to
1571	data/manuscripts/tei/1571.xml	/*/*[2]/*/*/*/*[2]/*[2]/*[1]	TEI/text/body/listBibl/msDesc/msContents/msItem/locus	B	no_change	no	10r	31v	10r–31v		10r	31v	10r–31v		"<locus from=""10r"" to=""31v"">10r–31v</locus>"	"<locus from=""10r"" to=""31v"">10r–31v</locus>"	text already matches @from/@to
1571	data/manuscripts/tei/1571.xml	/*/*[2]/*/*/*/*[2]/*[2]/*[2]	TEI/text/body/listBibl/msDesc/msContents/msItem/locus	B	no_change	no	37r	44v	37r–44v		37r	44v	37r–44v		"<locus from=""37r"" to=""44v"">37r–44v</locus>"	"<locus from=""37r"" to=""44v"">37r–44v</locus>"	text already matches @from/@to
1571	data/manuscripts/tei/1571.xml	/*/*[2]/*/*/*/*[2]/*[2]/*[3]	TEI/text/body/listBibl/msDesc/msContents/msItem/locus	B	no_change	no	110r	110v	110r–110v		110r	110v	110r–110v		"<locus from=""110r"" to=""110v"">110r–110v</locus>"	"<locus from=""110r"" to=""110v"">110r–110v</locus>"	text already matches @from/@to
1571	data/manuscripts/tei/1571.xml	/*/*[2]/*/*/*/*[2]/*[2]/*[4]	TEI/text/body/listBibl/msDesc/msContents/msItem/locus	B	no_change	no	125r	125v	125r–125v		125r	125v	125r–125v		"<locus from=""125r"" to=""125v"">125r–125v</locus>"	"<locus from=""125r"" to=""125v"">125r–125v</locus>"	text already matches @from/@to
1571	data/manuscripts/tei/1571.xml	/*/*[2]/*/*/*/*[2]/*[2]/*[5]	TEI/text/body/listBibl/msDesc/msContents/msItem/locus	B	no_change	no	150r	158v	150r–158v		150r	158v	150r–158v		"<locus from=""150r"" to=""158v"">150r–158v</locus>"	"<locus from=""150r"" to=""158v"">150r–158v</locus>"	text already matches @from/@to
1574	data/manuscripts/tei/1574.xml	/*/*[2]/*/*/*/*[2]/*[2]/*[1]	TEI/text/body/listBibl/msDesc/msContents/msItem/locus	B	no_change	no	1	11	1–11		1	11	1–11		"<locus from=""1"" to=""11"">1–11</locus>"	"<locus from=""1"" to=""11"">1–11</locus>"	text already matches @from/@to
1575	data/manuscripts/tei/1575.xml	/*/*[2]/*/*/*/*[2]/*[2]/*[1]	TEI/text/body/listBibl/msDesc/msContents/msItem/locus	B	no_change	no	1r	1v	1r–1v		1r	1v	1r–1v		"<locus from=""1r"" to=""1v"">1r–1v</locus>"	"<locus from=""1r"" to=""1v"">1r–1v</locus>"	text already matches @from/@to
1576	data/manuscripts/tei/1576.xml	/*/*[2]/*/*/*/*[2]/*[2]/*[1]	TEI/text/body/listBibl/msDesc/msContents/msItem/locus	B	no_change	no	7r	8v	7r–8v		7r	8v	7r–8v		"<locus from=""7r"" to=""8v"">7r–8v</locus>"	"<locus from=""7r"" to=""8v"">7r–8v</locus>"	text already matches @from/@to
1577	data/manuscripts/tei/1577.xml	/*/*[2]/*/*/*/*[2]/*[2]/*[1]	TEI/text/body/listBibl/msDesc/msContents/msItem/locus	B	no_change	no	23r	23v	23r–23v		23r	23v	23r–23v		"<locus from=""23r"" to=""23v"">23r–23v</locus>"	"<locus from=""23r"" to=""23v"">23r–23v</locus>"	text already matches @from/@to
1578	data/manuscripts/tei/1578.xml	/*/*[2]/*/*/*/*[2]/*[2]/*[1]	TEI/text/body/listBibl/msDesc/msContents/msItem/locus	B	no_change	no	1r	1v	1r–1v		1r	1v	1r–1v		"<locus from=""1r"" to=""1v"">1r–1v</locus>"	"<locus from=""1r"" to=""1v"">1r–1v</locus>"	text already matches @from/@to
1579	data/manuscripts/tei/1579.xml	/*/*[2]/*/*/*/*[2]/*[2]/*[1]	TEI/text/body/listBibl/msDesc/msContents/msItem/locus	B	skip_empty	no									"<locus from="""" to=""""/>"	"<locus from="""" to=""""/>"	empty placeholder (no @from/@to) — nothing to render
158	data/manuscripts/tei/158.xml	/*/*[2]/*/*/*/*[2]/*[2]/*[1]	TEI/text/body/listBibl/msDesc/msContents/msItem/locus	B	skip_empty	no									"<locus from="""" to=""""/>"	"<locus from="""" to=""""/>"	empty placeholder (no @from/@to) — nothing to render
1580	data/manuscripts/tei/1580.xml	/*/*[2]/*/*/*/*[2]/*[2]/*[1]	TEI/text/body/listBibl/msDesc/msContents/msItem/locus	B	no_change	no	17r	17v	17r–17v		17r	17v	17r–17v		"<locus from=""17r"" to=""17v"">17r–17v</locus>"	"<locus from=""17r"" to=""17v"">17r–17v</locus>"	text already matches @from/@to
1581	data/manuscripts/tei/1581.xml	/*/*[2]/*/*/*/*[2]/*[2]/*[1]	TEI/text/body/listBibl/msDesc/msContents/msItem/locus	B	no_change	no	1r	9v	1r–9v		1r	9v	1r–9v		"<locus from=""1r"" to=""9v"">1r–9v</locus>"	"<locus from=""1r"" to=""9v"">1r–9v</locus>"	text already matches @from/@to
1582	data/manuscripts/tei/1582.xml	/*/*[2]/*/*/*/*[2]/*[2]/*[1]	TEI/text/body/listBibl/msDesc/msContents/msItem/locus	B	no_change	no	1r	2v	1r–2v		1r	2v	1r–2v		"<locus from=""1r"" to=""2v"">1r–2v</locus>"	"<locus from=""1r"" to=""2v"">1r–2v</locus>"	text already matches @from/@to
1583	data/manuscripts/tei/1583.xml	/*/*[2]/*/*/*/*[2]/*[2]/*[1]	TEI/text/body/listBibl/msDesc/msContents/msItem/locus	B	no_change	no	1r	1v	1r–1v		1r	1v	1r–1v		"<locus from=""1r"" to=""1v"">1r–1v</locus>"	"<locus from=""1r"" to=""1v"">1r–1v</locus>"	text already matches @from/@to
1584	data/manuscripts/tei/1584.xml	/*/*[2]/*/*/*/*[2]/*[3]/*[1]	TEI/text/body/listBibl/msDesc/msContents/msItem/locus	B	no_change	no	2r		2r		2r		2r		"<locus from=""2r"">2r</locus>"	"<locus from=""2r"">2r</locus>"	text already matches @from/@to
1585	data/manuscripts/tei/1585.xml	/*/*[2]/*/*/*/*[2]/*[2]/*[1]	TEI/text/body/listBibl/msDesc/msContents/msItem/locus	B	skip_empty	no									"<locus from="""" to=""""/>"	"<locus from="""" to=""""/>"	empty placeholder (no @from/@to) — nothing to render
159	data/manuscripts/tei/159.xml	/*/*[2]/*/*/*/*[2]/*[2]/*[1]	TEI/text/body/listBibl/msDesc/msContents/msItem/locus	B	skip_empty	no									"<locus from="""" to=""""/>"	"<locus from="""" to=""""/>"	empty placeholder (no @from/@to) — nothing to render
16	data/manuscripts/tei/16.xml	/*/*[2]/*/*/*/*[2]/*[2]/*[1]	TEI/text/body/listBibl/msDesc/msContents/msItem/locus	B	skip_empty	no									"<locus from="""" to=""""/>"	"<locus from="""" to=""""/>"	empty placeholder (no @from/@to) — nothing to render
160	data/manuscripts/tei/160.xml	/*/*[2]/*/*/*/*[2]/*[2]/*[1]	TEI/text/body/listBibl/msDesc/msContents/msItem/locus	B	skip_empty	no									"<locus from="""" to=""""/>"	"<locus from="""" to=""""/>"	empty placeholder (no @from/@to) — nothing to render
161	data/manuscripts/tei/161.xml	/*/*[2]/*/*/*/*[2]/*[2]/*[1]	TEI/text/body/listBibl/msDesc/msContents/msItem/locus	B	skip_empty	no									"<locus from="""" to=""""/>"	"<locus from="""" to=""""/>"	empty placeholder (no @from/@to) — nothing to render
162	data/manuscripts/tei/162.xml	/*/*[2]/*/*/*/*[2]/*[2]/*[1]	TEI/text/body/listBibl/msDesc/msContents/msItem/locus	B	skip_empty	no									"<locus from="""" to=""""/>"	"<locus from="""" to=""""/>"	empty placeholder (no @from/@to) — nothing to render
163	data/manuscripts/tei/163.xml	/*/*[2]/*/*/*/*[2]/*[2]/*[1]	TEI/text/body/listBibl/msDesc/msContents/msItem/locus	B	skip_empty	no									"<locus from="""" to=""""/>"	"<locus from="""" to=""""/>"	empty placeholder (no @from/@to) — nothing to render
164	data/manuscripts/tei/164.xml	/*/*[2]/*/*/*/*[2]/*[2]/*[1]	TEI/text/body/listBibl/msDesc/msContents/msItem/locus	B	skip_empty	no									"<locus from="""" to=""""/>"	"<locus from="""" to=""""/>"	empty placeholder (no @from/@to) — nothing to render
165	data/manuscripts/tei/165.xml	/*/*[2]/*/*/*/*[2]/*[2]/*[1]	TEI/text/body/listBibl/msDesc/msContents/msItem/locus	B	skip_empty	no									"<locus from="""" to=""""/>"	"<locus from="""" to=""""/>"	empty placeholder (no @from/@to) — nothing to render
166	data/manuscripts/tei/166.xml	/*/*[2]/*/*/*/*[2]/*[2]/*[1]	TEI/text/body/listBibl/msDesc/msContents/msItem/locus	B	skip_empty	no									"<locus from="""" to=""""/>"	"<locus from="""" to=""""/>"	empty placeholder (no @from/@to) — nothing to render
167	data/manuscripts/tei/167.xml	/*/*[2]/*/*/*/*[2]/*[2]/*[1]	TEI/text/body/listBibl/msDesc/msContents/msItem/locus	B	skip_empty	no									"<locus from="""" to=""""/>"	"<locus from="""" to=""""/>"	empty placeholder (no @from/@to) — nothing to render
168	data/manuscripts/tei/168.xml	/*/*[2]/*/*/*/*[2]/*[2]/*[1]	TEI/text/body/listBibl/msDesc/msContents/msItem/locus	B	skip_empty	no									"<locus from="""" to=""""/>"	"<locus from="""" to=""""/>"	empty placeholder (no @from/@to) — nothing to render
169	data/manuscripts/tei/169.xml	/*/*[2]/*/*/*/*[2]/*[2]/*[1]	TEI/text/body/listBibl/msDesc/msContents/msItem/locus	B	skip_empty	no									"<locus from="""" to=""""/>"	"<locus from="""" to=""""/>"	empty placeholder (no @from/@to) — nothing to render
17	data/manuscripts/tei/17.xml	/*/*[2]/*/*/*/*[2]/*[2]/*[1]	TEI/text/body/listBibl/msDesc/msContents/msItem/locus	B	skip_empty	no									"<locus from="""" to=""""/>"	"<locus from="""" to=""""/>"	empty placeholder (no @from/@to) — nothing to render
170	data/manuscripts/tei/170.xml	/*/*[2]/*/*/*/*[2]/*[2]/*[1]	TEI/text/body/listBibl/msDesc/msContents/msItem/locus	B	skip_empty	no									"<locus from="""" to=""""/>"	"<locus from="""" to=""""/>"	empty placeholder (no @from/@to) — nothing to render
171	data/manuscripts/tei/171.xml	/*/*[2]/*/*/*/*[2]/*[2]/*[1]	TEI/text/body/listBibl/msDesc/msContents/msItem/locus	B	skip_empty	no									"<locus from="""" to=""""/>"	"<locus from="""" to=""""/>"	empty placeholder (no @from/@to) — nothing to render
172	data/manuscripts/tei/172.xml	/*/*[2]/*/*/*/*[2]/*[2]/*[1]	TEI/text/body/listBibl/msDesc/msContents/msItem/locus	B	skip_empty	no									"<locus from="""" to=""""/>"	"<locus from="""" to=""""/>"	empty placeholder (no @from/@to) — nothing to render
173	data/manuscripts/tei/173.xml	/*/*[2]/*/*/*/*[2]/*[2]/*[1]	TEI/text/body/listBibl/msDesc/msContents/msItem/locus	B	skip_empty	no									"<locus from="""" to=""""/>"	"<locus from="""" to=""""/>"	empty placeholder (no @from/@to) — nothing to render
174	data/manuscripts/tei/174.xml	/*/*[2]/*/*/*/*[2]/*[2]/*[1]	TEI/text/body/listBibl/msDesc/msContents/msItem/locus	B	skip_empty	no									"<locus from="""" to=""""/>"	"<locus from="""" to=""""/>"	empty placeholder (no @from/@to) — nothing to render
175	data/manuscripts/tei/175.xml	/*/*[2]/*/*/*/*[2]/*[2]/*[1]	TEI/text/body/listBibl/msDesc/msContents/msItem/locus	B	skip_empty	no									"<locus from="""" to=""""/>"	"<locus from="""" to=""""/>"	empty placeholder (no @from/@to) — nothing to render
176	data/manuscripts/tei/176.xml	/*/*[2]/*/*/*/*[2]/*[2]/*[1]	TEI/text/body/listBibl/msDesc/msContents/msItem/locus	B	skip_empty	no									"<locus from="""" to=""""/>"	"<locus from="""" to=""""/>"	empty placeholder (no @from/@to) — nothing to render
177	data/manuscripts/tei/177.xml	/*/*[2]/*/*/*/*[2]/*[2]/*[1]	TEI/text/body/listBibl/msDesc/msContents/msItem/locus	B	skip_empty	no									"<locus from="""" to=""""/>"	"<locus from="""" to=""""/>"	empty placeholder (no @from/@to) — nothing to render
178	data/manuscripts/tei/178.xml	/*/*[2]/*/*/*/*[2]/*[2]/*[1]	TEI/text/body/listBibl/msDesc/msContents/msItem/locus	B	skip_empty	no									"<locus from="""" to=""""/>"	"<locus from="""" to=""""/>"	empty placeholder (no @from/@to) — nothing to render
179	data/manuscripts/tei/179.xml	/*/*[2]/*/*/*/*[2]/*[2]/*[1]	TEI/text/body/listBibl/msDesc/msContents/msItem/locus	B	skip_empty	no									"<locus from="""" to=""""/>"	"<locus from="""" to=""""/>"	empty placeholder (no @from/@to) — nothing to render
18	data/manuscripts/tei/18.xml	/*/*[2]/*/*/*/*[2]/*[2]/*[1]	TEI/text/body/listBibl/msDesc/msContents/msItem/locus	B	skip_empty	no									"<locus from="""" to=""""/>"	"<locus from="""" to=""""/>"	empty placeholder (no @from/@to) — nothing to render
180	data/manuscripts/tei/180.xml	/*/*[2]/*/*/*/*[2]/*[2]/*[1]	TEI/text/body/listBibl/msDesc/msContents/msItem/locus	B	skip_empty	no									"<locus from="""" to=""""/>"	"<locus from="""" to=""""/>"	empty placeholder (no @from/@to) — nothing to render
181	data/manuscripts/tei/181.xml	/*/*[2]/*/*/*/*[2]/*[2]/*[1]	TEI/text/body/listBibl/msDesc/msContents/msItem/locus	B	skip_empty	no									"<locus from="""" to=""""/>"	"<locus from="""" to=""""/>"	empty placeholder (no @from/@to) — nothing to render
182	data/manuscripts/tei/182.xml	/*/*[2]/*/*/*/*[2]/*[2]/*[1]	TEI/text/body/listBibl/msDesc/msContents/msItem/locus	B	skip_empty	no									"<locus from="""" to=""""/>"	"<locus from="""" to=""""/>"	empty placeholder (no @from/@to) — nothing to render
183	data/manuscripts/tei/183.xml	/*/*[2]/*/*/*/*[2]/*[2]/*[1]	TEI/text/body/listBibl/msDesc/msContents/msItem/locus	B	skip_empty	no									"<locus from="""" to=""""/>"	"<locus from="""" to=""""/>"	empty placeholder (no @from/@to) — nothing to render
184	data/manuscripts/tei/184.xml	/*/*[2]/*/*/*/*[2]/*[2]/*[1]	TEI/text/body/listBibl/msDesc/msContents/msItem/locus	B	skip_empty	no									"<locus from="""" to=""""/>"	"<locus from="""" to=""""/>"	empty placeholder (no @from/@to) — nothing to render
185	data/manuscripts/tei/185.xml	/*/*[2]/*/*/*/*[2]/*[2]/*[1]	TEI/text/body/listBibl/msDesc/msContents/msItem/locus	B	skip_empty	no									"<locus from="""" to=""""/>"	"<locus from="""" to=""""/>"	empty placeholder (no @from/@to) — nothing to render
186	data/manuscripts/tei/186.xml	/*/*[2]/*/*/*/*[2]/*[2]/*[1]	TEI/text/body/listBibl/msDesc/msContents/msItem/locus	B	skip_empty	no									"<locus from="""" to=""""/>"	"<locus from="""" to=""""/>"	empty placeholder (no @from/@to) — nothing to render
187	data/manuscripts/tei/187.xml	/*/*[2]/*/*/*/*[2]/*[2]/*[1]	TEI/text/body/listBibl/msDesc/msContents/msItem/locus	B	skip_empty	no									"<locus from="""" to=""""/>"	"<locus from="""" to=""""/>"	empty placeholder (no @from/@to) — nothing to render
188	data/manuscripts/tei/188.xml	/*/*[2]/*/*/*/*[2]/*[2]/*[1]	TEI/text/body/listBibl/msDesc/msContents/msItem/locus	B	skip_empty	no									"<locus from="""" to=""""/>"	"<locus from="""" to=""""/>"	empty placeholder (no @from/@to) — nothing to render
189	data/manuscripts/tei/189.xml	/*/*[2]/*/*/*/*[2]/*[2]/*[1]	TEI/text/body/listBibl/msDesc/msContents/msItem/locus	B	skip_empty	no									"<locus from="""" to=""""/>"	"<locus from="""" to=""""/>"	empty placeholder (no @from/@to) — nothing to render
19	data/manuscripts/tei/19.xml	/*/*[2]/*/*/*/*[2]/*[2]/*[1]	TEI/text/body/listBibl/msDesc/msContents/msItem/locus	B	skip_empty	no									"<locus from="""" to=""""/>"	"<locus from="""" to=""""/>"	empty placeholder (no @from/@to) — nothing to render
190	data/manuscripts/tei/190.xml	/*/*[2]/*/*/*/*[2]/*[2]/*[1]	TEI/text/body/listBibl/msDesc/msContents/msItem/locus	B	skip_empty	no									"<locus from="""" to=""""/>"	"<locus from="""" to=""""/>"	empty placeholder (no @from/@to) — nothing to render
191	data/manuscripts/tei/191.xml	/*/*[2]/*/*/*/*[2]/*[2]/*[1]	TEI/text/body/listBibl/msDesc/msContents/msItem/locus	B	skip_empty	no									"<locus from="""" to=""""/>"	"<locus from="""" to=""""/>"	empty placeholder (no @from/@to) — nothing to render
192	data/manuscripts/tei/192.xml	/*/*[2]/*/*/*/*[2]/*[2]/*[1]	TEI/text/body/listBibl/msDesc/msContents/msItem/locus	B	skip_empty	no									"<locus from="""" to=""""/>"	"<locus from="""" to=""""/>"	empty placeholder (no @from/@to) — nothing to render
193	data/manuscripts/tei/193.xml	/*/*[2]/*/*/*/*[2]/*[2]/*[1]	TEI/text/body/listBibl/msDesc/msContents/msItem/locus	B	skip_empty	no									"<locus from="""" to=""""/>"	"<locus from="""" to=""""/>"	empty placeholder (no @from/@to) — nothing to render
194	data/manuscripts/tei/194.xml	/*/*[2]/*/*/*/*[2]/*[2]/*[1]	TEI/text/body/listBibl/msDesc/msContents/msItem/locus	B	skip_empty	no									"<locus from="""" to=""""/>"	"<locus from="""" to=""""/>"	empty placeholder (no @from/@to) — nothing to render
195	data/manuscripts/tei/195.xml	/*/*[2]/*/*/*/*[2]/*[2]/*[1]	TEI/text/body/listBibl/msDesc/msContents/msItem/locus	B	skip_empty	no									"<locus from="""" to=""""/>"	"<locus from="""" to=""""/>"	empty placeholder (no @from/@to) — nothing to render
196	data/manuscripts/tei/196.xml	/*/*[2]/*/*/*/*[2]/*[2]/*[1]	TEI/text/body/listBibl/msDesc/msContents/msItem/locus	B	skip_empty	no									"<locus from="""" to=""""/>"	"<locus from="""" to=""""/>"	empty placeholder (no @from/@to) — nothing to render
197	data/manuscripts/tei/197.xml	/*/*[2]/*/*/*/*[2]/*[2]/*[1]	TEI/text/body/listBibl/msDesc/msContents/msItem/locus	B	skip_empty	no									"<locus from="""" to=""""/>"	"<locus from="""" to=""""/>"	empty placeholder (no @from/@to) — nothing to render
198	data/manuscripts/tei/198.xml	/*/*[2]/*/*/*/*[2]/*[2]/*[1]	TEI/text/body/listBibl/msDesc/msContents/msItem/locus	B	skip_empty	no									"<locus from="""" to=""""/>"	"<locus from="""" to=""""/>"	empty placeholder (no @from/@to) — nothing to render
199	data/manuscripts/tei/199.xml	/*/*[2]/*/*/*/*[2]/*[2]/*[1]	TEI/text/body/listBibl/msDesc/msContents/msItem/locus	B	skip_empty	no									"<locus from="""" to=""""/>"	"<locus from="""" to=""""/>"	empty placeholder (no @from/@to) — nothing to render
2	data/manuscripts/tei/2.xml	/*/*[2]/*/*/*/*[2]/*[2]/*[1]	TEI/text/body/listBibl/msDesc/msContents/msItem/locus	B	skip_empty	no									"<locus from="""" to=""""/>"	"<locus from="""" to=""""/>"	empty placeholder (no @from/@to) — nothing to render
20	data/manuscripts/tei/20.xml	/*/*[2]/*/*/*/*[2]/*[2]/*[1]	TEI/text/body/listBibl/msDesc/msContents/msItem/locus	B	skip_empty	no									"<locus from="""" to=""""/>"	"<locus from="""" to=""""/>"	empty placeholder (no @from/@to) — nothing to render
200	data/manuscripts/tei/200.xml	/*/*[2]/*/*/*/*[2]/*[2]/*[1]	TEI/text/body/listBibl/msDesc/msContents/msItem/locus	B	skip_empty	no									"<locus from="""" to=""""/>"	"<locus from="""" to=""""/>"	empty placeholder (no @from/@to) — nothing to render
201	data/manuscripts/tei/201.xml	/*/*[2]/*/*/*/*[2]/*[2]/*[1]	TEI/text/body/listBibl/msDesc/msContents/msItem/locus	B	skip_empty	no									"<locus from="""" to=""""/>"	"<locus from="""" to=""""/>"	empty placeholder (no @from/@to) — nothing to render
202	data/manuscripts/tei/202.xml	/*/*[2]/*/*/*/*[2]/*[2]/*[1]	TEI/text/body/listBibl/msDesc/msContents/msItem/locus	B	skip_empty	no									"<locus from="""" to=""""/>"	"<locus from="""" to=""""/>"	empty placeholder (no @from/@to) — nothing to render
203	data/manuscripts/tei/203.xml	/*/*[2]/*/*/*/*[2]/*[2]/*[1]	TEI/text/body/listBibl/msDesc/msContents/msItem/locus	B	skip_empty	no									"<locus from="""" to=""""/>"	"<locus from="""" to=""""/>"	empty placeholder (no @from/@to) — nothing to render
204	data/manuscripts/tei/204.xml	/*/*[2]/*/*/*/*[2]/*[2]/*[1]	TEI/text/body/listBibl/msDesc/msContents/msItem/locus	B	skip_empty	no									"<locus from="""" to=""""/>"	"<locus from="""" to=""""/>"	empty placeholder (no @from/@to) — nothing to render
205	data/manuscripts/tei/205.xml	/*/*[2]/*/*/*/*[2]/*[2]/*[1]	TEI/text/body/listBibl/msDesc/msContents/msItem/locus	B	skip_empty	no									"<locus from="""" to=""""/>"	"<locus from="""" to=""""/>"	empty placeholder (no @from/@to) — nothing to render
206	data/manuscripts/tei/206.xml	/*/*[2]/*/*/*/*[2]/*[2]/*[1]	TEI/text/body/listBibl/msDesc/msContents/msItem/locus	B	skip_empty	no									"<locus from="""" to=""""/>"	"<locus from="""" to=""""/>"	empty placeholder (no @from/@to) — nothing to render
207	data/manuscripts/tei/207.xml	/*/*[2]/*/*/*/*[2]/*[2]/*[1]	TEI/text/body/listBibl/msDesc/msContents/msItem/locus	B	skip_empty	no									"<locus from="""" to=""""/>"	"<locus from="""" to=""""/>"	empty placeholder (no @from/@to) — nothing to render
208	data/manuscripts/tei/208.xml	/*/*[2]/*/*/*/*[2]/*[2]/*[1]	TEI/text/body/listBibl/msDesc/msContents/msItem/locus	B	skip_empty	no									"<locus from="""" to=""""/>"	"<locus from="""" to=""""/>"	empty placeholder (no @from/@to) — nothing to render
209	data/manuscripts/tei/209.xml	/*/*[2]/*/*/*/*[2]/*[2]/*[1]	TEI/text/body/listBibl/msDesc/msContents/msItem/locus	B	skip_empty	no									"<locus from="""" to=""""/>"	"<locus from="""" to=""""/>"	empty placeholder (no @from/@to) — nothing to render
21	data/manuscripts/tei/21.xml	/*/*[2]/*/*/*/*[2]/*[2]/*[1]	TEI/text/body/listBibl/msDesc/msContents/msItem/locus	B	skip_empty	no									"<locus from="""" to=""""/>"	"<locus from="""" to=""""/>"	empty placeholder (no @from/@to) — nothing to render
210	data/manuscripts/tei/210.xml	/*/*[2]/*/*/*/*[2]/*[2]/*[1]	TEI/text/body/listBibl/msDesc/msContents/msItem/locus	B	skip_empty	no									"<locus from="""" to=""""/>"	"<locus from="""" to=""""/>"	empty placeholder (no @from/@to) — nothing to render
211	data/manuscripts/tei/211.xml	/*/*[2]/*/*/*/*[2]/*[2]/*[1]	TEI/text/body/listBibl/msDesc/msContents/msItem/locus	B	skip_empty	no									"<locus from="""" to=""""/>"	"<locus from="""" to=""""/>"	empty placeholder (no @from/@to) — nothing to render
212	data/manuscripts/tei/212.xml	/*/*[2]/*/*/*/*[2]/*[2]/*[1]	TEI/text/body/listBibl/msDesc/msContents/msItem/locus	B	skip_empty	no									"<locus from="""" to=""""/>"	"<locus from="""" to=""""/>"	empty placeholder (no @from/@to) — nothing to render
213	data/manuscripts/tei/213.xml	/*/*[2]/*/*/*/*[2]/*[2]/*[1]	TEI/text/body/listBibl/msDesc/msContents/msItem/locus	B	skip_empty	no									"<locus from="""" to=""""/>"	"<locus from="""" to=""""/>"	empty placeholder (no @from/@to) — nothing to render
214	data/manuscripts/tei/214.xml	/*/*[2]/*/*/*/*[2]/*[2]/*[1]	TEI/text/body/listBibl/msDesc/msContents/msItem/locus	B	skip_empty	no									"<locus from="""" to=""""/>"	"<locus from="""" to=""""/>"	empty placeholder (no @from/@to) — nothing to render
215	data/manuscripts/tei/215.xml	/*/*[2]/*/*/*/*[2]/*[2]/*[1]	TEI/text/body/listBibl/msDesc/msContents/msItem/locus	B	skip_empty	no									"<locus from="""" to=""""/>"	"<locus from="""" to=""""/>"	empty placeholder (no @from/@to) — nothing to render
216	data/manuscripts/tei/216.xml	/*/*[2]/*/*/*/*[2]/*[2]/*[1]	TEI/text/body/listBibl/msDesc/msContents/msItem/locus	B	skip_empty	no									"<locus from="""" to=""""/>"	"<locus from="""" to=""""/>"	empty placeholder (no @from/@to) — nothing to render
217	data/manuscripts/tei/217.xml	/*/*[2]/*/*/*/*[2]/*[2]/*[1]	TEI/text/body/listBibl/msDesc/msContents/msItem/locus	B	skip_empty	no									"<locus from="""" to=""""/>"	"<locus from="""" to=""""/>"	empty placeholder (no @from/@to) — nothing to render
218	data/manuscripts/tei/218.xml	/*/*[2]/*/*/*/*[2]/*[2]/*[1]	TEI/text/body/listBibl/msDesc/msContents/msItem/locus	B	skip_empty	no									"<locus from="""" to=""""/>"	"<locus from="""" to=""""/>"	empty placeholder (no @from/@to) — nothing to render
219	data/manuscripts/tei/219.xml	/*/*[2]/*/*/*/*[2]/*[2]/*[1]	TEI/text/body/listBibl/msDesc/msContents/msItem/locus	B	skip_empty	no									"<locus from="""" to=""""/>"	"<locus from="""" to=""""/>"	empty placeholder (no @from/@to) — nothing to render
22	data/manuscripts/tei/22.xml	/*/*[2]/*/*/*/*[2]/*[2]/*[1]	TEI/text/body/listBibl/msDesc/msContents/msItem/locus	B	skip_empty	no									"<locus from="""" to=""""/>"	"<locus from="""" to=""""/>"	empty placeholder (no @from/@to) — nothing to render
220	data/manuscripts/tei/220.xml	/*/*[2]/*/*/*/*[2]/*[2]/*[1]	TEI/text/body/listBibl/msDesc/msContents/msItem/locus	B	skip_empty	no									"<locus from="""" to=""""/>"	"<locus from="""" to=""""/>"	empty placeholder (no @from/@to) — nothing to render
221	data/manuscripts/tei/221.xml	/*/*[2]/*/*/*/*[2]/*[2]/*[1]	TEI/text/body/listBibl/msDesc/msContents/msItem/locus	B	skip_empty	no									"<locus from="""" to=""""/>"	"<locus from="""" to=""""/>"	empty placeholder (no @from/@to) — nothing to render
222	data/manuscripts/tei/222.xml	/*/*[2]/*/*/*/*[2]/*[2]/*[1]	TEI/text/body/listBibl/msDesc/msContents/msItem/locus	B	skip_empty	no									"<locus from="""" to=""""/>"	"<locus from="""" to=""""/>"	empty placeholder (no @from/@to) — nothing to render
223	data/manuscripts/tei/223.xml	/*/*[2]/*/*/*/*[2]/*[2]/*[1]	TEI/text/body/listBibl/msDesc/msContents/msItem/locus	B	skip_empty	no									"<locus from="""" to=""""/>"	"<locus from="""" to=""""/>"	empty placeholder (no @from/@to) — nothing to render
224	data/manuscripts/tei/224.xml	/*/*[2]/*/*/*/*[2]/*[2]/*[1]	TEI/text/body/listBibl/msDesc/msContents/msItem/locus	B	skip_empty	no									"<locus from="""" to=""""/>"	"<locus from="""" to=""""/>"	empty placeholder (no @from/@to) — nothing to render
225	data/manuscripts/tei/225.xml	/*/*[2]/*/*/*/*[2]/*[2]/*[1]	TEI/text/body/listBibl/msDesc/msContents/msItem/locus	B	skip_empty	no									"<locus from="""" to=""""/>"	"<locus from="""" to=""""/>"	empty placeholder (no @from/@to) — nothing to render
226	data/manuscripts/tei/226.xml	/*/*[2]/*/*/*/*[2]/*[2]/*[1]	TEI/text/body/listBibl/msDesc/msContents/msItem/locus	B	skip_empty	no									"<locus from="""" to=""""/>"	"<locus from="""" to=""""/>"	empty placeholder (no @from/@to) — nothing to render
227	data/manuscripts/tei/227.xml	/*/*[2]/*/*/*/*[2]/*[2]/*[1]	TEI/text/body/listBibl/msDesc/msContents/msItem/locus	B	skip_empty	no									"<locus from="""" to=""""/>"	"<locus from="""" to=""""/>"	empty placeholder (no @from/@to) — nothing to render
228	data/manuscripts/tei/228.xml	/*/*[2]/*/*/*/*[2]/*[2]/*[1]	TEI/text/body/listBibl/msDesc/msContents/msItem/locus	B	skip_empty	no									"<locus from="""" to=""""/>"	"<locus from="""" to=""""/>"	empty placeholder (no @from/@to) — nothing to render
229	data/manuscripts/tei/229.xml	/*/*[2]/*/*/*/*[2]/*[2]/*[1]	TEI/text/body/listBibl/msDesc/msContents/msItem/locus	B	skip_empty	no									"<locus from="""" to=""""/>"	"<locus from="""" to=""""/>"	empty placeholder (no @from/@to) — nothing to render
23	data/manuscripts/tei/23.xml	/*/*[2]/*/*/*/*[2]/*[2]/*[1]	TEI/text/body/listBibl/msDesc/msContents/msItem/locus	B	skip_empty	no									"<locus from="""" to=""""/>"	"<locus from="""" to=""""/>"	empty placeholder (no @from/@to) — nothing to render
230	data/manuscripts/tei/230.xml	/*/*[2]/*/*/*/*[2]/*[2]/*[1]	TEI/text/body/listBibl/msDesc/msContents/msItem/locus	B	skip_empty	no									"<locus from="""" to=""""/>"	"<locus from="""" to=""""/>"	empty placeholder (no @from/@to) — nothing to render
231	data/manuscripts/tei/231.xml	/*/*[2]/*/*/*/*[2]/*[2]/*[1]	TEI/text/body/listBibl/msDesc/msContents/msItem/locus	B	skip_empty	no									"<locus from="""" to=""""/>"	"<locus from="""" to=""""/>"	empty placeholder (no @from/@to) — nothing to render
232	data/manuscripts/tei/232.xml	/*/*[2]/*/*/*/*[2]/*[2]/*[1]	TEI/text/body/listBibl/msDesc/msContents/msItem/locus	B	skip_empty	no									"<locus from="""" to=""""/>"	"<locus from="""" to=""""/>"	empty placeholder (no @from/@to) — nothing to render
233	data/manuscripts/tei/233.xml	/*/*[2]/*/*/*/*[2]/*[2]/*[1]	TEI/text/body/listBibl/msDesc/msContents/msItem/locus	B	skip_empty	no									"<locus from="""" to=""""/>"	"<locus from="""" to=""""/>"	empty placeholder (no @from/@to) — nothing to render
234	data/manuscripts/tei/234.xml	/*/*[2]/*/*/*/*[2]/*[2]/*[1]	TEI/text/body/listBibl/msDesc/msContents/msItem/locus	B	skip_empty	no									"<locus from="""" to=""""/>"	"<locus from="""" to=""""/>"	empty placeholder (no @from/@to) — nothing to render
235	data/manuscripts/tei/235.xml	/*/*[2]/*/*/*/*[2]/*[2]/*[1]	TEI/text/body/listBibl/msDesc/msContents/msItem/locus	B	skip_empty	no									"<locus from="""" to=""""/>"	"<locus from="""" to=""""/>"	empty placeholder (no @from/@to) — nothing to render
236	data/manuscripts/tei/236.xml	/*/*[2]/*/*/*/*[2]/*[2]/*[1]	TEI/text/body/listBibl/msDesc/msContents/msItem/locus	B	skip_empty	no									"<locus from="""" to=""""/>"	"<locus from="""" to=""""/>"	empty placeholder (no @from/@to) — nothing to render
237	data/manuscripts/tei/237.xml	/*/*[2]/*/*/*/*[2]/*[2]/*[1]	TEI/text/body/listBibl/msDesc/msContents/msItem/locus	B	skip_empty	no									"<locus from="""" to=""""/>"	"<locus from="""" to=""""/>"	empty placeholder (no @from/@to) — nothing to render
238	data/manuscripts/tei/238.xml	/*/*[2]/*/*/*/*[2]/*[2]/*[1]	TEI/text/body/listBibl/msDesc/msContents/msItem/locus	B	skip_empty	no									"<locus from="""" to=""""/>"	"<locus from="""" to=""""/>"	empty placeholder (no @from/@to) — nothing to render
239	data/manuscripts/tei/239.xml	/*/*[2]/*/*/*/*[2]/*[2]/*[1]	TEI/text/body/listBibl/msDesc/msContents/msItem/locus	B	skip_empty	no									"<locus from="""" to=""""/>"	"<locus from="""" to=""""/>"	empty placeholder (no @from/@to) — nothing to render
24	data/manuscripts/tei/24.xml	/*/*[2]/*/*/*/*[2]/*[2]/*[1]	TEI/text/body/listBibl/msDesc/msContents/msItem/locus	B	skip_empty	no									"<locus from="""" to=""""/>"	"<locus from="""" to=""""/>"	empty placeholder (no @from/@to) — nothing to render
240	data/manuscripts/tei/240.xml	/*/*[2]/*/*/*/*[2]/*[2]/*[1]	TEI/text/body/listBibl/msDesc/msContents/msItem/locus	B	skip_empty	no									"<locus from="""" to=""""/>"	"<locus from="""" to=""""/>"	empty placeholder (no @from/@to) — nothing to render
241	data/manuscripts/tei/241.xml	/*/*[2]/*/*/*/*[2]/*[2]/*[1]	TEI/text/body/listBibl/msDesc/msContents/msItem/locus	B	skip_empty	no									"<locus from="""" to=""""/>"	"<locus from="""" to=""""/>"	empty placeholder (no @from/@to) — nothing to render
242	data/manuscripts/tei/242.xml	/*/*[2]/*/*/*/*[2]/*[2]/*[1]	TEI/text/body/listBibl/msDesc/msContents/msItem/locus	B	skip_empty	no									"<locus from="""" to=""""/>"	"<locus from="""" to=""""/>"	empty placeholder (no @from/@to) — nothing to render
243	data/manuscripts/tei/243.xml	/*/*[2]/*/*/*/*[2]/*[2]/*[1]	TEI/text/body/listBibl/msDesc/msContents/msItem/locus	B	skip_empty	no									"<locus from="""" to=""""/>"	"<locus from="""" to=""""/>"	empty placeholder (no @from/@to) — nothing to render
244	data/manuscripts/tei/244.xml	/*/*[2]/*/*/*/*[2]/*[2]/*[1]	TEI/text/body/listBibl/msDesc/msContents/msItem/locus	B	skip_empty	no									"<locus from="""" to=""""/>"	"<locus from="""" to=""""/>"	empty placeholder (no @from/@to) — nothing to render
245	data/manuscripts/tei/245.xml	/*/*[2]/*/*/*/*[2]/*[2]/*[1]	TEI/text/body/listBibl/msDesc/msContents/msItem/locus	B	skip_empty	no									"<locus from="""" to=""""/>"	"<locus from="""" to=""""/>"	empty placeholder (no @from/@to) — nothing to render
246	data/manuscripts/tei/246.xml	/*/*[2]/*/*/*/*[2]/*[2]/*[1]	TEI/text/body/listBibl/msDesc/msContents/msItem/locus	B	skip_empty	no									"<locus from="""" to=""""/>"	"<locus from="""" to=""""/>"	empty placeholder (no @from/@to) — nothing to render
247	data/manuscripts/tei/247.xml	/*/*[2]/*/*/*/*[2]/*[2]/*[1]	TEI/text/body/listBibl/msDesc/msContents/msItem/locus	B	skip_empty	no									"<locus from="""" to=""""/>"	"<locus from="""" to=""""/>"	empty placeholder (no @from/@to) — nothing to render
248	data/manuscripts/tei/248.xml	/*/*[2]/*/*/*/*[2]/*[2]/*[1]	TEI/text/body/listBibl/msDesc/msContents/msItem/locus	B	skip_empty	no									"<locus from="""" to=""""/>"	"<locus from="""" to=""""/>"	empty placeholder (no @from/@to) — nothing to render
249	data/manuscripts/tei/249.xml	/*/*[2]/*/*/*/*[2]/*[2]/*[1]	TEI/text/body/listBibl/msDesc/msContents/msItem/locus	B	skip_empty	no									"<locus from="""" to=""""/>"	"<locus from="""" to=""""/>"	empty placeholder (no @from/@to) — nothing to render
25	data/manuscripts/tei/25.xml	/*/*[2]/*/*/*/*[2]/*[2]/*[1]	TEI/text/body/listBibl/msDesc/msContents/msItem/locus	B	skip_empty	no									"<locus from="""" to=""""/>"	"<locus from="""" to=""""/>"	empty placeholder (no @from/@to) — nothing to render
250	data/manuscripts/tei/250.xml	/*/*[2]/*/*/*/*[2]/*[2]/*[1]	TEI/text/body/listBibl/msDesc/msContents/msItem/locus	B	skip_empty	no									"<locus from="""" to=""""/>"	"<locus from="""" to=""""/>"	empty placeholder (no @from/@to) — nothing to render
251	data/manuscripts/tei/251.xml	/*/*[2]/*/*/*/*[2]/*[2]/*[1]	TEI/text/body/listBibl/msDesc/msContents/msItem/locus	B	skip_empty	no									"<locus from="""" to=""""/>"	"<locus from="""" to=""""/>"	empty placeholder (no @from/@to) — nothing to render
252	data/manuscripts/tei/252.xml	/*/*[2]/*/*/*/*[2]/*[2]/*[1]	TEI/text/body/listBibl/msDesc/msContents/msItem/locus	B	skip_empty	no									"<locus from="""" to=""""/>"	"<locus from="""" to=""""/>"	empty placeholder (no @from/@to) — nothing to render
253	data/manuscripts/tei/253.xml	/*/*[2]/*/*/*/*[2]/*[2]/*[1]	TEI/text/body/listBibl/msDesc/msContents/msItem/locus	B	skip_empty	no									"<locus from="""" to=""""/>"	"<locus from="""" to=""""/>"	empty placeholder (no @from/@to) — nothing to render
254	data/manuscripts/tei/254.xml	/*/*[2]/*/*/*/*[2]/*[2]/*[1]	TEI/text/body/listBibl/msDesc/msContents/msItem/locus	B	skip_empty	no									"<locus from="""" to=""""/>"	"<locus from="""" to=""""/>"	empty placeholder (no @from/@to) — nothing to render
255	data/manuscripts/tei/255.xml	/*/*[2]/*/*/*/*[2]/*[2]/*[1]	TEI/text/body/listBibl/msDesc/msContents/msItem/locus	B	skip_empty	no									"<locus from="""" to=""""/>"	"<locus from="""" to=""""/>"	empty placeholder (no @from/@to) — nothing to render
256	data/manuscripts/tei/256.xml	/*/*[2]/*/*/*/*[2]/*[2]/*[1]	TEI/text/body/listBibl/msDesc/msContents/msItem/locus	B	skip_empty	no									"<locus from="""" to=""""/>"	"<locus from="""" to=""""/>"	empty placeholder (no @from/@to) — nothing to render
257	data/manuscripts/tei/257.xml	/*/*[2]/*/*/*/*[2]/*[2]/*[1]	TEI/text/body/listBibl/msDesc/msContents/msItem/locus	B	skip_empty	no									"<locus from="""" to=""""/>"	"<locus from="""" to=""""/>"	empty placeholder (no @from/@to) — nothing to render
258	data/manuscripts/tei/258.xml	/*/*[2]/*/*/*/*[2]/*[2]/*[1]	TEI/text/body/listBibl/msDesc/msContents/msItem/locus	B	skip_empty	no									"<locus from="""" to=""""/>"	"<locus from="""" to=""""/>"	empty placeholder (no @from/@to) — nothing to render
259	data/manuscripts/tei/259.xml	/*/*[2]/*/*/*/*[2]/*[2]/*[1]	TEI/text/body/listBibl/msDesc/msContents/msItem/locus	B	skip_empty	no									"<locus from="""" to=""""/>"	"<locus from="""" to=""""/>"	empty placeholder (no @from/@to) — nothing to render
26	data/manuscripts/tei/26.xml	/*/*[2]/*/*/*/*[2]/*[2]/*[1]	TEI/text/body/listBibl/msDesc/msContents/msItem/locus	B	skip_empty	no									"<locus from="""" to=""""/>"	"<locus from="""" to=""""/>"	empty placeholder (no @from/@to) — nothing to render
260	data/manuscripts/tei/260.xml	/*/*[2]/*/*/*/*[2]/*[2]/*[1]	TEI/text/body/listBibl/msDesc/msContents/msItem/locus	B	skip_empty	no									"<locus from="""" to=""""/>"	"<locus from="""" to=""""/>"	empty placeholder (no @from/@to) — nothing to render
261	data/manuscripts/tei/261.xml	/*/*[2]/*/*/*/*[2]/*[2]/*[1]	TEI/text/body/listBibl/msDesc/msContents/msItem/locus	B	skip_empty	no									"<locus from="""" to=""""/>"	"<locus from="""" to=""""/>"	empty placeholder (no @from/@to) — nothing to render
262	data/manuscripts/tei/262.xml	/*/*[2]/*/*/*/*[2]/*[2]/*[1]	TEI/text/body/listBibl/msDesc/msContents/msItem/locus	B	skip_empty	no									"<locus from="""" to=""""/>"	"<locus from="""" to=""""/>"	empty placeholder (no @from/@to) — nothing to render
263	data/manuscripts/tei/263.xml	/*/*[2]/*/*/*/*[2]/*[2]/*[1]	TEI/text/body/listBibl/msDesc/msContents/msItem/locus	B	skip_empty	no									"<locus from="""" to=""""/>"	"<locus from="""" to=""""/>"	empty placeholder (no @from/@to) — nothing to render
264	data/manuscripts/tei/264.xml	/*/*[2]/*/*/*/*[2]/*[2]/*[1]	TEI/text/body/listBibl/msDesc/msContents/msItem/locus	B	skip_empty	no									"<locus from="""" to=""""/>"	"<locus from="""" to=""""/>"	empty placeholder (no @from/@to) — nothing to render
265	data/manuscripts/tei/265.xml	/*/*[2]/*/*/*/*[2]/*[2]/*[1]	TEI/text/body/listBibl/msDesc/msContents/msItem/locus	B	skip_empty	no									"<locus from="""" to=""""/>"	"<locus from="""" to=""""/>"	empty placeholder (no @from/@to) — nothing to render
266	data/manuscripts/tei/266.xml	/*/*[2]/*/*/*/*[2]/*[2]/*[1]	TEI/text/body/listBibl/msDesc/msContents/msItem/locus	B	skip_empty	no									"<locus from="""" to=""""/>"	"<locus from="""" to=""""/>"	empty placeholder (no @from/@to) — nothing to render
267	data/manuscripts/tei/267.xml	/*/*[2]/*/*/*/*[2]/*[2]/*[1]	TEI/text/body/listBibl/msDesc/msContents/msItem/locus	B	skip_empty	no									"<locus from="""" to=""""/>"	"<locus from="""" to=""""/>"	empty placeholder (no @from/@to) — nothing to render
268	data/manuscripts/tei/268.xml	/*/*[2]/*/*/*/*[2]/*[2]/*[1]	TEI/text/body/listBibl/msDesc/msContents/msItem/locus	B	skip_empty	no									"<locus from="""" to=""""/>"	"<locus from="""" to=""""/>"	empty placeholder (no @from/@to) — nothing to render
269	data/manuscripts/tei/269.xml	/*/*[2]/*/*/*/*[2]/*[2]/*[1]	TEI/text/body/listBibl/msDesc/msContents/msItem/locus	B	skip_empty	no									"<locus from="""" to=""""/>"	"<locus from="""" to=""""/>"	empty placeholder (no @from/@to) — nothing to render
27	data/manuscripts/tei/27.xml	/*/*[2]/*/*/*/*[2]/*[2]/*[1]	TEI/text/body/listBibl/msDesc/msContents/msItem/locus	B	skip_empty	no									"<locus from="""" to=""""/>"	"<locus from="""" to=""""/>"	empty placeholder (no @from/@to) — nothing to render
270	data/manuscripts/tei/270.xml	/*/*[2]/*/*/*/*[2]/*[2]/*[1]	TEI/text/body/listBibl/msDesc/msContents/msItem/locus	B	skip_empty	no									"<locus from="""" to=""""/>"	"<locus from="""" to=""""/>"	empty placeholder (no @from/@to) — nothing to render
271	data/manuscripts/tei/271.xml	/*/*[2]/*/*/*/*[2]/*[2]/*[1]	TEI/text/body/listBibl/msDesc/msContents/msItem/locus	B	skip_empty	no									"<locus from="""" to=""""/>"	"<locus from="""" to=""""/>"	empty placeholder (no @from/@to) — nothing to render
272	data/manuscripts/tei/272.xml	/*/*[2]/*/*/*/*[2]/*[2]/*[1]	TEI/text/body/listBibl/msDesc/msContents/msItem/locus	B	skip_empty	no									"<locus from="""" to=""""/>"	"<locus from="""" to=""""/>"	empty placeholder (no @from/@to) — nothing to render
273	data/manuscripts/tei/273.xml	/*/*[2]/*/*/*/*[2]/*[2]/*[1]	TEI/text/body/listBibl/msDesc/msContents/msItem/locus	B	skip_empty	no									"<locus from="""" to=""""/>"	"<locus from="""" to=""""/>"	empty placeholder (no @from/@to) — nothing to render
274	data/manuscripts/tei/274.xml	/*/*[2]/*/*/*/*[2]/*[2]/*[1]	TEI/text/body/listBibl/msDesc/msContents/msItem/locus	B	skip_empty	no									"<locus from="""" to=""""/>"	"<locus from="""" to=""""/>"	empty placeholder (no @from/@to) — nothing to render
275	data/manuscripts/tei/275.xml	/*/*[2]/*/*/*/*[2]/*[2]/*[1]	TEI/text/body/listBibl/msDesc/msContents/msItem/locus	B	skip_empty	no									"<locus from="""" to=""""/>"	"<locus from="""" to=""""/>"	empty placeholder (no @from/@to) — nothing to render
276	data/manuscripts/tei/276.xml	/*/*[2]/*/*/*/*[2]/*[2]/*[1]	TEI/text/body/listBibl/msDesc/msContents/msItem/locus	B	skip_empty	no									"<locus from="""" to=""""/>"	"<locus from="""" to=""""/>"	empty placeholder (no @from/@to) — nothing to render
277	data/manuscripts/tei/277.xml	/*/*[2]/*/*/*/*[2]/*[2]/*[1]	TEI/text/body/listBibl/msDesc/msContents/msItem/locus	B	skip_empty	no									"<locus from="""" to=""""/>"	"<locus from="""" to=""""/>"	empty placeholder (no @from/@to) — nothing to render
278	data/manuscripts/tei/278.xml	/*/*[2]/*/*/*/*[2]/*[2]/*[1]	TEI/text/body/listBibl/msDesc/msContents/msItem/locus	B	skip_empty	no									"<locus from="""" to=""""/>"	"<locus from="""" to=""""/>"	empty placeholder (no @from/@to) — nothing to render
279	data/manuscripts/tei/279.xml	/*/*[2]/*/*/*/*[2]/*[2]/*[1]	TEI/text/body/listBibl/msDesc/msContents/msItem/locus	B	skip_empty	no									"<locus from="""" to=""""/>"	"<locus from="""" to=""""/>"	empty placeholder (no @from/@to) — nothing to render
28	data/manuscripts/tei/28.xml	/*/*[2]/*/*/*/*[2]/*[2]/*[1]	TEI/text/body/listBibl/msDesc/msContents/msItem/locus	B	skip_empty	no									"<locus from="""" to=""""/>"	"<locus from="""" to=""""/>"	empty placeholder (no @from/@to) — nothing to render
280	data/manuscripts/tei/280.xml	/*/*[2]/*/*/*/*[2]/*[2]/*[1]	TEI/text/body/listBibl/msDesc/msContents/msItem/locus	B	skip_empty	no									"<locus from="""" to=""""/>"	"<locus from="""" to=""""/>"	empty placeholder (no @from/@to) — nothing to render
281	data/manuscripts/tei/281.xml	/*/*[2]/*/*/*/*[2]/*[2]/*[1]	TEI/text/body/listBibl/msDesc/msContents/msItem/locus	B	skip_empty	no									"<locus from="""" to=""""/>"	"<locus from="""" to=""""/>"	empty placeholder (no @from/@to) — nothing to render
282	data/manuscripts/tei/282.xml	/*/*[2]/*/*/*/*[2]/*[2]/*[1]	TEI/text/body/listBibl/msDesc/msContents/msItem/locus	B	skip_empty	no									"<locus from="""" to=""""/>"	"<locus from="""" to=""""/>"	empty placeholder (no @from/@to) — nothing to render
283	data/manuscripts/tei/283.xml	/*/*[2]/*/*/*/*[2]/*[2]/*[1]	TEI/text/body/listBibl/msDesc/msContents/msItem/locus	B	skip_empty	no									"<locus from="""" to=""""/>"	"<locus from="""" to=""""/>"	empty placeholder (no @from/@to) — nothing to render
284	data/manuscripts/tei/284.xml	/*/*[2]/*/*/*/*[2]/*[2]/*[1]	TEI/text/body/listBibl/msDesc/msContents/msItem/locus	B	skip_empty	no									"<locus from="""" to=""""/>"	"<locus from="""" to=""""/>"	empty placeholder (no @from/@to) — nothing to render
285	data/manuscripts/tei/285.xml	/*/*[2]/*/*/*/*[2]/*[2]/*[1]	TEI/text/body/listBibl/msDesc/msContents/msItem/locus	B	skip_empty	no									"<locus from="""" to=""""/>"	"<locus from="""" to=""""/>"	empty placeholder (no @from/@to) — nothing to render
286	data/manuscripts/tei/286.xml	/*/*[2]/*/*/*/*[2]/*[2]/*[1]	TEI/text/body/listBibl/msDesc/msContents/msItem/locus	B	skip_empty	no									"<locus from="""" to=""""/>"	"<locus from="""" to=""""/>"	empty placeholder (no @from/@to) — nothing to render
287	data/manuscripts/tei/287.xml	/*/*[2]/*/*/*/*[2]/*[2]/*[1]	TEI/text/body/listBibl/msDesc/msContents/msItem/locus	B	skip_empty	no									"<locus from="""" to=""""/>"	"<locus from="""" to=""""/>"	empty placeholder (no @from/@to) — nothing to render
288	data/manuscripts/tei/288.xml	/*/*[2]/*/*/*/*[2]/*[2]/*[1]	TEI/text/body/listBibl/msDesc/msContents/msItem/locus	B	skip_empty	no									"<locus from="""" to=""""/>"	"<locus from="""" to=""""/>"	empty placeholder (no @from/@to) — nothing to render
289	data/manuscripts/tei/289.xml	/*/*[2]/*/*/*/*[2]/*[2]/*[1]	TEI/text/body/listBibl/msDesc/msContents/msItem/locus	B	skip_empty	no									"<locus from="""" to=""""/>"	"<locus from="""" to=""""/>"	empty placeholder (no @from/@to) — nothing to render
29	data/manuscripts/tei/29.xml	/*/*[2]/*/*/*/*[2]/*[2]/*[1]	TEI/text/body/listBibl/msDesc/msContents/msItem/locus	B	skip_empty	no									"<locus from="""" to=""""/>"	"<locus from="""" to=""""/>"	empty placeholder (no @from/@to) — nothing to render
290	data/manuscripts/tei/290.xml	/*/*[2]/*/*/*/*[2]/*[2]/*[1]	TEI/text/body/listBibl/msDesc/msContents/msItem/locus	B	skip_empty	no									"<locus from="""" to=""""/>"	"<locus from="""" to=""""/>"	empty placeholder (no @from/@to) — nothing to render
291	data/manuscripts/tei/291.xml	/*/*[2]/*/*/*/*[2]/*[2]/*[1]	TEI/text/body/listBibl/msDesc/msContents/msItem/locus	B	skip_empty	no									"<locus from="""" to=""""/>"	"<locus from="""" to=""""/>"	empty placeholder (no @from/@to) — nothing to render
292	data/manuscripts/tei/292.xml	/*/*[2]/*/*/*/*[2]/*[2]/*[1]	TEI/text/body/listBibl/msDesc/msContents/msItem/locus	B	skip_empty	no									"<locus from="""" to=""""/>"	"<locus from="""" to=""""/>"	empty placeholder (no @from/@to) — nothing to render
293	data/manuscripts/tei/293.xml	/*/*[2]/*/*/*/*[2]/*[2]/*[1]	TEI/text/body/listBibl/msDesc/msContents/msItem/locus	B	skip_empty	no									"<locus from="""" to=""""/>"	"<locus from="""" to=""""/>"	empty placeholder (no @from/@to) — nothing to render
294	data/manuscripts/tei/294.xml	/*/*[2]/*/*/*/*[2]/*[2]/*[1]	TEI/text/body/listBibl/msDesc/msContents/msItem/locus	B	skip_empty	no									"<locus from="""" to=""""/>"	"<locus from="""" to=""""/>"	empty placeholder (no @from/@to) — nothing to render
295	data/manuscripts/tei/295.xml	/*/*[2]/*/*/*/*[2]/*[2]/*[1]	TEI/text/body/listBibl/msDesc/msContents/msItem/locus	B	skip_empty	no									"<locus from="""" to=""""/>"	"<locus from="""" to=""""/>"	empty placeholder (no @from/@to) — nothing to render
296	data/manuscripts/tei/296.xml	/*/*[2]/*/*/*/*[2]/*[2]/*[1]	TEI/text/body/listBibl/msDesc/msContents/msItem/locus	B	skip_empty	no									"<locus from="""" to=""""/>"	"<locus from="""" to=""""/>"	empty placeholder (no @from/@to) — nothing to render
297	data/manuscripts/tei/297.xml	/*/*[2]/*/*/*/*[2]/*[2]/*[1]	TEI/text/body/listBibl/msDesc/msContents/msItem/locus	B	skip_empty	no									"<locus from="""" to=""""/>"	"<locus from="""" to=""""/>"	empty placeholder (no @from/@to) — nothing to render
298	data/manuscripts/tei/298.xml	/*/*[2]/*/*/*/*[2]/*[2]/*[1]	TEI/text/body/listBibl/msDesc/msContents/msItem/locus	B	skip_empty	no									"<locus from="""" to=""""/>"	"<locus from="""" to=""""/>"	empty placeholder (no @from/@to) — nothing to render
299	data/manuscripts/tei/299.xml	/*/*[2]/*/*/*/*[2]/*[2]/*[1]	TEI/text/body/listBibl/msDesc/msContents/msItem/locus	B	skip_empty	no									"<locus from="""" to=""""/>"	"<locus from="""" to=""""/>"	empty placeholder (no @from/@to) — nothing to render
3	data/manuscripts/tei/3.xml	/*/*[2]/*/*/*/*[2]/*[2]/*[1]	TEI/text/body/listBibl/msDesc/msContents/msItem/locus	B	skip_empty	no									"<locus from="""" to=""""/>"	"<locus from="""" to=""""/>"	empty placeholder (no @from/@to) — nothing to render
30	data/manuscripts/tei/30.xml	/*/*[2]/*/*/*/*[2]/*[2]/*[1]	TEI/text/body/listBibl/msDesc/msContents/msItem/locus	B	skip_empty	no									"<locus from="""" to=""""/>"	"<locus from="""" to=""""/>"	empty placeholder (no @from/@to) — nothing to render
300	data/manuscripts/tei/300.xml	/*/*[2]/*/*/*/*[2]/*[2]/*[1]	TEI/text/body/listBibl/msDesc/msContents/msItem/locus	B	skip_empty	no									"<locus from="""" to=""""/>"	"<locus from="""" to=""""/>"	empty placeholder (no @from/@to) — nothing to render
301	data/manuscripts/tei/301.xml	/*/*[2]/*/*/*/*[2]/*[2]/*[1]	TEI/text/body/listBibl/msDesc/msContents/msItem/locus	B	skip_empty	no									"<locus from="""" to=""""/>"	"<locus from="""" to=""""/>"	empty placeholder (no @from/@to) — nothing to render
302	data/manuscripts/tei/302.xml	/*/*[2]/*/*/*/*[2]/*[2]/*[1]	TEI/text/body/listBibl/msDesc/msContents/msItem/locus	B	skip_empty	no									"<locus from="""" to=""""/>"	"<locus from="""" to=""""/>"	empty placeholder (no @from/@to) — nothing to render
303	data/manuscripts/tei/303.xml	/*/*[2]/*/*/*/*[2]/*[2]/*[1]	TEI/text/body/listBibl/msDesc/msContents/msItem/locus	B	skip_empty	no									"<locus from="""" to=""""/>"	"<locus from="""" to=""""/>"	empty placeholder (no @from/@to) — nothing to render
304	data/manuscripts/tei/304.xml	/*/*[2]/*/*/*/*[2]/*[2]/*[1]	TEI/text/body/listBibl/msDesc/msContents/msItem/locus	B	skip_empty	no									"<locus from="""" to=""""/>"	"<locus from="""" to=""""/>"	empty placeholder (no @from/@to) — nothing to render
305	data/manuscripts/tei/305.xml	/*/*[2]/*/*/*/*[2]/*[2]/*[1]	TEI/text/body/listBibl/msDesc/msContents/msItem/locus	B	no_change	no	1r	3v	1r–3v		1r	3v	1r–3v		"<locus from=""1r"" to=""3v"">1r–3v</locus>"	"<locus from=""1r"" to=""3v"">1r–3v</locus>"	text already matches @from/@to
306	data/manuscripts/tei/306.xml	/*/*[2]/*/*/*/*[2]/*[3]/*[1]	TEI/text/body/listBibl/msDesc/msContents/msItem/locus	B	no_change	no	68r	68v	68r–68v		68r	68v	68r–68v		"<locus from=""68r"" to=""68v"">68r–68v</locus>"	"<locus from=""68r"" to=""68v"">68r–68v</locus>"	text already matches @from/@to
306	data/manuscripts/tei/306.xml	/*/*[2]/*/*/*/*[2]/*[3]/*[2]	TEI/text/body/listBibl/msDesc/msContents/msItem/locus	B	no_change	no	105r	160v	105r–160v		105r	160v	105r–160v		"<locus from=""105r"" to=""160v"">105r–160v</locus>"	"<locus from=""105r"" to=""160v"">105r–160v</locus>"	text already matches @from/@to
307	data/manuscripts/tei/307.xml	/*/*[2]/*/*/*/*[2]/*[2]/*[1]	TEI/text/body/listBibl/msDesc/msContents/msItem/locus	B	add_text	yes	1r	2v			1r	2v	1r–2v		"<locus from=""1r"" to=""2v""/>"	"<locus from=""1r"" to=""2v"">1r–2v</locus>"	added text from @from/@to
308	data/manuscripts/tei/308.xml	/*/*[2]/*/*/*/*[2]/*[2]/*[1]	TEI/text/body/listBibl/msDesc/msContents/msItem/locus	B	no_change	no	1r	1v	1r–1v		1r	1v	1r–1v		"<locus from=""1r"" to=""1v"">1r–1v</locus>"	"<locus from=""1r"" to=""1v"">1r–1v</locus>"	text already matches @from/@to
309	data/manuscripts/tei/309.xml	/*/*[2]/*/*/*/*[2]/*[2]/*[1]	TEI/text/body/listBibl/msDesc/msContents/msItem/locus	B	no_change	no	1r	2v	1r–2v		1r	2v	1r–2v		"<locus from=""1r"" to=""2v"">1r–2v</locus>"	"<locus from=""1r"" to=""2v"">1r–2v</locus>"	text already matches @from/@to
309	data/manuscripts/tei/309.xml	/*/*[2]/*/*/*/*[2]/*[3]/*[1]	TEI/text/body/listBibl/msDesc/msContents/msItem/locus	B	no_change	no	3r		3r		3r		3r		"<locus from=""3r"">3r</locus>"	"<locus from=""3r"">3r</locus>"	text already matches @from/@to
31	data/manuscripts/tei/31.xml	/*/*[2]/*/*/*/*[2]/*[2]/*[1]	TEI/text/body/listBibl/msDesc/msContents/msItem/locus	B	skip_empty	no									"<locus from="""" to=""""/>"	"<locus from="""" to=""""/>"	empty placeholder (no @from/@to) — nothing to render
310	data/manuscripts/tei/310.xml	/*/*[2]/*/*/*/*[2]/*[2]/*[1]	TEI/text/body/listBibl/msDesc/msContents/msItem/locus	B	skip_empty	no									"<locus from="""" to=""""/>"	"<locus from="""" to=""""/>"	empty placeholder (no @from/@to) — nothing to render
311	data/manuscripts/tei/311.xml	/*/*[2]/*/*/*/*[2]/*[2]/*[1]	TEI/text/body/listBibl/msDesc/msContents/msItem/locus	B	no_change	no	1r	1v	1r–1v		1r	1v	1r–1v		"<locus from=""1r"" to=""1v"">1r–1v</locus>"	"<locus from=""1r"" to=""1v"">1r–1v</locus>"	text already matches @from/@to
312	data/manuscripts/tei/312.xml	/*/*[2]/*/*/*/*[2]/*[2]/*[1]	TEI/text/body/listBibl/msDesc/msContents/msItem/locus	B	skip_empty	no									"<locus from="""" to=""""/>"	"<locus from="""" to=""""/>"	empty placeholder (no @from/@to) — nothing to render
313	data/manuscripts/tei/313.xml	/*/*[2]/*/*/*/*[2]/*[2]/*[1]	TEI/text/body/listBibl/msDesc/msContents/msItem/locus	B	no_change	no	1r	1v	1r–1v		1r	1v	1r–1v		"<locus from=""1r"" to=""1v"">1r–1v</locus>"	"<locus from=""1r"" to=""1v"">1r–1v</locus>"	text already matches @from/@to
314	data/manuscripts/tei/314.xml	/*/*[2]/*/*/*/*[2]/*[2]/*[1]	TEI/text/body/listBibl/msDesc/msContents/msItem/locus	B	no_change	no	12		12		12		12		"<locus from=""12"">12</locus>"	"<locus from=""12"">12</locus>"	text already matches @from/@to
315	data/manuscripts/tei/315.xml	/*/*[2]/*/*/*/*[2]/*[2]/*[1]	TEI/text/body/listBibl/msDesc/msContents/msItem/locus	B	no_change	no	101	105	101–105		101	105	101–105		"<locus from=""101"" to=""105"">101–105</locus>"	"<locus from=""101"" to=""105"">101–105</locus>"	text already matches @from/@to
316	data/manuscripts/tei/316.xml	/*/*[2]/*/*/*/*[2]/*[2]/*[1]	TEI/text/body/listBibl/msDesc/msContents/msItem/locus	B	no_change	no	57r	64v	57r–64v		57r	64v	57r–64v		"<locus from=""57r"" to=""64v"">57r–64v</locus>"	"<locus from=""57r"" to=""64v"">57r–64v</locus>"	text already matches @from/@to
316	data/manuscripts/tei/316.xml	/*/*[2]/*/*/*/*[2]/*[2]/*[2]	TEI/text/body/listBibl/msDesc/msContents/msItem/locus	B	no_change	no	66r	v	66r–v		66r	v	66r–v		"<locus from=""66r"" to=""v"">66r–v</locus>"	"<locus from=""66r"" to=""v"">66r–v</locus>"	text already matches @from/@to
317	data/manuscripts/tei/317.xml	/*/*[2]/*/*/*/*[2]/*[2]/*[1]	TEI/text/body/listBibl/msDesc/msContents/msItem/locus	B	no_change	no	7r	36v	7r–36v		7r	36v	7r–36v		"<locus from=""7r"" to=""36v"">7r–36v</locus>"	"<locus from=""7r"" to=""36v"">7r–36v</locus>"	text already matches @from/@to
318	data/manuscripts/tei/318.xml	/*/*[2]/*/*/*/*[2]/*[2]/*[1]	TEI/text/body/listBibl/msDesc/msContents/msItem/locus	B	skip_empty	no									"<locus from="""" to=""""/>"	"<locus from="""" to=""""/>"	empty placeholder (no @from/@to) — nothing to render
319	data/manuscripts/tei/319.xml	/*/*[2]/*/*/*/*[2]/*[2]/*[1]	TEI/text/body/listBibl/msDesc/msContents/msItem/locus	B	no_change	no	1r	204v	1r–204v		1r	204v	1r–204v		"<locus from=""1r"" to=""204v"">1r–204v</locus>"	"<locus from=""1r"" to=""204v"">1r–204v</locus>"	text already matches @from/@to
319	data/manuscripts/tei/319.xml	/*/*[2]/*/*/*/*[2]/*[3]/*[1]	TEI/text/body/listBibl/msDesc/msContents/msItem/locus	B	no_change	no	204v	205r	204v–205r		204v	205r	204v–205r		"<locus from=""204v"" to=""205r"">204v–205r</locus>"	"<locus from=""204v"" to=""205r"">204v–205r</locus>"	text already matches @from/@to
32	data/manuscripts/tei/32.xml	/*/*[2]/*/*/*/*[2]/*[2]/*[1]	TEI/text/body/listBibl/msDesc/msContents/msItem/locus	B	skip_empty	no									"<locus from="""" to=""""/>"	"<locus from="""" to=""""/>"	empty placeholder (no @from/@to) — nothing to render
320	data/manuscripts/tei/320.xml	/*/*[2]/*/*/*/*[2]/*[2]/*[1]	TEI/text/body/listBibl/msDesc/msContents/msItem/locus	B	skip_empty	no									"<locus from="""" to=""""/>"	"<locus from="""" to=""""/>"	empty placeholder (no @from/@to) — nothing to render
321	data/manuscripts/tei/321.xml	/*/*[2]/*/*/*/*[2]/*[2]/*[1]	TEI/text/body/listBibl/msDesc/msContents/msItem/locus	B	skip_empty	no									"<locus from="""" to=""""/>"	"<locus from="""" to=""""/>"	empty placeholder (no @from/@to) — nothing to render
322	data/manuscripts/tei/322.xml	/*/*[2]/*/*/*/*[2]/*[2]/*[1]	TEI/text/body/listBibl/msDesc/msContents/msItem/locus	B	skip_empty	no									"<locus from="""" to=""""/>"	"<locus from="""" to=""""/>"	empty placeholder (no @from/@to) — nothing to render
322	data/manuscripts/tei/322.xml	/*/*[2]/*/*/*/*[2]/*[3]/*[1]	TEI/text/body/listBibl/msDesc/msContents/msItem/locus	B	skip_empty	no									"<locus from="""" to=""""/>"	"<locus from="""" to=""""/>"	empty placeholder (no @from/@to) — nothing to render
322	data/manuscripts/tei/322.xml	/*/*[2]/*/*/*/*[2]/*[4]/*[1]	TEI/text/body/listBibl/msDesc/msContents/msItem/locus	B	skip_empty	no									"<locus from="""" to=""""/>"	"<locus from="""" to=""""/>"	empty placeholder (no @from/@to) — nothing to render
323	data/manuscripts/tei/323.xml	/*/*[2]/*/*/*/*[2]/*[2]/*[1]	TEI/text/body/listBibl/msDesc/msContents/msItem/locus	B	skip_empty	no									"<locus from="""" to=""""/>"	"<locus from="""" to=""""/>"	empty placeholder (no @from/@to) — nothing to render
324	data/manuscripts/tei/324.xml	/*/*[2]/*/*/*/*[2]/*[2]/*[1]	TEI/text/body/listBibl/msDesc/msContents/msItem/locus	B	no_change	no	1r	117v	1r–117v		1r	117v	1r–117v		"<locus from=""1r"" to=""117v"">1r–117v</locus>"	"<locus from=""1r"" to=""117v"">1r–117v</locus>"	text already matches @from/@to
324	data/manuscripts/tei/324.xml	/*/*[2]/*/*/*/*[2]/*[3]/*[1]	TEI/text/body/listBibl/msDesc/msContents/msItem/locus	B	no_change	no	110r	119v	110r–119v		110r	119v	110r–119v		"<locus from=""110r"" to=""119v"">110r–119v</locus>"	"<locus from=""110r"" to=""119v"">110r–119v</locus>"	text already matches @from/@to
325	data/manuscripts/tei/325.xml	/*/*[2]/*/*/*/*[2]/*[2]/*[1]	TEI/text/body/listBibl/msDesc/msContents/msItem/locus	B	no_change	no	1r	51v	1r–51v		1r	51v	1r–51v		"<locus from=""1r"" to=""51v"">1r–51v</locus>"	"<locus from=""1r"" to=""51v"">1r–51v</locus>"	text already matches @from/@to
325	data/manuscripts/tei/325.xml	/*/*[2]/*/*/*/*[2]/*[2]/*[2]	TEI/text/body/listBibl/msDesc/msContents/msItem/locus	B	no_change	no	80r	89v	80r–89v		80r	89v	80r–89v		"<locus from=""80r"" to=""89v"">80r–89v</locus>"	"<locus from=""80r"" to=""89v"">80r–89v</locus>"	text already matches @from/@to
325	data/manuscripts/tei/325.xml	/*/*[2]/*/*/*/*[2]/*[2]/*[3]	TEI/text/body/listBibl/msDesc/msContents/msItem/locus	B	no_change	no	111r	132v	111r–132v		111r	132v	111r–132v		"<locus from=""111r"" to=""132v"">111r–132v</locus>"	"<locus from=""111r"" to=""132v"">111r–132v</locus>"	text already matches @from/@to
325	data/manuscripts/tei/325.xml	/*/*[2]/*/*/*/*[2]/*[2]/*[4]	TEI/text/body/listBibl/msDesc/msContents/msItem/locus	B	no_change	no	134r	160v	134r–160v		134r	160v	134r–160v		"<locus from=""134r"" to=""160v"">134r–160v</locus>"	"<locus from=""134r"" to=""160v"">134r–160v</locus>"	text already matches @from/@to
325	data/manuscripts/tei/325.xml	/*/*[2]/*/*/*/*[2]/*[3]/*[1]	TEI/text/body/listBibl/msDesc/msContents/msItem/locus	B	no_change	no	54r	61v	54r–61v		54r	61v	54r–61v		"<locus from=""54r"" to=""61v"">54r–61v</locus>"	"<locus from=""54r"" to=""61v"">54r–61v</locus>"	text already matches @from/@to
325	data/manuscripts/tei/325.xml	/*/*[2]/*/*/*/*[2]/*[4]/*[1]	TEI/text/body/listBibl/msDesc/msContents/msItem/locus	B	no_change	no	52r	53v	52r–53v		52r	53v	52r–53v		"<locus from=""52r"" to=""53v"">52r–53v</locus>"	"<locus from=""52r"" to=""53v"">52r–53v</locus>"	text already matches @from/@to
325	data/manuscripts/tei/325.xml	/*/*[2]/*/*/*/*[2]/*[4]/*[2]	TEI/text/body/listBibl/msDesc/msContents/msItem/locus	B	no_change	no	90r	96v	90r–96v		90r	96v	90r–96v		"<locus from=""90r"" to=""96v"">90r–96v</locus>"	"<locus from=""90r"" to=""96v"">90r–96v</locus>"	text already matches @from/@to
325	data/manuscripts/tei/325.xml	/*/*[2]/*/*/*/*[2]/*[5]/*[1]	TEI/text/body/listBibl/msDesc/msContents/msItem/locus	B	no_change	no	62r	79v	62r–79v		62r	79v	62r–79v		"<locus from=""62r"" to=""79v"">62r–79v</locus>"	"<locus from=""62r"" to=""79v"">62r–79v</locus>"	text already matches @from/@to
325	data/manuscripts/tei/325.xml	/*/*[2]/*/*/*/*[2]/*[5]/*[2]	TEI/text/body/listBibl/msDesc/msContents/msItem/locus	B	skip_empty	no									<locus/>	<locus/>	empty placeholder (no @from/@to) — nothing to render
325	data/manuscripts/tei/325.xml	/*/*[2]/*/*/*/*[2]/*[6]/*[1]	TEI/text/body/listBibl/msDesc/msContents/msItem/locus	B	no_change	no	97r	108v	97r–108v		97r	108v	97r–108v		"<locus from=""97r"" to=""108v"">97r–108v</locus>"	"<locus from=""97r"" to=""108v"">97r–108v</locus>"	text already matches @from/@to
325	data/manuscripts/tei/325.xml	/*/*[2]/*/*/*/*[2]/*[6]/*[2]	TEI/text/body/listBibl/msDesc/msContents/msItem/locus	B	no_change	no	133r	v	133r–v		133r	v	133r–v		"<locus from=""133r"" to=""v"">133r–v</locus>"	"<locus from=""133r"" to=""v"">133r–v</locus>"	text already matches @from/@to
325	data/manuscripts/tei/325.xml	/*/*[2]/*/*/*/*[2]/*[7]/*[1]	TEI/text/body/listBibl/msDesc/msContents/msItem/locus	B	no_change	no	109r	v	109r–v		109r	v	109r–v		"<locus from=""109r"" to=""v"">109r–v</locus>"	"<locus from=""109r"" to=""v"">109r–v</locus>"	text already matches @from/@to
325	data/manuscripts/tei/325.xml	/*/*[2]/*/*/*/*[2]/*[8]/*[1]	TEI/text/body/listBibl/msDesc/msContents/msItem/locus	B	no_change	no	110r	v	110r–v		110r	v	110r–v		"<locus from=""110r"" to=""v"">110r–v</locus>"	"<locus from=""110r"" to=""v"">110r–v</locus>"	text already matches @from/@to
326	data/manuscripts/tei/326.xml	/*/*[2]/*/*/*/*[2]/*[2]/*[1]	TEI/text/body/listBibl/msDesc/msContents/msItem/locus	B	no_change	no	1r	79v	1r–79v		1r	79v	1r–79v		"<locus from=""1r"" to=""79v"">1r–79v</locus>"	"<locus from=""1r"" to=""79v"">1r–79v</locus>"	text already matches @from/@to
326	data/manuscripts/tei/326.xml	/*/*[2]/*/*/*/*[2]/*[3]/*[1]	TEI/text/body/listBibl/msDesc/msContents/msItem/locus	B	no_change	no	80r	81v	80r–81v		80r	81v	80r–81v		"<locus from=""80r"" to=""81v"">80r–81v</locus>"	"<locus from=""80r"" to=""81v"">80r–81v</locus>"	text already matches @from/@to
327	data/manuscripts/tei/327.xml	/*/*[2]/*/*/*/*[2]/*[2]/*[1]	TEI/text/body/listBibl/msDesc/msContents/msItem/locus	B	no_change	no	1r	339v	1r–339v		1r	339v	1r–339v		"<locus from=""1r"" to=""339v"">1r–339v</locus>"	"<locus from=""1r"" to=""339v"">1r–339v</locus>"	text already matches @from/@to
328	data/manuscripts/tei/328.xml	/*/*[2]/*/*/*/*[2]/*[2]/*[1]	TEI/text/body/listBibl/msDesc/msContents/msItem/locus	B	no_change	no	1r	165v	1r–165v		1r	165v	1r–165v		"<locus from=""1r"" to=""165v"">1r–165v</locus>"	"<locus from=""1r"" to=""165v"">1r–165v</locus>"	text already matches @from/@to
329	data/manuscripts/tei/329.xml	/*/*[2]/*/*/*/*[2]/*[2]/*[1]	TEI/text/body/listBibl/msDesc/msContents/msItem/locus	B	no_change	no	1r	313v	1r–313v		1r	313v	1r–313v		"<locus from=""1r"" to=""313v"">1r–313v</locus>"	"<locus from=""1r"" to=""313v"">1r–313v</locus>"	text already matches @from/@to
33	data/manuscripts/tei/33.xml	/*/*[2]/*/*/*/*[2]/*[2]/*[1]	TEI/text/body/listBibl/msDesc/msContents/msItem/locus	B	skip_empty	no									"<locus from="""" to=""""/>"	"<locus from="""" to=""""/>"	empty placeholder (no @from/@to) — nothing to render
330	data/manuscripts/tei/330.xml	/*/*[2]/*/*/*/*[2]/*[2]/*[1]	TEI/text/body/listBibl/msDesc/msContents/msItem/locus	B	no_change	no	1v	10v	1v–10v		1v	10v	1v–10v		"<locus from=""1v"" to=""10v"">1v–10v</locus>"	"<locus from=""1v"" to=""10v"">1v–10v</locus>"	text already matches @from/@to
330	data/manuscripts/tei/330.xml	/*/*[2]/*/*/*/*[2]/*[3]/*[1]	TEI/text/body/listBibl/msDesc/msContents/msItem/locus	B	preserve_human	no	11r		11r (top)		11r		11r (top)		"<locus from=""11r"">11r (top)</locus>"	"<locus from=""11r"">11r (top)</locus>"	human prose/label — preserved
330	data/manuscripts/tei/330.xml	/*/*[2]/*/*/*/*[2]/*[4]/*[1]	TEI/text/body/listBibl/msDesc/msContents/msItem/locus	B	preserve_human	no	11r	14v	11r (bottom)–14v		11r	14v	11r (bottom)–14v		"<locus from=""11r"" to=""14v"">11r (bottom)–14v</locus>"	"<locus from=""11r"" to=""14v"">11r (bottom)–14v</locus>"	human prose/label — preserved
331	data/manuscripts/tei/331.xml	/*/*[2]/*/*/*/*[2]/*[2]/*[1]	TEI/text/body/listBibl/msDesc/msContents/msItem/locus	B	no_change	no	1r	2v	1r–2v		1r	2v	1r–2v		"<locus from=""1r"" to=""2v"">1r–2v</locus>"	"<locus from=""1r"" to=""2v"">1r–2v</locus>"	text already matches @from/@to
332	data/manuscripts/tei/332.xml	/*/*[2]/*/*/*/*[2]/*[2]/*[1]	TEI/text/body/listBibl/msDesc/msContents/msItem/locus	B	no_change	no	1r	219v	1r–219v		1r	219v	1r–219v		"<locus from=""1r"" to=""219v"">1r–219v</locus>"	"<locus from=""1r"" to=""219v"">1r–219v</locus>"	text already matches @from/@to
333	data/manuscripts/tei/333.xml	/*/*[2]/*/*/*/*[2]/*[2]/*[1]	TEI/text/body/listBibl/msDesc/msContents/msItem/locus	B	no_change	no	1r	19v	1r–19v		1r	19v	1r–19v		"<locus from=""1r"" to=""19v"">1r–19v</locus>"	"<locus from=""1r"" to=""19v"">1r–19v</locus>"	text already matches @from/@to
333	data/manuscripts/tei/333.xml	/*/*[2]/*/*/*/*[2]/*[2]/*[2]	TEI/text/body/listBibl/msDesc/msContents/msItem/locus	B	no_change	no	24r	33v	24r–33v		24r	33v	24r–33v		"<locus from=""24r"" to=""33v"">24r–33v</locus>"	"<locus from=""24r"" to=""33v"">24r–33v</locus>"	text already matches @from/@to
333	data/manuscripts/tei/333.xml	/*/*[2]/*/*/*/*[2]/*[2]/*[3]	TEI/text/body/listBibl/msDesc/msContents/msItem/locus	B	no_change	no	66r	90v	66r–90v		66r	90v	66r–90v		"<locus from=""66r"" to=""90v"">66r–90v</locus>"	"<locus from=""66r"" to=""90v"">66r–90v</locus>"	text already matches @from/@to
333	data/manuscripts/tei/333.xml	/*/*[2]/*/*/*/*[2]/*[3]/*[1]	TEI/text/body/listBibl/msDesc/msContents/msItem/locus	B	no_change	no	20r	23v	20r–23v		20r	23v	20r–23v		"<locus from=""20r"" to=""23v"">20r–23v</locus>"	"<locus from=""20r"" to=""23v"">20r–23v</locus>"	text already matches @from/@to
333	data/manuscripts/tei/333.xml	/*/*[2]/*/*/*/*[2]/*[3]/*[2]	TEI/text/body/listBibl/msDesc/msContents/msItem/locus	B	no_change	no	34r	39v	34r–39v		34r	39v	34r–39v		"<locus from=""34r"" to=""39v"">34r–39v</locus>"	"<locus from=""34r"" to=""39v"">34r–39v</locus>"	text already matches @from/@to
333	data/manuscripts/tei/333.xml	/*/*[2]/*/*/*/*[2]/*[3]/*[3]	TEI/text/body/listBibl/msDesc/msContents/msItem/locus	B	no_change	no	42r	43v	42r–43v		42r	43v	42r–43v		"<locus from=""42r"" to=""43v"">42r–43v</locus>"	"<locus from=""42r"" to=""43v"">42r–43v</locus>"	text already matches @from/@to
333	data/manuscripts/tei/333.xml	/*/*[2]/*/*/*/*[2]/*[3]/*[4]	TEI/text/body/listBibl/msDesc/msContents/msItem/locus	B	no_change	no	49r	57v	49r–57v		49r	57v	49r–57v		"<locus from=""49r"" to=""57v"">49r–57v</locus>"	"<locus from=""49r"" to=""57v"">49r–57v</locus>"	text already matches @from/@to
333	data/manuscripts/tei/333.xml	/*/*[2]/*/*/*/*[2]/*[4]/*[1]	TEI/text/body/listBibl/msDesc/msContents/msItem/locus	B	no_change	no	40r	41v	40r–41v		40r	41v	40r–41v		"<locus from=""40r"" to=""41v"">40r–41v</locus>"	"<locus from=""40r"" to=""41v"">40r–41v</locus>"	text already matches @from/@to
333	data/manuscripts/tei/333.xml	/*/*[2]/*/*/*/*[2]/*[5]/*[1]	TEI/text/body/listBibl/msDesc/msContents/msItem/locus	B	no_change	no	44r	48v	44r–48v		44r	48v	44r–48v		"<locus from=""44r"" to=""48v"">44r–48v</locus>"	"<locus from=""44r"" to=""48v"">44r–48v</locus>"	text already matches @from/@to
333	data/manuscripts/tei/333.xml	/*/*[2]/*/*/*/*[2]/*[5]/*[2]	TEI/text/body/listBibl/msDesc/msContents/msItem/locus	B	no_change	no	58r	65v	58r–65v		58r	65v	58r–65v		"<locus from=""58r"" to=""65v"">58r–65v</locus>"	"<locus from=""58r"" to=""65v"">58r–65v</locus>"	text already matches @from/@to
334	data/manuscripts/tei/334.xml	/*/*[2]/*/*/*/*[2]/*[2]/*[1]	TEI/text/body/listBibl/msDesc/msContents/msItem/locus	B	no_change	no	1r	42v	1r–42v		1r	42v	1r–42v		"<locus from=""1r"" to=""42v"">1r–42v</locus>"	"<locus from=""1r"" to=""42v"">1r–42v</locus>"	text already matches @from/@to
335	data/manuscripts/tei/335.xml	/*/*[2]/*/*/*/*[2]/*[2]/*[1]	TEI/text/body/listBibl/msDesc/msContents/msItem/locus	B	no_change	no	1r	1v	1r–1v		1r	1v	1r–1v		"<locus from=""1r"" to=""1v"">1r–1v</locus>"	"<locus from=""1r"" to=""1v"">1r–1v</locus>"	text already matches @from/@to
335	data/manuscripts/tei/335.xml	/*/*[2]/*/*/*/*[2]/*[2]/*[2]	TEI/text/body/listBibl/msDesc/msContents/msItem/locus	B	no_change	no	3r	12v	3r–12v		3r	12v	3r–12v		"<locus from=""3r"" to=""12v"">3r–12v</locus>"	"<locus from=""3r"" to=""12v"">3r–12v</locus>"	text already matches @from/@to
336	data/manuscripts/tei/336.xml	/*/*[2]/*/*/*/*[2]/*[2]/*[1]	TEI/text/body/listBibl/msDesc/msContents/msItem/locus	B	no_change	no	1r	4v	1r–4v		1r	4v	1r–4v		"<locus from=""1r"" to=""4v"">1r–4v</locus>"	"<locus from=""1r"" to=""4v"">1r–4v</locus>"	text already matches @from/@to
337	data/manuscripts/tei/337.xml	/*/*[2]/*/*/*/*[2]/*[2]/*[1]	TEI/text/body/listBibl/msDesc/msContents/msItem/locus	B	skip_empty	no									"<locus from="""" to=""""/>"	"<locus from="""" to=""""/>"	empty placeholder (no @from/@to) — nothing to render
338	data/manuscripts/tei/338.xml	/*/*[2]/*/*/*/*[2]/*[2]/*[1]	TEI/text/body/listBibl/msDesc/msContents/msItem/locus	B	no_change	no	1	8	1–8		1	8	1–8		"<locus from=""1"" to=""8"">1–8</locus>"	"<locus from=""1"" to=""8"">1–8</locus>"	text already matches @from/@to
338	data/manuscripts/tei/338.xml	/*/*[2]/*/*/*/*[2]/*[3]/*[1]	TEI/text/body/listBibl/msDesc/msContents/msItem/locus	B	no_change	no	9	29	9–29		9	29	9–29		"<locus from=""9"" to=""29"">9–29</locus>"	"<locus from=""9"" to=""29"">9–29</locus>"	text already matches @from/@to
339	data/manuscripts/tei/339.xml	/*/*[2]/*/*/*/*[2]/*[2]/*[1]	TEI/text/body/listBibl/msDesc/msContents/msItem/locus	B	skip_empty	no									"<locus from="""" to=""""/>"	"<locus from="""" to=""""/>"	empty placeholder (no @from/@to) — nothing to render
34	data/manuscripts/tei/34.xml	/*/*[2]/*/*/*/*[2]/*[2]/*[1]	TEI/text/body/listBibl/msDesc/msContents/msItem/locus	B	skip_empty	no									"<locus from="""" to=""""/>"	"<locus from="""" to=""""/>"	empty placeholder (no @from/@to) — nothing to render
340	data/manuscripts/tei/340.xml	/*/*[2]/*/*/*/*[2]/*[2]/*[1]	TEI/text/body/listBibl/msDesc/msContents/msItem/locus	B	no_change	no	1r	100v	1r–100v		1r	100v	1r–100v		"<locus from=""1r"" to=""100v"">1r–100v</locus>"	"<locus from=""1r"" to=""100v"">1r–100v</locus>"	text already matches @from/@to
341	data/manuscripts/tei/341.xml	/*/*[2]/*/*/*/*[2]/*[2]/*[1]	TEI/text/body/listBibl/msDesc/msContents/msItem/locus	B	no_change	no	1r	2v	1r–2v		1r	2v	1r–2v		"<locus from=""1r"" to=""2v"">1r–2v</locus>"	"<locus from=""1r"" to=""2v"">1r–2v</locus>"	text already matches @from/@to
342	data/manuscripts/tei/342.xml	/*/*[2]/*/*/*/*[2]/*[2]/*[1]	TEI/text/body/listBibl/msDesc/msContents/msItem/locus	B	no_change	no	1r	1v	1r–1v		1r	1v	1r–1v		"<locus from=""1r"" to=""1v"">1r–1v</locus>"	"<locus from=""1r"" to=""1v"">1r–1v</locus>"	text already matches @from/@to
343	data/manuscripts/tei/343.xml	/*/*[2]/*/*/*/*[2]/*[2]/*[1]	TEI/text/body/listBibl/msDesc/msContents/msItem/locus	B	no_change	no	1r	76v	1r–76v		1r	76v	1r–76v		"<locus from=""1r"" to=""76v"">1r–76v</locus>"	"<locus from=""1r"" to=""76v"">1r–76v</locus>"	text already matches @from/@to
344	data/manuscripts/tei/344.xml	/*/*[2]/*/*/*/*[2]/*[2]/*[1]	TEI/text/body/listBibl/msDesc/msContents/msItem/locus	B	skip_empty	no									"<locus from="""" to=""""/>"	"<locus from="""" to=""""/>"	empty placeholder (no @from/@to) — nothing to render
345	data/manuscripts/tei/345.xml	/*/*[2]/*/*/*/*[2]/*[2]/*[1]	TEI/text/body/listBibl/msDesc/msContents/msItem/locus	B	no_change	no	1r	3v	1r–3v		1r	3v	1r–3v		"<locus from=""1r"" to=""3v"">1r–3v</locus>"	"<locus from=""1r"" to=""3v"">1r–3v</locus>"	text already matches @from/@to
346	data/manuscripts/tei/346.xml	/*/*[2]/*/*/*/*[2]/*[2]/*[1]	TEI/text/body/listBibl/msDesc/msContents/msItem/locus	B	no_change	no	1r	92v	1r–92v		1r	92v	1r–92v		"<locus from=""1r"" to=""92v"">1r–92v</locus>"	"<locus from=""1r"" to=""92v"">1r–92v</locus>"	text already matches @from/@to
346	data/manuscripts/tei/346.xml	/*/*[2]/*/*/*/*[2]/*[2]/*[2]	TEI/text/body/listBibl/msDesc/msContents/msItem/locus	B	no_change	no	100r		100r		100r		100r		"<locus from=""100r"">100r</locus>"	"<locus from=""100r"">100r</locus>"	text already matches @from/@to
346	data/manuscripts/tei/346.xml	/*/*[2]/*/*/*/*[2]/*[3]/*[1]	TEI/text/body/listBibl/msDesc/msContents/msItem/locus	B	no_change	no	93r	99v	93r–99v		93r	99v	93r–99v		"<locus from=""93r"" to=""99v"">93r–99v</locus>"	"<locus from=""93r"" to=""99v"">93r–99v</locus>"	text already matches @from/@to
346	data/manuscripts/tei/346.xml	/*/*[2]/*/*/*/*[2]/*[3]/*[2]	TEI/text/body/listBibl/msDesc/msContents/msItem/locus	B	no_change	no	100v		100v		100v		100v		"<locus from=""100v"">100v</locus>"	"<locus from=""100v"">100v</locus>"	text already matches @from/@to
347	data/manuscripts/tei/347.xml	/*/*[2]/*/*/*/*[2]/*[2]/*[1]	TEI/text/body/listBibl/msDesc/msContents/msItem/locus	B	skip_empty	no									"<locus from="""" to=""""/>"	"<locus from="""" to=""""/>"	empty placeholder (no @from/@to) — nothing to render
348	data/manuscripts/tei/348.xml	/*/*[2]/*/*/*/*[2]/*[2]/*[1]	TEI/text/body/listBibl/msDesc/msContents/msItem/locus	B	skip_empty	no									"<locus from="""" to=""""/>"	"<locus from="""" to=""""/>"	empty placeholder (no @from/@to) — nothing to render
349	data/manuscripts/tei/349.xml	/*/*[2]/*/*/*/*[2]/*[2]/*[1]	TEI/text/body/listBibl/msDesc/msContents/msItem/locus	B	skip_empty	no									"<locus from="""" to=""""/>"	"<locus from="""" to=""""/>"	empty placeholder (no @from/@to) — nothing to render
35	data/manuscripts/tei/35.xml	/*/*[2]/*/*/*/*[2]/*[2]/*[1]	TEI/text/body/listBibl/msDesc/msContents/msItem/locus	B	skip_empty	no									"<locus from="""" to=""""/>"	"<locus from="""" to=""""/>"	empty placeholder (no @from/@to) — nothing to render
350	data/manuscripts/tei/350.xml	/*/*[2]/*/*/*/*[2]/*[2]/*[1]	TEI/text/body/listBibl/msDesc/msContents/msItem/locus	B	skip_empty	no									"<locus from="""" to=""""/>"	"<locus from="""" to=""""/>"	empty placeholder (no @from/@to) — nothing to render
351	data/manuscripts/tei/351.xml	/*/*[2]/*/*/*/*[2]/*[2]/*[1]	TEI/text/body/listBibl/msDesc/msContents/msItem/locus	B	skip_empty	no									"<locus from="""" to=""""/>"	"<locus from="""" to=""""/>"	empty placeholder (no @from/@to) — nothing to render
353	data/manuscripts/tei/353.xml	/*/*[2]/*/*/*/*[2]/*[2]/*[1]	TEI/text/body/listBibl/msDesc/msContents/msItem/locus	B	no_change	no	1r	114v	1r–114v		1r	114v	1r–114v		"<locus from=""1r"" to=""114v"">1r–114v</locus>"	"<locus from=""1r"" to=""114v"">1r–114v</locus>"	text already matches @from/@to
354	data/manuscripts/tei/354.xml	/*/*[2]/*/*/*/*[2]/*[2]/*[1]	TEI/text/body/listBibl/msDesc/msContents/msItem/locus	B	no_change	no	1r	162v	1r–162v		1r	162v	1r–162v		"<locus from=""1r"" to=""162v"">1r–162v</locus>"	"<locus from=""1r"" to=""162v"">1r–162v</locus>"	text already matches @from/@to
355	data/manuscripts/tei/355.xml	/*/*[2]/*/*/*/*[2]/*[2]/*[1]	TEI/text/body/listBibl/msDesc/msContents/msItem/locus	B	no_change	no	1r	3v	1r–3v		1r	3v	1r–3v		"<locus from=""1r"" to=""3v"">1r–3v</locus>"	"<locus from=""1r"" to=""3v"">1r–3v</locus>"	text already matches @from/@to
356	data/manuscripts/tei/356.xml	/*/*[2]/*/*/*/*[2]/*[2]/*[1]	TEI/text/body/listBibl/msDesc/msContents/msItem/locus	B	no_change	no	1	92	1–92		1	92	1–92		"<locus from=""1"" to=""92"">1–92</locus>"	"<locus from=""1"" to=""92"">1–92</locus>"	text already matches @from/@to
357	data/manuscripts/tei/357.xml	/*/*[2]/*/*/*/*[2]/*[2]/*[1]	TEI/text/body/listBibl/msDesc/msContents/msItem/locus	B	no_change	no	1r	14v	1r–14v		1r	14v	1r–14v		"<locus from=""1r"" to=""14v"">1r–14v</locus>"	"<locus from=""1r"" to=""14v"">1r–14v</locus>"	text already matches @from/@to
358	data/manuscripts/tei/358.xml	/*/*[2]/*/*/*/*[2]/*[2]/*[1]	TEI/text/body/listBibl/msDesc/msContents/msItem/locus	B	no_change	no	1r	75v	1r–75v		1r	75v	1r–75v		"<locus from=""1r"" to=""75v"">1r–75v</locus>"	"<locus from=""1r"" to=""75v"">1r–75v</locus>"	text already matches @from/@to
359	data/manuscripts/tei/359.xml	/*/*[2]/*/*/*/*[2]/*[2]/*[1]	TEI/text/body/listBibl/msDesc/msContents/msItem/locus	B	no_change	no	1r	2v	1r–2v		1r	2v	1r–2v		"<locus from=""1r"" to=""2v"">1r–2v</locus>"	"<locus from=""1r"" to=""2v"">1r–2v</locus>"	text already matches @from/@to
359	data/manuscripts/tei/359.xml	/*/*[2]/*/*/*/*[2]/*[3]/*[1]	TEI/text/body/listBibl/msDesc/msContents/msItem/locus	B	no_change	no	2v		2v		2v		2v		"<locus from=""2v"" to="""">2v</locus>"	"<locus from=""2v"" to="""">2v</locus>"	text already matches @from/@to
36	data/manuscripts/tei/36.xml	/*/*[2]/*/*/*/*[2]/*[2]/*[1]	TEI/text/body/listBibl/msDesc/msContents/msItem/locus	B	skip_empty	no									"<locus from="""" to=""""/>"	"<locus from="""" to=""""/>"	empty placeholder (no @from/@to) — nothing to render
360	data/manuscripts/tei/360.xml	/*/*[2]/*/*/*/*[2]/*[2]/*[1]	TEI/text/body/listBibl/msDesc/msContents/msItem/locus	B	no_change	no	1r	36v	1r–36v		1r	36v	1r–36v		"<locus from=""1r"" to=""36v"">1r–36v</locus>"	"<locus from=""1r"" to=""36v"">1r–36v</locus>"	text already matches @from/@to
361	data/manuscripts/tei/361.xml	/*/*[2]/*/*/*/*[2]/*[2]/*[1]	TEI/text/body/listBibl/msDesc/msContents/msItem/locus	B	no_change	no	1r	138v	1r–138v		1r	138v	1r–138v		"<locus from=""1r"" to=""138v"">1r–138v</locus>"	"<locus from=""1r"" to=""138v"">1r–138v</locus>"	text already matches @from/@to
362	data/manuscripts/tei/362.xml	/*/*[2]/*/*/*/*[2]/*[2]/*[1]	TEI/text/body/listBibl/msDesc/msContents/msItem/locus	B	no_change	no	1r	27v	1r–27v		1r	27v	1r–27v		"<locus from=""1r"" to=""27v"">1r–27v</locus>"	"<locus from=""1r"" to=""27v"">1r–27v</locus>"	text already matches @from/@to
363	data/manuscripts/tei/363.xml	/*/*[2]/*/*/*/*[2]/*[2]/*[1]	TEI/text/body/listBibl/msDesc/msContents/msItem/locus	B	no_change	no	1r		1r		1r		1r		"<locus from=""1r"" to="""">1r</locus>"	"<locus from=""1r"" to="""">1r</locus>"	text already matches @from/@to
364	data/manuscripts/tei/364.xml	/*/*[2]/*/*/*/*[2]/*[2]/*[1]	TEI/text/body/listBibl/msDesc/msContents/msItem/locus	B	no_change	no	1r	1v	1r–1v		1r	1v	1r–1v		"<locus from=""1r"" to=""1v"">1r–1v</locus>"	"<locus from=""1r"" to=""1v"">1r–1v</locus>"	text already matches @from/@to
365	data/manuscripts/tei/365.xml	/*/*[2]/*/*/*/*[2]/*[2]/*[1]	TEI/text/body/listBibl/msDesc/msContents/msItem/locus	B	no_change	no	1r	8v	1r–8v		1r	8v	1r–8v		"<locus from=""1r"" to=""8v"">1r–8v</locus>"	"<locus from=""1r"" to=""8v"">1r–8v</locus>"	text already matches @from/@to
366	data/manuscripts/tei/366.xml	/*/*[2]/*/*/*/*[2]/*[2]/*[1]	TEI/text/body/listBibl/msDesc/msContents/msItem/locus	B	no_change	no	1r	4v	1r–4v		1r	4v	1r–4v		"<locus from=""1r"" to=""4v"">1r–4v</locus>"	"<locus from=""1r"" to=""4v"">1r–4v</locus>"	text already matches @from/@to
366	data/manuscripts/tei/366.xml	/*/*[2]/*/*/*/*[2]/*[2]/*[2]	TEI/text/body/listBibl/msDesc/msContents/msItem/locus	B	no_change	no	6r	28v	6r–28v		6r	28v	6r–28v		"<locus from=""6r"" to=""28v"">6r–28v</locus>"	"<locus from=""6r"" to=""28v"">6r–28v</locus>"	text already matches @from/@to
367	data/manuscripts/tei/367.xml	/*/*[2]/*/*/*/*[2]/*[2]/*[1]	TEI/text/body/listBibl/msDesc/msContents/msItem/locus	B	skip_empty	no									"<locus from="""" to=""""/>"	"<locus from="""" to=""""/>"	empty placeholder (no @from/@to) — nothing to render
368	data/manuscripts/tei/368.xml	/*/*[2]/*/*/*/*[2]/*[2]/*[1]	TEI/text/body/listBibl/msDesc/msContents/msItem/locus	B	skip_empty	no									"<locus from="""" to=""""/>"	"<locus from="""" to=""""/>"	empty placeholder (no @from/@to) — nothing to render
369	data/manuscripts/tei/369.xml	/*/*[2]/*/*/*/*[2]/*[2]/*[1]	TEI/text/body/listBibl/msDesc/msContents/msItem/locus	B	skip_empty	no									"<locus from="""" to=""""/>"	"<locus from="""" to=""""/>"	empty placeholder (no @from/@to) — nothing to render
37	data/manuscripts/tei/37.xml	/*/*[2]/*/*/*/*[2]/*[2]/*[1]	TEI/text/body/listBibl/msDesc/msContents/msItem/locus	B	skip_empty	no									"<locus from="""" to=""""/>"	"<locus from="""" to=""""/>"	empty placeholder (no @from/@to) — nothing to render
370	data/manuscripts/tei/370.xml	/*/*[2]/*/*/*/*[2]/*[2]/*[1]	TEI/text/body/listBibl/msDesc/msContents/msItem/locus	B	skip_empty	no									"<locus from="""" to=""""/>"	"<locus from="""" to=""""/>"	empty placeholder (no @from/@to) — nothing to render
371	data/manuscripts/tei/371.xml	/*/*[2]/*/*/*/*[2]/*[2]/*[1]	TEI/text/body/listBibl/msDesc/msContents/msItem/locus	B	skip_empty	no									"<locus from="""" to=""""/>"	"<locus from="""" to=""""/>"	empty placeholder (no @from/@to) — nothing to render
372	data/manuscripts/tei/372.xml	/*/*[2]/*/*/*/*[2]/*[2]/*[1]	TEI/text/body/listBibl/msDesc/msContents/msItem/locus	B	skip_empty	no									"<locus from="""" to=""""/>"	"<locus from="""" to=""""/>"	empty placeholder (no @from/@to) — nothing to render
373	data/manuscripts/tei/373.xml	/*/*[2]/*/*/*/*[2]/*[2]/*[1]	TEI/text/body/listBibl/msDesc/msContents/msItem/locus	B	skip_empty	no									"<locus from="""" to=""""/>"	"<locus from="""" to=""""/>"	empty placeholder (no @from/@to) — nothing to render
374	data/manuscripts/tei/374.xml	/*/*[2]/*/*/*/*[2]/*[2]/*[1]	TEI/text/body/listBibl/msDesc/msContents/msItem/locus	B	skip_empty	no									"<locus from="""" to=""""/>"	"<locus from="""" to=""""/>"	empty placeholder (no @from/@to) — nothing to render
375	data/manuscripts/tei/375.xml	/*/*[2]/*/*/*/*[2]/*[2]/*[1]	TEI/text/body/listBibl/msDesc/msContents/msItem/locus	B	skip_empty	no									"<locus from="""" to=""""/>"	"<locus from="""" to=""""/>"	empty placeholder (no @from/@to) — nothing to render
376	data/manuscripts/tei/376.xml	/*/*[2]/*/*/*/*[2]/*[2]/*[1]	TEI/text/body/listBibl/msDesc/msContents/msItem/locus	B	skip_empty	no									"<locus from="""" to=""""/>"	"<locus from="""" to=""""/>"	empty placeholder (no @from/@to) — nothing to render
377	data/manuscripts/tei/377.xml	/*/*[2]/*/*/*/*[2]/*[2]/*[1]	TEI/text/body/listBibl/msDesc/msContents/msItem/locus	B	skip_empty	no									"<locus from="""" to=""""/>"	"<locus from="""" to=""""/>"	empty placeholder (no @from/@to) — nothing to render
378	data/manuscripts/tei/378.xml	/*/*[2]/*/*/*/*[2]/*[2]/*[1]	TEI/text/body/listBibl/msDesc/msContents/msItem/locus	B	skip_empty	no									"<locus from="""" to=""""/>"	"<locus from="""" to=""""/>"	empty placeholder (no @from/@to) — nothing to render
379	data/manuscripts/tei/379.xml	/*/*[2]/*/*/*/*[2]/*[2]/*[1]	TEI/text/body/listBibl/msDesc/msContents/msItem/locus	B	skip_empty	no									"<locus from="""" to=""""/>"	"<locus from="""" to=""""/>"	empty placeholder (no @from/@to) — nothing to render
38	data/manuscripts/tei/38.xml	/*/*[2]/*/*/*/*[2]/*[2]/*[1]	TEI/text/body/listBibl/msDesc/msContents/msItem/locus	B	skip_empty	no									"<locus from="""" to=""""/>"	"<locus from="""" to=""""/>"	empty placeholder (no @from/@to) — nothing to render
380	data/manuscripts/tei/380.xml	/*/*[2]/*/*/*/*[2]/*[2]/*[1]	TEI/text/body/listBibl/msDesc/msContents/msItem/locus	B	skip_empty	no									"<locus from="""" to=""""/>"	"<locus from="""" to=""""/>"	empty placeholder (no @from/@to) — nothing to render
381	data/manuscripts/tei/381.xml	/*/*[2]/*/*/*/*[2]/*[2]/*[1]	TEI/text/body/listBibl/msDesc/msContents/msItem/locus	B	skip_empty	no									"<locus from="""" to=""""/>"	"<locus from="""" to=""""/>"	empty placeholder (no @from/@to) — nothing to render
382	data/manuscripts/tei/382.xml	/*/*[2]/*/*/*/*[2]/*[2]/*[1]	TEI/text/body/listBibl/msDesc/msContents/msItem/locus	B	skip_empty	no									"<locus from="""" to=""""/>"	"<locus from="""" to=""""/>"	empty placeholder (no @from/@to) — nothing to render
383	data/manuscripts/tei/383.xml	/*/*[2]/*/*/*/*[2]/*[2]/*[1]	TEI/text/body/listBibl/msDesc/msContents/msItem/locus	B	skip_empty	no									"<locus from="""" to=""""/>"	"<locus from="""" to=""""/>"	empty placeholder (no @from/@to) — nothing to render
384	data/manuscripts/tei/384.xml	/*/*[2]/*/*/*/*[2]/*[2]/*[1]	TEI/text/body/listBibl/msDesc/msContents/msItem/locus	B	skip_empty	no									"<locus from="""" to=""""/>"	"<locus from="""" to=""""/>"	empty placeholder (no @from/@to) — nothing to render
385	data/manuscripts/tei/385.xml	/*/*[2]/*/*/*/*[2]/*[2]/*[1]	TEI/text/body/listBibl/msDesc/msContents/msItem/locus	B	skip_empty	no									"<locus from="""" to=""""/>"	"<locus from="""" to=""""/>"	empty placeholder (no @from/@to) — nothing to render
386	data/manuscripts/tei/386.xml	/*/*[2]/*/*/*/*[2]/*[2]/*[1]	TEI/text/body/listBibl/msDesc/msContents/msItem/locus	B	skip_empty	no									"<locus from="""" to=""""/>"	"<locus from="""" to=""""/>"	empty placeholder (no @from/@to) — nothing to render
387	data/manuscripts/tei/387.xml	/*/*[2]/*/*/*/*[2]/*[2]/*[1]	TEI/text/body/listBibl/msDesc/msContents/msItem/locus	B	skip_empty	no									"<locus from="""" to=""""/>"	"<locus from="""" to=""""/>"	empty placeholder (no @from/@to) — nothing to render
388	data/manuscripts/tei/388.xml	/*/*[2]/*/*/*/*[2]/*[2]/*[1]	TEI/text/body/listBibl/msDesc/msContents/msItem/locus	B	skip_empty	no									"<locus from="""" to=""""/>"	"<locus from="""" to=""""/>"	empty placeholder (no @from/@to) — nothing to render
389	data/manuscripts/tei/389.xml	/*/*[2]/*/*/*/*[2]/*[2]/*[1]	TEI/text/body/listBibl/msDesc/msContents/msItem/locus	B	skip_empty	no									"<locus from="""" to=""""/>"	"<locus from="""" to=""""/>"	empty placeholder (no @from/@to) — nothing to render
39	data/manuscripts/tei/39.xml	/*/*[2]/*/*/*/*[2]/*[2]/*[1]	TEI/text/body/listBibl/msDesc/msContents/msItem/locus	B	skip_empty	no									"<locus from="""" to=""""/>"	"<locus from="""" to=""""/>"	empty placeholder (no @from/@to) — nothing to render
390	data/manuscripts/tei/390.xml	/*/*[2]/*/*/*/*[2]/*[2]/*[1]	TEI/text/body/listBibl/msDesc/msContents/msItem/locus	B	skip_empty	no									"<locus from="""" to=""""/>"	"<locus from="""" to=""""/>"	empty placeholder (no @from/@to) — nothing to render
391	data/manuscripts/tei/391.xml	/*/*[2]/*/*/*/*[2]/*[2]/*[1]	TEI/text/body/listBibl/msDesc/msContents/msItem/locus	B	skip_empty	no									"<locus from="""" to=""""/>"	"<locus from="""" to=""""/>"	empty placeholder (no @from/@to) — nothing to render
392	data/manuscripts/tei/392.xml	/*/*[2]/*/*/*/*[2]/*[2]/*[1]	TEI/text/body/listBibl/msDesc/msContents/msItem/locus	B	skip_empty	no									"<locus from="""" to=""""/>"	"<locus from="""" to=""""/>"	empty placeholder (no @from/@to) — nothing to render
393	data/manuscripts/tei/393.xml	/*/*[2]/*/*/*/*[2]/*[2]/*[1]	TEI/text/body/listBibl/msDesc/msContents/msItem/locus	B	skip_empty	no									"<locus from="""" to=""""/>"	"<locus from="""" to=""""/>"	empty placeholder (no @from/@to) — nothing to render
394	data/manuscripts/tei/394.xml	/*/*[2]/*/*/*/*[2]/*[2]/*[1]	TEI/text/body/listBibl/msDesc/msContents/msItem/locus	B	skip_empty	no									"<locus from="""" to=""""/>"	"<locus from="""" to=""""/>"	empty placeholder (no @from/@to) — nothing to render
395	data/manuscripts/tei/395.xml	/*/*[2]/*/*/*/*[2]/*[2]/*[1]	TEI/text/body/listBibl/msDesc/msContents/msItem/locus	B	skip_empty	no									"<locus from="""" to=""""/>"	"<locus from="""" to=""""/>"	empty placeholder (no @from/@to) — nothing to render
396	data/manuscripts/tei/396.xml	/*/*[2]/*/*/*/*[2]/*[2]/*[1]	TEI/text/body/listBibl/msDesc/msContents/msItem/locus	B	skip_empty	no									"<locus from="""" to=""""/>"	"<locus from="""" to=""""/>"	empty placeholder (no @from/@to) — nothing to render
397	data/manuscripts/tei/397.xml	/*/*[2]/*/*/*/*[2]/*[2]/*[1]	TEI/text/body/listBibl/msDesc/msContents/msItem/locus	B	skip_empty	no									"<locus from="""" to=""""/>"	"<locus from="""" to=""""/>"	empty placeholder (no @from/@to) — nothing to render
398	data/manuscripts/tei/398.xml	/*/*[2]/*/*/*/*[2]/*[2]/*[1]	TEI/text/body/listBibl/msDesc/msContents/msItem/locus	B	skip_empty	no									"<locus from="""" to=""""/>"	"<locus from="""" to=""""/>"	empty placeholder (no @from/@to) — nothing to render
399	data/manuscripts/tei/399.xml	/*/*[2]/*/*/*/*[2]/*[2]/*[1]	TEI/text/body/listBibl/msDesc/msContents/msItem/locus	B	skip_empty	no									"<locus from="""" to=""""/>"	"<locus from="""" to=""""/>"	empty placeholder (no @from/@to) — nothing to render
4	data/manuscripts/tei/4.xml	/*/*[2]/*/*/*/*[2]/*[2]/*[1]	TEI/text/body/listBibl/msDesc/msContents/msItem/locus	B	skip_empty	no									"<locus from="""" to=""""/>"	"<locus from="""" to=""""/>"	empty placeholder (no @from/@to) — nothing to render
40	data/manuscripts/tei/40.xml	/*/*[2]/*/*/*/*[2]/*[2]/*[1]	TEI/text/body/listBibl/msDesc/msContents/msItem/locus	B	skip_empty	no									"<locus from="""" to=""""/>"	"<locus from="""" to=""""/>"	empty placeholder (no @from/@to) — nothing to render
400	data/manuscripts/tei/400.xml	/*/*[2]/*/*/*/*[2]/*[2]/*[1]	TEI/text/body/listBibl/msDesc/msContents/msItem/locus	B	skip_empty	no									"<locus from="""" to=""""/>"	"<locus from="""" to=""""/>"	empty placeholder (no @from/@to) — nothing to render
401	data/manuscripts/tei/401.xml	/*/*[2]/*/*/*/*[2]/*[2]/*[1]	TEI/text/body/listBibl/msDesc/msContents/msItem/locus	B	skip_empty	no									"<locus from="""" to=""""/>"	"<locus from="""" to=""""/>"	empty placeholder (no @from/@to) — nothing to render
402	data/manuscripts/tei/402.xml	/*/*[2]/*/*/*/*[2]/*[2]/*[1]	TEI/text/body/listBibl/msDesc/msContents/msItem/locus	B	skip_empty	no									"<locus from="""" to=""""/>"	"<locus from="""" to=""""/>"	empty placeholder (no @from/@to) — nothing to render
403	data/manuscripts/tei/403.xml	/*/*[2]/*/*/*/*[2]/*[2]/*[1]	TEI/text/body/listBibl/msDesc/msContents/msItem/locus	B	skip_empty	no									"<locus from="""" to=""""/>"	"<locus from="""" to=""""/>"	empty placeholder (no @from/@to) — nothing to render
405	data/manuscripts/tei/405.xml	/*/*[2]/*/*/*/*[2]/*[2]/*[1]	TEI/text/body/listBibl/msDesc/msContents/msItem/locus	B	skip_empty	no									"<locus from="""" to=""""/>"	"<locus from="""" to=""""/>"	empty placeholder (no @from/@to) — nothing to render
406	data/manuscripts/tei/406.xml	/*/*[2]/*/*/*/*[2]/*[2]/*[1]	TEI/text/body/listBibl/msDesc/msContents/msItem/locus	B	skip_empty	no									"<locus from="""" to=""""/>"	"<locus from="""" to=""""/>"	empty placeholder (no @from/@to) — nothing to render
407	data/manuscripts/tei/407.xml	/*/*[2]/*/*/*/*[2]/*[2]/*[1]	TEI/text/body/listBibl/msDesc/msContents/msItem/locus	B	skip_empty	no									"<locus from="""" to=""""/>"	"<locus from="""" to=""""/>"	empty placeholder (no @from/@to) — nothing to render
408	data/manuscripts/tei/408.xml	/*/*[2]/*/*/*/*[2]/*[2]/*[1]	TEI/text/body/listBibl/msDesc/msContents/msItem/locus	B	skip_empty	no									"<locus from="""" to=""""/>"	"<locus from="""" to=""""/>"	empty placeholder (no @from/@to) — nothing to render
409	data/manuscripts/tei/409.xml	/*/*[2]/*/*/*/*[2]/*[2]/*[1]	TEI/text/body/listBibl/msDesc/msContents/msItem/locus	B	skip_empty	no									"<locus from="""" to=""""/>"	"<locus from="""" to=""""/>"	empty placeholder (no @from/@to) — nothing to render
41	data/manuscripts/tei/41.xml	/*/*[2]/*/*/*/*[2]/*[2]/*[1]	TEI/text/body/listBibl/msDesc/msContents/msItem/locus	B	skip_empty	no									"<locus from="""" to=""""/>"	"<locus from="""" to=""""/>"	empty placeholder (no @from/@to) — nothing to render
410	data/manuscripts/tei/410.xml	/*/*[2]/*/*/*/*[2]/*[2]/*[1]	TEI/text/body/listBibl/msDesc/msContents/msItem/locus	B	skip_empty	no									"<locus from="""" to=""""/>"	"<locus from="""" to=""""/>"	empty placeholder (no @from/@to) — nothing to render
411	data/manuscripts/tei/411.xml	/*/*[2]/*/*/*/*[2]/*[2]/*[2]	TEI/text/body/listBibl/msDesc/msContents/msItem/locus	B	no_change	no	1r	4v	1r–4v		1r	4v	1r–4v		"<locus from=""1r"" to=""4v"">1r–4v</locus>"	"<locus from=""1r"" to=""4v"">1r–4v</locus>"	text already matches @from/@to
412	data/manuscripts/tei/412.xml	/*/*[2]/*/*/*/*[2]/*[2]/*[1]	TEI/text/body/listBibl/msDesc/msContents/msItem/locus	B	skip_empty	no									"<locus from="""" to=""""/>"	"<locus from="""" to=""""/>"	empty placeholder (no @from/@to) — nothing to render
413	data/manuscripts/tei/413.xml	/*/*[2]/*/*/*/*[2]/*[2]/*[1]	TEI/text/body/listBibl/msDesc/msContents/msItem/locus	B	skip_empty	no									"<locus from="""" to=""""/>"	"<locus from="""" to=""""/>"	empty placeholder (no @from/@to) — nothing to render
414	data/manuscripts/tei/414.xml	/*/*[2]/*/*/*/*[2]/*[2]/*[1]	TEI/text/body/listBibl/msDesc/msContents/msItem/locus	B	skip_empty	no									"<locus from="""" to=""""/>"	"<locus from="""" to=""""/>"	empty placeholder (no @from/@to) — nothing to render
415	data/manuscripts/tei/415.xml	/*/*[2]/*/*/*/*[2]/*[2]/*[1]	TEI/text/body/listBibl/msDesc/msContents/msItem/locus	B	skip_empty	no									"<locus from="""" to=""""/>"	"<locus from="""" to=""""/>"	empty placeholder (no @from/@to) — nothing to render
416	data/manuscripts/tei/416.xml	/*/*[2]/*/*/*/*[2]/*[2]/*[1]	TEI/text/body/listBibl/msDesc/msContents/msItem/locus	B	skip_empty	no									"<locus from="""" to=""""/>"	"<locus from="""" to=""""/>"	empty placeholder (no @from/@to) — nothing to render
417	data/manuscripts/tei/417.xml	/*/*[2]/*/*/*/*[2]/*[2]/*[1]	TEI/text/body/listBibl/msDesc/msContents/msItem/locus	B	skip_empty	no									"<locus from="""" to=""""/>"	"<locus from="""" to=""""/>"	empty placeholder (no @from/@to) — nothing to render
418	data/manuscripts/tei/418.xml	/*/*[2]/*/*/*/*[2]/*[2]/*[1]	TEI/text/body/listBibl/msDesc/msContents/msItem/locus	B	skip_empty	no									"<locus from="""" to=""""/>"	"<locus from="""" to=""""/>"	empty placeholder (no @from/@to) — nothing to render
419	data/manuscripts/tei/419.xml	/*/*[2]/*/*/*/*[2]/*[2]/*[1]	TEI/text/body/listBibl/msDesc/msContents/msItem/locus	B	skip_empty	no									"<locus from="""" to=""""/>"	"<locus from="""" to=""""/>"	empty placeholder (no @from/@to) — nothing to render
42	data/manuscripts/tei/42.xml	/*/*[2]/*/*/*/*[2]/*[2]/*[1]	TEI/text/body/listBibl/msDesc/msContents/msItem/locus	B	skip_empty	no									"<locus from="""" to=""""/>"	"<locus from="""" to=""""/>"	empty placeholder (no @from/@to) — nothing to render
420	data/manuscripts/tei/420.xml	/*/*[2]/*/*/*/*[2]/*[2]/*[1]	TEI/text/body/listBibl/msDesc/msContents/msItem/locus	B	skip_empty	no									"<locus from="""" to=""""/>"	"<locus from="""" to=""""/>"	empty placeholder (no @from/@to) — nothing to render
421	data/manuscripts/tei/421.xml	/*/*[2]/*/*/*/*[2]/*[2]/*[1]	TEI/text/body/listBibl/msDesc/msContents/msItem/locus	B	skip_empty	no									"<locus from="""" to=""""/>"	"<locus from="""" to=""""/>"	empty placeholder (no @from/@to) — nothing to render
422	data/manuscripts/tei/422.xml	/*/*[2]/*/*/*/*[2]/*[2]/*[1]	TEI/text/body/listBibl/msDesc/msContents/msItem/locus	B	no_change	no	1r	9v	1r–9v		1r	9v	1r–9v		"<locus from=""1r"" to=""9v"">1r–9v</locus>"	"<locus from=""1r"" to=""9v"">1r–9v</locus>"	text already matches @from/@to
423	data/manuscripts/tei/423.xml	/*/*[2]/*/*/*/*[2]/*[2]/*[1]	TEI/text/body/listBibl/msDesc/msContents/msItem/locus	B	skip_empty	no									"<locus from="""" to=""""/>"	"<locus from="""" to=""""/>"	empty placeholder (no @from/@to) — nothing to render
424	data/manuscripts/tei/424.xml	/*/*[2]/*/*/*/*[2]/*[2]/*[1]	TEI/text/body/listBibl/msDesc/msContents/msItem/locus	B	skip_empty	no									"<locus from="""" to=""""/>"	"<locus from="""" to=""""/>"	empty placeholder (no @from/@to) — nothing to render
425	data/manuscripts/tei/425.xml	/*/*[2]/*/*/*/*[2]/*[2]/*[1]	TEI/text/body/listBibl/msDesc/msContents/msItem/locus	B	skip_empty	no									"<locus from="""" to=""""/>"	"<locus from="""" to=""""/>"	empty placeholder (no @from/@to) — nothing to render
426	data/manuscripts/tei/426.xml	/*/*[2]/*/*/*/*[2]/*[2]/*[1]	TEI/text/body/listBibl/msDesc/msContents/msItem/locus	B	skip_empty	no									"<locus from="""" to=""""/>"	"<locus from="""" to=""""/>"	empty placeholder (no @from/@to) — nothing to render
428	data/manuscripts/tei/428.xml	/*/*[2]/*/*/*/*[2]/*[2]/*[1]	TEI/text/body/listBibl/msDesc/msContents/msItem/locus	B	skip_empty	no									"<locus from="""" to=""""/>"	"<locus from="""" to=""""/>"	empty placeholder (no @from/@to) — nothing to render
429	data/manuscripts/tei/429.xml	/*/*[2]/*/*/*/*[2]/*[2]/*[1]	TEI/text/body/listBibl/msDesc/msContents/msItem/locus	B	skip_empty	no									"<locus from="""" to=""""/>"	"<locus from="""" to=""""/>"	empty placeholder (no @from/@to) — nothing to render
43	data/manuscripts/tei/43.xml	/*/*[2]/*/*/*/*[2]/*[2]/*[1]	TEI/text/body/listBibl/msDesc/msContents/msItem/locus	B	skip_empty	no									"<locus from="""" to=""""/>"	"<locus from="""" to=""""/>"	empty placeholder (no @from/@to) — nothing to render
430	data/manuscripts/tei/430.xml	/*/*[2]/*/*/*/*[2]/*[2]/*[1]	TEI/text/body/listBibl/msDesc/msContents/msItem/locus	B	skip_empty	no									"<locus from="""" to=""""/>"	"<locus from="""" to=""""/>"	empty placeholder (no @from/@to) — nothing to render
431	data/manuscripts/tei/431.xml	/*/*[2]/*/*/*/*[2]/*[2]/*[1]	TEI/text/body/listBibl/msDesc/msContents/msItem/locus	B	skip_empty	no									"<locus from="""" to=""""/>"	"<locus from="""" to=""""/>"	empty placeholder (no @from/@to) — nothing to render
432	data/manuscripts/tei/432.xml	/*/*[2]/*/*/*/*[2]/*[2]/*[1]	TEI/text/body/listBibl/msDesc/msContents/msItem/locus	B	skip_empty	no									"<locus from="""" to=""""/>"	"<locus from="""" to=""""/>"	empty placeholder (no @from/@to) — nothing to render
434	data/manuscripts/tei/434.xml	/*/*[2]/*/*/*/*[2]/*[2]/*[1]	TEI/text/body/listBibl/msDesc/msContents/msItem/locus	B	skip_empty	no									"<locus from="""" to=""""/>"	"<locus from="""" to=""""/>"	empty placeholder (no @from/@to) — nothing to render
435	data/manuscripts/tei/435.xml	/*/*[2]/*/*/*/*[2]/*[2]/*[1]	TEI/text/body/listBibl/msDesc/msContents/msItem/locus	B	skip_empty	no									"<locus from="""" to=""""/>"	"<locus from="""" to=""""/>"	empty placeholder (no @from/@to) — nothing to render
436	data/manuscripts/tei/436.xml	/*/*[2]/*/*/*/*[2]/*[2]/*[1]	TEI/text/body/listBibl/msDesc/msContents/msItem/locus	B	skip_empty	no									"<locus from="""" to=""""/>"	"<locus from="""" to=""""/>"	empty placeholder (no @from/@to) — nothing to render
437	data/manuscripts/tei/437.xml	/*/*[2]/*/*/*/*[2]/*[2]/*[1]	TEI/text/body/listBibl/msDesc/msContents/msItem/locus	B	skip_empty	no									"<locus from="""" to=""""/>"	"<locus from="""" to=""""/>"	empty placeholder (no @from/@to) — nothing to render
439	data/manuscripts/tei/439.xml	/*/*[2]/*/*/*/*[2]/*[2]/*[1]	TEI/text/body/listBibl/msDesc/msContents/msItem/locus	B	skip_empty	no									"<locus from="""" to=""""/>"	"<locus from="""" to=""""/>"	empty placeholder (no @from/@to) — nothing to render
44	data/manuscripts/tei/44.xml	/*/*[2]/*/*/*/*[2]/*[2]/*[1]	TEI/text/body/listBibl/msDesc/msContents/msItem/locus	B	skip_empty	no									"<locus from="""" to=""""/>"	"<locus from="""" to=""""/>"	empty placeholder (no @from/@to) — nothing to render
440	data/manuscripts/tei/440.xml	/*/*[2]/*/*/*/*[2]/*[2]/*[1]	TEI/text/body/listBibl/msDesc/msContents/msItem/locus	B	skip_empty	no									"<locus from="""" to=""""/>"	"<locus from="""" to=""""/>"	empty placeholder (no @from/@to) — nothing to render
441	data/manuscripts/tei/441.xml	/*/*[2]/*/*/*/*[2]/*[2]/*[1]	TEI/text/body/listBibl/msDesc/msContents/msItem/locus	B	skip_empty	no									"<locus from="""" to=""""/>"	"<locus from="""" to=""""/>"	empty placeholder (no @from/@to) — nothing to render
442	data/manuscripts/tei/442.xml	/*/*[2]/*/*/*/*[2]/*[2]/*[1]	TEI/text/body/listBibl/msDesc/msContents/msItem/locus	B	skip_empty	no									"<locus from="""" to=""""/>"	"<locus from="""" to=""""/>"	empty placeholder (no @from/@to) — nothing to render
443	data/manuscripts/tei/443.xml	/*/*[2]/*/*/*/*[2]/*[2]/*[1]	TEI/text/body/listBibl/msDesc/msContents/msItem/locus	B	skip_empty	no									"<locus from="""" to=""""/>"	"<locus from="""" to=""""/>"	empty placeholder (no @from/@to) — nothing to render
445	data/manuscripts/tei/445.xml	/*/*[2]/*/*/*/*[2]/*[2]/*[1]	TEI/text/body/listBibl/msDesc/msContents/msItem/locus	B	skip_empty	no									"<locus from="""" to=""""/>"	"<locus from="""" to=""""/>"	empty placeholder (no @from/@to) — nothing to render
446	data/manuscripts/tei/446.xml	/*/*[2]/*/*/*/*[2]/*[2]/*[1]	TEI/text/body/listBibl/msDesc/msContents/msItem/locus	B	skip_empty	no									"<locus from="""" to=""""/>"	"<locus from="""" to=""""/>"	empty placeholder (no @from/@to) — nothing to render
448	data/manuscripts/tei/448.xml	/*/*[2]/*/*/*/*[2]/*[2]/*[1]	TEI/text/body/listBibl/msDesc/msContents/msItem/locus	B	skip_empty	no									"<locus from="""" to=""""/>"	"<locus from="""" to=""""/>"	empty placeholder (no @from/@to) — nothing to render
449	data/manuscripts/tei/449.xml	/*/*[2]/*/*/*/*[2]/*[2]/*[1]	TEI/text/body/listBibl/msDesc/msContents/msItem/locus	B	skip_empty	no									"<locus from="""" to=""""/>"	"<locus from="""" to=""""/>"	empty placeholder (no @from/@to) — nothing to render
45	data/manuscripts/tei/45.xml	/*/*[2]/*/*/*/*[2]/*[2]/*[1]	TEI/text/body/listBibl/msDesc/msContents/msItem/locus	B	skip_empty	no									"<locus from="""" to=""""/>"	"<locus from="""" to=""""/>"	empty placeholder (no @from/@to) — nothing to render
451	data/manuscripts/tei/451.xml	/*/*[2]/*/*/*/*[2]/*[2]/*[1]	TEI/text/body/listBibl/msDesc/msContents/msItem/locus	B	skip_empty	no									"<locus from="""" to=""""/>"	"<locus from="""" to=""""/>"	empty placeholder (no @from/@to) — nothing to render
452	data/manuscripts/tei/452.xml	/*/*[2]/*/*/*/*[2]/*[2]/*[1]	TEI/text/body/listBibl/msDesc/msContents/msItem/locus	B	skip_empty	no									"<locus from="""" to=""""/>"	"<locus from="""" to=""""/>"	empty placeholder (no @from/@to) — nothing to render
454	data/manuscripts/tei/454.xml	/*/*[2]/*/*/*/*[2]/*[2]/*[1]	TEI/text/body/listBibl/msDesc/msContents/msItem/locus	B	skip_empty	no									"<locus from="""" to=""""/>"	"<locus from="""" to=""""/>"	empty placeholder (no @from/@to) — nothing to render
455	data/manuscripts/tei/455.xml	/*/*[2]/*/*/*/*[2]/*[2]/*[1]	TEI/text/body/listBibl/msDesc/msContents/msItem/locus	B	skip_empty	no									"<locus from="""" to=""""/>"	"<locus from="""" to=""""/>"	empty placeholder (no @from/@to) — nothing to render
456	data/manuscripts/tei/456.xml	/*/*[2]/*/*/*/*[2]/*[2]/*[1]	TEI/text/body/listBibl/msDesc/msContents/msItem/locus	B	skip_empty	no									"<locus from="""" to=""""/>"	"<locus from="""" to=""""/>"	empty placeholder (no @from/@to) — nothing to render
457	data/manuscripts/tei/457.xml	/*/*[2]/*/*/*/*[2]/*[2]/*[1]	TEI/text/body/listBibl/msDesc/msContents/msItem/locus	B	skip_empty	no									"<locus from="""" to=""""/>"	"<locus from="""" to=""""/>"	empty placeholder (no @from/@to) — nothing to render
458	data/manuscripts/tei/458.xml	/*/*[2]/*/*/*/*[2]/*[2]/*[1]	TEI/text/body/listBibl/msDesc/msContents/msItem/locus	B	skip_empty	no									"<locus from="""" to=""""/>"	"<locus from="""" to=""""/>"	empty placeholder (no @from/@to) — nothing to render
459	data/manuscripts/tei/459.xml	/*/*[2]/*/*/*/*[2]/*[2]/*[1]	TEI/text/body/listBibl/msDesc/msContents/msItem/locus	B	skip_empty	no									"<locus from="""" to=""""/>"	"<locus from="""" to=""""/>"	empty placeholder (no @from/@to) — nothing to render
46	data/manuscripts/tei/46.xml	/*/*[2]/*/*/*/*[2]/*[2]/*[1]	TEI/text/body/listBibl/msDesc/msContents/msItem/locus	B	skip_empty	no									"<locus from="""" to=""""/>"	"<locus from="""" to=""""/>"	empty placeholder (no @from/@to) — nothing to render
460	data/manuscripts/tei/460.xml	/*/*[2]/*/*/*/*[2]/*[2]/*[1]	TEI/text/body/listBibl/msDesc/msContents/msItem/locus	B	skip_empty	no									"<locus from="""" to=""""/>"	"<locus from="""" to=""""/>"	empty placeholder (no @from/@to) — nothing to render
461	data/manuscripts/tei/461.xml	/*/*[2]/*/*/*/*[2]/*[2]/*[1]	TEI/text/body/listBibl/msDesc/msContents/msItem/locus	B	skip_empty	no									"<locus from="""" to=""""/>"	"<locus from="""" to=""""/>"	empty placeholder (no @from/@to) — nothing to render
462	data/manuscripts/tei/462.xml	/*/*[2]/*/*/*/*[2]/*[2]/*[1]	TEI/text/body/listBibl/msDesc/msContents/msItem/locus	B	skip_empty	no									"<locus from="""" to=""""/>"	"<locus from="""" to=""""/>"	empty placeholder (no @from/@to) — nothing to render
463	data/manuscripts/tei/463.xml	/*/*[2]/*/*/*/*[2]/*[2]/*[1]	TEI/text/body/listBibl/msDesc/msContents/msItem/locus	B	skip_empty	no									"<locus from="""" to=""""/>"	"<locus from="""" to=""""/>"	empty placeholder (no @from/@to) — nothing to render
464	data/manuscripts/tei/464.xml	/*/*[2]/*/*/*/*[2]/*[2]/*[1]	TEI/text/body/listBibl/msDesc/msContents/msItem/locus	B	skip_empty	no									"<locus from="""" to=""""/>"	"<locus from="""" to=""""/>"	empty placeholder (no @from/@to) — nothing to render
465	data/manuscripts/tei/465.xml	/*/*[2]/*/*/*/*[2]/*[2]/*[1]	TEI/text/body/listBibl/msDesc/msContents/msItem/locus	B	skip_empty	no									"<locus from="""" to=""""/>"	"<locus from="""" to=""""/>"	empty placeholder (no @from/@to) — nothing to render
466	data/manuscripts/tei/466.xml	/*/*[2]/*/*/*/*[2]/*[2]/*[1]	TEI/text/body/listBibl/msDesc/msContents/msItem/locus	B	skip_empty	no									"<locus from="""" to=""""/>"	"<locus from="""" to=""""/>"	empty placeholder (no @from/@to) — nothing to render
467	data/manuscripts/tei/467.xml	/*/*[2]/*/*/*/*[2]/*[2]/*[1]	TEI/text/body/listBibl/msDesc/msContents/msItem/locus	B	skip_empty	no									"<locus from="""" to=""""/>"	"<locus from="""" to=""""/>"	empty placeholder (no @from/@to) — nothing to render
468	data/manuscripts/tei/468.xml	/*/*[2]/*/*/*/*[2]/*[2]/*[1]	TEI/text/body/listBibl/msDesc/msContents/msItem/locus	B	skip_empty	no									"<locus from="""" to=""""/>"	"<locus from="""" to=""""/>"	empty placeholder (no @from/@to) — nothing to render
47	data/manuscripts/tei/47.xml	/*/*[2]/*/*/*/*[2]/*[2]/*[1]	TEI/text/body/listBibl/msDesc/msContents/msItem/locus	B	skip_empty	no									"<locus from="""" to=""""/>"	"<locus from="""" to=""""/>"	empty placeholder (no @from/@to) — nothing to render
470	data/manuscripts/tei/470.xml	/*/*[2]/*/*/*/*[2]/*[2]/*[1]	TEI/text/body/listBibl/msDesc/msContents/msItem/locus	B	skip_empty	no									"<locus from="""" to=""""/>"	"<locus from="""" to=""""/>"	empty placeholder (no @from/@to) — nothing to render
471	data/manuscripts/tei/471.xml	/*/*[2]/*/*/*/*[2]/*[2]/*[1]	TEI/text/body/listBibl/msDesc/msContents/msItem/locus	B	skip_empty	no									"<locus from="""" to=""""/>"	"<locus from="""" to=""""/>"	empty placeholder (no @from/@to) — nothing to render
472	data/manuscripts/tei/472.xml	/*/*[2]/*/*/*/*[2]/*[2]/*[1]	TEI/text/body/listBibl/msDesc/msContents/msItem/locus	B	skip_empty	no									"<locus from="""" to=""""/>"	"<locus from="""" to=""""/>"	empty placeholder (no @from/@to) — nothing to render
474	data/manuscripts/tei/474.xml	/*/*[2]/*/*/*/*[2]/*[2]/*[1]	TEI/text/body/listBibl/msDesc/msContents/msItem/locus	B	skip_empty	no									"<locus from="""" to=""""/>"	"<locus from="""" to=""""/>"	empty placeholder (no @from/@to) — nothing to render
475	data/manuscripts/tei/475.xml	/*/*[2]/*/*/*/*[2]/*[2]/*[1]	TEI/text/body/listBibl/msDesc/msContents/msItem/locus	B	skip_empty	no									"<locus from="""" to=""""/>"	"<locus from="""" to=""""/>"	empty placeholder (no @from/@to) — nothing to render
476	data/manuscripts/tei/476.xml	/*/*[2]/*/*/*/*[2]/*[2]/*[1]	TEI/text/body/listBibl/msDesc/msContents/msItem/locus	B	skip_empty	no									"<locus from="""" to=""""/>"	"<locus from="""" to=""""/>"	empty placeholder (no @from/@to) — nothing to render
477	data/manuscripts/tei/477.xml	/*/*[2]/*/*/*/*[2]/*[2]/*[1]	TEI/text/body/listBibl/msDesc/msContents/msItem/locus	B	skip_empty	no									"<locus from="""" to=""""/>"	"<locus from="""" to=""""/>"	empty placeholder (no @from/@to) — nothing to render
478	data/manuscripts/tei/478.xml	/*/*[2]/*/*/*/*[2]/*[2]/*[1]	TEI/text/body/listBibl/msDesc/msContents/msItem/locus	B	skip_empty	no									"<locus from="""" to=""""/>"	"<locus from="""" to=""""/>"	empty placeholder (no @from/@to) — nothing to render
479	data/manuscripts/tei/479.xml	/*/*[2]/*/*/*/*[2]/*[2]/*[1]	TEI/text/body/listBibl/msDesc/msContents/msItem/locus	B	skip_empty	no									"<locus from="""" to=""""/>"	"<locus from="""" to=""""/>"	empty placeholder (no @from/@to) — nothing to render
48	data/manuscripts/tei/48.xml	/*/*[2]/*/*/*/*[2]/*[2]/*[1]	TEI/text/body/listBibl/msDesc/msContents/msItem/locus	B	skip_empty	no									"<locus from="""" to=""""/>"	"<locus from="""" to=""""/>"	empty placeholder (no @from/@to) — nothing to render
481	data/manuscripts/tei/481.xml	/*/*[2]/*/*/*/*[2]/*[2]/*[1]	TEI/text/body/listBibl/msDesc/msContents/msItem/locus	B	skip_empty	no									"<locus from="""" to=""""/>"	"<locus from="""" to=""""/>"	empty placeholder (no @from/@to) — nothing to render
482	data/manuscripts/tei/482.xml	/*/*[2]/*/*/*/*[2]/*[2]/*[1]	TEI/text/body/listBibl/msDesc/msContents/msItem/locus	B	skip_empty	no									"<locus from="""" to=""""/>"	"<locus from="""" to=""""/>"	empty placeholder (no @from/@to) — nothing to render
483	data/manuscripts/tei/483.xml	/*/*[2]/*/*/*/*[2]/*[2]/*[1]	TEI/text/body/listBibl/msDesc/msContents/msItem/locus	B	skip_empty	no									"<locus from="""" to=""""/>"	"<locus from="""" to=""""/>"	empty placeholder (no @from/@to) — nothing to render
484	data/manuscripts/tei/484.xml	/*/*[2]/*/*/*/*[2]/*[2]/*[1]	TEI/text/body/listBibl/msDesc/msContents/msItem/locus	B	skip_empty	no									"<locus from="""" to=""""/>"	"<locus from="""" to=""""/>"	empty placeholder (no @from/@to) — nothing to render
485	data/manuscripts/tei/485.xml	/*/*[2]/*/*/*/*[2]/*[2]/*[1]	TEI/text/body/listBibl/msDesc/msContents/msItem/locus	B	skip_empty	no									"<locus from="""" to=""""/>"	"<locus from="""" to=""""/>"	empty placeholder (no @from/@to) — nothing to render
486	data/manuscripts/tei/486.xml	/*/*[2]/*/*/*/*[2]/*[2]/*[1]	TEI/text/body/listBibl/msDesc/msContents/msItem/locus	B	skip_empty	no									"<locus from="""" to=""""/>"	"<locus from="""" to=""""/>"	empty placeholder (no @from/@to) — nothing to render
488	data/manuscripts/tei/488.xml	/*/*[2]/*/*/*/*[2]/*[2]/*[1]	TEI/text/body/listBibl/msDesc/msContents/msItem/locus	B	skip_empty	no									"<locus from="""" to=""""/>"	"<locus from="""" to=""""/>"	empty placeholder (no @from/@to) — nothing to render
489	data/manuscripts/tei/489.xml	/*/*[2]/*/*/*/*[2]/*[2]/*[1]	TEI/text/body/listBibl/msDesc/msContents/msItem/locus	B	skip_empty	no									"<locus from="""" to=""""/>"	"<locus from="""" to=""""/>"	empty placeholder (no @from/@to) — nothing to render
49	data/manuscripts/tei/49.xml	/*/*[2]/*/*/*/*[2]/*[2]/*[1]	TEI/text/body/listBibl/msDesc/msContents/msItem/locus	B	skip_empty	no									"<locus from="""" to=""""/>"	"<locus from="""" to=""""/>"	empty placeholder (no @from/@to) — nothing to render
490	data/manuscripts/tei/490.xml	/*/*[2]/*/*/*/*[2]/*[2]/*[1]	TEI/text/body/listBibl/msDesc/msContents/msItem/locus	B	skip_empty	no									"<locus from="""" to=""""/>"	"<locus from="""" to=""""/>"	empty placeholder (no @from/@to) — nothing to render
491	data/manuscripts/tei/491.xml	/*/*[2]/*/*/*/*[2]/*[2]/*[1]	TEI/text/body/listBibl/msDesc/msContents/msItem/locus	B	skip_empty	no									"<locus from="""" to=""""/>"	"<locus from="""" to=""""/>"	empty placeholder (no @from/@to) — nothing to render
492	data/manuscripts/tei/492.xml	/*/*[2]/*/*/*/*[2]/*[2]/*[1]	TEI/text/body/listBibl/msDesc/msContents/msItem/locus	B	skip_empty	no									"<locus from="""" to=""""/>"	"<locus from="""" to=""""/>"	empty placeholder (no @from/@to) — nothing to render
493	data/manuscripts/tei/493.xml	/*/*[2]/*/*/*/*[2]/*[2]/*[1]	TEI/text/body/listBibl/msDesc/msContents/msItem/locus	B	skip_empty	no									"<locus from="""" to=""""/>"	"<locus from="""" to=""""/>"	empty placeholder (no @from/@to) — nothing to render
494	data/manuscripts/tei/494.xml	/*/*[2]/*/*/*/*[2]/*[2]/*[1]	TEI/text/body/listBibl/msDesc/msContents/msItem/locus	B	skip_empty	no									"<locus from="""" to=""""/>"	"<locus from="""" to=""""/>"	empty placeholder (no @from/@to) — nothing to render
495	data/manuscripts/tei/495.xml	/*/*[2]/*/*/*/*[2]/*[2]/*[1]	TEI/text/body/listBibl/msDesc/msContents/msItem/locus	B	skip_empty	no									"<locus from="""" to=""""/>"	"<locus from="""" to=""""/>"	empty placeholder (no @from/@to) — nothing to render
496	data/manuscripts/tei/496.xml	/*/*[2]/*/*/*/*[2]/*[2]/*[1]	TEI/text/body/listBibl/msDesc/msContents/msItem/locus	B	skip_empty	no									"<locus from="""" to=""""/>"	"<locus from="""" to=""""/>"	empty placeholder (no @from/@to) — nothing to render
497	data/manuscripts/tei/497.xml	/*/*[2]/*/*/*/*[2]/*[2]/*[1]	TEI/text/body/listBibl/msDesc/msContents/msItem/locus	B	skip_empty	no									"<locus from="""" to=""""/>"	"<locus from="""" to=""""/>"	empty placeholder (no @from/@to) — nothing to render
498	data/manuscripts/tei/498.xml	/*/*[2]/*/*/*/*[2]/*[2]/*[1]	TEI/text/body/listBibl/msDesc/msContents/msItem/locus	B	skip_empty	no									"<locus from="""" to=""""/>"	"<locus from="""" to=""""/>"	empty placeholder (no @from/@to) — nothing to render
499	data/manuscripts/tei/499.xml	/*/*[2]/*/*/*/*[2]/*[2]/*[1]	TEI/text/body/listBibl/msDesc/msContents/msItem/locus	B	skip_empty	no									"<locus from="""" to=""""/>"	"<locus from="""" to=""""/>"	empty placeholder (no @from/@to) — nothing to render
5	data/manuscripts/tei/5.xml	/*/*[2]/*/*/*/*[2]/*[2]/*[1]	TEI/text/body/listBibl/msDesc/msContents/msItem/locus	B	skip_empty	no									"<locus from="""" to=""""/>"	"<locus from="""" to=""""/>"	empty placeholder (no @from/@to) — nothing to render
50	data/manuscripts/tei/50.xml	/*/*[2]/*/*/*/*[2]/*[2]/*[1]	TEI/text/body/listBibl/msDesc/msContents/msItem/locus	B	skip_empty	no									"<locus from="""" to=""""/>"	"<locus from="""" to=""""/>"	empty placeholder (no @from/@to) — nothing to render
500	data/manuscripts/tei/500.xml	/*/*[2]/*/*/*/*[2]/*[2]/*[1]	TEI/text/body/listBibl/msDesc/msContents/msItem/locus	B	skip_empty	no									"<locus from="""" to=""""/>"	"<locus from="""" to=""""/>"	empty placeholder (no @from/@to) — nothing to render
501	data/manuscripts/tei/501.xml	/*/*[2]/*/*/*/*[2]/*[2]/*[1]	TEI/text/body/listBibl/msDesc/msContents/msItem/locus	B	skip_empty	no									"<locus from="""" to=""""/>"	"<locus from="""" to=""""/>"	empty placeholder (no @from/@to) — nothing to render
502	data/manuscripts/tei/502.xml	/*/*[2]/*/*/*/*[2]/*[2]/*[1]	TEI/text/body/listBibl/msDesc/msContents/msItem/locus	B	skip_empty	no									"<locus from="""" to=""""/>"	"<locus from="""" to=""""/>"	empty placeholder (no @from/@to) — nothing to render
503	data/manuscripts/tei/503.xml	/*/*[2]/*/*/*/*[2]/*[2]/*[1]	TEI/text/body/listBibl/msDesc/msContents/msItem/locus	B	skip_empty	no									"<locus from="""" to=""""/>"	"<locus from="""" to=""""/>"	empty placeholder (no @from/@to) — nothing to render
504	data/manuscripts/tei/504.xml	/*/*[2]/*/*/*/*[2]/*[2]/*[1]	TEI/text/body/listBibl/msDesc/msContents/msItem/locus	B	skip_empty	no									"<locus from="""" to=""""/>"	"<locus from="""" to=""""/>"	empty placeholder (no @from/@to) — nothing to render
505	data/manuscripts/tei/505.xml	/*/*[2]/*/*/*/*[2]/*[2]/*[1]	TEI/text/body/listBibl/msDesc/msContents/msItem/locus	B	skip_empty	no									"<locus from="""" to=""""/>"	"<locus from="""" to=""""/>"	empty placeholder (no @from/@to) — nothing to render
506	data/manuscripts/tei/506.xml	/*/*[2]/*/*/*/*[2]/*[2]/*[1]	TEI/text/body/listBibl/msDesc/msContents/msItem/locus	B	skip_empty	no									"<locus from="""" to=""""/>"	"<locus from="""" to=""""/>"	empty placeholder (no @from/@to) — nothing to render
507	data/manuscripts/tei/507.xml	/*/*[2]/*/*/*/*[2]/*[2]/*[1]	TEI/text/body/listBibl/msDesc/msContents/msItem/locus	B	skip_empty	no									"<locus from="""" to=""""/>"	"<locus from="""" to=""""/>"	empty placeholder (no @from/@to) — nothing to render
508	data/manuscripts/tei/508.xml	/*/*[2]/*/*/*/*[2]/*[2]/*[1]	TEI/text/body/listBibl/msDesc/msContents/msItem/locus	B	skip_empty	no									"<locus from="""" to=""""/>"	"<locus from="""" to=""""/>"	empty placeholder (no @from/@to) — nothing to render
509	data/manuscripts/tei/509.xml	/*/*[2]/*/*/*/*[2]/*[2]/*[1]	TEI/text/body/listBibl/msDesc/msContents/msItem/locus	B	skip_empty	no									"<locus from="""" to=""""/>"	"<locus from="""" to=""""/>"	empty placeholder (no @from/@to) — nothing to render
51	data/manuscripts/tei/51.xml	/*/*[2]/*/*/*/*[2]/*[2]/*[1]	TEI/text/body/listBibl/msDesc/msContents/msItem/locus	B	skip_empty	no									"<locus from="""" to=""""/>"	"<locus from="""" to=""""/>"	empty placeholder (no @from/@to) — nothing to render
510	data/manuscripts/tei/510.xml	/*/*[2]/*/*/*/*[2]/*[2]/*[1]	TEI/text/body/listBibl/msDesc/msContents/msItem/locus	B	skip_empty	no									"<locus from="""" to=""""/>"	"<locus from="""" to=""""/>"	empty placeholder (no @from/@to) — nothing to render
511	data/manuscripts/tei/511.xml	/*/*[2]/*/*/*/*[2]/*[2]/*[1]	TEI/text/body/listBibl/msDesc/msContents/msItem/locus	B	no_change	no	1r	9v	1r–9v		1r	9v	1r–9v		"<locus from=""1r"" to=""9v"">1r–9v</locus>"	"<locus from=""1r"" to=""9v"">1r–9v</locus>"	text already matches @from/@to
511	data/manuscripts/tei/511.xml	/*/*[2]/*/*/*/*[2]/*[2]/*[2]	TEI/text/body/listBibl/msDesc/msContents/msItem/locus	B	no_change	no	32r	36v	32r–36v		32r	36v	32r–36v		"<locus from=""32r"" to=""36v"">32r–36v</locus>"	"<locus from=""32r"" to=""36v"">32r–36v</locus>"	text already matches @from/@to
511	data/manuscripts/tei/511.xml	/*/*[2]/*/*/*/*[2]/*[2]/*[3]	TEI/text/body/listBibl/msDesc/msContents/msItem/locus	B	no_change	no	45r	109v	45r–109v		45r	109v	45r–109v		"<locus from=""45r"" to=""109v"">45r–109v</locus>"	"<locus from=""45r"" to=""109v"">45r–109v</locus>"	text already matches @from/@to
511	data/manuscripts/tei/511.xml	/*/*[2]/*/*/*/*[2]/*[2]/*[4]	TEI/text/body/listBibl/msDesc/msContents/msItem/locus	B	no_change	no	111r	124v	111r–124v		111r	124v	111r–124v		"<locus from=""111r"" to=""124v"">111r–124v</locus>"	"<locus from=""111r"" to=""124v"">111r–124v</locus>"	text already matches @from/@to
511	data/manuscripts/tei/511.xml	/*/*[2]/*/*/*/*[2]/*[2]/*[5]	TEI/text/body/listBibl/msDesc/msContents/msItem/locus	B	no_change	no	126r	149v	126r–149v		126r	149v	126r–149v		"<locus from=""126r"" to=""149v"">126r–149v</locus>"	"<locus from=""126r"" to=""149v"">126r–149v</locus>"	text already matches @from/@to
512	data/manuscripts/tei/512.xml	/*/*[2]/*/*/*/*[2]/*[2]/*[2]	TEI/text/body/listBibl/msDesc/msContents/msItem/locus	B	no_change	no	1r	86r	1r–86r		1r	86r	1r–86r		"<locus from=""1r"" to=""86r"">1r–86r</locus>"	"<locus from=""1r"" to=""86r"">1r–86r</locus>"	text already matches @from/@to
513	data/manuscripts/tei/513.xml	/*/*[2]/*/*/*/*[2]/*[2]/*[1]	TEI/text/body/listBibl/msDesc/msContents/msItem/locus	B	skip_empty	no									"<locus from="""" to=""""/>"	"<locus from="""" to=""""/>"	empty placeholder (no @from/@to) — nothing to render
514	data/manuscripts/tei/514.xml	/*/*[2]/*/*/*/*[2]/*[2]/*[1]	TEI/text/body/listBibl/msDesc/msContents/msItem/locus	B	no_change	no	1v	8v	1v–8v		1v	8v	1v–8v		"<locus from=""1v"" to=""8v"">1v–8v</locus>"	"<locus from=""1v"" to=""8v"">1v–8v</locus>"	text already matches @from/@to
514	data/manuscripts/tei/514.xml	/*/*[2]/*/*/*/*[2]/*[3]/*[1]	TEI/text/body/listBibl/msDesc/msContents/msItem/locus	B	no_change	no	8v	134v	8v–134v		8v	134v	8v–134v		"<locus from=""8v"" to=""134v"">8v–134v</locus>"	"<locus from=""8v"" to=""134v"">8v–134v</locus>"	text already matches @from/@to
516	data/manuscripts/tei/516.xml	/*/*[2]/*/*/*/*[2]/*[2]/*[1]	TEI/text/body/listBibl/msDesc/msContents/msItem/locus	B	skip_empty	no									"<locus from="""" to=""""/>"	"<locus from="""" to=""""/>"	empty placeholder (no @from/@to) — nothing to render
517	data/manuscripts/tei/517.xml	/*/*[2]/*/*/*/*[2]/*[2]/*[1]	TEI/text/body/listBibl/msDesc/msContents/msItem/locus	B	skip_empty	no									"<locus from="""" to=""""/>"	"<locus from="""" to=""""/>"	empty placeholder (no @from/@to) — nothing to render
518	data/manuscripts/tei/518.xml	/*/*[2]/*/*/*/*[2]/*[2]/*[1]	TEI/text/body/listBibl/msDesc/msContents/msItem/locus	B	skip_empty	no									"<locus from="""" to=""""/>"	"<locus from="""" to=""""/>"	empty placeholder (no @from/@to) — nothing to render
519	data/manuscripts/tei/519.xml	/*/*[2]/*/*/*/*[2]/*[2]/*[1]	TEI/text/body/listBibl/msDesc/msContents/msItem/locus	B	add_text	yes	1r	6v			1r	6v	1r–6v		"<locus from=""1r"" to=""6v""/>"	"<locus from=""1r"" to=""6v"">1r–6v</locus>"	added text from @from/@to
52	data/manuscripts/tei/52.xml	/*/*[2]/*/*/*/*[2]/*[2]/*[1]	TEI/text/body/listBibl/msDesc/msContents/msItem/locus	B	skip_empty	no									"<locus from="""" to=""""/>"	"<locus from="""" to=""""/>"	empty placeholder (no @from/@to) — nothing to render
520	data/manuscripts/tei/520.xml	/*/*[2]/*/*/*/*[2]/*[2]/*[1]	TEI/text/body/listBibl/msDesc/msContents/msItem/locus	B	skip_empty	no									"<locus from="""" to=""""/>"	"<locus from="""" to=""""/>"	empty placeholder (no @from/@to) — nothing to render
521	data/manuscripts/tei/521.xml	/*/*[2]/*/*/*/*[2]/*[2]/*[1]	TEI/text/body/listBibl/msDesc/msContents/msItem/locus	B	no_change	no	1r	12v	1r–12v		1r	12v	1r–12v		"<locus from=""1r"" to=""12v"">1r–12v</locus>"	"<locus from=""1r"" to=""12v"">1r–12v</locus>"	text already matches @from/@to
522	data/manuscripts/tei/522.xml	/*/*[2]/*/*/*/*[2]/*[2]/*[1]	TEI/text/body/listBibl/msDesc/msContents/msItem/locus	B	skip_empty	no									"<locus from="""" to=""""/>"	"<locus from="""" to=""""/>"	empty placeholder (no @from/@to) — nothing to render
523	data/manuscripts/tei/523.xml	/*/*[2]/*/*/*/*[2]/*[2]/*[1]	TEI/text/body/listBibl/msDesc/msContents/msItem/locus	B	skip_empty	no									"<locus from="""" to=""""/>"	"<locus from="""" to=""""/>"	empty placeholder (no @from/@to) — nothing to render
524	data/manuscripts/tei/524.xml	/*/*[2]/*/*/*/*[2]/*[2]/*[1]	TEI/text/body/listBibl/msDesc/msContents/msItem/locus	B	skip_empty	no									"<locus from="""" to=""""/>"	"<locus from="""" to=""""/>"	empty placeholder (no @from/@to) — nothing to render
525	data/manuscripts/tei/525.xml	/*/*[2]/*/*/*/*[2]/*[2]/*[1]	TEI/text/body/listBibl/msDesc/msContents/msItem/locus	B	skip_empty	no									"<locus from="""" to=""""/>"	"<locus from="""" to=""""/>"	empty placeholder (no @from/@to) — nothing to render
526	data/manuscripts/tei/526.xml	/*/*[2]/*/*/*/*[2]/*[2]/*[1]	TEI/text/body/listBibl/msDesc/msContents/msItem/locus	B	skip_empty	no									"<locus from="""" to=""""/>"	"<locus from="""" to=""""/>"	empty placeholder (no @from/@to) — nothing to render
527	data/manuscripts/tei/527.xml	/*/*[2]/*/*/*/*[2]/*[2]/*[1]	TEI/text/body/listBibl/msDesc/msContents/msItem/locus	B	skip_empty	no									"<locus from="""" to=""""/>"	"<locus from="""" to=""""/>"	empty placeholder (no @from/@to) — nothing to render
528	data/manuscripts/tei/528.xml	/*/*[2]/*/*/*/*[2]/*[2]/*[1]	TEI/text/body/listBibl/msDesc/msContents/msItem/locus	B	no_change	no	1r	52v	1r–52v		1r	52v	1r–52v		"<locus from=""1r"" to=""52v"">1r–52v</locus>"	"<locus from=""1r"" to=""52v"">1r–52v</locus>"	text already matches @from/@to
528	data/manuscripts/tei/528.xml	/*/*[2]/*/*/*/*[2]/*[2]/*[2]	TEI/text/body/listBibl/msDesc/msContents/msItem/locus	B	no_change	no	67	109	67–109		67	109	67–109		"<locus from=""67"" to=""109"">67–109</locus>"	"<locus from=""67"" to=""109"">67–109</locus>"	text already matches @from/@to
528	data/manuscripts/tei/528.xml	/*/*[2]/*/*/*/*[2]/*[2]/*[3]	TEI/text/body/listBibl/msDesc/msContents/msItem/locus	B	no_change	no	111	134	111–134		111	134	111–134		"<locus from=""111"" to=""134"">111–134</locus>"	"<locus from=""111"" to=""134"">111–134</locus>"	text already matches @from/@to
528	data/manuscripts/tei/528.xml	/*/*[2]/*/*/*/*[2]/*[3]/*[1]	TEI/text/body/listBibl/msDesc/msContents/msItem/locus	B	no_change	no	53r	66v	53r–66v		53r	66v	53r–66v		"<locus from=""53r"" to=""66v"">53r–66v</locus>"	"<locus from=""53r"" to=""66v"">53r–66v</locus>"	text already matches @from/@to
528	data/manuscripts/tei/528.xml	/*/*[2]/*/*/*/*[2]/*[3]/*[2]	TEI/text/body/listBibl/msDesc/msContents/msItem/locus	B	no_change	no	110r	110v	110r–110v		110r	110v	110r–110v		"<locus from=""110r"" to=""110v"">110r–110v</locus>"	"<locus from=""110r"" to=""110v"">110r–110v</locus>"	text already matches @from/@to
529	data/manuscripts/tei/529.xml	/*/*[2]/*/*/*/*[2]/*[2]/*[1]	TEI/text/body/listBibl/msDesc/msContents/msItem/locus	B	skip_empty	no									"<locus from="""" to=""""/>"	"<locus from="""" to=""""/>"	empty placeholder (no @from/@to) — nothing to render
53	data/manuscripts/tei/53.xml	/*/*[2]/*/*/*/*[2]/*[2]/*[1]	TEI/text/body/listBibl/msDesc/msContents/msItem/locus	B	skip_empty	no									"<locus from="""" to=""""/>"	"<locus from="""" to=""""/>"	empty placeholder (no @from/@to) — nothing to render
530	data/manuscripts/tei/530.xml	/*/*[2]/*/*/*/*[2]/*[2]/*[1]	TEI/text/body/listBibl/msDesc/msContents/msItem/locus	B	skip_empty	no									"<locus from="""" to=""""/>"	"<locus from="""" to=""""/>"	empty placeholder (no @from/@to) — nothing to render
531	data/manuscripts/tei/531.xml	/*/*[2]/*/*/*/*[2]/*[2]/*[1]	TEI/text/body/listBibl/msDesc/msContents/msItem/locus	B	skip_empty	no									"<locus from="""" to=""""/>"	"<locus from="""" to=""""/>"	empty placeholder (no @from/@to) — nothing to render
532	data/manuscripts/tei/532.xml	/*/*[2]/*/*/*/*[2]/*[2]/*[1]	TEI/text/body/listBibl/msDesc/msContents/msItem/locus	B	skip_empty	no									"<locus from="""" to=""""/>"	"<locus from="""" to=""""/>"	empty placeholder (no @from/@to) — nothing to render
533	data/manuscripts/tei/533.xml	/*/*[2]/*/*/*/*[2]/*[2]/*[1]	TEI/text/body/listBibl/msDesc/msContents/msItem/locus	B	skip_empty	no									"<locus from="""" to=""""/>"	"<locus from="""" to=""""/>"	empty placeholder (no @from/@to) — nothing to render
534	data/manuscripts/tei/534.xml	/*/*[2]/*/*/*/*[2]/*[2]/*[1]	TEI/text/body/listBibl/msDesc/msContents/msItem/locus	B	skip_empty	no									"<locus from="""" to=""""/>"	"<locus from="""" to=""""/>"	empty placeholder (no @from/@to) — nothing to render
535	data/manuscripts/tei/535.xml	/*/*[2]/*/*/*/*[2]/*[2]/*[1]	TEI/text/body/listBibl/msDesc/msContents/msItem/locus	B	skip_empty	no									"<locus from="""" to=""""/>"	"<locus from="""" to=""""/>"	empty placeholder (no @from/@to) — nothing to render
536	data/manuscripts/tei/536.xml	/*/*[2]/*/*/*/*[2]/*[2]/*[1]	TEI/text/body/listBibl/msDesc/msContents/msItem/locus	B	skip_empty	no									"<locus from="""" to=""""/>"	"<locus from="""" to=""""/>"	empty placeholder (no @from/@to) — nothing to render
537	data/manuscripts/tei/537.xml	/*/*[2]/*/*/*/*[2]/*[2]/*[1]	TEI/text/body/listBibl/msDesc/msContents/msItem/locus	B	skip_empty	no									"<locus from="""" to=""""/>"	"<locus from="""" to=""""/>"	empty placeholder (no @from/@to) — nothing to render
538	data/manuscripts/tei/538.xml	/*/*[2]/*/*/*/*[2]/*[2]/*[1]	TEI/text/body/listBibl/msDesc/msContents/msItem/locus	B	skip_empty	no									"<locus from="""" to=""""/>"	"<locus from="""" to=""""/>"	empty placeholder (no @from/@to) — nothing to render
539	data/manuscripts/tei/539.xml	/*/*[2]/*/*/*/*[2]/*[2]/*[1]	TEI/text/body/listBibl/msDesc/msContents/msItem/locus	B	skip_empty	no									"<locus from="""" to=""""/>"	"<locus from="""" to=""""/>"	empty placeholder (no @from/@to) — nothing to render
54	data/manuscripts/tei/54.xml	/*/*[2]/*/*/*/*[2]/*[2]/*[1]	TEI/text/body/listBibl/msDesc/msContents/msItem/locus	B	skip_empty	no									"<locus from="""" to=""""/>"	"<locus from="""" to=""""/>"	empty placeholder (no @from/@to) — nothing to render
540	data/manuscripts/tei/540.xml	/*/*[2]/*/*/*/*[2]/*[2]/*[1]	TEI/text/body/listBibl/msDesc/msContents/msItem/locus	B	skip_empty	no									"<locus from="""" to=""""/>"	"<locus from="""" to=""""/>"	empty placeholder (no @from/@to) — nothing to render
541	data/manuscripts/tei/541.xml	/*/*[2]/*/*/*/*[2]/*[2]/*[1]	TEI/text/body/listBibl/msDesc/msContents/msItem/locus	B	skip_empty	no									"<locus from="""" to=""""/>"	"<locus from="""" to=""""/>"	empty placeholder (no @from/@to) — nothing to render
542	data/manuscripts/tei/542.xml	/*/*[2]/*/*/*/*[2]/*[2]/*[1]	TEI/text/body/listBibl/msDesc/msContents/msItem/locus	B	skip_empty	no									"<locus from="""" to=""""/>"	"<locus from="""" to=""""/>"	empty placeholder (no @from/@to) — nothing to render
543	data/manuscripts/tei/543.xml	/*/*[2]/*/*/*/*[2]/*[2]/*[1]	TEI/text/body/listBibl/msDesc/msContents/msItem/locus	B	skip_empty	no									"<locus from="""" to=""""/>"	"<locus from="""" to=""""/>"	empty placeholder (no @from/@to) — nothing to render
544	data/manuscripts/tei/544.xml	/*/*[2]/*/*/*/*[2]/*[2]/*[1]	TEI/text/body/listBibl/msDesc/msContents/msItem/locus	B	skip_empty	no									"<locus from="""" to=""""/>"	"<locus from="""" to=""""/>"	empty placeholder (no @from/@to) — nothing to render
545	data/manuscripts/tei/545.xml	/*/*[2]/*/*/*/*[2]/*[2]/*[1]	TEI/text/body/listBibl/msDesc/msContents/msItem/locus	B	skip_empty	no									"<locus from="""" to=""""/>"	"<locus from="""" to=""""/>"	empty placeholder (no @from/@to) — nothing to render
546	data/manuscripts/tei/546.xml	/*/*[2]/*/*/*/*[2]/*[2]/*[1]	TEI/text/body/listBibl/msDesc/msContents/msItem/locus	B	skip_empty	no									"<locus from="""" to=""""/>"	"<locus from="""" to=""""/>"	empty placeholder (no @from/@to) — nothing to render
547	data/manuscripts/tei/547.xml	/*/*[2]/*/*/*/*[2]/*[2]/*[1]	TEI/text/body/listBibl/msDesc/msContents/msItem/locus	B	skip_empty	no									"<locus from="""" to=""""/>"	"<locus from="""" to=""""/>"	empty placeholder (no @from/@to) — nothing to render
548	data/manuscripts/tei/548.xml	/*/*[2]/*/*/*/*[2]/*[2]/*[1]	TEI/text/body/listBibl/msDesc/msContents/msItem/locus	B	skip_empty	no									"<locus from="""" to=""""/>"	"<locus from="""" to=""""/>"	empty placeholder (no @from/@to) — nothing to render
549	data/manuscripts/tei/549.xml	/*/*[2]/*/*/*/*[2]/*[2]/*[1]	TEI/text/body/listBibl/msDesc/msContents/msItem/locus	B	skip_empty	no									"<locus from="""" to=""""/>"	"<locus from="""" to=""""/>"	empty placeholder (no @from/@to) — nothing to render
55	data/manuscripts/tei/55.xml	/*/*[2]/*/*/*/*[2]/*[2]/*[1]	TEI/text/body/listBibl/msDesc/msContents/msItem/locus	B	skip_empty	no									"<locus from="""" to=""""/>"	"<locus from="""" to=""""/>"	empty placeholder (no @from/@to) — nothing to render
550	data/manuscripts/tei/550.xml	/*/*[2]/*/*/*/*[2]/*[2]/*[1]	TEI/text/body/listBibl/msDesc/msContents/msItem/locus	B	skip_empty	no									"<locus from="""" to=""""/>"	"<locus from="""" to=""""/>"	empty placeholder (no @from/@to) — nothing to render
551	data/manuscripts/tei/551.xml	/*/*[2]/*/*/*/*[2]/*[2]/*[1]	TEI/text/body/listBibl/msDesc/msContents/msItem/locus	B	skip_empty	no									"<locus from="""" to=""""/>"	"<locus from="""" to=""""/>"	empty placeholder (no @from/@to) — nothing to render
552	data/manuscripts/tei/552.xml	/*/*[2]/*/*/*/*[2]/*[2]/*[1]	TEI/text/body/listBibl/msDesc/msContents/msItem/locus	B	skip_empty	no									"<locus from="""" to=""""/>"	"<locus from="""" to=""""/>"	empty placeholder (no @from/@to) — nothing to render
553	data/manuscripts/tei/553.xml	/*/*[2]/*/*/*/*[2]/*[2]/*[1]	TEI/text/body/listBibl/msDesc/msContents/msItem/locus	B	skip_empty	no									"<locus from="""" to=""""/>"	"<locus from="""" to=""""/>"	empty placeholder (no @from/@to) — nothing to render
554	data/manuscripts/tei/554.xml	/*/*[2]/*/*/*/*[2]/*[2]/*[1]	TEI/text/body/listBibl/msDesc/msContents/msItem/locus	B	skip_empty	no									"<locus from="""" to=""""/>"	"<locus from="""" to=""""/>"	empty placeholder (no @from/@to) — nothing to render
555	data/manuscripts/tei/555.xml	/*/*[2]/*/*/*/*[2]/*[2]/*[1]	TEI/text/body/listBibl/msDesc/msContents/msItem/locus	B	no_change	no	1r	19v	1r–19v		1r	19v	1r–19v		"<locus from=""1r"" to=""19v"">1r–19v</locus>"	"<locus from=""1r"" to=""19v"">1r–19v</locus>"	text already matches @from/@to
556	data/manuscripts/tei/556.xml	/*/*[2]/*/*/*/*[2]/*[2]/*[1]	TEI/text/body/listBibl/msDesc/msContents/msItem/locus	B	skip_empty	no									"<locus from="""" to=""""/>"	"<locus from="""" to=""""/>"	empty placeholder (no @from/@to) — nothing to render
557	data/manuscripts/tei/557.xml	/*/*[2]/*/*/*/*[2]/*[2]/*[1]	TEI/text/body/listBibl/msDesc/msContents/msItem/locus	B	skip_empty	no									"<locus from="""" to=""""/>"	"<locus from="""" to=""""/>"	empty placeholder (no @from/@to) — nothing to render
558	data/manuscripts/tei/558.xml	/*/*[2]/*/*/*/*[2]/*[2]/*[1]	TEI/text/body/listBibl/msDesc/msContents/msItem/locus	B	skip_empty	no									"<locus from="""" to=""""/>"	"<locus from="""" to=""""/>"	empty placeholder (no @from/@to) — nothing to render
559	data/manuscripts/tei/559.xml	/*/*[2]/*/*/*/*[2]/*[2]/*[1]	TEI/text/body/listBibl/msDesc/msContents/msItem/locus	B	skip_empty	no									"<locus from="""" to=""""/>"	"<locus from="""" to=""""/>"	empty placeholder (no @from/@to) — nothing to render
56	data/manuscripts/tei/56.xml	/*/*[2]/*/*/*/*[2]/*[2]/*[1]	TEI/text/body/listBibl/msDesc/msContents/msItem/locus	B	skip_empty	no									"<locus from="""" to=""""/>"	"<locus from="""" to=""""/>"	empty placeholder (no @from/@to) — nothing to render
560	data/manuscripts/tei/560.xml	/*/*[2]/*/*/*/*[2]/*[2]/*[1]	TEI/text/body/listBibl/msDesc/msContents/msItem/locus	B	skip_empty	no									"<locus from="""" to=""""/>"	"<locus from="""" to=""""/>"	empty placeholder (no @from/@to) — nothing to render
561	data/manuscripts/tei/561.xml	/*/*[2]/*/*/*/*[2]/*[2]/*[1]	TEI/text/body/listBibl/msDesc/msContents/msItem/locus	B	skip_empty	no									"<locus from="""" to=""""/>"	"<locus from="""" to=""""/>"	empty placeholder (no @from/@to) — nothing to render
562	data/manuscripts/tei/562.xml	/*/*[2]/*/*/*/*[2]/*[2]/*[1]	TEI/text/body/listBibl/msDesc/msContents/msItem/locus	B	skip_empty	no									"<locus from="""" to=""""/>"	"<locus from="""" to=""""/>"	empty placeholder (no @from/@to) — nothing to render
563	data/manuscripts/tei/563.xml	/*/*[2]/*/*/*/*[2]/*[2]/*[1]	TEI/text/body/listBibl/msDesc/msContents/msItem/locus	B	skip_empty	no									"<locus from="""" to=""""/>"	"<locus from="""" to=""""/>"	empty placeholder (no @from/@to) — nothing to render
564	data/manuscripts/tei/564.xml	/*/*[2]/*/*/*/*[2]/*[2]/*[1]	TEI/text/body/listBibl/msDesc/msContents/msItem/locus	B	skip_empty	no									"<locus from="""" to=""""/>"	"<locus from="""" to=""""/>"	empty placeholder (no @from/@to) — nothing to render
565	data/manuscripts/tei/565.xml	/*/*[2]/*/*/*/*[2]/*[2]/*[1]	TEI/text/body/listBibl/msDesc/msContents/msItem/locus	B	skip_empty	no									"<locus from="""" to=""""/>"	"<locus from="""" to=""""/>"	empty placeholder (no @from/@to) — nothing to render
566	data/manuscripts/tei/566.xml	/*/*[2]/*/*/*/*[2]/*[2]/*[1]	TEI/text/body/listBibl/msDesc/msContents/msItem/locus	B	skip_empty	no									"<locus from="""" to=""""/>"	"<locus from="""" to=""""/>"	empty placeholder (no @from/@to) — nothing to render
567	data/manuscripts/tei/567.xml	/*/*[2]/*/*/*/*[2]/*[2]/*[1]	TEI/text/body/listBibl/msDesc/msContents/msItem/locus	B	skip_empty	no									"<locus from="""" to=""""/>"	"<locus from="""" to=""""/>"	empty placeholder (no @from/@to) — nothing to render
568	data/manuscripts/tei/568.xml	/*/*[2]/*/*/*/*[2]/*[2]/*[1]	TEI/text/body/listBibl/msDesc/msContents/msItem/locus	B	skip_empty	no									"<locus from="""" to=""""/>"	"<locus from="""" to=""""/>"	empty placeholder (no @from/@to) — nothing to render
569	data/manuscripts/tei/569.xml	/*/*[2]/*/*/*/*[2]/*[2]/*[1]	TEI/text/body/listBibl/msDesc/msContents/msItem/locus	B	skip_empty	no									"<locus from="""" to=""""/>"	"<locus from="""" to=""""/>"	empty placeholder (no @from/@to) — nothing to render
57	data/manuscripts/tei/57.xml	/*/*[2]/*/*/*/*[2]/*[2]/*[1]	TEI/text/body/listBibl/msDesc/msContents/msItem/locus	B	skip_empty	no									"<locus from="""" to=""""/>"	"<locus from="""" to=""""/>"	empty placeholder (no @from/@to) — nothing to render
570	data/manuscripts/tei/570.xml	/*/*[2]/*/*/*/*[2]/*[2]/*[1]	TEI/text/body/listBibl/msDesc/msContents/msItem/locus	B	skip_empty	no									"<locus from="""" to=""""/>"	"<locus from="""" to=""""/>"	empty placeholder (no @from/@to) — nothing to render
571	data/manuscripts/tei/571.xml	/*/*[2]/*/*/*/*[2]/*[2]/*[1]	TEI/text/body/listBibl/msDesc/msContents/msItem/locus	B	skip_empty	no									"<locus from="""" to=""""/>"	"<locus from="""" to=""""/>"	empty placeholder (no @from/@to) — nothing to render
572	data/manuscripts/tei/572.xml	/*/*[2]/*/*/*/*[2]/*[2]/*[1]	TEI/text/body/listBibl/msDesc/msContents/msItem/locus	B	skip_empty	no									"<locus from="""" to=""""/>"	"<locus from="""" to=""""/>"	empty placeholder (no @from/@to) — nothing to render
573	data/manuscripts/tei/573.xml	/*/*[2]/*/*/*/*[2]/*[2]/*[1]	TEI/text/body/listBibl/msDesc/msContents/msItem/locus	B	skip_empty	no									"<locus from="""" to=""""/>"	"<locus from="""" to=""""/>"	empty placeholder (no @from/@to) — nothing to render
574	data/manuscripts/tei/574.xml	/*/*[2]/*/*/*/*[2]/*[2]/*[1]	TEI/text/body/listBibl/msDesc/msContents/msItem/locus	B	skip_empty	no									"<locus from="""" to=""""/>"	"<locus from="""" to=""""/>"	empty placeholder (no @from/@to) — nothing to render
575	data/manuscripts/tei/575.xml	/*/*[2]/*/*/*/*[2]/*[2]/*[1]	TEI/text/body/listBibl/msDesc/msContents/msItem/locus	B	skip_empty	no									"<locus from="""" to=""""/>"	"<locus from="""" to=""""/>"	empty placeholder (no @from/@to) — nothing to render
576	data/manuscripts/tei/576.xml	/*/*[2]/*/*/*/*[2]/*[2]/*[1]	TEI/text/body/listBibl/msDesc/msContents/msItem/locus	B	skip_empty	no									"<locus from="""" to=""""/>"	"<locus from="""" to=""""/>"	empty placeholder (no @from/@to) — nothing to render
577	data/manuscripts/tei/577.xml	/*/*[2]/*/*/*/*[2]/*[2]/*[1]	TEI/text/body/listBibl/msDesc/msContents/msItem/locus	B	skip_empty	no									"<locus from="""" to=""""/>"	"<locus from="""" to=""""/>"	empty placeholder (no @from/@to) — nothing to render
578	data/manuscripts/tei/578.xml	/*/*[2]/*/*/*/*[2]/*[2]/*[1]	TEI/text/body/listBibl/msDesc/msContents/msItem/locus	B	skip_empty	no									"<locus from="""" to=""""/>"	"<locus from="""" to=""""/>"	empty placeholder (no @from/@to) — nothing to render
579	data/manuscripts/tei/579.xml	/*/*[2]/*/*/*/*[2]/*[2]/*[1]	TEI/text/body/listBibl/msDesc/msContents/msItem/locus	B	skip_empty	no									"<locus from="""" to=""""/>"	"<locus from="""" to=""""/>"	empty placeholder (no @from/@to) — nothing to render
58	data/manuscripts/tei/58.xml	/*/*[2]/*/*/*/*[2]/*[2]/*[1]	TEI/text/body/listBibl/msDesc/msContents/msItem/locus	B	skip_empty	no									"<locus from="""" to=""""/>"	"<locus from="""" to=""""/>"	empty placeholder (no @from/@to) — nothing to render
580	data/manuscripts/tei/580.xml	/*/*[2]/*/*/*/*[2]/*[2]/*[1]	TEI/text/body/listBibl/msDesc/msContents/msItem/locus	B	skip_empty	no									"<locus from="""" to=""""/>"	"<locus from="""" to=""""/>"	empty placeholder (no @from/@to) — nothing to render
581	data/manuscripts/tei/581.xml	/*/*[2]/*/*/*/*[2]/*[2]/*[1]	TEI/text/body/listBibl/msDesc/msContents/msItem/locus	B	skip_empty	no									"<locus from="""" to=""""/>"	"<locus from="""" to=""""/>"	empty placeholder (no @from/@to) — nothing to render
582	data/manuscripts/tei/582.xml	/*/*[2]/*/*/*/*[2]/*[2]/*[1]	TEI/text/body/listBibl/msDesc/msContents/msItem/locus	B	skip_empty	no									"<locus from="""" to=""""/>"	"<locus from="""" to=""""/>"	empty placeholder (no @from/@to) — nothing to render
583	data/manuscripts/tei/583.xml	/*/*[2]/*/*/*/*[2]/*[2]/*[1]	TEI/text/body/listBibl/msDesc/msContents/msItem/locus	B	skip_empty	no									"<locus from="""" to=""""/>"	"<locus from="""" to=""""/>"	empty placeholder (no @from/@to) — nothing to render
584	data/manuscripts/tei/584.xml	/*/*[2]/*/*/*/*[2]/*[2]/*[1]	TEI/text/body/listBibl/msDesc/msContents/msItem/locus	B	skip_empty	no									"<locus from="""" to=""""/>"	"<locus from="""" to=""""/>"	empty placeholder (no @from/@to) — nothing to render
585	data/manuscripts/tei/585.xml	/*/*[2]/*/*/*/*[2]/*[2]/*[1]	TEI/text/body/listBibl/msDesc/msContents/msItem/locus	B	skip_empty	no									"<locus from="""" to=""""/>"	"<locus from="""" to=""""/>"	empty placeholder (no @from/@to) — nothing to render
586	data/manuscripts/tei/586.xml	/*/*[2]/*/*/*/*[2]/*[2]/*[1]	TEI/text/body/listBibl/msDesc/msContents/msItem/locus	B	skip_empty	no									"<locus from="""" to=""""/>"	"<locus from="""" to=""""/>"	empty placeholder (no @from/@to) — nothing to render
587	data/manuscripts/tei/587.xml	/*/*[2]/*/*/*/*[2]/*[2]/*[1]	TEI/text/body/listBibl/msDesc/msContents/msItem/locus	B	no_change	no	1r	6v	1r–6v		1r	6v	1r–6v		"<locus from=""1r"" to=""6v"">1r–6v</locus>"	"<locus from=""1r"" to=""6v"">1r–6v</locus>"	text already matches @from/@to
588	data/manuscripts/tei/588.xml	/*/*[2]/*/*/*/*[2]/*[2]/*[1]	TEI/text/body/listBibl/msDesc/msContents/msItem/locus	B	skip_empty	no									"<locus from="""" to=""""/>"	"<locus from="""" to=""""/>"	empty placeholder (no @from/@to) — nothing to render
589	data/manuscripts/tei/589.xml	/*/*[2]/*/*/*/*[2]/*[2]/*[1]	TEI/text/body/listBibl/msDesc/msContents/msItem/locus	B	skip_empty	no									"<locus from="""" to=""""/>"	"<locus from="""" to=""""/>"	empty placeholder (no @from/@to) — nothing to render
59	data/manuscripts/tei/59.xml	/*/*[2]/*/*/*/*[2]/*[2]/*[1]	TEI/text/body/listBibl/msDesc/msContents/msItem/locus	B	skip_empty	no									"<locus from="""" to=""""/>"	"<locus from="""" to=""""/>"	empty placeholder (no @from/@to) — nothing to render
590	data/manuscripts/tei/590.xml	/*/*[2]/*/*/*/*[2]/*[2]/*[1]	TEI/text/body/listBibl/msDesc/msContents/msItem/locus	B	skip_empty	no									"<locus from="""" to=""""/>"	"<locus from="""" to=""""/>"	empty placeholder (no @from/@to) — nothing to render
591	data/manuscripts/tei/591.xml	/*/*[2]/*/*/*/*[2]/*[2]/*[1]	TEI/text/body/listBibl/msDesc/msContents/msItem/locus	B	skip_empty	no									"<locus from="""" to=""""/>"	"<locus from="""" to=""""/>"	empty placeholder (no @from/@to) — nothing to render
592	data/manuscripts/tei/592.xml	/*/*[2]/*/*/*/*[2]/*[2]/*[1]	TEI/text/body/listBibl/msDesc/msContents/msItem/locus	B	skip_empty	no									"<locus from="""" to=""""/>"	"<locus from="""" to=""""/>"	empty placeholder (no @from/@to) — nothing to render
593	data/manuscripts/tei/593.xml	/*/*[2]/*/*/*/*[2]/*[2]/*[1]	TEI/text/body/listBibl/msDesc/msContents/msItem/locus	B	skip_empty	no									"<locus from="""" to=""""/>"	"<locus from="""" to=""""/>"	empty placeholder (no @from/@to) — nothing to render
594	data/manuscripts/tei/594.xml	/*/*[2]/*/*/*/*[2]/*[2]/*[1]	TEI/text/body/listBibl/msDesc/msContents/msItem/locus	B	skip_empty	no									"<locus from="""" to=""""/>"	"<locus from="""" to=""""/>"	empty placeholder (no @from/@to) — nothing to render
595	data/manuscripts/tei/595.xml	/*/*[2]/*/*/*/*[2]/*[2]/*[1]	TEI/text/body/listBibl/msDesc/msContents/msItem/locus	B	skip_empty	no									"<locus from="""" to=""""/>"	"<locus from="""" to=""""/>"	empty placeholder (no @from/@to) — nothing to render
596	data/manuscripts/tei/596.xml	/*/*[2]/*/*/*/*[2]/*[2]/*[1]	TEI/text/body/listBibl/msDesc/msContents/msItem/locus	B	skip_empty	no									"<locus from="""" to=""""/>"	"<locus from="""" to=""""/>"	empty placeholder (no @from/@to) — nothing to render
597	data/manuscripts/tei/597.xml	/*/*[2]/*/*/*/*[2]/*[2]/*[1]	TEI/text/body/listBibl/msDesc/msContents/msItem/locus	B	skip_empty	no									"<locus from="""" to=""""/>"	"<locus from="""" to=""""/>"	empty placeholder (no @from/@to) — nothing to render
598	data/manuscripts/tei/598.xml	/*/*[2]/*/*/*/*[2]/*[2]/*[1]	TEI/text/body/listBibl/msDesc/msContents/msItem/locus	B	skip_empty	no									"<locus from="""" to=""""/>"	"<locus from="""" to=""""/>"	empty placeholder (no @from/@to) — nothing to render
599	data/manuscripts/tei/599.xml	/*/*[2]/*/*/*/*[2]/*[2]/*[1]	TEI/text/body/listBibl/msDesc/msContents/msItem/locus	B	skip_empty	no									"<locus from="""" to=""""/>"	"<locus from="""" to=""""/>"	empty placeholder (no @from/@to) — nothing to render
6	data/manuscripts/tei/6.xml	/*/*[2]/*/*/*/*[2]/*[2]/*[1]	TEI/text/body/listBibl/msDesc/msContents/msItem/locus	B	skip_empty	no									"<locus from="""" to=""""/>"	"<locus from="""" to=""""/>"	empty placeholder (no @from/@to) — nothing to render
60	data/manuscripts/tei/60.xml	/*/*[2]/*/*/*/*[2]/*[2]/*[1]	TEI/text/body/listBibl/msDesc/msContents/msItem/locus	B	skip_empty	no									"<locus from="""" to=""""/>"	"<locus from="""" to=""""/>"	empty placeholder (no @from/@to) — nothing to render
600	data/manuscripts/tei/600.xml	/*/*[2]/*/*/*/*[2]/*[2]/*[1]	TEI/text/body/listBibl/msDesc/msContents/msItem/locus	B	skip_empty	no									"<locus from="""" to=""""/>"	"<locus from="""" to=""""/>"	empty placeholder (no @from/@to) — nothing to render
601	data/manuscripts/tei/601.xml	/*/*[2]/*/*/*/*[2]/*[2]/*[1]	TEI/text/body/listBibl/msDesc/msContents/msItem/locus	B	skip_empty	no									"<locus from="""" to=""""/>"	"<locus from="""" to=""""/>"	empty placeholder (no @from/@to) — nothing to render
602	data/manuscripts/tei/602.xml	/*/*[2]/*/*/*/*[2]/*[2]/*[1]	TEI/text/body/listBibl/msDesc/msContents/msItem/locus	B	skip_empty	no									"<locus from="""" to=""""/>"	"<locus from="""" to=""""/>"	empty placeholder (no @from/@to) — nothing to render
603	data/manuscripts/tei/603.xml	/*/*[2]/*/*/*/*[2]/*[2]/*[1]	TEI/text/body/listBibl/msDesc/msContents/msItem/locus	B	skip_empty	no									"<locus from="""" to=""""/>"	"<locus from="""" to=""""/>"	empty placeholder (no @from/@to) — nothing to render
604	data/manuscripts/tei/604.xml	/*/*[2]/*/*/*/*[2]/*[2]/*[1]	TEI/text/body/listBibl/msDesc/msContents/msItem/locus	B	skip_empty	no									"<locus from="""" to=""""/>"	"<locus from="""" to=""""/>"	empty placeholder (no @from/@to) — nothing to render
605	data/manuscripts/tei/605.xml	/*/*[2]/*/*/*/*[2]/*[2]/*[1]	TEI/text/body/listBibl/msDesc/msContents/msItem/locus	B	no_change	no	1r	8v	1r–8v		1r	8v	1r–8v		"<locus from=""1r"" to=""8v"">1r–8v</locus>"	"<locus from=""1r"" to=""8v"">1r–8v</locus>"	text already matches @from/@to
606	data/manuscripts/tei/606.xml	/*/*[2]/*/*/*/*[2]/*[2]/*[1]	TEI/text/body/listBibl/msDesc/msContents/msItem/locus	B	skip_empty	no									"<locus from="""" to=""""/>"	"<locus from="""" to=""""/>"	empty placeholder (no @from/@to) — nothing to render
607	data/manuscripts/tei/607.xml	/*/*[2]/*/*/*/*[2]/*[2]/*[1]	TEI/text/body/listBibl/msDesc/msContents/msItem/locus	B	skip_empty	no									"<locus from="""" to=""""/>"	"<locus from="""" to=""""/>"	empty placeholder (no @from/@to) — nothing to render
608	data/manuscripts/tei/608.xml	/*/*[2]/*/*/*/*[2]/*[2]/*[1]	TEI/text/body/listBibl/msDesc/msContents/msItem/locus	B	no_change	no	1r	46v	1r–46v		1r	46v	1r–46v		"<locus from=""1r"" to=""46v"">1r–46v</locus>"	"<locus from=""1r"" to=""46v"">1r–46v</locus>"	text already matches @from/@to
609	data/manuscripts/tei/609.xml	/*/*[2]/*/*/*/*[2]/*[2]/*[1]	TEI/text/body/listBibl/msDesc/msContents/msItem/locus	B	skip_empty	no									"<locus from="""" to=""""/>"	"<locus from="""" to=""""/>"	empty placeholder (no @from/@to) — nothing to render
61	data/manuscripts/tei/61.xml	/*/*[2]/*/*/*/*[2]/*[2]/*[1]	TEI/text/body/listBibl/msDesc/msContents/msItem/locus	B	skip_empty	no									"<locus from="""" to=""""/>"	"<locus from="""" to=""""/>"	empty placeholder (no @from/@to) — nothing to render
610	data/manuscripts/tei/610.xml	/*/*[2]/*/*/*/*[2]/*[2]/*[1]	TEI/text/body/listBibl/msDesc/msContents/msItem/locus	B	skip_empty	no									"<locus from="""" to=""""/>"	"<locus from="""" to=""""/>"	empty placeholder (no @from/@to) — nothing to render
611	data/manuscripts/tei/611.xml	/*/*[2]/*/*/*/*[2]/*[2]/*[1]	TEI/text/body/listBibl/msDesc/msContents/msItem/locus	B	skip_empty	no									"<locus from="""" to=""""/>"	"<locus from="""" to=""""/>"	empty placeholder (no @from/@to) — nothing to render
612	data/manuscripts/tei/612.xml	/*/*[2]/*/*/*/*[2]/*[2]/*[1]	TEI/text/body/listBibl/msDesc/msContents/msItem/locus	B	skip_empty	no									"<locus from="""" to=""""/>"	"<locus from="""" to=""""/>"	empty placeholder (no @from/@to) — nothing to render
613	data/manuscripts/tei/613.xml	/*/*[2]/*/*/*/*[2]/*[2]/*[1]	TEI/text/body/listBibl/msDesc/msContents/msItem/locus	B	skip_empty	no									"<locus from="""" to=""""/>"	"<locus from="""" to=""""/>"	empty placeholder (no @from/@to) — nothing to render
614	data/manuscripts/tei/614.xml	/*/*[2]/*/*/*/*[2]/*[2]/*[1]	TEI/text/body/listBibl/msDesc/msContents/msItem/locus	B	skip_empty	no									"<locus from="""" to=""""/>"	"<locus from="""" to=""""/>"	empty placeholder (no @from/@to) — nothing to render
615	data/manuscripts/tei/615.xml	/*/*[2]/*/*/*/*[2]/*[2]/*[1]	TEI/text/body/listBibl/msDesc/msContents/msItem/locus	B	skip_empty	no									"<locus from="""" to=""""/>"	"<locus from="""" to=""""/>"	empty placeholder (no @from/@to) — nothing to render
617	data/manuscripts/tei/617.xml	/*/*[2]/*/*/*/*[2]/*[2]/*[1]	TEI/text/body/listBibl/msDesc/msContents/msItem/locus	B	skip_empty	no									"<locus from="""" to=""""/>"	"<locus from="""" to=""""/>"	empty placeholder (no @from/@to) — nothing to render
618	data/manuscripts/tei/618.xml	/*/*[2]/*/*/*/*[2]/*[2]/*[1]	TEI/text/body/listBibl/msDesc/msContents/msItem/locus	B	skip_empty	no									"<locus from="""" to=""""/>"	"<locus from="""" to=""""/>"	empty placeholder (no @from/@to) — nothing to render
619	data/manuscripts/tei/619.xml	/*/*[2]/*/*/*/*[2]/*[2]/*[1]	TEI/text/body/listBibl/msDesc/msContents/msItem/locus	B	skip_empty	no									"<locus from="""" to=""""/>"	"<locus from="""" to=""""/>"	empty placeholder (no @from/@to) — nothing to render
62	data/manuscripts/tei/62.xml	/*/*[2]/*/*/*/*[2]/*[2]/*[1]	TEI/text/body/listBibl/msDesc/msContents/msItem/locus	B	skip_empty	no									"<locus from="""" to=""""/>"	"<locus from="""" to=""""/>"	empty placeholder (no @from/@to) — nothing to render
620	data/manuscripts/tei/620.xml	/*/*[2]/*/*/*/*[2]/*[2]/*[1]	TEI/text/body/listBibl/msDesc/msContents/msItem/locus	B	skip_empty	no									"<locus from="""" to=""""/>"	"<locus from="""" to=""""/>"	empty placeholder (no @from/@to) — nothing to render
621	data/manuscripts/tei/621.xml	/*/*[2]/*/*/*/*[2]/*[2]/*[1]	TEI/text/body/listBibl/msDesc/msContents/msItem/locus	B	skip_empty	no									"<locus from="""" to=""""/>"	"<locus from="""" to=""""/>"	empty placeholder (no @from/@to) — nothing to render
622	data/manuscripts/tei/622.xml	/*/*[2]/*/*/*/*[2]/*[2]/*[1]	TEI/text/body/listBibl/msDesc/msContents/msItem/locus	B	skip_empty	no									"<locus from="""" to=""""/>"	"<locus from="""" to=""""/>"	empty placeholder (no @from/@to) — nothing to render
623	data/manuscripts/tei/623.xml	/*/*[2]/*/*/*/*[2]/*[2]/*[1]	TEI/text/body/listBibl/msDesc/msContents/msItem/locus	B	skip_empty	no									"<locus from="""" to=""""/>"	"<locus from="""" to=""""/>"	empty placeholder (no @from/@to) — nothing to render
624	data/manuscripts/tei/624.xml	/*/*[2]/*/*/*/*[2]/*[2]/*[1]	TEI/text/body/listBibl/msDesc/msContents/msItem/locus	B	skip_empty	no									"<locus from="""" to=""""/>"	"<locus from="""" to=""""/>"	empty placeholder (no @from/@to) — nothing to render
625	data/manuscripts/tei/625.xml	/*/*[2]/*/*/*/*[2]/*[2]/*[1]	TEI/text/body/listBibl/msDesc/msContents/msItem/locus	B	skip_empty	no									"<locus from="""" to=""""/>"	"<locus from="""" to=""""/>"	empty placeholder (no @from/@to) — nothing to render
626	data/manuscripts/tei/626.xml	/*/*[2]/*/*/*/*[2]/*[2]/*[1]	TEI/text/body/listBibl/msDesc/msContents/msItem/locus	B	skip_empty	no									"<locus from="""" to=""""/>"	"<locus from="""" to=""""/>"	empty placeholder (no @from/@to) — nothing to render
627	data/manuscripts/tei/627.xml	/*/*[2]/*/*/*/*[2]/*[2]/*[1]	TEI/text/body/listBibl/msDesc/msContents/msItem/locus	B	skip_empty	no									"<locus from="""" to=""""/>"	"<locus from="""" to=""""/>"	empty placeholder (no @from/@to) — nothing to render
628	data/manuscripts/tei/628.xml	/*/*[2]/*/*/*/*[2]/*[2]/*[1]	TEI/text/body/listBibl/msDesc/msContents/msItem/locus	B	skip_empty	no									"<locus from="""" to=""""/>"	"<locus from="""" to=""""/>"	empty placeholder (no @from/@to) — nothing to render
629	data/manuscripts/tei/629.xml	/*/*[2]/*/*/*/*[2]/*[2]/*[1]	TEI/text/body/listBibl/msDesc/msContents/msItem/locus	B	skip_empty	no									"<locus from="""" to=""""/>"	"<locus from="""" to=""""/>"	empty placeholder (no @from/@to) — nothing to render
63	data/manuscripts/tei/63.xml	/*/*[2]/*/*/*/*[2]/*[2]/*[1]	TEI/text/body/listBibl/msDesc/msContents/msItem/locus	B	skip_empty	no									"<locus from="""" to=""""/>"	"<locus from="""" to=""""/>"	empty placeholder (no @from/@to) — nothing to render
630	data/manuscripts/tei/630.xml	/*/*[2]/*/*/*/*[2]/*[2]/*[1]	TEI/text/body/listBibl/msDesc/msContents/msItem/locus	B	no_change	no	1r	12v	1r–12v		1r	12v	1r–12v		"<locus from=""1r"" to=""12v"">1r–12v</locus>"	"<locus from=""1r"" to=""12v"">1r–12v</locus>"	text already matches @from/@to
631	data/manuscripts/tei/631.xml	/*/*[2]/*/*/*/*[2]/*[2]/*[1]	TEI/text/body/listBibl/msDesc/msContents/msItem/locus	B	skip_empty	no									"<locus from="""" to=""""/>"	"<locus from="""" to=""""/>"	empty placeholder (no @from/@to) — nothing to render
632	data/manuscripts/tei/632.xml	/*/*[2]/*/*/*/*[2]/*[2]/*[1]	TEI/text/body/listBibl/msDesc/msContents/msItem/locus	B	skip_empty	no									"<locus from="""" to=""""/>"	"<locus from="""" to=""""/>"	empty placeholder (no @from/@to) — nothing to render
633	data/manuscripts/tei/633.xml	/*/*[2]/*/*/*/*[2]/*[2]/*[1]	TEI/text/body/listBibl/msDesc/msContents/msItem/locus	B	skip_empty	no									"<locus from="""" to=""""/>"	"<locus from="""" to=""""/>"	empty placeholder (no @from/@to) — nothing to render
634	data/manuscripts/tei/634.xml	/*/*[2]/*/*/*/*[2]/*[2]/*[1]	TEI/text/body/listBibl/msDesc/msContents/msItem/locus	B	skip_empty	no									"<locus from="""" to=""""/>"	"<locus from="""" to=""""/>"	empty placeholder (no @from/@to) — nothing to render
635	data/manuscripts/tei/635.xml	/*/*[2]/*/*/*/*[2]/*[2]/*[1]	TEI/text/body/listBibl/msDesc/msContents/msItem/locus	B	skip_empty	no									"<locus from="""" to=""""/>"	"<locus from="""" to=""""/>"	empty placeholder (no @from/@to) — nothing to render
636	data/manuscripts/tei/636.xml	/*/*[2]/*/*/*/*[2]/*[2]/*[1]	TEI/text/body/listBibl/msDesc/msContents/msItem/locus	B	skip_empty	no									"<locus from="""" to=""""/>"	"<locus from="""" to=""""/>"	empty placeholder (no @from/@to) — nothing to render
637	data/manuscripts/tei/637.xml	/*/*[2]/*/*/*/*[2]/*[2]/*[1]	TEI/text/body/listBibl/msDesc/msContents/msItem/locus	B	skip_empty	no									"<locus from="""" to=""""/>"	"<locus from="""" to=""""/>"	empty placeholder (no @from/@to) — nothing to render
638	data/manuscripts/tei/638.xml	/*/*[2]/*/*/*/*[2]/*[2]/*[1]	TEI/text/body/listBibl/msDesc/msContents/msItem/locus	B	skip_empty	no									"<locus from="""" to=""""/>"	"<locus from="""" to=""""/>"	empty placeholder (no @from/@to) — nothing to render
639	data/manuscripts/tei/639.xml	/*/*[2]/*/*/*/*[2]/*[2]/*[1]	TEI/text/body/listBibl/msDesc/msContents/msItem/locus	B	skip_empty	no									"<locus from="""" to=""""/>"	"<locus from="""" to=""""/>"	empty placeholder (no @from/@to) — nothing to render
64	data/manuscripts/tei/64.xml	/*/*[2]/*/*/*/*[2]/*[2]/*[1]	TEI/text/body/listBibl/msDesc/msContents/msItem/locus	B	skip_empty	no									"<locus from="""" to=""""/>"	"<locus from="""" to=""""/>"	empty placeholder (no @from/@to) — nothing to render
640	data/manuscripts/tei/640.xml	/*/*[2]/*/*/*/*[2]/*[2]/*[1]	TEI/text/body/listBibl/msDesc/msContents/msItem/locus	B	skip_empty	no									"<locus from="""" to=""""/>"	"<locus from="""" to=""""/>"	empty placeholder (no @from/@to) — nothing to render
641	data/manuscripts/tei/641.xml	/*/*[2]/*/*/*/*[2]/*[2]/*[1]	TEI/text/body/listBibl/msDesc/msContents/msItem/locus	B	no_change	no	1r	5v	1r–5v		1r	5v	1r–5v		"<locus from=""1r"" to=""5v"">1r–5v</locus>"	"<locus from=""1r"" to=""5v"">1r–5v</locus>"	text already matches @from/@to
642	data/manuscripts/tei/642.xml	/*/*[2]/*/*/*/*[2]/*[2]/*[1]	TEI/text/body/listBibl/msDesc/msContents/msItem/locus	B	skip_empty	no									"<locus from="""" to=""""/>"	"<locus from="""" to=""""/>"	empty placeholder (no @from/@to) — nothing to render
643	data/manuscripts/tei/643.xml	/*/*[2]/*/*/*/*[2]/*[2]/*[1]	TEI/text/body/listBibl/msDesc/msContents/msItem/locus	B	skip_empty	no									"<locus from="""" to=""""/>"	"<locus from="""" to=""""/>"	empty placeholder (no @from/@to) — nothing to render
644	data/manuscripts/tei/644.xml	/*/*[2]/*/*/*/*[2]/*[2]/*[1]	TEI/text/body/listBibl/msDesc/msContents/msItem/locus	B	skip_empty	no									"<locus from="""" to=""""/>"	"<locus from="""" to=""""/>"	empty placeholder (no @from/@to) — nothing to render
645	data/manuscripts/tei/645.xml	/*/*[2]/*/*/*/*[2]/*[2]/*[1]	TEI/text/body/listBibl/msDesc/msContents/msItem/locus	B	skip_empty	no									"<locus from="""" to=""""/>"	"<locus from="""" to=""""/>"	empty placeholder (no @from/@to) — nothing to render
646	data/manuscripts/tei/646.xml	/*/*[2]/*/*/*/*[2]/*[2]/*[1]	TEI/text/body/listBibl/msDesc/msContents/msItem/locus	B	skip_empty	no									"<locus from="""" to=""""/>"	"<locus from="""" to=""""/>"	empty placeholder (no @from/@to) — nothing to render
648	data/manuscripts/tei/648.xml	/*/*[2]/*/*/*/*[2]/*[2]/*[1]	TEI/text/body/listBibl/msDesc/msContents/msItem/locus	B	skip_empty	no									"<locus from="""" to=""""/>"	"<locus from="""" to=""""/>"	empty placeholder (no @from/@to) — nothing to render
649	data/manuscripts/tei/649.xml	/*/*[2]/*/*/*/*[2]/*[2]/*[1]	TEI/text/body/listBibl/msDesc/msContents/msItem/locus	B	skip_empty	no									"<locus from="""" to=""""/>"	"<locus from="""" to=""""/>"	empty placeholder (no @from/@to) — nothing to render
65	data/manuscripts/tei/65.xml	/*/*[2]/*/*/*/*[2]/*[2]/*[1]	TEI/text/body/listBibl/msDesc/msContents/msItem/locus	B	skip_empty	no									"<locus from="""" to=""""/>"	"<locus from="""" to=""""/>"	empty placeholder (no @from/@to) — nothing to render
650	data/manuscripts/tei/650.xml	/*/*[2]/*/*/*/*[2]/*[2]/*[1]	TEI/text/body/listBibl/msDesc/msContents/msItem/locus	B	skip_empty	no									"<locus from="""" to=""""/>"	"<locus from="""" to=""""/>"	empty placeholder (no @from/@to) — nothing to render
651	data/manuscripts/tei/651.xml	/*/*[2]/*/*/*/*[2]/*[2]/*[1]	TEI/text/body/listBibl/msDesc/msContents/msItem/locus	B	skip_empty	no									"<locus from="""" to=""""/>"	"<locus from="""" to=""""/>"	empty placeholder (no @from/@to) — nothing to render
652	data/manuscripts/tei/652.xml	/*/*[2]/*/*/*/*[2]/*[2]/*[1]	TEI/text/body/listBibl/msDesc/msContents/msItem/locus	B	skip_empty	no									"<locus from="""" to=""""/>"	"<locus from="""" to=""""/>"	empty placeholder (no @from/@to) — nothing to render
654	data/manuscripts/tei/654.xml	/*/*[2]/*/*/*/*[2]/*[2]/*[1]	TEI/text/body/listBibl/msDesc/msContents/msItem/locus	B	skip_empty	no									"<locus from="""" to=""""/>"	"<locus from="""" to=""""/>"	empty placeholder (no @from/@to) — nothing to render
655	data/manuscripts/tei/655.xml	/*/*[2]/*/*/*/*[2]/*[2]/*[1]	TEI/text/body/listBibl/msDesc/msContents/msItem/locus	B	skip_empty	no									"<locus from="""" to=""""/>"	"<locus from="""" to=""""/>"	empty placeholder (no @from/@to) — nothing to render
656	data/manuscripts/tei/656.xml	/*/*[2]/*/*/*/*[2]/*[2]/*[1]	TEI/text/body/listBibl/msDesc/msContents/msItem/locus	B	skip_empty	no									"<locus from="""" to=""""/>"	"<locus from="""" to=""""/>"	empty placeholder (no @from/@to) — nothing to render
658	data/manuscripts/tei/658.xml	/*/*[2]/*/*/*/*[2]/*[2]/*[1]	TEI/text/body/listBibl/msDesc/msContents/msItem/locus	B	skip_empty	no									"<locus from="""" to=""""/>"	"<locus from="""" to=""""/>"	empty placeholder (no @from/@to) — nothing to render
659	data/manuscripts/tei/659.xml	/*/*[2]/*/*/*/*[2]/*[2]/*[1]	TEI/text/body/listBibl/msDesc/msContents/msItem/locus	B	skip_empty	no									"<locus from="""" to=""""/>"	"<locus from="""" to=""""/>"	empty placeholder (no @from/@to) — nothing to render
66	data/manuscripts/tei/66.xml	/*/*[2]/*/*/*/*[2]/*[2]/*[1]	TEI/text/body/listBibl/msDesc/msContents/msItem/locus	B	skip_empty	no									"<locus from="""" to=""""/>"	"<locus from="""" to=""""/>"	empty placeholder (no @from/@to) — nothing to render
660	data/manuscripts/tei/660.xml	/*/*[2]/*/*/*/*[2]/*[2]/*[1]	TEI/text/body/listBibl/msDesc/msContents/msItem/locus	B	skip_empty	no									"<locus from="""" to=""""/>"	"<locus from="""" to=""""/>"	empty placeholder (no @from/@to) — nothing to render
661	data/manuscripts/tei/661.xml	/*/*[2]/*/*/*/*[2]/*[2]/*[1]	TEI/text/body/listBibl/msDesc/msContents/msItem/locus	B	skip_empty	no									"<locus from="""" to=""""/>"	"<locus from="""" to=""""/>"	empty placeholder (no @from/@to) — nothing to render
662	data/manuscripts/tei/662.xml	/*/*[2]/*/*/*/*[2]/*[2]/*[1]	TEI/text/body/listBibl/msDesc/msContents/msItem/locus	B	skip_empty	no									"<locus from="""" to=""""/>"	"<locus from="""" to=""""/>"	empty placeholder (no @from/@to) — nothing to render
663	data/manuscripts/tei/663.xml	/*/*[2]/*/*/*/*[2]/*[2]/*[1]	TEI/text/body/listBibl/msDesc/msContents/msItem/locus	B	skip_empty	no									"<locus from="""" to=""""/>"	"<locus from="""" to=""""/>"	empty placeholder (no @from/@to) — nothing to render
664	data/manuscripts/tei/664.xml	/*/*[2]/*/*/*/*[2]/*[2]/*[1]	TEI/text/body/listBibl/msDesc/msContents/msItem/locus	B	skip_empty	no									"<locus from="""" to=""""/>"	"<locus from="""" to=""""/>"	empty placeholder (no @from/@to) — nothing to render
665	data/manuscripts/tei/665.xml	/*/*[2]/*/*/*/*[2]/*[2]/*[1]	TEI/text/body/listBibl/msDesc/msContents/msItem/locus	B	skip_empty	no									"<locus from="""" to=""""/>"	"<locus from="""" to=""""/>"	empty placeholder (no @from/@to) — nothing to render
667	data/manuscripts/tei/667.xml	/*/*[2]/*/*/*/*[2]/*[2]/*[1]	TEI/text/body/listBibl/msDesc/msContents/msItem/locus	B	skip_empty	no									"<locus from="""" to=""""/>"	"<locus from="""" to=""""/>"	empty placeholder (no @from/@to) — nothing to render
669	data/manuscripts/tei/669.xml	/*/*[2]/*/*/*/*[2]/*[2]/*[1]	TEI/text/body/listBibl/msDesc/msContents/msItem/locus	B	skip_empty	no									"<locus from="""" to=""""/>"	"<locus from="""" to=""""/>"	empty placeholder (no @from/@to) — nothing to render
67	data/manuscripts/tei/67.xml	/*/*[2]/*/*/*/*[2]/*[2]/*[1]	TEI/text/body/listBibl/msDesc/msContents/msItem/locus	B	skip_empty	no									"<locus from="""" to=""""/>"	"<locus from="""" to=""""/>"	empty placeholder (no @from/@to) — nothing to render
670	data/manuscripts/tei/670.xml	/*/*[2]/*/*/*/*[2]/*[2]/*[1]	TEI/text/body/listBibl/msDesc/msContents/msItem/locus	B	skip_empty	no									"<locus from="""" to=""""/>"	"<locus from="""" to=""""/>"	empty placeholder (no @from/@to) — nothing to render
671	data/manuscripts/tei/671.xml	/*/*[2]/*/*/*/*[2]/*[2]/*[1]	TEI/text/body/listBibl/msDesc/msContents/msItem/locus	B	skip_empty	no									"<locus from="""" to=""""/>"	"<locus from="""" to=""""/>"	empty placeholder (no @from/@to) — nothing to render
672	data/manuscripts/tei/672.xml	/*/*[2]/*/*/*/*[2]/*[2]/*[1]	TEI/text/body/listBibl/msDesc/msContents/msItem/locus	B	skip_empty	no									"<locus from="""" to=""""/>"	"<locus from="""" to=""""/>"	empty placeholder (no @from/@to) — nothing to render
673	data/manuscripts/tei/673.xml	/*/*[2]/*/*/*/*[2]/*[2]/*[1]	TEI/text/body/listBibl/msDesc/msContents/msItem/locus	B	skip_empty	no									"<locus from="""" to=""""/>"	"<locus from="""" to=""""/>"	empty placeholder (no @from/@to) — nothing to render
674	data/manuscripts/tei/674.xml	/*/*[2]/*/*/*/*[2]/*[2]/*[1]	TEI/text/body/listBibl/msDesc/msContents/msItem/locus	B	skip_empty	no									"<locus from="""" to=""""/>"	"<locus from="""" to=""""/>"	empty placeholder (no @from/@to) — nothing to render
675	data/manuscripts/tei/675.xml	/*/*[2]/*/*/*/*[2]/*[2]/*[1]	TEI/text/body/listBibl/msDesc/msContents/msItem/locus	B	skip_empty	no									"<locus from="""" to=""""/>"	"<locus from="""" to=""""/>"	empty placeholder (no @from/@to) — nothing to render
676	data/manuscripts/tei/676.xml	/*/*[2]/*/*/*/*[2]/*[2]/*[1]	TEI/text/body/listBibl/msDesc/msContents/msItem/locus	B	skip_empty	no									"<locus from="""" to=""""/>"	"<locus from="""" to=""""/>"	empty placeholder (no @from/@to) — nothing to render
677	data/manuscripts/tei/677.xml	/*/*[2]/*/*/*/*[2]/*[2]/*[1]	TEI/text/body/listBibl/msDesc/msContents/msItem/locus	B	skip_empty	no									"<locus from="""" to=""""/>"	"<locus from="""" to=""""/>"	empty placeholder (no @from/@to) — nothing to render
678	data/manuscripts/tei/678.xml	/*/*[2]/*/*/*/*[2]/*[2]/*[1]	TEI/text/body/listBibl/msDesc/msContents/msItem/locus	B	skip_empty	no									"<locus from="""" to=""""/>"	"<locus from="""" to=""""/>"	empty placeholder (no @from/@to) — nothing to render
68	data/manuscripts/tei/68.xml	/*/*[2]/*/*/*/*[2]/*[2]/*[1]	TEI/text/body/listBibl/msDesc/msContents/msItem/locus	B	skip_empty	no									"<locus from="""" to=""""/>"	"<locus from="""" to=""""/>"	empty placeholder (no @from/@to) — nothing to render
683	data/manuscripts/tei/683.xml	/*/*[2]/*/*/*/*[2]/*[2]/*[1]	TEI/text/body/listBibl/msDesc/msContents/msItem/locus	B	skip_empty	no									"<locus from="""" to=""""/>"	"<locus from="""" to=""""/>"	empty placeholder (no @from/@to) — nothing to render
684	data/manuscripts/tei/684.xml	/*/*[2]/*/*/*/*[2]/*[2]/*[1]	TEI/text/body/listBibl/msDesc/msContents/msItem/locus	B	skip_empty	no									"<locus from="""" to=""""/>"	"<locus from="""" to=""""/>"	empty placeholder (no @from/@to) — nothing to render
685	data/manuscripts/tei/685.xml	/*/*[2]/*/*/*/*[2]/*[2]/*[1]	TEI/text/body/listBibl/msDesc/msContents/msItem/locus	B	skip_empty	no									"<locus from="""" to=""""/>"	"<locus from="""" to=""""/>"	empty placeholder (no @from/@to) — nothing to render
686	data/manuscripts/tei/686.xml	/*/*[2]/*/*/*/*[2]/*[2]/*[1]	TEI/text/body/listBibl/msDesc/msContents/msItem/locus	B	skip_empty	no									"<locus from="""" to=""""/>"	"<locus from="""" to=""""/>"	empty placeholder (no @from/@to) — nothing to render
687	data/manuscripts/tei/687.xml	/*/*[2]/*/*/*/*[2]/*[2]/*[1]	TEI/text/body/listBibl/msDesc/msContents/msItem/locus	B	skip_empty	no									"<locus from="""" to=""""/>"	"<locus from="""" to=""""/>"	empty placeholder (no @from/@to) — nothing to render
688	data/manuscripts/tei/688.xml	/*/*[2]/*/*/*/*[2]/*[2]/*[1]	TEI/text/body/listBibl/msDesc/msContents/msItem/locus	B	skip_empty	no									"<locus from="""" to=""""/>"	"<locus from="""" to=""""/>"	empty placeholder (no @from/@to) — nothing to render
689	data/manuscripts/tei/689.xml	/*/*[2]/*/*/*/*[2]/*[2]/*[1]	TEI/text/body/listBibl/msDesc/msContents/msItem/locus	B	skip_empty	no									"<locus from="""" to=""""/>"	"<locus from="""" to=""""/>"	empty placeholder (no @from/@to) — nothing to render
69	data/manuscripts/tei/69.xml	/*/*[2]/*/*/*/*[2]/*[2]/*[1]	TEI/text/body/listBibl/msDesc/msContents/msItem/locus	B	skip_empty	no									"<locus from="""" to=""""/>"	"<locus from="""" to=""""/>"	empty placeholder (no @from/@to) — nothing to render
690	data/manuscripts/tei/690.xml	/*/*[2]/*/*/*/*[2]/*[2]/*[1]	TEI/text/body/listBibl/msDesc/msContents/msItem/locus	B	skip_empty	no									"<locus from="""" to=""""/>"	"<locus from="""" to=""""/>"	empty placeholder (no @from/@to) — nothing to render
691	data/manuscripts/tei/691.xml	/*/*[2]/*/*/*/*[2]/*[2]/*[1]	TEI/text/body/listBibl/msDesc/msContents/msItem/locus	B	skip_empty	no									"<locus from="""" to=""""/>"	"<locus from="""" to=""""/>"	empty placeholder (no @from/@to) — nothing to render
692	data/manuscripts/tei/692.xml	/*/*[2]/*/*/*/*[2]/*[2]/*[1]	TEI/text/body/listBibl/msDesc/msContents/msItem/locus	B	skip_empty	no									"<locus from="""" to=""""/>"	"<locus from="""" to=""""/>"	empty placeholder (no @from/@to) — nothing to render
693	data/manuscripts/tei/693.xml	/*/*[2]/*/*/*/*[2]/*[2]/*[1]	TEI/text/body/listBibl/msDesc/msContents/msItem/locus	B	skip_empty	no									"<locus from="""" to=""""/>"	"<locus from="""" to=""""/>"	empty placeholder (no @from/@to) — nothing to render
694	data/manuscripts/tei/694.xml	/*/*[2]/*/*/*/*[2]/*[2]/*[1]	TEI/text/body/listBibl/msDesc/msContents/msItem/locus	B	skip_empty	no									"<locus from="""" to=""""/>"	"<locus from="""" to=""""/>"	empty placeholder (no @from/@to) — nothing to render
696	data/manuscripts/tei/696.xml	/*/*[2]/*/*/*/*[2]/*[2]/*[1]	TEI/text/body/listBibl/msDesc/msContents/msItem/locus	B	skip_empty	no									"<locus from="""" to=""""/>"	"<locus from="""" to=""""/>"	empty placeholder (no @from/@to) — nothing to render
697	data/manuscripts/tei/697.xml	/*/*[2]/*/*/*/*[2]/*[2]/*[1]	TEI/text/body/listBibl/msDesc/msContents/msItem/locus	B	skip_empty	no									"<locus from="""" to=""""/>"	"<locus from="""" to=""""/>"	empty placeholder (no @from/@to) — nothing to render
698	data/manuscripts/tei/698.xml	/*/*[2]/*/*/*/*[2]/*[2]/*[1]	TEI/text/body/listBibl/msDesc/msContents/msItem/locus	B	skip_empty	no									"<locus from="""" to=""""/>"	"<locus from="""" to=""""/>"	empty placeholder (no @from/@to) — nothing to render
7	data/manuscripts/tei/7.xml	/*/*[2]/*/*/*/*[2]/*[2]/*[1]	TEI/text/body/listBibl/msDesc/msContents/msItem/locus	B	skip_empty	no									"<locus from="""" to=""""/>"	"<locus from="""" to=""""/>"	empty placeholder (no @from/@to) — nothing to render
70	data/manuscripts/tei/70.xml	/*/*[2]/*/*/*/*[2]/*[2]/*[1]	TEI/text/body/listBibl/msDesc/msContents/msItem/locus	B	skip_empty	no									"<locus from="""" to=""""/>"	"<locus from="""" to=""""/>"	empty placeholder (no @from/@to) — nothing to render
700	data/manuscripts/tei/700.xml	/*/*[2]/*/*/*/*[2]/*[2]/*[1]	TEI/text/body/listBibl/msDesc/msContents/msItem/locus	B	skip_empty	no									"<locus from="""" to=""""/>"	"<locus from="""" to=""""/>"	empty placeholder (no @from/@to) — nothing to render
701	data/manuscripts/tei/701.xml	/*/*[2]/*/*/*/*[2]/*[2]/*[1]	TEI/text/body/listBibl/msDesc/msContents/msItem/locus	B	skip_empty	no									"<locus from="""" to=""""/>"	"<locus from="""" to=""""/>"	empty placeholder (no @from/@to) — nothing to render
702	data/manuscripts/tei/702.xml	/*/*[2]/*/*/*/*[2]/*[2]/*[1]	TEI/text/body/listBibl/msDesc/msContents/msItem/locus	B	skip_empty	no									"<locus from="""" to=""""/>"	"<locus from="""" to=""""/>"	empty placeholder (no @from/@to) — nothing to render
703	data/manuscripts/tei/703.xml	/*/*[2]/*/*/*/*[2]/*[2]/*[1]	TEI/text/body/listBibl/msDesc/msContents/msItem/locus	B	skip_empty	no									"<locus from="""" to=""""/>"	"<locus from="""" to=""""/>"	empty placeholder (no @from/@to) — nothing to render
704	data/manuscripts/tei/704.xml	/*/*[2]/*/*/*/*[2]/*[2]/*[1]	TEI/text/body/listBibl/msDesc/msContents/msItem/locus	B	skip_empty	no									"<locus from="""" to=""""/>"	"<locus from="""" to=""""/>"	empty placeholder (no @from/@to) — nothing to render
705	data/manuscripts/tei/705.xml	/*/*[2]/*/*/*/*[2]/*[2]/*[1]	TEI/text/body/listBibl/msDesc/msContents/msItem/locus	B	skip_empty	no									"<locus from="""" to=""""/>"	"<locus from="""" to=""""/>"	empty placeholder (no @from/@to) — nothing to render
706	data/manuscripts/tei/706.xml	/*/*[2]/*/*/*/*[2]/*[2]/*[1]	TEI/text/body/listBibl/msDesc/msContents/msItem/locus	B	skip_empty	no									"<locus from="""" to=""""/>"	"<locus from="""" to=""""/>"	empty placeholder (no @from/@to) — nothing to render
707	data/manuscripts/tei/707.xml	/*/*[2]/*/*/*/*[2]/*[2]/*[1]	TEI/text/body/listBibl/msDesc/msContents/msItem/locus	B	skip_empty	no									"<locus from="""" to=""""/>"	"<locus from="""" to=""""/>"	empty placeholder (no @from/@to) — nothing to render
708	data/manuscripts/tei/708.xml	/*/*[2]/*/*/*/*[2]/*[2]/*[1]	TEI/text/body/listBibl/msDesc/msContents/msItem/locus	B	skip_empty	no									"<locus from="""" to=""""/>"	"<locus from="""" to=""""/>"	empty placeholder (no @from/@to) — nothing to render
709	data/manuscripts/tei/709.xml	/*/*[2]/*/*/*/*[2]/*[2]/*[1]	TEI/text/body/listBibl/msDesc/msContents/msItem/locus	B	skip_empty	no									"<locus from="""" to=""""/>"	"<locus from="""" to=""""/>"	empty placeholder (no @from/@to) — nothing to render
71	data/manuscripts/tei/71.xml	/*/*[2]/*/*/*/*[2]/*[2]/*[1]	TEI/text/body/listBibl/msDesc/msContents/msItem/locus	B	skip_empty	no									"<locus from="""" to=""""/>"	"<locus from="""" to=""""/>"	empty placeholder (no @from/@to) — nothing to render
710	data/manuscripts/tei/710.xml	/*/*[2]/*/*/*/*[2]/*[2]/*[1]	TEI/text/body/listBibl/msDesc/msContents/msItem/locus	B	skip_empty	no									"<locus from="""" to=""""/>"	"<locus from="""" to=""""/>"	empty placeholder (no @from/@to) — nothing to render
711	data/manuscripts/tei/711.xml	/*/*[2]/*/*/*/*[2]/*[2]/*[1]	TEI/text/body/listBibl/msDesc/msContents/msItem/locus	B	skip_empty	no									"<locus from="""" to=""""/>"	"<locus from="""" to=""""/>"	empty placeholder (no @from/@to) — nothing to render
712	data/manuscripts/tei/712.xml	/*/*[2]/*/*/*/*[2]/*[2]/*[1]	TEI/text/body/listBibl/msDesc/msContents/msItem/locus	B	skip_empty	no									"<locus from="""" to=""""/>"	"<locus from="""" to=""""/>"	empty placeholder (no @from/@to) — nothing to render
713	data/manuscripts/tei/713.xml	/*/*[2]/*/*/*/*[2]/*[2]/*[1]	TEI/text/body/listBibl/msDesc/msContents/msItem/locus	B	skip_empty	no									"<locus from="""" to=""""/>"	"<locus from="""" to=""""/>"	empty placeholder (no @from/@to) — nothing to render
714	data/manuscripts/tei/714.xml	/*/*[2]/*/*/*/*[2]/*[2]/*[1]	TEI/text/body/listBibl/msDesc/msContents/msItem/locus	B	skip_empty	no									"<locus from="""" to=""""/>"	"<locus from="""" to=""""/>"	empty placeholder (no @from/@to) — nothing to render
715	data/manuscripts/tei/715.xml	/*/*[2]/*/*/*/*[2]/*[2]/*[1]	TEI/text/body/listBibl/msDesc/msContents/msItem/locus	B	skip_empty	no									"<locus from="""" to=""""/>"	"<locus from="""" to=""""/>"	empty placeholder (no @from/@to) — nothing to render
716	data/manuscripts/tei/716.xml	/*/*[2]/*/*/*/*[2]/*[2]/*[1]	TEI/text/body/listBibl/msDesc/msContents/msItem/locus	B	skip_empty	no									"<locus from="""" to=""""/>"	"<locus from="""" to=""""/>"	empty placeholder (no @from/@to) — nothing to render
717	data/manuscripts/tei/717.xml	/*/*[2]/*/*/*/*[2]/*[2]/*[1]	TEI/text/body/listBibl/msDesc/msContents/msItem/locus	B	skip_empty	no									"<locus from="""" to=""""/>"	"<locus from="""" to=""""/>"	empty placeholder (no @from/@to) — nothing to render
718	data/manuscripts/tei/718.xml	/*/*[2]/*/*/*/*[2]/*[2]/*[1]	TEI/text/body/listBibl/msDesc/msContents/msItem/locus	B	skip_empty	no									"<locus from="""" to=""""/>"	"<locus from="""" to=""""/>"	empty placeholder (no @from/@to) — nothing to render
719	data/manuscripts/tei/719.xml	/*/*[2]/*/*/*/*[2]/*[2]/*[1]	TEI/text/body/listBibl/msDesc/msContents/msItem/locus	B	skip_empty	no									"<locus from="""" to=""""/>"	"<locus from="""" to=""""/>"	empty placeholder (no @from/@to) — nothing to render
72	data/manuscripts/tei/72.xml	/*/*[2]/*/*/*/*[2]/*[2]/*[1]	TEI/text/body/listBibl/msDesc/msContents/msItem/locus	B	skip_empty	no									"<locus from="""" to=""""/>"	"<locus from="""" to=""""/>"	empty placeholder (no @from/@to) — nothing to render
720	data/manuscripts/tei/720.xml	/*/*[2]/*/*/*/*[2]/*[2]/*[1]	TEI/text/body/listBibl/msDesc/msContents/msItem/locus	B	skip_empty	no									"<locus from="""" to=""""/>"	"<locus from="""" to=""""/>"	empty placeholder (no @from/@to) — nothing to render
721	data/manuscripts/tei/721.xml	/*/*[2]/*/*/*/*[2]/*[2]/*[1]	TEI/text/body/listBibl/msDesc/msContents/msItem/locus	B	skip_empty	no									"<locus from="""" to=""""/>"	"<locus from="""" to=""""/>"	empty placeholder (no @from/@to) — nothing to render
722	data/manuscripts/tei/722.xml	/*/*[2]/*/*/*/*[2]/*[2]/*[1]	TEI/text/body/listBibl/msDesc/msContents/msItem/locus	B	skip_empty	no									"<locus from="""" to=""""/>"	"<locus from="""" to=""""/>"	empty placeholder (no @from/@to) — nothing to render
723	data/manuscripts/tei/723.xml	/*/*[2]/*/*/*/*[2]/*[2]/*[1]	TEI/text/body/listBibl/msDesc/msContents/msItem/locus	B	skip_empty	no									"<locus from="""" to=""""/>"	"<locus from="""" to=""""/>"	empty placeholder (no @from/@to) — nothing to render
724	data/manuscripts/tei/724.xml	/*/*[2]/*/*/*/*[2]/*[2]/*[1]	TEI/text/body/listBibl/msDesc/msContents/msItem/locus	B	skip_empty	no									"<locus from="""" to=""""/>"	"<locus from="""" to=""""/>"	empty placeholder (no @from/@to) — nothing to render
725	data/manuscripts/tei/725.xml	/*/*[2]/*/*/*/*[2]/*[2]/*[1]	TEI/text/body/listBibl/msDesc/msContents/msItem/locus	B	skip_empty	no									"<locus from="""" to=""""/>"	"<locus from="""" to=""""/>"	empty placeholder (no @from/@to) — nothing to render
726	data/manuscripts/tei/726.xml	/*/*[2]/*/*/*/*[2]/*[2]/*[1]	TEI/text/body/listBibl/msDesc/msContents/msItem/locus	B	skip_empty	no									"<locus from="""" to=""""/>"	"<locus from="""" to=""""/>"	empty placeholder (no @from/@to) — nothing to render
727	data/manuscripts/tei/727.xml	/*/*[2]/*/*/*/*[2]/*[2]/*[1]	TEI/text/body/listBibl/msDesc/msContents/msItem/locus	B	skip_empty	no									"<locus from="""" to=""""/>"	"<locus from="""" to=""""/>"	empty placeholder (no @from/@to) — nothing to render
728	data/manuscripts/tei/728.xml	/*/*[2]/*/*/*/*[2]/*[2]/*[1]	TEI/text/body/listBibl/msDesc/msContents/msItem/locus	B	skip_empty	no									"<locus from="""" to=""""/>"	"<locus from="""" to=""""/>"	empty placeholder (no @from/@to) — nothing to render
729	data/manuscripts/tei/729.xml	/*/*[2]/*/*/*/*[2]/*[2]/*[1]	TEI/text/body/listBibl/msDesc/msContents/msItem/locus	B	skip_empty	no									"<locus from="""" to=""""/>"	"<locus from="""" to=""""/>"	empty placeholder (no @from/@to) — nothing to render
73	data/manuscripts/tei/73.xml	/*/*[2]/*/*/*/*[2]/*[2]/*[1]	TEI/text/body/listBibl/msDesc/msContents/msItem/locus	B	skip_empty	no									"<locus from="""" to=""""/>"	"<locus from="""" to=""""/>"	empty placeholder (no @from/@to) — nothing to render
730	data/manuscripts/tei/730.xml	/*/*[2]/*/*/*/*[2]/*[2]/*[1]	TEI/text/body/listBibl/msDesc/msContents/msItem/locus	B	skip_empty	no									"<locus from="""" to=""""/>"	"<locus from="""" to=""""/>"	empty placeholder (no @from/@to) — nothing to render
731	data/manuscripts/tei/731.xml	/*/*[2]/*/*/*/*[2]/*[2]/*[1]	TEI/text/body/listBibl/msDesc/msContents/msItem/locus	B	skip_empty	no									"<locus from="""" to=""""/>"	"<locus from="""" to=""""/>"	empty placeholder (no @from/@to) — nothing to render
732	data/manuscripts/tei/732.xml	/*/*[2]/*/*/*/*[2]/*[2]/*[1]	TEI/text/body/listBibl/msDesc/msContents/msItem/locus	B	skip_empty	no									"<locus from="""" to=""""/>"	"<locus from="""" to=""""/>"	empty placeholder (no @from/@to) — nothing to render
733	data/manuscripts/tei/733.xml	/*/*[2]/*/*/*/*[2]/*[2]/*[1]	TEI/text/body/listBibl/msDesc/msContents/msItem/locus	B	skip_empty	no									"<locus from="""" to=""""/>"	"<locus from="""" to=""""/>"	empty placeholder (no @from/@to) — nothing to render
734	data/manuscripts/tei/734.xml	/*/*[2]/*/*/*/*[2]/*[2]/*[1]	TEI/text/body/listBibl/msDesc/msContents/msItem/locus	B	skip_empty	no									"<locus from="""" to=""""/>"	"<locus from="""" to=""""/>"	empty placeholder (no @from/@to) — nothing to render
735	data/manuscripts/tei/735.xml	/*/*[2]/*/*/*/*[2]/*[2]/*[1]	TEI/text/body/listBibl/msDesc/msContents/msItem/locus	B	skip_empty	no									"<locus from="""" to=""""/>"	"<locus from="""" to=""""/>"	empty placeholder (no @from/@to) — nothing to render
736	data/manuscripts/tei/736.xml	/*/*[2]/*/*/*/*[2]/*[2]/*[1]	TEI/text/body/listBibl/msDesc/msContents/msItem/locus	B	skip_empty	no									"<locus from="""" to=""""/>"	"<locus from="""" to=""""/>"	empty placeholder (no @from/@to) — nothing to render
737	data/manuscripts/tei/737.xml	/*/*[2]/*/*/*/*[2]/*[2]/*[1]	TEI/text/body/listBibl/msDesc/msContents/msItem/locus	B	skip_empty	no									"<locus from="""" to=""""/>"	"<locus from="""" to=""""/>"	empty placeholder (no @from/@to) — nothing to render
738	data/manuscripts/tei/738.xml	/*/*[2]/*/*/*/*[2]/*[2]/*[1]	TEI/text/body/listBibl/msDesc/msContents/msItem/locus	B	skip_empty	no									"<locus from="""" to=""""/>"	"<locus from="""" to=""""/>"	empty placeholder (no @from/@to) — nothing to render
739	data/manuscripts/tei/739.xml	/*/*[2]/*/*/*/*[2]/*[2]/*[1]	TEI/text/body/listBibl/msDesc/msContents/msItem/locus	B	skip_empty	no									"<locus from="""" to=""""/>"	"<locus from="""" to=""""/>"	empty placeholder (no @from/@to) — nothing to render
74	data/manuscripts/tei/74.xml	/*/*[2]/*/*/*/*[2]/*[2]/*[1]	TEI/text/body/listBibl/msDesc/msContents/msItem/locus	B	skip_empty	no									"<locus from="""" to=""""/>"	"<locus from="""" to=""""/>"	empty placeholder (no @from/@to) — nothing to render
740	data/manuscripts/tei/740.xml	/*/*[2]/*/*/*/*[2]/*[2]/*[1]	TEI/text/body/listBibl/msDesc/msContents/msItem/locus	B	skip_empty	no									"<locus from="""" to=""""/>"	"<locus from="""" to=""""/>"	empty placeholder (no @from/@to) — nothing to render
741	data/manuscripts/tei/741.xml	/*/*[2]/*/*/*/*[2]/*[2]/*[1]	TEI/text/body/listBibl/msDesc/msContents/msItem/locus	B	skip_empty	no									"<locus from="""" to=""""/>"	"<locus from="""" to=""""/>"	empty placeholder (no @from/@to) — nothing to render
742	data/manuscripts/tei/742.xml	/*/*[2]/*/*/*/*[2]/*[2]/*[1]	TEI/text/body/listBibl/msDesc/msContents/msItem/locus	B	skip_empty	no									"<locus from="""" to=""""/>"	"<locus from="""" to=""""/>"	empty placeholder (no @from/@to) — nothing to render
743	data/manuscripts/tei/743.xml	/*/*[2]/*/*/*/*[2]/*[2]/*[1]	TEI/text/body/listBibl/msDesc/msContents/msItem/locus	B	skip_empty	no									"<locus from="""" to=""""/>"	"<locus from="""" to=""""/>"	empty placeholder (no @from/@to) — nothing to render
744	data/manuscripts/tei/744.xml	/*/*[2]/*/*/*/*[2]/*[2]/*[1]	TEI/text/body/listBibl/msDesc/msContents/msItem/locus	B	skip_empty	no									"<locus from="""" to=""""/>"	"<locus from="""" to=""""/>"	empty placeholder (no @from/@to) — nothing to render
745	data/manuscripts/tei/745.xml	/*/*[2]/*/*/*/*[2]/*[2]/*[1]	TEI/text/body/listBibl/msDesc/msContents/msItem/locus	B	skip_empty	no									"<locus from="""" to=""""/>"	"<locus from="""" to=""""/>"	empty placeholder (no @from/@to) — nothing to render
746	data/manuscripts/tei/746.xml	/*/*[2]/*/*/*/*[2]/*[2]/*[1]	TEI/text/body/listBibl/msDesc/msContents/msItem/locus	B	skip_empty	no									"<locus from="""" to=""""/>"	"<locus from="""" to=""""/>"	empty placeholder (no @from/@to) — nothing to render
747	data/manuscripts/tei/747.xml	/*/*[2]/*/*/*/*[2]/*[2]/*[1]	TEI/text/body/listBibl/msDesc/msContents/msItem/locus	B	skip_empty	no									"<locus from="""" to=""""/>"	"<locus from="""" to=""""/>"	empty placeholder (no @from/@to) — nothing to render
748	data/manuscripts/tei/748.xml	/*/*[2]/*/*/*/*[2]/*[2]/*[1]	TEI/text/body/listBibl/msDesc/msContents/msItem/locus	B	skip_empty	no									"<locus from="""" to=""""/>"	"<locus from="""" to=""""/>"	empty placeholder (no @from/@to) — nothing to render
749	data/manuscripts/tei/749.xml	/*/*[2]/*/*/*/*[2]/*[2]/*[1]	TEI/text/body/listBibl/msDesc/msContents/msItem/locus	B	skip_empty	no									"<locus from="""" to=""""/>"	"<locus from="""" to=""""/>"	empty placeholder (no @from/@to) — nothing to render
75	data/manuscripts/tei/75.xml	/*/*[2]/*/*/*/*[2]/*[2]/*[1]	TEI/text/body/listBibl/msDesc/msContents/msItem/locus	B	skip_empty	no									"<locus from="""" to=""""/>"	"<locus from="""" to=""""/>"	empty placeholder (no @from/@to) — nothing to render
750	data/manuscripts/tei/750.xml	/*/*[2]/*/*/*/*[2]/*[2]/*[1]	TEI/text/body/listBibl/msDesc/msContents/msItem/locus	B	skip_empty	no									"<locus from="""" to=""""/>"	"<locus from="""" to=""""/>"	empty placeholder (no @from/@to) — nothing to render
751	data/manuscripts/tei/751.xml	/*/*[2]/*/*/*/*[2]/*[2]/*[1]	TEI/text/body/listBibl/msDesc/msContents/msItem/locus	B	skip_empty	no									"<locus from="""" to=""""/>"	"<locus from="""" to=""""/>"	empty placeholder (no @from/@to) — nothing to render
752	data/manuscripts/tei/752.xml	/*/*[2]/*/*/*/*[2]/*[2]/*[1]	TEI/text/body/listBibl/msDesc/msContents/msItem/locus	B	skip_empty	no									"<locus from="""" to=""""/>"	"<locus from="""" to=""""/>"	empty placeholder (no @from/@to) — nothing to render
753	data/manuscripts/tei/753.xml	/*/*[2]/*/*/*/*[2]/*[2]/*[1]	TEI/text/body/listBibl/msDesc/msContents/msItem/locus	B	skip_empty	no									"<locus from="""" to=""""/>"	"<locus from="""" to=""""/>"	empty placeholder (no @from/@to) — nothing to render
754	data/manuscripts/tei/754.xml	/*/*[2]/*/*/*/*[2]/*[2]/*[1]	TEI/text/body/listBibl/msDesc/msContents/msItem/locus	B	skip_empty	no									"<locus from="""" to=""""/>"	"<locus from="""" to=""""/>"	empty placeholder (no @from/@to) — nothing to render
755	data/manuscripts/tei/755.xml	/*/*[2]/*/*/*/*[2]/*[2]/*[1]	TEI/text/body/listBibl/msDesc/msContents/msItem/locus	B	skip_empty	no									"<locus from="""" to=""""/>"	"<locus from="""" to=""""/>"	empty placeholder (no @from/@to) — nothing to render
756	data/manuscripts/tei/756.xml	/*/*[2]/*/*/*/*[2]/*[2]/*[1]	TEI/text/body/listBibl/msDesc/msContents/msItem/locus	B	skip_empty	no									"<locus from="""" to=""""/>"	"<locus from="""" to=""""/>"	empty placeholder (no @from/@to) — nothing to render
757	data/manuscripts/tei/757.xml	/*/*[2]/*/*/*/*[2]/*[2]/*[1]	TEI/text/body/listBibl/msDesc/msContents/msItem/locus	B	skip_empty	no									"<locus from="""" to=""""/>"	"<locus from="""" to=""""/>"	empty placeholder (no @from/@to) — nothing to render
758	data/manuscripts/tei/758.xml	/*/*[2]/*/*/*/*[2]/*[2]/*[1]	TEI/text/body/listBibl/msDesc/msContents/msItem/locus	B	skip_empty	no									"<locus from="""" to=""""/>"	"<locus from="""" to=""""/>"	empty placeholder (no @from/@to) — nothing to render
759	data/manuscripts/tei/759.xml	/*/*[2]/*/*/*/*[2]/*[2]/*[1]	TEI/text/body/listBibl/msDesc/msContents/msItem/locus	B	skip_empty	no									"<locus from="""" to=""""/>"	"<locus from="""" to=""""/>"	empty placeholder (no @from/@to) — nothing to render
76	data/manuscripts/tei/76.xml	/*/*[2]/*/*/*/*[2]/*[2]/*[1]	TEI/text/body/listBibl/msDesc/msContents/msItem/locus	B	skip_empty	no									"<locus from="""" to=""""/>"	"<locus from="""" to=""""/>"	empty placeholder (no @from/@to) — nothing to render
760	data/manuscripts/tei/760.xml	/*/*[2]/*/*/*/*[2]/*[2]/*[1]	TEI/text/body/listBibl/msDesc/msContents/msItem/locus	B	skip_empty	no									"<locus from="""" to=""""/>"	"<locus from="""" to=""""/>"	empty placeholder (no @from/@to) — nothing to render
761	data/manuscripts/tei/761.xml	/*/*[2]/*/*/*/*[2]/*[2]/*[1]	TEI/text/body/listBibl/msDesc/msContents/msItem/locus	B	skip_empty	no									"<locus from="""" to=""""/>"	"<locus from="""" to=""""/>"	empty placeholder (no @from/@to) — nothing to render
762	data/manuscripts/tei/762.xml	/*/*[2]/*/*/*/*[2]/*[2]/*[1]	TEI/text/body/listBibl/msDesc/msContents/msItem/locus	B	skip_empty	no									"<locus from="""" to=""""/>"	"<locus from="""" to=""""/>"	empty placeholder (no @from/@to) — nothing to render
763	data/manuscripts/tei/763.xml	/*/*[2]/*/*/*/*[2]/*[2]/*[1]	TEI/text/body/listBibl/msDesc/msContents/msItem/locus	B	skip_empty	no									"<locus from="""" to=""""/>"	"<locus from="""" to=""""/>"	empty placeholder (no @from/@to) — nothing to render
764	data/manuscripts/tei/764.xml	/*/*[2]/*/*/*/*[2]/*[2]/*[1]	TEI/text/body/listBibl/msDesc/msContents/msItem/locus	B	skip_empty	no									"<locus from="""" to=""""/>"	"<locus from="""" to=""""/>"	empty placeholder (no @from/@to) — nothing to render
765	data/manuscripts/tei/765.xml	/*/*[2]/*/*/*/*[2]/*[2]/*[1]	TEI/text/body/listBibl/msDesc/msContents/msItem/locus	B	skip_empty	no									"<locus from="""" to=""""/>"	"<locus from="""" to=""""/>"	empty placeholder (no @from/@to) — nothing to render
766	data/manuscripts/tei/766.xml	/*/*[2]/*/*/*/*[2]/*[2]/*[1]	TEI/text/body/listBibl/msDesc/msContents/msItem/locus	B	skip_empty	no									"<locus from="""" to=""""/>"	"<locus from="""" to=""""/>"	empty placeholder (no @from/@to) — nothing to render
767	data/manuscripts/tei/767.xml	/*/*[2]/*/*/*/*[2]/*[2]/*[1]	TEI/text/body/listBibl/msDesc/msContents/msItem/locus	B	skip_empty	no									"<locus from="""" to=""""/>"	"<locus from="""" to=""""/>"	empty placeholder (no @from/@to) — nothing to render
768	data/manuscripts/tei/768.xml	/*/*[2]/*/*/*/*[2]/*[2]/*[1]	TEI/text/body/listBibl/msDesc/msContents/msItem/locus	B	skip_empty	no									"<locus from="""" to=""""/>"	"<locus from="""" to=""""/>"	empty placeholder (no @from/@to) — nothing to render
769	data/manuscripts/tei/769.xml	/*/*[2]/*/*/*/*[2]/*[2]/*[1]	TEI/text/body/listBibl/msDesc/msContents/msItem/locus	B	skip_empty	no									"<locus from="""" to=""""/>"	"<locus from="""" to=""""/>"	empty placeholder (no @from/@to) — nothing to render
77	data/manuscripts/tei/77.xml	/*/*[2]/*/*/*/*[2]/*[2]/*[1]	TEI/text/body/listBibl/msDesc/msContents/msItem/locus	B	skip_empty	no									"<locus from="""" to=""""/>"	"<locus from="""" to=""""/>"	empty placeholder (no @from/@to) — nothing to render
770	data/manuscripts/tei/770.xml	/*/*[2]/*/*/*/*[2]/*[2]/*[1]	TEI/text/body/listBibl/msDesc/msContents/msItem/locus	B	skip_empty	no									"<locus from="""" to=""""/>"	"<locus from="""" to=""""/>"	empty placeholder (no @from/@to) — nothing to render
771	data/manuscripts/tei/771.xml	/*/*[2]/*/*/*/*[2]/*[2]/*[1]	TEI/text/body/listBibl/msDesc/msContents/msItem/locus	B	skip_empty	no									"<locus from="""" to=""""/>"	"<locus from="""" to=""""/>"	empty placeholder (no @from/@to) — nothing to render
772	data/manuscripts/tei/772.xml	/*/*[2]/*/*/*/*[2]/*[2]/*[1]	TEI/text/body/listBibl/msDesc/msContents/msItem/locus	B	skip_empty	no									"<locus from="""" to=""""/>"	"<locus from="""" to=""""/>"	empty placeholder (no @from/@to) — nothing to render
773	data/manuscripts/tei/773.xml	/*/*[2]/*/*/*/*[2]/*[2]/*[1]	TEI/text/body/listBibl/msDesc/msContents/msItem/locus	B	skip_empty	no									"<locus from="""" to=""""/>"	"<locus from="""" to=""""/>"	empty placeholder (no @from/@to) — nothing to render
774	data/manuscripts/tei/774.xml	/*/*[2]/*/*/*/*[2]/*[2]/*[1]	TEI/text/body/listBibl/msDesc/msContents/msItem/locus	B	skip_empty	no									"<locus from="""" to=""""/>"	"<locus from="""" to=""""/>"	empty placeholder (no @from/@to) — nothing to render
775	data/manuscripts/tei/775.xml	/*/*[2]/*/*/*/*[2]/*[2]/*[1]	TEI/text/body/listBibl/msDesc/msContents/msItem/locus	B	skip_empty	no									"<locus from="""" to=""""/>"	"<locus from="""" to=""""/>"	empty placeholder (no @from/@to) — nothing to render
776	data/manuscripts/tei/776.xml	/*/*[2]/*/*/*/*[2]/*[2]/*[1]	TEI/text/body/listBibl/msDesc/msContents/msItem/locus	B	skip_empty	no									"<locus from="""" to=""""/>"	"<locus from="""" to=""""/>"	empty placeholder (no @from/@to) — nothing to render
777	data/manuscripts/tei/777.xml	/*/*[2]/*/*/*/*[2]/*[2]/*[1]	TEI/text/body/listBibl/msDesc/msContents/msItem/locus	B	skip_empty	no									"<locus from="""" to=""""/>"	"<locus from="""" to=""""/>"	empty placeholder (no @from/@to) — nothing to render
778	data/manuscripts/tei/778.xml	/*/*[2]/*/*/*/*[2]/*[2]/*[1]	TEI/text/body/listBibl/msDesc/msContents/msItem/locus	B	skip_empty	no									"<locus from="""" to=""""/>"	"<locus from="""" to=""""/>"	empty placeholder (no @from/@to) — nothing to render
779	data/manuscripts/tei/779.xml	/*/*[2]/*/*/*/*[2]/*[2]/*[1]	TEI/text/body/listBibl/msDesc/msContents/msItem/locus	B	skip_empty	no									"<locus from="""" to=""""/>"	"<locus from="""" to=""""/>"	empty placeholder (no @from/@to) — nothing to render
78	data/manuscripts/tei/78.xml	/*/*[2]/*/*/*/*[2]/*[2]/*[1]	TEI/text/body/listBibl/msDesc/msContents/msItem/locus	B	skip_empty	no									"<locus from="""" to=""""/>"	"<locus from="""" to=""""/>"	empty placeholder (no @from/@to) — nothing to render
780	data/manuscripts/tei/780.xml	/*/*[2]/*/*/*/*[2]/*[2]/*[1]	TEI/text/body/listBibl/msDesc/msContents/msItem/locus	B	skip_empty	no									"<locus from="""" to=""""/>"	"<locus from="""" to=""""/>"	empty placeholder (no @from/@to) — nothing to render
781	data/manuscripts/tei/781.xml	/*/*[2]/*/*/*/*[2]/*[2]/*[1]	TEI/text/body/listBibl/msDesc/msContents/msItem/locus	B	skip_empty	no									"<locus from="""" to=""""/>"	"<locus from="""" to=""""/>"	empty placeholder (no @from/@to) — nothing to render
782	data/manuscripts/tei/782.xml	/*/*[2]/*/*/*/*[2]/*[2]/*[1]	TEI/text/body/listBibl/msDesc/msContents/msItem/locus	B	skip_empty	no									"<locus from="""" to=""""/>"	"<locus from="""" to=""""/>"	empty placeholder (no @from/@to) — nothing to render
783	data/manuscripts/tei/783.xml	/*/*[2]/*/*/*/*[2]/*[2]/*[1]	TEI/text/body/listBibl/msDesc/msContents/msItem/locus	B	skip_empty	no									"<locus from="""" to=""""/>"	"<locus from="""" to=""""/>"	empty placeholder (no @from/@to) — nothing to render
785	data/manuscripts/tei/785.xml	/*/*[2]/*/*/*/*[2]/*[2]/*[1]	TEI/text/body/listBibl/msDesc/msContents/msItem/locus	B	skip_empty	no									"<locus from="""" to=""""/>"	"<locus from="""" to=""""/>"	empty placeholder (no @from/@to) — nothing to render
786	data/manuscripts/tei/786.xml	/*/*[2]/*/*/*/*[2]/*[2]/*[1]	TEI/text/body/listBibl/msDesc/msContents/msItem/locus	B	skip_empty	no									"<locus from="""" to=""""/>"	"<locus from="""" to=""""/>"	empty placeholder (no @from/@to) — nothing to render
787	data/manuscripts/tei/787.xml	/*/*[2]/*/*/*/*[2]/*[2]/*[1]	TEI/text/body/listBibl/msDesc/msContents/msItem/locus	B	skip_empty	no									"<locus from="""" to=""""/>"	"<locus from="""" to=""""/>"	empty placeholder (no @from/@to) — nothing to render
788	data/manuscripts/tei/788.xml	/*/*[2]/*/*/*/*[2]/*[2]/*[1]	TEI/text/body/listBibl/msDesc/msContents/msItem/locus	B	skip_empty	no									"<locus from="""" to=""""/>"	"<locus from="""" to=""""/>"	empty placeholder (no @from/@to) — nothing to render
789	data/manuscripts/tei/789.xml	/*/*[2]/*/*/*/*[2]/*[2]/*[1]	TEI/text/body/listBibl/msDesc/msContents/msItem/locus	B	skip_empty	no									"<locus from="""" to=""""/>"	"<locus from="""" to=""""/>"	empty placeholder (no @from/@to) — nothing to render
79	data/manuscripts/tei/79.xml	/*/*[2]/*/*/*/*[2]/*[2]/*[1]	TEI/text/body/listBibl/msDesc/msContents/msItem/locus	B	skip_empty	no									"<locus from="""" to=""""/>"	"<locus from="""" to=""""/>"	empty placeholder (no @from/@to) — nothing to render
790	data/manuscripts/tei/790.xml	/*/*[2]/*/*/*/*[2]/*[2]/*[1]	TEI/text/body/listBibl/msDesc/msContents/msItem/locus	B	skip_empty	no									"<locus from="""" to=""""/>"	"<locus from="""" to=""""/>"	empty placeholder (no @from/@to) — nothing to render
791	data/manuscripts/tei/791.xml	/*/*[2]/*/*/*/*[2]/*[2]/*[1]	TEI/text/body/listBibl/msDesc/msContents/msItem/locus	B	skip_empty	no									"<locus from="""" to=""""/>"	"<locus from="""" to=""""/>"	empty placeholder (no @from/@to) — nothing to render
792	data/manuscripts/tei/792.xml	/*/*[2]/*/*/*/*[2]/*[2]/*[1]	TEI/text/body/listBibl/msDesc/msContents/msItem/locus	B	skip_empty	no									"<locus from="""" to=""""/>"	"<locus from="""" to=""""/>"	empty placeholder (no @from/@to) — nothing to render
793	data/manuscripts/tei/793.xml	/*/*[2]/*/*/*/*[2]/*[2]/*[1]	TEI/text/body/listBibl/msDesc/msContents/msItem/locus	B	skip_empty	no									"<locus from="""" to=""""/>"	"<locus from="""" to=""""/>"	empty placeholder (no @from/@to) — nothing to render
794	data/manuscripts/tei/794.xml	/*/*[2]/*/*/*/*[2]/*[2]/*[1]	TEI/text/body/listBibl/msDesc/msContents/msItem/locus	B	skip_empty	no									"<locus from="""" to=""""/>"	"<locus from="""" to=""""/>"	empty placeholder (no @from/@to) — nothing to render
795	data/manuscripts/tei/795.xml	/*/*[2]/*/*/*/*[2]/*[2]/*[1]	TEI/text/body/listBibl/msDesc/msContents/msItem/locus	B	skip_empty	no									"<locus from="""" to=""""/>"	"<locus from="""" to=""""/>"	empty placeholder (no @from/@to) — nothing to render
796	data/manuscripts/tei/796.xml	/*/*[2]/*/*/*/*[2]/*[2]/*[1]	TEI/text/body/listBibl/msDesc/msContents/msItem/locus	B	skip_empty	no									"<locus from="""" to=""""/>"	"<locus from="""" to=""""/>"	empty placeholder (no @from/@to) — nothing to render
797	data/manuscripts/tei/797.xml	/*/*[2]/*/*/*/*[2]/*[2]/*[1]	TEI/text/body/listBibl/msDesc/msContents/msItem/locus	B	skip_empty	no									"<locus from="""" to=""""/>"	"<locus from="""" to=""""/>"	empty placeholder (no @from/@to) — nothing to render
798	data/manuscripts/tei/798.xml	/*/*[2]/*/*/*/*[2]/*[2]/*[1]	TEI/text/body/listBibl/msDesc/msContents/msItem/locus	B	skip_empty	no									"<locus from="""" to=""""/>"	"<locus from="""" to=""""/>"	empty placeholder (no @from/@to) — nothing to render
799	data/manuscripts/tei/799.xml	/*/*[2]/*/*/*/*[2]/*[2]/*[1]	TEI/text/body/listBibl/msDesc/msContents/msItem/locus	B	skip_empty	no									"<locus from="""" to=""""/>"	"<locus from="""" to=""""/>"	empty placeholder (no @from/@to) — nothing to render
8	data/manuscripts/tei/8.xml	/*/*[2]/*/*/*/*[2]/*[2]/*[1]	TEI/text/body/listBibl/msDesc/msContents/msItem/locus	B	skip_empty	no									"<locus from="""" to=""""/>"	"<locus from="""" to=""""/>"	empty placeholder (no @from/@to) — nothing to render
80	data/manuscripts/tei/80.xml	/*/*[2]/*/*/*/*[2]/*[2]/*[1]	TEI/text/body/listBibl/msDesc/msContents/msItem/locus	B	skip_empty	no									"<locus from="""" to=""""/>"	"<locus from="""" to=""""/>"	empty placeholder (no @from/@to) — nothing to render
800	data/manuscripts/tei/800.xml	/*/*[2]/*/*/*/*[2]/*[2]/*[1]	TEI/text/body/listBibl/msDesc/msContents/msItem/locus	B	skip_empty	no									"<locus from="""" to=""""/>"	"<locus from="""" to=""""/>"	empty placeholder (no @from/@to) — nothing to render
801	data/manuscripts/tei/801.xml	/*/*[2]/*/*/*/*[2]/*[2]/*[1]	TEI/text/body/listBibl/msDesc/msContents/msItem/locus	B	skip_empty	no									"<locus from="""" to=""""/>"	"<locus from="""" to=""""/>"	empty placeholder (no @from/@to) — nothing to render
802	data/manuscripts/tei/802.xml	/*/*[2]/*/*/*/*[2]/*[2]/*[1]	TEI/text/body/listBibl/msDesc/msContents/msItem/locus	B	skip_empty	no									"<locus from="""" to=""""/>"	"<locus from="""" to=""""/>"	empty placeholder (no @from/@to) — nothing to render
803	data/manuscripts/tei/803.xml	/*/*[2]/*/*/*/*[2]/*[2]/*[1]	TEI/text/body/listBibl/msDesc/msContents/msItem/locus	B	skip_empty	no									"<locus from="""" to=""""/>"	"<locus from="""" to=""""/>"	empty placeholder (no @from/@to) — nothing to render
804	data/manuscripts/tei/804.xml	/*/*[2]/*/*/*/*[2]/*[2]/*[1]	TEI/text/body/listBibl/msDesc/msContents/msItem/locus	B	skip_empty	no									"<locus from="""" to=""""/>"	"<locus from="""" to=""""/>"	empty placeholder (no @from/@to) — nothing to render
805	data/manuscripts/tei/805.xml	/*/*[2]/*/*/*/*[2]/*[2]/*[1]	TEI/text/body/listBibl/msDesc/msContents/msItem/locus	B	skip_empty	no									"<locus from="""" to=""""/>"	"<locus from="""" to=""""/>"	empty placeholder (no @from/@to) — nothing to render
806	data/manuscripts/tei/806.xml	/*/*[2]/*/*/*/*[2]/*[2]/*[1]	TEI/text/body/listBibl/msDesc/msContents/msItem/locus	B	skip_empty	no									"<locus from="""" to=""""/>"	"<locus from="""" to=""""/>"	empty placeholder (no @from/@to) — nothing to render
807	data/manuscripts/tei/807.xml	/*/*[2]/*/*/*/*[2]/*[2]/*[1]	TEI/text/body/listBibl/msDesc/msContents/msItem/locus	B	skip_empty	no									"<locus from="""" to=""""/>"	"<locus from="""" to=""""/>"	empty placeholder (no @from/@to) — nothing to render
808	data/manuscripts/tei/808.xml	/*/*[2]/*/*/*/*[2]/*[2]/*[1]	TEI/text/body/listBibl/msDesc/msContents/msItem/locus	B	skip_empty	no									"<locus from="""" to=""""/>"	"<locus from="""" to=""""/>"	empty placeholder (no @from/@to) — nothing to render
809	data/manuscripts/tei/809.xml	/*/*[2]/*/*/*/*[2]/*[2]/*[1]	TEI/text/body/listBibl/msDesc/msContents/msItem/locus	B	skip_empty	no									"<locus from="""" to=""""/>"	"<locus from="""" to=""""/>"	empty placeholder (no @from/@to) — nothing to render
81	data/manuscripts/tei/81.xml	/*/*[2]/*/*/*/*[2]/*[2]/*[1]	TEI/text/body/listBibl/msDesc/msContents/msItem/locus	B	skip_empty	no									"<locus from="""" to=""""/>"	"<locus from="""" to=""""/>"	empty placeholder (no @from/@to) — nothing to render
810	data/manuscripts/tei/810.xml	/*/*[2]/*/*/*/*[2]/*[2]/*[1]	TEI/text/body/listBibl/msDesc/msContents/msItem/locus	B	skip_empty	no									"<locus from="""" to=""""/>"	"<locus from="""" to=""""/>"	empty placeholder (no @from/@to) — nothing to render
811	data/manuscripts/tei/811.xml	/*/*[2]/*/*/*/*[2]/*[2]/*[1]	TEI/text/body/listBibl/msDesc/msContents/msItem/locus	B	skip_empty	no									"<locus from="""" to=""""/>"	"<locus from="""" to=""""/>"	empty placeholder (no @from/@to) — nothing to render
812	data/manuscripts/tei/812.xml	/*/*[2]/*/*/*/*[2]/*[2]/*[1]	TEI/text/body/listBibl/msDesc/msContents/msItem/locus	B	skip_empty	no									"<locus from="""" to=""""/>"	"<locus from="""" to=""""/>"	empty placeholder (no @from/@to) — nothing to render
813	data/manuscripts/tei/813.xml	/*/*[2]/*/*/*/*[2]/*[2]/*[1]	TEI/text/body/listBibl/msDesc/msContents/msItem/locus	B	skip_empty	no									"<locus from="""" to=""""/>"	"<locus from="""" to=""""/>"	empty placeholder (no @from/@to) — nothing to render
814	data/manuscripts/tei/814.xml	/*/*[2]/*/*/*/*[2]/*[2]/*[1]	TEI/text/body/listBibl/msDesc/msContents/msItem/locus	B	skip_empty	no									"<locus from="""" to=""""/>"	"<locus from="""" to=""""/>"	empty placeholder (no @from/@to) — nothing to render
815	data/manuscripts/tei/815.xml	/*/*[2]/*/*/*/*[2]/*[2]/*[1]	TEI/text/body/listBibl/msDesc/msContents/msItem/locus	B	skip_empty	no									"<locus from="""" to=""""/>"	"<locus from="""" to=""""/>"	empty placeholder (no @from/@to) — nothing to render
816	data/manuscripts/tei/816.xml	/*/*[2]/*/*/*/*[2]/*[2]/*[1]	TEI/text/body/listBibl/msDesc/msContents/msItem/locus	B	skip_empty	no									"<locus from="""" to=""""/>"	"<locus from="""" to=""""/>"	empty placeholder (no @from/@to) — nothing to render
817	data/manuscripts/tei/817.xml	/*/*[2]/*/*/*/*[2]/*[2]/*[1]	TEI/text/body/listBibl/msDesc/msContents/msItem/locus	B	skip_empty	no									"<locus from="""" to=""""/>"	"<locus from="""" to=""""/>"	empty placeholder (no @from/@to) — nothing to render
818	data/manuscripts/tei/818.xml	/*/*[2]/*/*/*/*[2]/*[2]/*[1]	TEI/text/body/listBibl/msDesc/msContents/msItem/locus	B	skip_empty	no									"<locus from="""" to=""""/>"	"<locus from="""" to=""""/>"	empty placeholder (no @from/@to) — nothing to render
819	data/manuscripts/tei/819.xml	/*/*[2]/*/*/*/*[2]/*[2]/*[1]	TEI/text/body/listBibl/msDesc/msContents/msItem/locus	B	skip_empty	no									"<locus from="""" to=""""/>"	"<locus from="""" to=""""/>"	empty placeholder (no @from/@to) — nothing to render
82	data/manuscripts/tei/82.xml	/*/*[2]/*/*/*/*[2]/*[2]/*[1]	TEI/text/body/listBibl/msDesc/msContents/msItem/locus	B	skip_empty	no									"<locus from="""" to=""""/>"	"<locus from="""" to=""""/>"	empty placeholder (no @from/@to) — nothing to render
820	data/manuscripts/tei/820.xml	/*/*[2]/*/*/*/*[2]/*[2]/*[1]	TEI/text/body/listBibl/msDesc/msContents/msItem/locus	B	skip_empty	no									"<locus from="""" to=""""/>"	"<locus from="""" to=""""/>"	empty placeholder (no @from/@to) — nothing to render
821	data/manuscripts/tei/821.xml	/*/*[2]/*/*/*/*[2]/*[2]/*[1]	TEI/text/body/listBibl/msDesc/msContents/msItem/locus	B	skip_empty	no									"<locus from="""" to=""""/>"	"<locus from="""" to=""""/>"	empty placeholder (no @from/@to) — nothing to render
822	data/manuscripts/tei/822.xml	/*/*[2]/*/*/*/*[2]/*[2]/*[1]	TEI/text/body/listBibl/msDesc/msContents/msItem/locus	B	skip_empty	no									"<locus from="""" to=""""/>"	"<locus from="""" to=""""/>"	empty placeholder (no @from/@to) — nothing to render
823	data/manuscripts/tei/823.xml	/*/*[2]/*/*/*/*[2]/*[2]/*[1]	TEI/text/body/listBibl/msDesc/msContents/msItem/locus	B	skip_empty	no									"<locus from="""" to=""""/>"	"<locus from="""" to=""""/>"	empty placeholder (no @from/@to) — nothing to render
824	data/manuscripts/tei/824.xml	/*/*[2]/*/*/*/*[2]/*[2]/*[1]	TEI/text/body/listBibl/msDesc/msContents/msItem/locus	B	skip_empty	no									"<locus from="""" to=""""/>"	"<locus from="""" to=""""/>"	empty placeholder (no @from/@to) — nothing to render
825	data/manuscripts/tei/825.xml	/*/*[2]/*/*/*/*[2]/*[2]/*[1]	TEI/text/body/listBibl/msDesc/msContents/msItem/locus	B	skip_empty	no									"<locus from="""" to=""""/>"	"<locus from="""" to=""""/>"	empty placeholder (no @from/@to) — nothing to render
826	data/manuscripts/tei/826.xml	/*/*[2]/*/*/*/*[2]/*[2]/*[1]	TEI/text/body/listBibl/msDesc/msContents/msItem/locus	B	skip_empty	no									"<locus from="""" to=""""/>"	"<locus from="""" to=""""/>"	empty placeholder (no @from/@to) — nothing to render
827	data/manuscripts/tei/827.xml	/*/*[2]/*/*/*/*[2]/*[2]/*[1]	TEI/text/body/listBibl/msDesc/msContents/msItem/locus	B	skip_empty	no									"<locus from="""" to=""""/>"	"<locus from="""" to=""""/>"	empty placeholder (no @from/@to) — nothing to render
828	data/manuscripts/tei/828.xml	/*/*[2]/*/*/*/*[2]/*[2]/*[1]	TEI/text/body/listBibl/msDesc/msContents/msItem/locus	B	skip_empty	no									"<locus from="""" to=""""/>"	"<locus from="""" to=""""/>"	empty placeholder (no @from/@to) — nothing to render
829	data/manuscripts/tei/829.xml	/*/*[2]/*/*/*/*[2]/*[2]/*[1]	TEI/text/body/listBibl/msDesc/msContents/msItem/locus	B	skip_empty	no									"<locus from="""" to=""""/>"	"<locus from="""" to=""""/>"	empty placeholder (no @from/@to) — nothing to render
83	data/manuscripts/tei/83.xml	/*/*[2]/*/*/*/*[2]/*[2]/*[1]	TEI/text/body/listBibl/msDesc/msContents/msItem/locus	B	skip_empty	no									"<locus from="""" to=""""/>"	"<locus from="""" to=""""/>"	empty placeholder (no @from/@to) — nothing to render
830	data/manuscripts/tei/830.xml	/*/*[2]/*/*/*/*[2]/*[2]/*[1]	TEI/text/body/listBibl/msDesc/msContents/msItem/locus	B	skip_empty	no									"<locus from="""" to=""""/>"	"<locus from="""" to=""""/>"	empty placeholder (no @from/@to) — nothing to render
831	data/manuscripts/tei/831.xml	/*/*[2]/*/*/*/*[2]/*[2]/*[1]	TEI/text/body/listBibl/msDesc/msContents/msItem/locus	B	skip_empty	no									"<locus from="""" to=""""/>"	"<locus from="""" to=""""/>"	empty placeholder (no @from/@to) — nothing to render
832	data/manuscripts/tei/832.xml	/*/*[2]/*/*/*/*[2]/*[2]/*[1]	TEI/text/body/listBibl/msDesc/msContents/msItem/locus	B	skip_empty	no									"<locus from="""" to=""""/>"	"<locus from="""" to=""""/>"	empty placeholder (no @from/@to) — nothing to render
833	data/manuscripts/tei/833.xml	/*/*[2]/*/*/*/*[2]/*[2]/*[1]	TEI/text/body/listBibl/msDesc/msContents/msItem/locus	B	skip_empty	no									"<locus from="""" to=""""/>"	"<locus from="""" to=""""/>"	empty placeholder (no @from/@to) — nothing to render
834	data/manuscripts/tei/834.xml	/*/*[2]/*/*/*/*[2]/*[2]/*[1]	TEI/text/body/listBibl/msDesc/msContents/msItem/locus	B	skip_empty	no									"<locus from="""" to=""""/>"	"<locus from="""" to=""""/>"	empty placeholder (no @from/@to) — nothing to render
835	data/manuscripts/tei/835.xml	/*/*[2]/*/*/*/*[2]/*[2]/*[1]	TEI/text/body/listBibl/msDesc/msContents/msItem/locus	B	skip_empty	no									"<locus from="""" to=""""/>"	"<locus from="""" to=""""/>"	empty placeholder (no @from/@to) — nothing to render
836	data/manuscripts/tei/836.xml	/*/*[2]/*/*/*/*[2]/*[2]/*[1]	TEI/text/body/listBibl/msDesc/msContents/msItem/locus	B	skip_empty	no									"<locus from="""" to=""""/>"	"<locus from="""" to=""""/>"	empty placeholder (no @from/@to) — nothing to render
837	data/manuscripts/tei/837.xml	/*/*[2]/*/*/*/*[2]/*[2]/*[1]	TEI/text/body/listBibl/msDesc/msContents/msItem/locus	B	skip_empty	no									"<locus from="""" to=""""/>"	"<locus from="""" to=""""/>"	empty placeholder (no @from/@to) — nothing to render
838	data/manuscripts/tei/838.xml	/*/*[2]/*/*/*/*[2]/*[2]/*[1]	TEI/text/body/listBibl/msDesc/msContents/msItem/locus	B	skip_empty	no									"<locus from="""" to=""""/>"	"<locus from="""" to=""""/>"	empty placeholder (no @from/@to) — nothing to render
839	data/manuscripts/tei/839.xml	/*/*[2]/*/*/*/*[2]/*[2]/*[1]	TEI/text/body/listBibl/msDesc/msContents/msItem/locus	B	skip_empty	no									"<locus from="""" to=""""/>"	"<locus from="""" to=""""/>"	empty placeholder (no @from/@to) — nothing to render
84	data/manuscripts/tei/84.xml	/*/*[2]/*/*/*/*[2]/*[2]/*[1]	TEI/text/body/listBibl/msDesc/msContents/msItem/locus	B	skip_empty	no									"<locus from="""" to=""""/>"	"<locus from="""" to=""""/>"	empty placeholder (no @from/@to) — nothing to render
840	data/manuscripts/tei/840.xml	/*/*[2]/*/*/*/*[2]/*[2]/*[1]	TEI/text/body/listBibl/msDesc/msContents/msItem/locus	B	skip_empty	no									"<locus from="""" to=""""/>"	"<locus from="""" to=""""/>"	empty placeholder (no @from/@to) — nothing to render
841	data/manuscripts/tei/841.xml	/*/*[2]/*/*/*/*[2]/*[2]/*[1]	TEI/text/body/listBibl/msDesc/msContents/msItem/locus	B	skip_empty	no									"<locus from="""" to=""""/>"	"<locus from="""" to=""""/>"	empty placeholder (no @from/@to) — nothing to render
842	data/manuscripts/tei/842.xml	/*/*[2]/*/*/*/*[2]/*[2]/*[1]	TEI/text/body/listBibl/msDesc/msContents/msItem/locus	B	skip_empty	no									"<locus from="""" to=""""/>"	"<locus from="""" to=""""/>"	empty placeholder (no @from/@to) — nothing to render
843	data/manuscripts/tei/843.xml	/*/*[2]/*/*/*/*[2]/*[2]/*[1]	TEI/text/body/listBibl/msDesc/msContents/msItem/locus	B	skip_empty	no									"<locus from="""" to=""""/>"	"<locus from="""" to=""""/>"	empty placeholder (no @from/@to) — nothing to render
844	data/manuscripts/tei/844.xml	/*/*[2]/*/*/*/*[2]/*[2]/*[1]	TEI/text/body/listBibl/msDesc/msContents/msItem/locus	B	skip_empty	no									"<locus from="""" to=""""/>"	"<locus from="""" to=""""/>"	empty placeholder (no @from/@to) — nothing to render
845	data/manuscripts/tei/845.xml	/*/*[2]/*/*/*/*[2]/*[2]/*[1]	TEI/text/body/listBibl/msDesc/msContents/msItem/locus	B	skip_empty	no									"<locus from="""" to=""""/>"	"<locus from="""" to=""""/>"	empty placeholder (no @from/@to) — nothing to render
846	data/manuscripts/tei/846.xml	/*/*[2]/*/*/*/*[2]/*[2]/*[1]	TEI/text/body/listBibl/msDesc/msContents/msItem/locus	B	skip_empty	no									"<locus from="""" to=""""/>"	"<locus from="""" to=""""/>"	empty placeholder (no @from/@to) — nothing to render
847	data/manuscripts/tei/847.xml	/*/*[2]/*/*/*/*[2]/*[2]/*[1]	TEI/text/body/listBibl/msDesc/msContents/msItem/locus	B	skip_empty	no									"<locus from="""" to=""""/>"	"<locus from="""" to=""""/>"	empty placeholder (no @from/@to) — nothing to render
848	data/manuscripts/tei/848.xml	/*/*[2]/*/*/*/*[2]/*[2]/*[1]	TEI/text/body/listBibl/msDesc/msContents/msItem/locus	B	skip_empty	no									"<locus from="""" to=""""/>"	"<locus from="""" to=""""/>"	empty placeholder (no @from/@to) — nothing to render
849	data/manuscripts/tei/849.xml	/*/*[2]/*/*/*/*[2]/*[2]/*[1]	TEI/text/body/listBibl/msDesc/msContents/msItem/locus	B	skip_empty	no									"<locus from="""" to=""""/>"	"<locus from="""" to=""""/>"	empty placeholder (no @from/@to) — nothing to render
85	data/manuscripts/tei/85.xml	/*/*[2]/*/*/*/*[2]/*[2]/*[1]	TEI/text/body/listBibl/msDesc/msContents/msItem/locus	B	skip_empty	no									"<locus from="""" to=""""/>"	"<locus from="""" to=""""/>"	empty placeholder (no @from/@to) — nothing to render
850	data/manuscripts/tei/850.xml	/*/*[2]/*/*/*/*[2]/*[2]/*[1]	TEI/text/body/listBibl/msDesc/msContents/msItem/locus	B	skip_empty	no									"<locus from="""" to=""""/>"	"<locus from="""" to=""""/>"	empty placeholder (no @from/@to) — nothing to render
851	data/manuscripts/tei/851.xml	/*/*[2]/*/*/*/*[2]/*[2]/*[1]	TEI/text/body/listBibl/msDesc/msContents/msItem/locus	B	skip_empty	no									"<locus from="""" to=""""/>"	"<locus from="""" to=""""/>"	empty placeholder (no @from/@to) — nothing to render
851	data/manuscripts/tei/851.xml	/*/*[2]/*/*/*/*[2]/*[3]/*[1]	TEI/text/body/listBibl/msDesc/msContents/msItem/locus	B	no_change	no	1	28	1–28		1	28	1–28		"<locus from=""1"" to=""28"">1–28</locus>"	"<locus from=""1"" to=""28"">1–28</locus>"	text already matches @from/@to
852	data/manuscripts/tei/852.xml	/*/*[2]/*/*/*/*[2]/*[2]/*[1]	TEI/text/body/listBibl/msDesc/msContents/msItem/locus	B	skip_empty	no									"<locus from="""" to=""""/>"	"<locus from="""" to=""""/>"	empty placeholder (no @from/@to) — nothing to render
853	data/manuscripts/tei/853.xml	/*/*[2]/*/*/*/*[2]/*[2]/*[1]	TEI/text/body/listBibl/msDesc/msContents/msItem/locus	B	skip_empty	no									"<locus from="""" to=""""/>"	"<locus from="""" to=""""/>"	empty placeholder (no @from/@to) — nothing to render
854	data/manuscripts/tei/854.xml	/*/*[2]/*/*/*/*[2]/*[2]/*[1]	TEI/text/body/listBibl/msDesc/msContents/msItem/locus	B	skip_empty	no									"<locus from="""" to=""""/>"	"<locus from="""" to=""""/>"	empty placeholder (no @from/@to) — nothing to render
855	data/manuscripts/tei/855.xml	/*/*[2]/*/*/*/*[2]/*[2]/*[1]	TEI/text/body/listBibl/msDesc/msContents/msItem/locus	B	skip_empty	no									"<locus from="""" to=""""/>"	"<locus from="""" to=""""/>"	empty placeholder (no @from/@to) — nothing to render
856	data/manuscripts/tei/856.xml	/*/*[2]/*/*/*/*[2]/*[2]/*[1]	TEI/text/body/listBibl/msDesc/msContents/msItem/locus	B	skip_empty	no									"<locus from="""" to=""""/>"	"<locus from="""" to=""""/>"	empty placeholder (no @from/@to) — nothing to render
857	data/manuscripts/tei/857.xml	/*/*[2]/*/*/*/*[2]/*[2]/*[1]	TEI/text/body/listBibl/msDesc/msContents/msItem/locus	B	skip_empty	no									"<locus from="""" to=""""/>"	"<locus from="""" to=""""/>"	empty placeholder (no @from/@to) — nothing to render
858	data/manuscripts/tei/858.xml	/*/*[2]/*/*/*/*[2]/*[2]/*[1]	TEI/text/body/listBibl/msDesc/msContents/msItem/locus	B	skip_empty	no									"<locus from="""" to=""""/>"	"<locus from="""" to=""""/>"	empty placeholder (no @from/@to) — nothing to render
859	data/manuscripts/tei/859.xml	/*/*[2]/*/*/*/*[2]/*[2]/*[1]	TEI/text/body/listBibl/msDesc/msContents/msItem/locus	B	skip_empty	no									"<locus from="""" to=""""/>"	"<locus from="""" to=""""/>"	empty placeholder (no @from/@to) — nothing to render
86	data/manuscripts/tei/86.xml	/*/*[2]/*/*/*/*[2]/*[2]/*[1]	TEI/text/body/listBibl/msDesc/msContents/msItem/locus	B	skip_empty	no									"<locus from="""" to=""""/>"	"<locus from="""" to=""""/>"	empty placeholder (no @from/@to) — nothing to render
860	data/manuscripts/tei/860.xml	/*/*[2]/*/*/*/*[2]/*[2]/*[1]	TEI/text/body/listBibl/msDesc/msContents/msItem/locus	B	skip_empty	no									"<locus from="""" to=""""/>"	"<locus from="""" to=""""/>"	empty placeholder (no @from/@to) — nothing to render
861	data/manuscripts/tei/861.xml	/*/*[2]/*/*/*/*[2]/*[2]/*[1]	TEI/text/body/listBibl/msDesc/msContents/msItem/locus	B	skip_empty	no									"<locus from="""" to=""""/>"	"<locus from="""" to=""""/>"	empty placeholder (no @from/@to) — nothing to render
861	data/manuscripts/tei/861.xml	/*/*[2]/*/*/*/*[2]/*[3]/*[1]	TEI/text/body/listBibl/msDesc/msContents/msItem/locus	B	no_change	no	1	4	1–4		1	4	1–4		"<locus from=""1"" to=""4"">1–4</locus>"	"<locus from=""1"" to=""4"">1–4</locus>"	text already matches @from/@to
862	data/manuscripts/tei/862.xml	/*/*[2]/*/*/*/*[2]/*[2]/*[1]	TEI/text/body/listBibl/msDesc/msContents/msItem/locus	B	skip_empty	no									"<locus from="""" to=""""/>"	"<locus from="""" to=""""/>"	empty placeholder (no @from/@to) — nothing to render
863	data/manuscripts/tei/863.xml	/*/*[2]/*/*/*/*[2]/*[2]/*[1]	TEI/text/body/listBibl/msDesc/msContents/msItem/locus	B	skip_empty	no									"<locus from="""" to=""""/>"	"<locus from="""" to=""""/>"	empty placeholder (no @from/@to) — nothing to render
864	data/manuscripts/tei/864.xml	/*/*[2]/*/*/*/*[2]/*[2]/*[1]	TEI/text/body/listBibl/msDesc/msContents/msItem/locus	B	skip_empty	no									"<locus from="""" to=""""/>"	"<locus from="""" to=""""/>"	empty placeholder (no @from/@to) — nothing to render
865	data/manuscripts/tei/865.xml	/*/*[2]/*/*/*/*[2]/*[2]/*[1]	TEI/text/body/listBibl/msDesc/msContents/msItem/locus	B	skip_empty	no									"<locus from="""" to=""""/>"	"<locus from="""" to=""""/>"	empty placeholder (no @from/@to) — nothing to render
866	data/manuscripts/tei/866.xml	/*/*[2]/*/*/*/*[2]/*[2]/*[1]	TEI/text/body/listBibl/msDesc/msContents/msItem/locus	B	skip_empty	no									"<locus from="""" to=""""/>"	"<locus from="""" to=""""/>"	empty placeholder (no @from/@to) — nothing to render
867	data/manuscripts/tei/867.xml	/*/*[2]/*/*/*/*[2]/*[2]/*[1]	TEI/text/body/listBibl/msDesc/msContents/msItem/locus	B	skip_empty	no									"<locus from="""" to=""""/>"	"<locus from="""" to=""""/>"	empty placeholder (no @from/@to) — nothing to render
868	data/manuscripts/tei/868.xml	/*/*[2]/*/*/*/*[2]/*[2]/*[1]	TEI/text/body/listBibl/msDesc/msContents/msItem/locus	B	skip_empty	no									"<locus from="""" to=""""/>"	"<locus from="""" to=""""/>"	empty placeholder (no @from/@to) — nothing to render
869	data/manuscripts/tei/869.xml	/*/*[2]/*/*/*/*[2]/*[2]/*[1]	TEI/text/body/listBibl/msDesc/msContents/msItem/locus	B	skip_empty	no									"<locus from="""" to=""""/>"	"<locus from="""" to=""""/>"	empty placeholder (no @from/@to) — nothing to render
87	data/manuscripts/tei/87.xml	/*/*[2]/*/*/*/*[2]/*[2]/*[1]	TEI/text/body/listBibl/msDesc/msContents/msItem/locus	B	skip_empty	no									"<locus from="""" to=""""/>"	"<locus from="""" to=""""/>"	empty placeholder (no @from/@to) — nothing to render
870	data/manuscripts/tei/870.xml	/*/*[2]/*/*/*/*[2]/*[2]/*[1]	TEI/text/body/listBibl/msDesc/msContents/msItem/locus	B	skip_empty	no									"<locus from="""" to=""""/>"	"<locus from="""" to=""""/>"	empty placeholder (no @from/@to) — nothing to render
871	data/manuscripts/tei/871.xml	/*/*[2]/*/*/*/*[2]/*[2]/*[1]	TEI/text/body/listBibl/msDesc/msContents/msItem/locus	B	skip_empty	no									"<locus from="""" to=""""/>"	"<locus from="""" to=""""/>"	empty placeholder (no @from/@to) — nothing to render
872	data/manuscripts/tei/872.xml	/*/*[2]/*/*/*/*[2]/*[2]/*[1]	TEI/text/body/listBibl/msDesc/msContents/msItem/locus	B	skip_empty	no									"<locus from="""" to=""""/>"	"<locus from="""" to=""""/>"	empty placeholder (no @from/@to) — nothing to render
873	data/manuscripts/tei/873.xml	/*/*[2]/*/*/*/*[2]/*[2]/*[1]	TEI/text/body/listBibl/msDesc/msContents/msItem/locus	B	skip_empty	no									"<locus from="""" to=""""/>"	"<locus from="""" to=""""/>"	empty placeholder (no @from/@to) — nothing to render
874	data/manuscripts/tei/874.xml	/*/*[2]/*/*/*/*[2]/*[2]/*[1]	TEI/text/body/listBibl/msDesc/msContents/msItem/locus	B	skip_empty	no									"<locus from="""" to=""""/>"	"<locus from="""" to=""""/>"	empty placeholder (no @from/@to) — nothing to render
875	data/manuscripts/tei/875.xml	/*/*[2]/*/*/*/*[2]/*[2]/*[1]	TEI/text/body/listBibl/msDesc/msContents/msItem/locus	B	skip_empty	no									"<locus from="""" to=""""/>"	"<locus from="""" to=""""/>"	empty placeholder (no @from/@to) — nothing to render
876	data/manuscripts/tei/876.xml	/*/*[2]/*/*/*/*[2]/*[2]/*[1]	TEI/text/body/listBibl/msDesc/msContents/msItem/locus	B	skip_empty	no									"<locus from="""" to=""""/>"	"<locus from="""" to=""""/>"	empty placeholder (no @from/@to) — nothing to render
877	data/manuscripts/tei/877.xml	/*/*[2]/*/*/*/*[2]/*[2]/*[1]	TEI/text/body/listBibl/msDesc/msContents/msItem/locus	B	skip_empty	no									"<locus from="""" to=""""/>"	"<locus from="""" to=""""/>"	empty placeholder (no @from/@to) — nothing to render
877	data/manuscripts/tei/877.xml	/*/*[2]/*/*/*/*[2]/*[3]/*[1]	TEI/text/body/listBibl/msDesc/msContents/msItem/locus	B	skip_empty	no									"<locus from="""" to=""""/>"	"<locus from="""" to=""""/>"	empty placeholder (no @from/@to) — nothing to render
878	data/manuscripts/tei/878.xml	/*/*[2]/*/*/*/*[2]/*[2]/*[1]	TEI/text/body/listBibl/msDesc/msContents/msItem/locus	B	skip_empty	no									"<locus from="""" to=""""/>"	"<locus from="""" to=""""/>"	empty placeholder (no @from/@to) — nothing to render
879	data/manuscripts/tei/879.xml	/*/*[2]/*/*/*/*[2]/*[2]/*[1]	TEI/text/body/listBibl/msDesc/msContents/msItem/locus	B	skip_empty	no									"<locus from="""" to=""""/>"	"<locus from="""" to=""""/>"	empty placeholder (no @from/@to) — nothing to render
88	data/manuscripts/tei/88.xml	/*/*[2]/*/*/*/*[2]/*[2]/*[1]	TEI/text/body/listBibl/msDesc/msContents/msItem/locus	B	skip_empty	no									"<locus from="""" to=""""/>"	"<locus from="""" to=""""/>"	empty placeholder (no @from/@to) — nothing to render
880	data/manuscripts/tei/880.xml	/*/*[2]/*/*/*/*[2]/*[2]/*[1]	TEI/text/body/listBibl/msDesc/msContents/msItem/locus	B	skip_empty	no									"<locus from="""" to=""""/>"	"<locus from="""" to=""""/>"	empty placeholder (no @from/@to) — nothing to render
881	data/manuscripts/tei/881.xml	/*/*[2]/*/*/*/*[2]/*[2]/*[1]	TEI/text/body/listBibl/msDesc/msContents/msItem/locus	B	skip_empty	no									"<locus from="""" to=""""/>"	"<locus from="""" to=""""/>"	empty placeholder (no @from/@to) — nothing to render
882	data/manuscripts/tei/882.xml	/*/*[2]/*/*/*/*[2]/*[2]/*[1]	TEI/text/body/listBibl/msDesc/msContents/msItem/locus	B	skip_empty	no									"<locus from="""" to=""""/>"	"<locus from="""" to=""""/>"	empty placeholder (no @from/@to) — nothing to render
883	data/manuscripts/tei/883.xml	/*/*[2]/*/*/*/*[2]/*[2]/*[1]	TEI/text/body/listBibl/msDesc/msContents/msItem/locus	B	skip_empty	no									"<locus from="""" to=""""/>"	"<locus from="""" to=""""/>"	empty placeholder (no @from/@to) — nothing to render
884	data/manuscripts/tei/884.xml	/*/*[2]/*/*/*/*[2]/*[2]/*[1]	TEI/text/body/listBibl/msDesc/msContents/msItem/locus	B	skip_empty	no									"<locus from="""" to=""""/>"	"<locus from="""" to=""""/>"	empty placeholder (no @from/@to) — nothing to render
885	data/manuscripts/tei/885.xml	/*/*[2]/*/*/*/*[2]/*[2]/*[1]	TEI/text/body/listBibl/msDesc/msContents/msItem/locus	B	skip_empty	no									"<locus from="""" to=""""/>"	"<locus from="""" to=""""/>"	empty placeholder (no @from/@to) — nothing to render
886	data/manuscripts/tei/886.xml	/*/*[2]/*/*/*/*[2]/*[2]/*[1]	TEI/text/body/listBibl/msDesc/msContents/msItem/locus	B	skip_empty	no									"<locus from="""" to=""""/>"	"<locus from="""" to=""""/>"	empty placeholder (no @from/@to) — nothing to render
887	data/manuscripts/tei/887.xml	/*/*[2]/*/*/*/*[2]/*[2]/*[1]	TEI/text/body/listBibl/msDesc/msContents/msItem/locus	B	skip_empty	no									"<locus from="""" to=""""/>"	"<locus from="""" to=""""/>"	empty placeholder (no @from/@to) — nothing to render
888	data/manuscripts/tei/888.xml	/*/*[2]/*/*/*/*[2]/*[2]/*[1]	TEI/text/body/listBibl/msDesc/msContents/msItem/locus	B	skip_empty	no									"<locus from="""" to=""""/>"	"<locus from="""" to=""""/>"	empty placeholder (no @from/@to) — nothing to render
889	data/manuscripts/tei/889.xml	/*/*[2]/*/*/*/*[2]/*[2]/*[1]	TEI/text/body/listBibl/msDesc/msContents/msItem/locus	B	skip_empty	no									"<locus from="""" to=""""/>"	"<locus from="""" to=""""/>"	empty placeholder (no @from/@to) — nothing to render
89	data/manuscripts/tei/89.xml	/*/*[2]/*/*/*/*[2]/*[2]/*[1]	TEI/text/body/listBibl/msDesc/msContents/msItem/locus	B	skip_empty	no									"<locus from="""" to=""""/>"	"<locus from="""" to=""""/>"	empty placeholder (no @from/@to) — nothing to render
890	data/manuscripts/tei/890.xml	/*/*[2]/*/*/*/*[2]/*[2]/*[1]	TEI/text/body/listBibl/msDesc/msContents/msItem/locus	B	skip_empty	no									"<locus from="""" to=""""/>"	"<locus from="""" to=""""/>"	empty placeholder (no @from/@to) — nothing to render
891	data/manuscripts/tei/891.xml	/*/*[2]/*/*/*/*[2]/*[2]/*[1]	TEI/text/body/listBibl/msDesc/msContents/msItem/locus	B	skip_empty	no									"<locus from="""" to=""""/>"	"<locus from="""" to=""""/>"	empty placeholder (no @from/@to) — nothing to render
892	data/manuscripts/tei/892.xml	/*/*[2]/*/*/*/*[2]/*[2]/*[1]	TEI/text/body/listBibl/msDesc/msContents/msItem/locus	B	skip_empty	no									"<locus from="""" to=""""/>"	"<locus from="""" to=""""/>"	empty placeholder (no @from/@to) — nothing to render
893	data/manuscripts/tei/893.xml	/*/*[2]/*/*/*/*[2]/*[2]/*[1]	TEI/text/body/listBibl/msDesc/msContents/msItem/locus	B	skip_empty	no									"<locus from="""" to=""""/>"	"<locus from="""" to=""""/>"	empty placeholder (no @from/@to) — nothing to render
894	data/manuscripts/tei/894.xml	/*/*[2]/*/*/*/*[2]/*[2]/*[1]	TEI/text/body/listBibl/msDesc/msContents/msItem/locus	B	no_change	no	128r	132v	128r–132v		128r	132v	128r–132v		"<locus from=""128r"" to=""132v"">128r–132v</locus>"	"<locus from=""128r"" to=""132v"">128r–132v</locus>"	text already matches @from/@to
895	data/manuscripts/tei/895.xml	/*/*[2]/*/*/*/*[2]/*[2]/*[1]	TEI/text/body/listBibl/msDesc/msContents/msItem/locus	B	skip_empty	no									"<locus from="""" to=""""/>"	"<locus from="""" to=""""/>"	empty placeholder (no @from/@to) — nothing to render
896	data/manuscripts/tei/896.xml	/*/*[2]/*/*/*/*[2]/*[2]/*[1]	TEI/text/body/listBibl/msDesc/msContents/msItem/locus	B	skip_empty	no									"<locus from="""" to=""""/>"	"<locus from="""" to=""""/>"	empty placeholder (no @from/@to) — nothing to render
897	data/manuscripts/tei/897.xml	/*/*[2]/*/*/*/*[2]/*[2]/*[1]	TEI/text/body/listBibl/msDesc/msContents/msItem/locus	B	skip_empty	no									"<locus from="""" to=""""/>"	"<locus from="""" to=""""/>"	empty placeholder (no @from/@to) — nothing to render
898	data/manuscripts/tei/898.xml	/*/*[2]/*/*/*/*[2]/*[2]/*[1]	TEI/text/body/listBibl/msDesc/msContents/msItem/locus	B	skip_empty	no									"<locus from="""" to=""""/>"	"<locus from="""" to=""""/>"	empty placeholder (no @from/@to) — nothing to render
899	data/manuscripts/tei/899.xml	/*/*[2]/*/*/*/*[2]/*[2]/*[1]	TEI/text/body/listBibl/msDesc/msContents/msItem/locus	B	skip_empty	no									"<locus from="""" to=""""/>"	"<locus from="""" to=""""/>"	empty placeholder (no @from/@to) — nothing to render
9	data/manuscripts/tei/9.xml	/*/*[2]/*/*/*/*[2]/*[2]/*[1]	TEI/text/body/listBibl/msDesc/msContents/msItem/locus	B	skip_empty	no									"<locus from="""" to=""""/>"	"<locus from="""" to=""""/>"	empty placeholder (no @from/@to) — nothing to render
90	data/manuscripts/tei/90.xml	/*/*[2]/*/*/*/*[2]/*[2]/*[1]	TEI/text/body/listBibl/msDesc/msContents/msItem/locus	B	skip_empty	no									"<locus from="""" to=""""/>"	"<locus from="""" to=""""/>"	empty placeholder (no @from/@to) — nothing to render
900	data/manuscripts/tei/900.xml	/*/*[2]/*/*/*/*[2]/*[2]/*[1]	TEI/text/body/listBibl/msDesc/msContents/msItem/locus	B	skip_empty	no									"<locus from="""" to=""""/>"	"<locus from="""" to=""""/>"	empty placeholder (no @from/@to) — nothing to render
901	data/manuscripts/tei/901.xml	/*/*[2]/*/*/*/*[2]/*[2]/*[1]	TEI/text/body/listBibl/msDesc/msContents/msItem/locus	B	skip_empty	no									"<locus from="""" to=""""/>"	"<locus from="""" to=""""/>"	empty placeholder (no @from/@to) — nothing to render
902	data/manuscripts/tei/902.xml	/*/*[2]/*/*/*/*[2]/*[2]/*[1]	TEI/text/body/listBibl/msDesc/msContents/msItem/locus	B	skip_empty	no									"<locus from="""" to=""""/>"	"<locus from="""" to=""""/>"	empty placeholder (no @from/@to) — nothing to render
903	data/manuscripts/tei/903.xml	/*/*[2]/*/*/*/*[2]/*[2]/*[1]	TEI/text/body/listBibl/msDesc/msContents/msItem/locus	B	skip_empty	no									"<locus from="""" to=""""/>"	"<locus from="""" to=""""/>"	empty placeholder (no @from/@to) — nothing to render
904	data/manuscripts/tei/904.xml	/*/*[2]/*/*/*/*[2]/*[2]/*[1]	TEI/text/body/listBibl/msDesc/msContents/msItem/locus	B	skip_empty	no									"<locus from="""" to=""""/>"	"<locus from="""" to=""""/>"	empty placeholder (no @from/@to) — nothing to render
905	data/manuscripts/tei/905.xml	/*/*[2]/*/*/*/*[2]/*[2]/*[1]	TEI/text/body/listBibl/msDesc/msContents/msItem/locus	B	skip_empty	no									"<locus from="""" to=""""/>"	"<locus from="""" to=""""/>"	empty placeholder (no @from/@to) — nothing to render
906	data/manuscripts/tei/906.xml	/*/*[2]/*/*/*/*[2]/*[2]/*[1]	TEI/text/body/listBibl/msDesc/msContents/msItem/locus	B	skip_empty	no									"<locus from="""" to=""""/>"	"<locus from="""" to=""""/>"	empty placeholder (no @from/@to) — nothing to render
907	data/manuscripts/tei/907.xml	/*/*[2]/*/*/*/*[2]/*[2]/*[1]	TEI/text/body/listBibl/msDesc/msContents/msItem/locus	B	skip_empty	no									"<locus from="""" to=""""/>"	"<locus from="""" to=""""/>"	empty placeholder (no @from/@to) — nothing to render
908	data/manuscripts/tei/908.xml	/*/*[2]/*/*/*/*[2]/*[2]/*[1]	TEI/text/body/listBibl/msDesc/msContents/msItem/locus	B	skip_empty	no									"<locus from="""" to=""""/>"	"<locus from="""" to=""""/>"	empty placeholder (no @from/@to) — nothing to render
909	data/manuscripts/tei/909.xml	/*/*[2]/*/*/*/*[2]/*[2]/*[1]	TEI/text/body/listBibl/msDesc/msContents/msItem/locus	B	skip_empty	no									"<locus from="""" to=""""/>"	"<locus from="""" to=""""/>"	empty placeholder (no @from/@to) — nothing to render
91	data/manuscripts/tei/91.xml	/*/*[2]/*/*/*/*[2]/*[2]/*[1]	TEI/text/body/listBibl/msDesc/msContents/msItem/locus	B	skip_empty	no									"<locus from="""" to=""""/>"	"<locus from="""" to=""""/>"	empty placeholder (no @from/@to) — nothing to render
910	data/manuscripts/tei/910.xml	/*/*[2]/*/*/*/*[2]/*[2]/*[1]	TEI/text/body/listBibl/msDesc/msContents/msItem/locus	B	skip_empty	no									"<locus from="""" to=""""/>"	"<locus from="""" to=""""/>"	empty placeholder (no @from/@to) — nothing to render
911	data/manuscripts/tei/911.xml	/*/*[2]/*/*/*/*[2]/*[2]/*[1]	TEI/text/body/listBibl/msDesc/msContents/msItem/locus	B	skip_empty	no									"<locus from="""" to=""""/>"	"<locus from="""" to=""""/>"	empty placeholder (no @from/@to) — nothing to render
912	data/manuscripts/tei/912.xml	/*/*[2]/*/*/*/*[2]/*[2]/*[1]	TEI/text/body/listBibl/msDesc/msContents/msItem/locus	B	skip_empty	no									"<locus from="""" to=""""/>"	"<locus from="""" to=""""/>"	empty placeholder (no @from/@to) — nothing to render
913	data/manuscripts/tei/913.xml	/*/*[2]/*/*/*/*[2]/*[2]/*[1]	TEI/text/body/listBibl/msDesc/msContents/msItem/locus	B	skip_empty	no									"<locus from="""" to=""""/>"	"<locus from="""" to=""""/>"	empty placeholder (no @from/@to) — nothing to render
914	data/manuscripts/tei/914.xml	/*/*[2]/*/*/*/*[2]/*[2]/*[1]	TEI/text/body/listBibl/msDesc/msContents/msItem/locus	B	skip_empty	no									"<locus from="""" to=""""/>"	"<locus from="""" to=""""/>"	empty placeholder (no @from/@to) — nothing to render
915	data/manuscripts/tei/915.xml	/*/*[2]/*/*/*/*[2]/*[2]/*[1]	TEI/text/body/listBibl/msDesc/msContents/msItem/locus	B	skip_empty	no									"<locus from="""" to=""""/>"	"<locus from="""" to=""""/>"	empty placeholder (no @from/@to) — nothing to render
916	data/manuscripts/tei/916.xml	/*/*[2]/*/*/*/*[2]/*[2]/*[1]	TEI/text/body/listBibl/msDesc/msContents/msItem/locus	B	skip_empty	no									"<locus from="""" to=""""/>"	"<locus from="""" to=""""/>"	empty placeholder (no @from/@to) — nothing to render
917	data/manuscripts/tei/917.xml	/*/*[2]/*/*/*/*[2]/*[2]/*[1]	TEI/text/body/listBibl/msDesc/msContents/msItem/locus	B	skip_empty	no									"<locus from="""" to=""""/>"	"<locus from="""" to=""""/>"	empty placeholder (no @from/@to) — nothing to render
918	data/manuscripts/tei/918.xml	/*/*[2]/*/*/*/*[2]/*[2]/*[1]	TEI/text/body/listBibl/msDesc/msContents/msItem/locus	B	skip_empty	no									"<locus from="""" to=""""/>"	"<locus from="""" to=""""/>"	empty placeholder (no @from/@to) — nothing to render
919	data/manuscripts/tei/919.xml	/*/*[2]/*/*/*/*[2]/*[2]/*[1]	TEI/text/body/listBibl/msDesc/msContents/msItem/locus	B	skip_empty	no									"<locus from="""" to=""""/>"	"<locus from="""" to=""""/>"	empty placeholder (no @from/@to) — nothing to render
92	data/manuscripts/tei/92.xml	/*/*[2]/*/*/*/*[2]/*[2]/*[1]	TEI/text/body/listBibl/msDesc/msContents/msItem/locus	B	skip_empty	no									"<locus from="""" to=""""/>"	"<locus from="""" to=""""/>"	empty placeholder (no @from/@to) — nothing to render
920	data/manuscripts/tei/920.xml	/*/*[2]/*/*/*/*[2]/*[2]/*[1]	TEI/text/body/listBibl/msDesc/msContents/msItem/locus	B	skip_empty	no									"<locus from="""" to=""""/>"	"<locus from="""" to=""""/>"	empty placeholder (no @from/@to) — nothing to render
921	data/manuscripts/tei/921.xml	/*/*[2]/*/*/*/*[2]/*[2]/*[1]	TEI/text/body/listBibl/msDesc/msContents/msItem/locus	B	skip_empty	no									"<locus from="""" to=""""/>"	"<locus from="""" to=""""/>"	empty placeholder (no @from/@to) — nothing to render
922	data/manuscripts/tei/922.xml	/*/*[2]/*/*/*/*[2]/*[2]/*[1]	TEI/text/body/listBibl/msDesc/msContents/msItem/locus	B	skip_empty	no									"<locus from="""" to=""""/>"	"<locus from="""" to=""""/>"	empty placeholder (no @from/@to) — nothing to render
923	data/manuscripts/tei/923.xml	/*/*[2]/*/*/*/*[2]/*[2]/*[1]	TEI/text/body/listBibl/msDesc/msContents/msItem/locus	B	skip_empty	no									"<locus from="""" to=""""/>"	"<locus from="""" to=""""/>"	empty placeholder (no @from/@to) — nothing to render
924	data/manuscripts/tei/924.xml	/*/*[2]/*/*/*/*[2]/*[2]/*[1]	TEI/text/body/listBibl/msDesc/msContents/msItem/locus	B	skip_empty	no									"<locus from="""" to=""""/>"	"<locus from="""" to=""""/>"	empty placeholder (no @from/@to) — nothing to render
925	data/manuscripts/tei/925.xml	/*/*[2]/*/*/*/*[2]/*[2]/*[1]	TEI/text/body/listBibl/msDesc/msContents/msItem/locus	B	skip_empty	no									"<locus from="""" to=""""/>"	"<locus from="""" to=""""/>"	empty placeholder (no @from/@to) — nothing to render
926	data/manuscripts/tei/926.xml	/*/*[2]/*/*/*/*[2]/*[2]/*[1]	TEI/text/body/listBibl/msDesc/msContents/msItem/locus	B	skip_empty	no									"<locus from="""" to=""""/>"	"<locus from="""" to=""""/>"	empty placeholder (no @from/@to) — nothing to render
927	data/manuscripts/tei/927.xml	/*/*[2]/*/*/*/*[2]/*[2]/*[1]	TEI/text/body/listBibl/msDesc/msContents/msItem/locus	B	skip_empty	no									"<locus from="""" to=""""/>"	"<locus from="""" to=""""/>"	empty placeholder (no @from/@to) — nothing to render
928	data/manuscripts/tei/928.xml	/*/*[2]/*/*/*/*[2]/*[2]/*[1]	TEI/text/body/listBibl/msDesc/msContents/msItem/locus	B	skip_empty	no									"<locus from="""" to=""""/>"	"<locus from="""" to=""""/>"	empty placeholder (no @from/@to) — nothing to render
929	data/manuscripts/tei/929.xml	/*/*[2]/*/*/*/*[2]/*[2]/*[1]	TEI/text/body/listBibl/msDesc/msContents/msItem/locus	B	skip_empty	no									"<locus from="""" to=""""/>"	"<locus from="""" to=""""/>"	empty placeholder (no @from/@to) — nothing to render
93	data/manuscripts/tei/93.xml	/*/*[2]/*/*/*/*[2]/*[2]/*[1]	TEI/text/body/listBibl/msDesc/msContents/msItem/locus	B	skip_empty	no									"<locus from="""" to=""""/>"	"<locus from="""" to=""""/>"	empty placeholder (no @from/@to) — nothing to render
930	data/manuscripts/tei/930.xml	/*/*[2]/*/*/*/*[2]/*[2]/*[1]	TEI/text/body/listBibl/msDesc/msContents/msItem/locus	B	skip_empty	no									"<locus from="""" to=""""/>"	"<locus from="""" to=""""/>"	empty placeholder (no @from/@to) — nothing to render
931	data/manuscripts/tei/931.xml	/*/*[2]/*/*/*/*[2]/*[2]/*[1]	TEI/text/body/listBibl/msDesc/msContents/msItem/locus	B	skip_empty	no									"<locus from="""" to=""""/>"	"<locus from="""" to=""""/>"	empty placeholder (no @from/@to) — nothing to render
932	data/manuscripts/tei/932.xml	/*/*[2]/*/*/*/*[2]/*[2]/*[1]	TEI/text/body/listBibl/msDesc/msContents/msItem/locus	B	skip_empty	no									"<locus from="""" to=""""/>"	"<locus from="""" to=""""/>"	empty placeholder (no @from/@to) — nothing to render
933	data/manuscripts/tei/933.xml	/*/*[2]/*/*/*/*[2]/*[2]/*[1]	TEI/text/body/listBibl/msDesc/msContents/msItem/locus	B	skip_empty	no									"<locus from="""" to=""""/>"	"<locus from="""" to=""""/>"	empty placeholder (no @from/@to) — nothing to render
934	data/manuscripts/tei/934.xml	/*/*[2]/*/*/*/*[2]/*[2]/*[1]	TEI/text/body/listBibl/msDesc/msContents/msItem/locus	B	skip_empty	no									"<locus from="""" to=""""/>"	"<locus from="""" to=""""/>"	empty placeholder (no @from/@to) — nothing to render
935	data/manuscripts/tei/935.xml	/*/*[2]/*/*/*/*[2]/*[2]/*[1]	TEI/text/body/listBibl/msDesc/msContents/msItem/locus	B	skip_empty	no									"<locus from="""" to=""""/>"	"<locus from="""" to=""""/>"	empty placeholder (no @from/@to) — nothing to render
936	data/manuscripts/tei/936.xml	/*/*[2]/*/*/*/*[2]/*[2]/*[1]	TEI/text/body/listBibl/msDesc/msContents/msItem/locus	B	skip_empty	no									"<locus from="""" to=""""/>"	"<locus from="""" to=""""/>"	empty placeholder (no @from/@to) — nothing to render
937	data/manuscripts/tei/937.xml	/*/*[2]/*/*/*/*[2]/*[2]/*[1]	TEI/text/body/listBibl/msDesc/msContents/msItem/locus	B	skip_empty	no									"<locus from="""" to=""""/>"	"<locus from="""" to=""""/>"	empty placeholder (no @from/@to) — nothing to render
938	data/manuscripts/tei/938.xml	/*/*[2]/*/*/*/*[2]/*[2]/*[1]	TEI/text/body/listBibl/msDesc/msContents/msItem/locus	B	skip_empty	no									"<locus from="""" to=""""/>"	"<locus from="""" to=""""/>"	empty placeholder (no @from/@to) — nothing to render
939	data/manuscripts/tei/939.xml	/*/*[2]/*/*/*/*[2]/*[2]/*[1]	TEI/text/body/listBibl/msDesc/msContents/msItem/locus	B	skip_empty	no									"<locus from="""" to=""""/>"	"<locus from="""" to=""""/>"	empty placeholder (no @from/@to) — nothing to render
94	data/manuscripts/tei/94.xml	/*/*[2]/*/*/*/*[2]/*[2]/*[1]	TEI/text/body/listBibl/msDesc/msContents/msItem/locus	B	skip_empty	no									"<locus from="""" to=""""/>"	"<locus from="""" to=""""/>"	empty placeholder (no @from/@to) — nothing to render
940	data/manuscripts/tei/940.xml	/*/*[2]/*/*/*/*[2]/*[2]/*[1]	TEI/text/body/listBibl/msDesc/msContents/msItem/locus	B	skip_empty	no									"<locus from="""" to=""""/>"	"<locus from="""" to=""""/>"	empty placeholder (no @from/@to) — nothing to render
941	data/manuscripts/tei/941.xml	/*/*[2]/*/*/*/*[2]/*[2]/*[1]	TEI/text/body/listBibl/msDesc/msContents/msItem/locus	B	skip_empty	no									"<locus from="""" to=""""/>"	"<locus from="""" to=""""/>"	empty placeholder (no @from/@to) — nothing to render
942	data/manuscripts/tei/942.xml	/*/*[2]/*/*/*/*[2]/*[2]/*[1]	TEI/text/body/listBibl/msDesc/msContents/msItem/locus	B	skip_empty	no									"<locus from="""" to=""""/>"	"<locus from="""" to=""""/>"	empty placeholder (no @from/@to) — nothing to render
943	data/manuscripts/tei/943.xml	/*/*[2]/*/*/*/*[2]/*[2]/*[1]	TEI/text/body/listBibl/msDesc/msContents/msItem/locus	B	skip_empty	no									"<locus from="""" to=""""/>"	"<locus from="""" to=""""/>"	empty placeholder (no @from/@to) — nothing to render
944	data/manuscripts/tei/944.xml	/*/*[2]/*/*/*/*[2]/*[2]/*[1]	TEI/text/body/listBibl/msDesc/msContents/msItem/locus	B	skip_empty	no									"<locus from="""" to=""""/>"	"<locus from="""" to=""""/>"	empty placeholder (no @from/@to) — nothing to render
945	data/manuscripts/tei/945.xml	/*/*[2]/*/*/*/*[2]/*[2]/*[1]	TEI/text/body/listBibl/msDesc/msContents/msItem/locus	B	skip_empty	no									"<locus from="""" to=""""/>"	"<locus from="""" to=""""/>"	empty placeholder (no @from/@to) — nothing to render
946	data/manuscripts/tei/946.xml	/*/*[2]/*/*/*/*[2]/*[2]/*[1]	TEI/text/body/listBibl/msDesc/msContents/msItem/locus	B	skip_empty	no									"<locus from="""" to=""""/>"	"<locus from="""" to=""""/>"	empty placeholder (no @from/@to) — nothing to render
947	data/manuscripts/tei/947.xml	/*/*[2]/*/*/*/*[2]/*[2]/*[1]	TEI/text/body/listBibl/msDesc/msContents/msItem/locus	B	skip_empty	no									"<locus from="""" to=""""/>"	"<locus from="""" to=""""/>"	empty placeholder (no @from/@to) — nothing to render
948	data/manuscripts/tei/948.xml	/*/*[2]/*/*/*/*[2]/*[2]/*[1]	TEI/text/body/listBibl/msDesc/msContents/msItem/locus	B	skip_empty	no									"<locus from="""" to=""""/>"	"<locus from="""" to=""""/>"	empty placeholder (no @from/@to) — nothing to render
949	data/manuscripts/tei/949.xml	/*/*[2]/*/*/*/*[2]/*[2]/*[1]	TEI/text/body/listBibl/msDesc/msContents/msItem/locus	B	skip_empty	no									"<locus from="""" to=""""/>"	"<locus from="""" to=""""/>"	empty placeholder (no @from/@to) — nothing to render
95	data/manuscripts/tei/95.xml	/*/*[2]/*/*/*/*[2]/*[2]/*[1]	TEI/text/body/listBibl/msDesc/msContents/msItem/locus	B	skip_empty	no									"<locus from="""" to=""""/>"	"<locus from="""" to=""""/>"	empty placeholder (no @from/@to) — nothing to render
950	data/manuscripts/tei/950.xml	/*/*[2]/*/*/*/*[2]/*[2]/*[1]	TEI/text/body/listBibl/msDesc/msContents/msItem/locus	B	skip_empty	no									"<locus from="""" to=""""/>"	"<locus from="""" to=""""/>"	empty placeholder (no @from/@to) — nothing to render
951	data/manuscripts/tei/951.xml	/*/*[2]/*/*/*/*[2]/*[2]/*[1]	TEI/text/body/listBibl/msDesc/msContents/msItem/locus	B	skip_empty	no									"<locus from="""" to=""""/>"	"<locus from="""" to=""""/>"	empty placeholder (no @from/@to) — nothing to render
952	data/manuscripts/tei/952.xml	/*/*[2]/*/*/*/*[2]/*[2]/*[1]	TEI/text/body/listBibl/msDesc/msContents/msItem/locus	B	skip_empty	no									"<locus from="""" to=""""/>"	"<locus from="""" to=""""/>"	empty placeholder (no @from/@to) — nothing to render
953	data/manuscripts/tei/953.xml	/*/*[2]/*/*/*/*[2]/*[2]/*[1]	TEI/text/body/listBibl/msDesc/msContents/msItem/locus	B	skip_empty	no									"<locus from="""" to=""""/>"	"<locus from="""" to=""""/>"	empty placeholder (no @from/@to) — nothing to render
954	data/manuscripts/tei/954.xml	/*/*[2]/*/*/*/*[2]/*[2]/*[1]	TEI/text/body/listBibl/msDesc/msContents/msItem/locus	B	skip_empty	no									"<locus from="""" to=""""/>"	"<locus from="""" to=""""/>"	empty placeholder (no @from/@to) — nothing to render
955	data/manuscripts/tei/955.xml	/*/*[2]/*/*/*/*[2]/*[2]/*[1]	TEI/text/body/listBibl/msDesc/msContents/msItem/locus	B	skip_empty	no									"<locus from="""" to=""""/>"	"<locus from="""" to=""""/>"	empty placeholder (no @from/@to) — nothing to render
956	data/manuscripts/tei/956.xml	/*/*[2]/*/*/*/*[2]/*[2]/*[1]	TEI/text/body/listBibl/msDesc/msContents/msItem/locus	B	skip_empty	no									"<locus from="""" to=""""/>"	"<locus from="""" to=""""/>"	empty placeholder (no @from/@to) — nothing to render
957	data/manuscripts/tei/957.xml	/*/*[2]/*/*/*/*[2]/*[2]/*[1]	TEI/text/body/listBibl/msDesc/msContents/msItem/locus	B	skip_empty	no									"<locus from="""" to=""""/>"	"<locus from="""" to=""""/>"	empty placeholder (no @from/@to) — nothing to render
958	data/manuscripts/tei/958.xml	/*/*[2]/*/*/*/*[2]/*[2]/*[1]	TEI/text/body/listBibl/msDesc/msContents/msItem/locus	B	skip_empty	no									"<locus from="""" to=""""/>"	"<locus from="""" to=""""/>"	empty placeholder (no @from/@to) — nothing to render
959	data/manuscripts/tei/959.xml	/*/*[2]/*/*/*/*[2]/*[2]/*[1]	TEI/text/body/listBibl/msDesc/msContents/msItem/locus	B	skip_empty	no									"<locus from="""" to=""""/>"	"<locus from="""" to=""""/>"	empty placeholder (no @from/@to) — nothing to render
96	data/manuscripts/tei/96.xml	/*/*[2]/*/*/*/*[2]/*[2]/*[1]	TEI/text/body/listBibl/msDesc/msContents/msItem/locus	B	skip_empty	no									"<locus from="""" to=""""/>"	"<locus from="""" to=""""/>"	empty placeholder (no @from/@to) — nothing to render
960	data/manuscripts/tei/960.xml	/*/*[2]/*/*/*/*[2]/*[2]/*[1]	TEI/text/body/listBibl/msDesc/msContents/msItem/locus	B	skip_empty	no									"<locus from="""" to=""""/>"	"<locus from="""" to=""""/>"	empty placeholder (no @from/@to) — nothing to render
961	data/manuscripts/tei/961.xml	/*/*[2]/*/*/*/*[2]/*[2]/*[1]	TEI/text/body/listBibl/msDesc/msContents/msItem/locus	B	skip_empty	no									"<locus from="""" to=""""/>"	"<locus from="""" to=""""/>"	empty placeholder (no @from/@to) — nothing to render
962	data/manuscripts/tei/962.xml	/*/*[2]/*/*/*/*[2]/*[2]/*[1]	TEI/text/body/listBibl/msDesc/msContents/msItem/locus	B	skip_empty	no									"<locus from="""" to=""""/>"	"<locus from="""" to=""""/>"	empty placeholder (no @from/@to) — nothing to render
963	data/manuscripts/tei/963.xml	/*/*[2]/*/*/*/*[2]/*[2]/*[1]	TEI/text/body/listBibl/msDesc/msContents/msItem/locus	B	skip_empty	no									"<locus from="""" to=""""/>"	"<locus from="""" to=""""/>"	empty placeholder (no @from/@to) — nothing to render
964	data/manuscripts/tei/964.xml	/*/*[2]/*/*/*/*[2]/*[2]/*[1]	TEI/text/body/listBibl/msDesc/msContents/msItem/locus	B	skip_empty	no									"<locus from="""" to=""""/>"	"<locus from="""" to=""""/>"	empty placeholder (no @from/@to) — nothing to render
965	data/manuscripts/tei/965.xml	/*/*[2]/*/*/*/*[2]/*[2]/*[1]	TEI/text/body/listBibl/msDesc/msContents/msItem/locus	B	skip_empty	no									"<locus from="""" to=""""/>"	"<locus from="""" to=""""/>"	empty placeholder (no @from/@to) — nothing to render
966	data/manuscripts/tei/966.xml	/*/*[2]/*/*/*/*[2]/*[2]/*[1]	TEI/text/body/listBibl/msDesc/msContents/msItem/locus	B	skip_empty	no									"<locus from="""" to=""""/>"	"<locus from="""" to=""""/>"	empty placeholder (no @from/@to) — nothing to render
967	data/manuscripts/tei/967.xml	/*/*[2]/*/*/*/*[2]/*[2]/*[1]	TEI/text/body/listBibl/msDesc/msContents/msItem/locus	B	skip_empty	no									"<locus from="""" to=""""/>"	"<locus from="""" to=""""/>"	empty placeholder (no @from/@to) — nothing to render
968	data/manuscripts/tei/968.xml	/*/*[2]/*/*/*/*[2]/*[2]/*[1]	TEI/text/body/listBibl/msDesc/msContents/msItem/locus	B	skip_empty	no									"<locus from="""" to=""""/>"	"<locus from="""" to=""""/>"	empty placeholder (no @from/@to) — nothing to render
969	data/manuscripts/tei/969.xml	/*/*[2]/*/*/*/*[2]/*[2]/*[1]	TEI/text/body/listBibl/msDesc/msContents/msItem/locus	B	skip_empty	no									"<locus from="""" to=""""/>"	"<locus from="""" to=""""/>"	empty placeholder (no @from/@to) — nothing to render
97	data/manuscripts/tei/97.xml	/*/*[2]/*/*/*/*[2]/*[2]/*[1]	TEI/text/body/listBibl/msDesc/msContents/msItem/locus	B	skip_empty	no									"<locus from="""" to=""""/>"	"<locus from="""" to=""""/>"	empty placeholder (no @from/@to) — nothing to render
970	data/manuscripts/tei/970.xml	/*/*[2]/*/*/*/*[2]/*[2]/*[1]	TEI/text/body/listBibl/msDesc/msContents/msItem/locus	B	skip_empty	no									"<locus from="""" to=""""/>"	"<locus from="""" to=""""/>"	empty placeholder (no @from/@to) — nothing to render
971	data/manuscripts/tei/971.xml	/*/*[2]/*/*/*/*[2]/*[2]/*[1]	TEI/text/body/listBibl/msDesc/msContents/msItem/locus	B	skip_empty	no									"<locus from="""" to=""""/>"	"<locus from="""" to=""""/>"	empty placeholder (no @from/@to) — nothing to render
972	data/manuscripts/tei/972.xml	/*/*[2]/*/*/*/*[2]/*[2]/*[1]	TEI/text/body/listBibl/msDesc/msContents/msItem/locus	B	skip_empty	no									"<locus from="""" to=""""/>"	"<locus from="""" to=""""/>"	empty placeholder (no @from/@to) — nothing to render
973	data/manuscripts/tei/973.xml	/*/*[2]/*/*/*/*[2]/*[2]/*[1]	TEI/text/body/listBibl/msDesc/msContents/msItem/locus	B	skip_empty	no									"<locus from="""" to=""""/>"	"<locus from="""" to=""""/>"	empty placeholder (no @from/@to) — nothing to render
974	data/manuscripts/tei/974.xml	/*/*[2]/*/*/*/*[2]/*[2]/*[1]	TEI/text/body/listBibl/msDesc/msContents/msItem/locus	B	skip_empty	no									"<locus from="""" to=""""/>"	"<locus from="""" to=""""/>"	empty placeholder (no @from/@to) — nothing to render
975	data/manuscripts/tei/975.xml	/*/*[2]/*/*/*/*[2]/*[2]/*[1]	TEI/text/body/listBibl/msDesc/msContents/msItem/locus	B	skip_empty	no									"<locus from="""" to=""""/>"	"<locus from="""" to=""""/>"	empty placeholder (no @from/@to) — nothing to render
976	data/manuscripts/tei/976.xml	/*/*[2]/*/*/*/*[2]/*[2]/*[1]	TEI/text/body/listBibl/msDesc/msContents/msItem/locus	B	skip_empty	no									"<locus from="""" to=""""/>"	"<locus from="""" to=""""/>"	empty placeholder (no @from/@to) — nothing to render
977	data/manuscripts/tei/977.xml	/*/*[2]/*/*/*/*[2]/*[2]/*[1]	TEI/text/body/listBibl/msDesc/msContents/msItem/locus	B	skip_empty	no									"<locus from="""" to=""""/>"	"<locus from="""" to=""""/>"	empty placeholder (no @from/@to) — nothing to render
978	data/manuscripts/tei/978.xml	/*/*[2]/*/*/*/*[2]/*[2]/*[1]	TEI/text/body/listBibl/msDesc/msContents/msItem/locus	B	skip_empty	no									"<locus from="""" to=""""/>"	"<locus from="""" to=""""/>"	empty placeholder (no @from/@to) — nothing to render
979	data/manuscripts/tei/979.xml	/*/*[2]/*/*/*/*[2]/*[2]/*[1]	TEI/text/body/listBibl/msDesc/msContents/msItem/locus	B	skip_empty	no									"<locus from="""" to=""""/>"	"<locus from="""" to=""""/>"	empty placeholder (no @from/@to) — nothing to render
98	data/manuscripts/tei/98.xml	/*/*[2]/*/*/*/*[2]/*[2]/*[1]	TEI/text/body/listBibl/msDesc/msContents/msItem/locus	B	skip_empty	no									"<locus from="""" to=""""/>"	"<locus from="""" to=""""/>"	empty placeholder (no @from/@to) — nothing to render
980	data/manuscripts/tei/980.xml	/*/*[2]/*/*/*/*[2]/*[2]/*[1]	TEI/text/body/listBibl/msDesc/msContents/msItem/locus	B	skip_empty	no									"<locus from="""" to=""""/>"	"<locus from="""" to=""""/>"	empty placeholder (no @from/@to) — nothing to render
981	data/manuscripts/tei/981.xml	/*/*[2]/*/*/*/*[2]/*[2]/*[1]	TEI/text/body/listBibl/msDesc/msContents/msItem/locus	B	skip_empty	no									"<locus from="""" to=""""/>"	"<locus from="""" to=""""/>"	empty placeholder (no @from/@to) — nothing to render
982	data/manuscripts/tei/982.xml	/*/*[2]/*/*/*/*[2]/*[2]/*[1]	TEI/text/body/listBibl/msDesc/msContents/msItem/locus	B	skip_empty	no									"<locus from="""" to=""""/>"	"<locus from="""" to=""""/>"	empty placeholder (no @from/@to) — nothing to render
983	data/manuscripts/tei/983.xml	/*/*[2]/*/*/*/*[2]/*[2]/*[1]	TEI/text/body/listBibl/msDesc/msContents/msItem/locus	B	skip_empty	no									"<locus from="""" to=""""/>"	"<locus from="""" to=""""/>"	empty placeholder (no @from/@to) — nothing to render
984	data/manuscripts/tei/984.xml	/*/*[2]/*/*/*/*[2]/*[2]/*[1]	TEI/text/body/listBibl/msDesc/msContents/msItem/locus	B	skip_empty	no									"<locus from="""" to=""""/>"	"<locus from="""" to=""""/>"	empty placeholder (no @from/@to) — nothing to render
985	data/manuscripts/tei/985.xml	/*/*[2]/*/*/*/*[2]/*[2]/*[1]	TEI/text/body/listBibl/msDesc/msContents/msItem/locus	B	skip_empty	no									"<locus from="""" to=""""/>"	"<locus from="""" to=""""/>"	empty placeholder (no @from/@to) — nothing to render
986	data/manuscripts/tei/986.xml	/*/*[2]/*/*/*/*[2]/*[2]/*[1]	TEI/text/body/listBibl/msDesc/msContents/msItem/locus	B	skip_empty	no									"<locus from="""" to=""""/>"	"<locus from="""" to=""""/>"	empty placeholder (no @from/@to) — nothing to render
987	data/manuscripts/tei/987.xml	/*/*[2]/*/*/*/*[2]/*[2]/*[1]	TEI/text/body/listBibl/msDesc/msContents/msItem/locus	B	skip_empty	no									"<locus from="""" to=""""/>"	"<locus from="""" to=""""/>"	empty placeholder (no @from/@to) — nothing to render
988	data/manuscripts/tei/988.xml	/*/*[2]/*/*/*/*[2]/*[2]/*[1]	TEI/text/body/listBibl/msDesc/msContents/msItem/locus	B	skip_empty	no									"<locus from="""" to=""""/>"	"<locus from="""" to=""""/>"	empty placeholder (no @from/@to) — nothing to render
989	data/manuscripts/tei/989.xml	/*/*[2]/*/*/*/*[2]/*[2]/*[1]	TEI/text/body/listBibl/msDesc/msContents/msItem/locus	B	skip_empty	no									"<locus from="""" to=""""/>"	"<locus from="""" to=""""/>"	empty placeholder (no @from/@to) — nothing to render
99	data/manuscripts/tei/99.xml	/*/*[2]/*/*/*/*[2]/*[2]/*[1]	TEI/text/body/listBibl/msDesc/msContents/msItem/locus	B	skip_empty	no									"<locus from="""" to=""""/>"	"<locus from="""" to=""""/>"	empty placeholder (no @from/@to) — nothing to render
990	data/manuscripts/tei/990.xml	/*/*[2]/*/*/*/*[2]/*[2]/*[1]	TEI/text/body/listBibl/msDesc/msContents/msItem/locus	B	skip_empty	no									"<locus from="""" to=""""/>"	"<locus from="""" to=""""/>"	empty placeholder (no @from/@to) — nothing to render
991	data/manuscripts/tei/991.xml	/*/*[2]/*/*/*/*[2]/*[2]/*[1]	TEI/text/body/listBibl/msDesc/msContents/msItem/locus	B	skip_empty	no									"<locus from="""" to=""""/>"	"<locus from="""" to=""""/>"	empty placeholder (no @from/@to) — nothing to render
992	data/manuscripts/tei/992.xml	/*/*[2]/*/*/*/*[2]/*[2]/*[1]	TEI/text/body/listBibl/msDesc/msContents/msItem/locus	B	skip_empty	no									"<locus from="""" to=""""/>"	"<locus from="""" to=""""/>"	empty placeholder (no @from/@to) — nothing to render
993	data/manuscripts/tei/993.xml	/*/*[2]/*/*/*/*[2]/*[2]/*[1]	TEI/text/body/listBibl/msDesc/msContents/msItem/locus	B	skip_empty	no									"<locus from="""" to=""""/>"	"<locus from="""" to=""""/>"	empty placeholder (no @from/@to) — nothing to render
994	data/manuscripts/tei/994.xml	/*/*[2]/*/*/*/*[2]/*[2]/*[1]	TEI/text/body/listBibl/msDesc/msContents/msItem/locus	B	skip_empty	no									"<locus from="""" to=""""/>"	"<locus from="""" to=""""/>"	empty placeholder (no @from/@to) — nothing to render
995	data/manuscripts/tei/995.xml	/*/*[2]/*/*/*/*[2]/*[2]/*[1]	TEI/text/body/listBibl/msDesc/msContents/msItem/locus	B	skip_empty	no									"<locus from="""" to=""""/>"	"<locus from="""" to=""""/>"	empty placeholder (no @from/@to) — nothing to render
996	data/manuscripts/tei/996.xml	/*/*[2]/*/*/*/*[2]/*[2]/*[1]	TEI/text/body/listBibl/msDesc/msContents/msItem/locus	B	skip_empty	no									"<locus from="""" to=""""/>"	"<locus from="""" to=""""/>"	empty placeholder (no @from/@to) — nothing to render
997	data/manuscripts/tei/997.xml	/*/*[2]/*/*/*/*[2]/*[2]/*[1]	TEI/text/body/listBibl/msDesc/msContents/msItem/locus	B	skip_empty	no									"<locus from="""" to=""""/>"	"<locus from="""" to=""""/>"	empty placeholder (no @from/@to) — nothing to render
998	data/manuscripts/tei/998.xml	/*/*[2]/*/*/*/*[2]/*[2]/*[1]	TEI/text/body/listBibl/msDesc/msContents/msItem/locus	B	skip_empty	no									"<locus from="""" to=""""/>"	"<locus from="""" to=""""/>"	empty placeholder (no @from/@to) — nothing to render
999	data/manuscripts/tei/999.xml	/*/*[2]/*/*/*/*[2]/*[2]/*[1]	TEI/text/body/listBibl/msDesc/msContents/msItem/locus	B	skip_empty	no									"<locus from="""" to=""""/>"	"<locus from="""" to=""""/>"	empty placeholder (no @from/@to) — nothing to render
