ms_id	locus_xpath	locus_xpath_readable	unit	from	to	text	other_attrs	n_issues	issues
1	/*/*[2]/*/*/*/*[2]/*[2]/*[1]	TEI/text/body/listBibl/msDesc/msContents/msItem/locus	(absent)					1	BOTH_EMPTY: no @from, @to or text content
10	/*/*[2]/*/*/*/*[2]/*[2]/*[1]	TEI/text/body/listBibl/msDesc/msContents/msItem/locus	(absent)					1	BOTH_EMPTY: no @from, @to or text content
100	/*/*[2]/*/*/*/*[2]/*[2]/*[1]	TEI/text/body/listBibl/msDesc/msContents/msItem/locus	(absent)					1	BOTH_EMPTY: no @from, @to or text content
1000	/*/*[2]/*/*/*/*[2]/*[2]/*[1]	TEI/text/body/listBibl/msDesc/msContents/msItem/locus	(absent)					1	BOTH_EMPTY: no @from, @to or text content
1001	/*/*[2]/*/*/*/*[2]/*[2]/*[1]	TEI/text/body/listBibl/msDesc/msContents/msItem/locus	(absent)					1	BOTH_EMPTY: no @from, @to or text content
1002	/*/*[2]/*/*/*/*[2]/*[2]/*[1]	TEI/text/body/listBibl/msDesc/msContents/msItem/locus	(absent)					1	BOTH_EMPTY: no @from, @to or text content
1003	/*/*[2]/*/*/*/*[2]/*[2]/*[1]	TEI/text/body/listBibl/msDesc/msContents/msItem/locus	(absent)					1	BOTH_EMPTY: no @from, @to or text content
1004	/*/*[2]/*/*/*/*[2]/*[2]/*[1]	TEI/text/body/listBibl/msDesc/msContents/msItem/locus	(absent)					1	BOTH_EMPTY: no @from, @to or text content
1005	/*/*[2]/*/*/*/*[2]/*[2]/*[1]	TEI/text/body/listBibl/msDesc/msContents/msItem/locus	(absent)					1	BOTH_EMPTY: no @from, @to or text content
1006	/*/*[2]/*/*/*/*[2]/*[2]/*[1]	TEI/text/body/listBibl/msDesc/msContents/msItem/locus	(absent)					1	BOTH_EMPTY: no @from, @to or text content
1007	/*/*[2]/*/*/*/*[2]/*[2]/*[1]	TEI/text/body/listBibl/msDesc/msContents/msItem/locus	(absent)					1	BOTH_EMPTY: no @from, @to or text content
1008	/*/*[2]/*/*/*/*[2]/*[2]/*[1]	TEI/text/body/listBibl/msDesc/msContents/msItem/locus	(absent)					1	BOTH_EMPTY: no @from, @to or text content
1009	/*/*[2]/*/*/*/*[2]/*[2]/*[1]	TEI/text/body/listBibl/msDesc/msContents/msItem/locus	(absent)					1	BOTH_EMPTY: no @from, @to or text content
101	/*/*[2]/*/*/*/*[2]/*[2]/*[1]	TEI/text/body/listBibl/msDesc/msContents/msItem/locus	(absent)					1	BOTH_EMPTY: no @from, @to or text content
1010	/*/*[2]/*/*/*/*[2]/*[2]/*[1]	TEI/text/body/listBibl/msDesc/msContents/msItem/locus	(absent)					1	BOTH_EMPTY: no @from, @to or text content
1011	/*/*[2]/*/*/*/*[2]/*[2]/*[1]	TEI/text/body/listBibl/msDesc/msContents/msItem/locus	(absent)					1	BOTH_EMPTY: no @from, @to or text content
1012	/*/*[2]/*/*/*/*[2]/*[2]/*[1]	TEI/text/body/listBibl/msDesc/msContents/msItem/locus	(absent)					1	BOTH_EMPTY: no @from, @to or text content
1013	/*/*[2]/*/*/*/*[2]/*[2]/*[1]	TEI/text/body/listBibl/msDesc/msContents/msItem/locus	(absent)					1	BOTH_EMPTY: no @from, @to or text content
1014	/*/*[2]/*/*/*/*[2]/*[2]/*[1]	TEI/text/body/listBibl/msDesc/msContents/msItem/locus	(absent)					1	BOTH_EMPTY: no @from, @to or text content
1015	/*/*[2]/*/*/*/*[2]/*[2]/*[1]	TEI/text/body/listBibl/msDesc/msContents/msItem/locus	(absent)					1	BOTH_EMPTY: no @from, @to or text content
1016	/*/*[2]/*/*/*/*[2]/*[2]/*[1]	TEI/text/body/listBibl/msDesc/msContents/msItem/locus	(absent)					1	BOTH_EMPTY: no @from, @to or text content
1017	/*/*[2]/*/*/*/*[2]/*[2]/*[1]	TEI/text/body/listBibl/msDesc/msContents/msItem/locus	(absent)					1	BOTH_EMPTY: no @from, @to or text content
1018	/*/*[2]/*/*/*/*[2]/*[2]/*[1]	TEI/text/body/listBibl/msDesc/msContents/msItem/locus	(absent)					1	BOTH_EMPTY: no @from, @to or text content
1019	/*/*[2]/*/*/*/*[2]/*[2]/*[1]	TEI/text/body/listBibl/msDesc/msContents/msItem/locus	(absent)					1	BOTH_EMPTY: no @from, @to or text content
102	/*/*[2]/*/*/*/*[2]/*[2]/*[1]	TEI/text/body/listBibl/msDesc/msContents/msItem/locus	(absent)					1	BOTH_EMPTY: no @from, @to or text content
1020	/*/*[2]/*/*/*/*[2]/*[2]/*[1]	TEI/text/body/listBibl/msDesc/msContents/msItem/locus	(absent)					1	BOTH_EMPTY: no @from, @to or text content
1021	/*/*[2]/*/*/*/*[2]/*[2]/*[1]	TEI/text/body/listBibl/msDesc/msContents/msItem/locus	(absent)					1	BOTH_EMPTY: no @from, @to or text content
1022	/*/*[2]/*/*/*/*[2]/*[2]/*[1]	TEI/text/body/listBibl/msDesc/msContents/msItem/locus	(absent)					1	BOTH_EMPTY: no @from, @to or text content
1023	/*/*[2]/*/*/*/*[2]/*[2]/*[1]	TEI/text/body/listBibl/msDesc/msContents/msItem/locus	(absent)					1	BOTH_EMPTY: no @from, @to or text content
1025	/*/*[2]/*/*/*/*[2]/*[2]/*[1]	TEI/text/body/listBibl/msDesc/msContents/msItem/locus	(absent)					1	BOTH_EMPTY: no @from, @to or text content
1026	/*/*[2]/*/*/*/*[2]/*[2]/*[1]	TEI/text/body/listBibl/msDesc/msContents/msItem/locus	(absent)					1	BOTH_EMPTY: no @from, @to or text content
1027	/*/*[2]/*/*/*/*[2]/*[2]/*[1]	TEI/text/body/listBibl/msDesc/msContents/msItem/locus	(absent)					1	BOTH_EMPTY: no @from, @to or text content
1028	/*/*[2]/*/*/*/*[2]/*[2]/*[1]	TEI/text/body/listBibl/msDesc/msContents/msItem/locus	(absent)					1	BOTH_EMPTY: no @from, @to or text content
1029	/*/*[2]/*/*/*/*[2]/*[2]/*[1]	TEI/text/body/listBibl/msDesc/msContents/msItem/locus	(absent)					1	BOTH_EMPTY: no @from, @to or text content
103	/*/*[2]/*/*/*/*[2]/*[2]/*[1]	TEI/text/body/listBibl/msDesc/msContents/msItem/locus	(absent)					1	BOTH_EMPTY: no @from, @to or text content
1030	/*/*[2]/*/*/*/*[2]/*[2]/*[1]	TEI/text/body/listBibl/msDesc/msContents/msItem/locus	(absent)					1	BOTH_EMPTY: no @from, @to or text content
1031	/*/*[2]/*/*/*/*[2]/*[2]/*[1]	TEI/text/body/listBibl/msDesc/msContents/msItem/locus	(absent)					1	BOTH_EMPTY: no @from, @to or text content
1032	/*/*[2]/*/*/*/*[2]/*[2]/*[1]	TEI/text/body/listBibl/msDesc/msContents/msItem/locus	(absent)					1	BOTH_EMPTY: no @from, @to or text content
1033	/*/*[2]/*/*/*/*[2]/*[2]/*[1]	TEI/text/body/listBibl/msDesc/msContents/msItem/locus	(absent)					1	BOTH_EMPTY: no @from, @to or text content
1034	/*/*[2]/*/*/*/*[2]/*[2]/*[1]	TEI/text/body/listBibl/msDesc/msContents/msItem/locus	(absent)					1	BOTH_EMPTY: no @from, @to or text content
1035	/*/*[2]/*/*/*/*[2]/*[2]/*[1]	TEI/text/body/listBibl/msDesc/msContents/msItem/locus	(absent)					1	BOTH_EMPTY: no @from, @to or text content
1036	/*/*[2]/*/*/*/*[2]/*[2]/*[1]	TEI/text/body/listBibl/msDesc/msContents/msItem/locus	(absent)					1	BOTH_EMPTY: no @from, @to or text content
1037	/*/*[2]/*/*/*/*[2]/*[2]/*[1]	TEI/text/body/listBibl/msDesc/msContents/msItem/locus	(absent)					1	BOTH_EMPTY: no @from, @to or text content
1038	/*/*[2]/*/*/*/*[2]/*[2]/*[1]	TEI/text/body/listBibl/msDesc/msContents/msItem/locus	(absent)					1	BOTH_EMPTY: no @from, @to or text content
1039	/*/*[2]/*/*/*/*[2]/*[2]/*[1]	TEI/text/body/listBibl/msDesc/msContents/msItem/locus	(absent)					1	BOTH_EMPTY: no @from, @to or text content
104	/*/*[2]/*/*/*/*[2]/*[2]/*[1]	TEI/text/body/listBibl/msDesc/msContents/msItem/locus	(absent)					1	BOTH_EMPTY: no @from, @to or text content
1040	/*/*[2]/*/*/*/*[2]/*[2]/*[1]	TEI/text/body/listBibl/msDesc/msContents/msItem/locus	(absent)					1	BOTH_EMPTY: no @from, @to or text content
1041	/*/*[2]/*/*/*/*[2]/*[2]/*[1]	TEI/text/body/listBibl/msDesc/msContents/msItem/locus	(absent)					1	BOTH_EMPTY: no @from, @to or text content
1042	/*/*[2]/*/*/*/*[2]/*[2]/*[1]	TEI/text/body/listBibl/msDesc/msContents/msItem/locus	(absent)					1	BOTH_EMPTY: no @from, @to or text content
1043	/*/*[2]/*/*/*/*[2]/*[2]/*[1]	TEI/text/body/listBibl/msDesc/msContents/msItem/locus	(absent)					1	BOTH_EMPTY: no @from, @to or text content
1044	/*/*[2]/*/*/*/*[2]/*[2]/*[1]	TEI/text/body/listBibl/msDesc/msContents/msItem/locus	(absent)					1	BOTH_EMPTY: no @from, @to or text content
1045	/*/*[2]/*/*/*/*[2]/*[2]/*[1]	TEI/text/body/listBibl/msDesc/msContents/msItem/locus	(absent)					1	BOTH_EMPTY: no @from, @to or text content
1046	/*/*[2]/*/*/*/*[2]/*[2]/*[1]	TEI/text/body/listBibl/msDesc/msContents/msItem/locus	(absent)					1	BOTH_EMPTY: no @from, @to or text content
1047	/*/*[2]/*/*/*/*[2]/*[2]/*[1]	TEI/text/body/listBibl/msDesc/msContents/msItem/locus	(absent)					1	BOTH_EMPTY: no @from, @to or text content
1048	/*/*[2]/*/*/*/*[2]/*[2]/*[1]	TEI/text/body/listBibl/msDesc/msContents/msItem/locus	(absent)					1	BOTH_EMPTY: no @from, @to or text content
1049	/*/*[2]/*/*/*/*[2]/*[2]/*[1]	TEI/text/body/listBibl/msDesc/msContents/msItem/locus	(absent)					1	BOTH_EMPTY: no @from, @to or text content
105	/*/*[2]/*/*/*/*[2]/*[2]/*[1]	TEI/text/body/listBibl/msDesc/msContents/msItem/locus	(absent)					1	BOTH_EMPTY: no @from, @to or text content
1050	/*/*[2]/*/*/*/*[2]/*[2]/*[1]	TEI/text/body/listBibl/msDesc/msContents/msItem/locus	(absent)					1	BOTH_EMPTY: no @from, @to or text content
1051	/*/*[2]/*/*/*/*[2]/*[2]/*[1]	TEI/text/body/listBibl/msDesc/msContents/msItem/locus	(absent)					1	BOTH_EMPTY: no @from, @to or text content
1052	/*/*[2]/*/*/*/*[2]/*[2]/*[1]	TEI/text/body/listBibl/msDesc/msContents/msItem/locus	(absent)					1	BOTH_EMPTY: no @from, @to or text content
1053	/*/*[2]/*/*/*/*[2]/*[2]/*[1]	TEI/text/body/listBibl/msDesc/msContents/msItem/locus	(absent)					1	BOTH_EMPTY: no @from, @to or text content
1054	/*/*[2]/*/*/*/*[2]/*[2]/*[1]	TEI/text/body/listBibl/msDesc/msContents/msItem/locus	(absent)					1	BOTH_EMPTY: no @from, @to or text content
1055	/*/*[2]/*/*/*/*[2]/*[2]/*[1]	TEI/text/body/listBibl/msDesc/msContents/msItem/locus	(absent)					1	BOTH_EMPTY: no @from, @to or text content
1056	/*/*[2]/*/*/*/*[2]/*[2]/*[1]	TEI/text/body/listBibl/msDesc/msContents/msItem/locus	(absent)					1	BOTH_EMPTY: no @from, @to or text content
1057	/*/*[2]/*/*/*/*[2]/*[2]/*[1]	TEI/text/body/listBibl/msDesc/msContents/msItem/locus	(absent)					1	BOTH_EMPTY: no @from, @to or text content
1058	/*/*[2]/*/*/*/*[2]/*[2]/*[1]	TEI/text/body/listBibl/msDesc/msContents/msItem/locus	(absent)					1	BOTH_EMPTY: no @from, @to or text content
1059	/*/*[2]/*/*/*/*[2]/*[2]/*[1]	TEI/text/body/listBibl/msDesc/msContents/msItem/locus	(absent)					1	BOTH_EMPTY: no @from, @to or text content
106	/*/*[2]/*/*/*/*[2]/*[2]/*[1]	TEI/text/body/listBibl/msDesc/msContents/msItem/locus	(absent)					1	BOTH_EMPTY: no @from, @to or text content
1060	/*/*[2]/*/*/*/*[2]/*[2]/*[1]	TEI/text/body/listBibl/msDesc/msContents/msItem/locus	(absent)					1	BOTH_EMPTY: no @from, @to or text content
1062	/*/*[2]/*/*/*/*[2]/*[2]/*[1]	TEI/text/body/listBibl/msDesc/msContents/msItem/locus	(absent)					1	BOTH_EMPTY: no @from, @to or text content
1063	/*/*[2]/*/*/*/*[2]/*[2]/*[1]	TEI/text/body/listBibl/msDesc/msContents/msItem/locus	(absent)					1	BOTH_EMPTY: no @from, @to or text content
1064	/*/*[2]/*/*/*/*[2]/*[2]/*[1]	TEI/text/body/listBibl/msDesc/msContents/msItem/locus	(absent)					1	BOTH_EMPTY: no @from, @to or text content
1065	/*/*[2]/*/*/*/*[2]/*[2]/*[1]	TEI/text/body/listBibl/msDesc/msContents/msItem/locus	(absent)					1	BOTH_EMPTY: no @from, @to or text content
1066	/*/*[2]/*/*/*/*[2]/*[2]/*[1]	TEI/text/body/listBibl/msDesc/msContents/msItem/locus	(absent)					1	BOTH_EMPTY: no @from, @to or text content
1067	/*/*[2]/*/*/*/*[2]/*[2]/*[1]	TEI/text/body/listBibl/msDesc/msContents/msItem/locus	(absent)					1	BOTH_EMPTY: no @from, @to or text content
1068	/*/*[2]/*/*/*/*[2]/*[2]/*[1]	TEI/text/body/listBibl/msDesc/msContents/msItem/locus	(absent)					1	BOTH_EMPTY: no @from, @to or text content
1069	/*/*[2]/*/*/*/*[2]/*[2]/*[1]	TEI/text/body/listBibl/msDesc/msContents/msItem/locus	(absent)					1	BOTH_EMPTY: no @from, @to or text content
107	/*/*[2]/*/*/*/*[2]/*[2]/*[1]	TEI/text/body/listBibl/msDesc/msContents/msItem/locus	(absent)					1	BOTH_EMPTY: no @from, @to or text content
1070	/*/*[2]/*/*/*/*[2]/*[2]/*[1]	TEI/text/body/listBibl/msDesc/msContents/msItem/locus	(absent)					1	BOTH_EMPTY: no @from, @to or text content
1071	/*/*[2]/*/*/*/*[2]/*[2]/*[1]	TEI/text/body/listBibl/msDesc/msContents/msItem/locus	(absent)					1	BOTH_EMPTY: no @from, @to or text content
1072	/*/*[2]/*/*/*/*[2]/*[2]/*[1]	TEI/text/body/listBibl/msDesc/msContents/msItem/locus	(absent)					1	BOTH_EMPTY: no @from, @to or text content
1073	/*/*[2]/*/*/*/*[2]/*[2]/*[1]	TEI/text/body/listBibl/msDesc/msContents/msItem/locus	(absent)					1	BOTH_EMPTY: no @from, @to or text content
1074	/*/*[2]/*/*/*/*[2]/*[2]/*[1]	TEI/text/body/listBibl/msDesc/msContents/msItem/locus	(absent)					1	BOTH_EMPTY: no @from, @to or text content
1075	/*/*[2]/*/*/*/*[2]/*[2]/*[1]	TEI/text/body/listBibl/msDesc/msContents/msItem/locus	(absent)					1	BOTH_EMPTY: no @from, @to or text content
1076	/*/*[2]/*/*/*/*[2]/*[2]/*[1]	TEI/text/body/listBibl/msDesc/msContents/msItem/locus	(absent)					1	BOTH_EMPTY: no @from, @to or text content
1077	/*/*[2]/*/*/*/*[2]/*[2]/*[1]	TEI/text/body/listBibl/msDesc/msContents/msItem/locus	(absent)					1	BOTH_EMPTY: no @from, @to or text content
1078	/*/*[2]/*/*/*/*[2]/*[2]/*[1]	TEI/text/body/listBibl/msDesc/msContents/msItem/locus	(absent)					1	BOTH_EMPTY: no @from, @to or text content
1079	/*/*[2]/*/*/*/*[2]/*[2]/*[1]	TEI/text/body/listBibl/msDesc/msContents/msItem/locus	(absent)					1	BOTH_EMPTY: no @from, @to or text content
108	/*/*[2]/*/*/*/*[2]/*[2]/*[1]	TEI/text/body/listBibl/msDesc/msContents/msItem/locus	(absent)					1	BOTH_EMPTY: no @from, @to or text content
1080	/*/*[2]/*/*/*/*[2]/*[2]/*[1]	TEI/text/body/listBibl/msDesc/msContents/msItem/locus	(absent)					1	BOTH_EMPTY: no @from, @to or text content
1081	/*/*[2]/*/*/*/*[2]/*[2]/*[1]	TEI/text/body/listBibl/msDesc/msContents/msItem/locus	(absent)					1	BOTH_EMPTY: no @from, @to or text content
1082	/*/*[2]/*/*/*/*[2]/*[2]/*[1]	TEI/text/body/listBibl/msDesc/msContents/msItem/locus	(absent)					1	BOTH_EMPTY: no @from, @to or text content
1083	/*/*[2]/*/*/*/*[2]/*[2]/*[1]	TEI/text/body/listBibl/msDesc/msContents/msItem/locus	(absent)					1	BOTH_EMPTY: no @from, @to or text content
1084	/*/*[2]/*/*/*/*[2]/*[2]/*[1]	TEI/text/body/listBibl/msDesc/msContents/msItem/locus	(absent)					1	BOTH_EMPTY: no @from, @to or text content
1085	/*/*[2]/*/*/*/*[2]/*[2]/*[1]	TEI/text/body/listBibl/msDesc/msContents/msItem/locus	(absent)					1	BOTH_EMPTY: no @from, @to or text content
1086	/*/*[2]/*/*/*/*[2]/*[2]/*[1]	TEI/text/body/listBibl/msDesc/msContents/msItem/locus	(absent)					1	BOTH_EMPTY: no @from, @to or text content
1087	/*/*[2]/*/*/*/*[2]/*[2]/*[1]	TEI/text/body/listBibl/msDesc/msContents/msItem/locus	(absent)					1	BOTH_EMPTY: no @from, @to or text content
1088	/*/*[2]/*/*/*/*[2]/*[2]/*[1]	TEI/text/body/listBibl/msDesc/msContents/msItem/locus	(absent)					1	BOTH_EMPTY: no @from, @to or text content
109	/*/*[2]/*/*/*/*[2]/*[2]/*[1]	TEI/text/body/listBibl/msDesc/msContents/msItem/locus	(absent)					1	BOTH_EMPTY: no @from, @to or text content
1090	/*/*[2]/*/*/*/*[2]/*[2]/*[1]	TEI/text/body/listBibl/msDesc/msContents/msItem/locus	(absent)					1	BOTH_EMPTY: no @from, @to or text content
1091	/*/*[2]/*/*/*/*[2]/*[2]/*[1]	TEI/text/body/listBibl/msDesc/msContents/msItem/locus	(absent)					1	BOTH_EMPTY: no @from, @to or text content
1092	/*/*[2]/*/*/*/*[2]/*[2]/*[1]	TEI/text/body/listBibl/msDesc/msContents/msItem/locus	(absent)					1	BOTH_EMPTY: no @from, @to or text content
1093	/*/*[2]/*/*/*/*[2]/*[2]/*[1]	TEI/text/body/listBibl/msDesc/msContents/msItem/locus	(absent)					1	BOTH_EMPTY: no @from, @to or text content
1094	/*/*[2]/*/*/*/*[2]/*[2]/*[1]	TEI/text/body/listBibl/msDesc/msContents/msItem/locus	(absent)					1	BOTH_EMPTY: no @from, @to or text content
1095	/*/*[2]/*/*/*/*[2]/*[2]/*[1]	TEI/text/body/listBibl/msDesc/msContents/msItem/locus	(absent)					1	BOTH_EMPTY: no @from, @to or text content
1096	/*/*[2]/*/*/*/*[2]/*[2]/*[1]	TEI/text/body/listBibl/msDesc/msContents/msItem/locus	(absent)					1	BOTH_EMPTY: no @from, @to or text content
1097	/*/*[2]/*/*/*/*[2]/*[2]/*[1]	TEI/text/body/listBibl/msDesc/msContents/msItem/locus	(absent)					1	BOTH_EMPTY: no @from, @to or text content
1098	/*/*[2]/*/*/*/*[2]/*[2]/*[1]	TEI/text/body/listBibl/msDesc/msContents/msItem/locus	(absent)					1	BOTH_EMPTY: no @from, @to or text content
1099	/*/*[2]/*/*/*/*[2]/*[2]/*[1]	TEI/text/body/listBibl/msDesc/msContents/msItem/locus	(absent)					1	BOTH_EMPTY: no @from, @to or text content
11	/*/*[2]/*/*/*/*[2]/*[2]/*[1]	TEI/text/body/listBibl/msDesc/msContents/msItem/locus	(absent)					1	BOTH_EMPTY: no @from, @to or text content
110	/*/*[2]/*/*/*/*[2]/*[2]/*[1]	TEI/text/body/listBibl/msDesc/msContents/msItem/locus	(absent)					1	BOTH_EMPTY: no @from, @to or text content
1100	/*/*[2]/*/*/*/*[2]/*[2]/*[1]	TEI/text/body/listBibl/msDesc/msContents/msItem/locus	(absent)					1	BOTH_EMPTY: no @from, @to or text content
1101	/*/*[2]/*/*/*/*[2]/*[2]/*[1]	TEI/text/body/listBibl/msDesc/msContents/msItem/locus	(absent)					1	BOTH_EMPTY: no @from, @to or text content
1102	/*/*[2]/*/*/*/*[2]/*[2]/*[1]	TEI/text/body/listBibl/msDesc/msContents/msItem/locus	(absent)					1	BOTH_EMPTY: no @from, @to or text content
1103	/*/*[2]/*/*/*/*[2]/*[2]/*[1]	TEI/text/body/listBibl/msDesc/msContents/msItem/locus	(absent)					1	BOTH_EMPTY: no @from, @to or text content
1104	/*/*[2]/*/*/*/*[2]/*[2]/*[1]	TEI/text/body/listBibl/msDesc/msContents/msItem/locus	(absent)					1	BOTH_EMPTY: no @from, @to or text content
1105	/*/*[2]/*/*/*/*[2]/*[2]/*[1]	TEI/text/body/listBibl/msDesc/msContents/msItem/locus	(absent)					1	BOTH_EMPTY: no @from, @to or text content
1106	/*/*[2]/*/*/*/*[2]/*[2]/*[1]	TEI/text/body/listBibl/msDesc/msContents/msItem/locus	(absent)					1	BOTH_EMPTY: no @from, @to or text content
1107	/*/*[2]/*/*/*/*[2]/*[2]/*[1]	TEI/text/body/listBibl/msDesc/msContents/msItem/locus	(absent)					1	BOTH_EMPTY: no @from, @to or text content
1108	/*/*[2]/*/*/*/*[2]/*[2]/*[1]	TEI/text/body/listBibl/msDesc/msContents/msItem/locus	(absent)					1	BOTH_EMPTY: no @from, @to or text content
1109	/*/*[2]/*/*/*/*[2]/*[2]/*[1]	TEI/text/body/listBibl/msDesc/msContents/msItem/locus	(absent)					1	BOTH_EMPTY: no @from, @to or text content
111	/*/*[2]/*/*/*/*[2]/*[2]/*[1]	TEI/text/body/listBibl/msDesc/msContents/msItem/locus	(absent)					1	BOTH_EMPTY: no @from, @to or text content
1110	/*/*[2]/*/*/*/*[2]/*[2]/*[1]	TEI/text/body/listBibl/msDesc/msContents/msItem/locus	(absent)	1r	4v			0	
1111	/*/*[2]/*/*/*/*[2]/*[2]/*[1]	TEI/text/body/listBibl/msDesc/msContents/msItem/locus	(absent)					1	BOTH_EMPTY: no @from, @to or text content
1112	/*/*[2]/*/*/*/*[2]/*[2]/*[1]	TEI/text/body/listBibl/msDesc/msContents/msItem/locus	(absent)					1	BOTH_EMPTY: no @from, @to or text content
1113	/*/*[2]/*/*/*/*[2]/*[2]/*[1]	TEI/text/body/listBibl/msDesc/msContents/msItem/locus	(absent)					1	BOTH_EMPTY: no @from, @to or text content
1114	/*/*[2]/*/*/*/*[2]/*[2]/*[1]	TEI/text/body/listBibl/msDesc/msContents/msItem/locus	(absent)					1	BOTH_EMPTY: no @from, @to or text content
1115	/*/*[2]/*/*/*/*[2]/*[2]/*[1]	TEI/text/body/listBibl/msDesc/msContents/msItem/locus	(absent)					1	BOTH_EMPTY: no @from, @to or text content
1116	/*/*[2]/*/*/*/*[2]/*[2]/*[1]	TEI/text/body/listBibl/msDesc/msContents/msItem/locus	(absent)					1	BOTH_EMPTY: no @from, @to or text content
1117	/*/*[2]/*/*/*/*[2]/*[2]/*[1]	TEI/text/body/listBibl/msDesc/msContents/msItem/locus	(absent)					1	BOTH_EMPTY: no @from, @to or text content
1118	/*/*[2]/*/*/*/*[2]/*[2]/*[1]	TEI/text/body/listBibl/msDesc/msContents/msItem/locus	(absent)					1	BOTH_EMPTY: no @from, @to or text content
1119	/*/*[2]/*/*/*/*[2]/*[2]/*[1]	TEI/text/body/listBibl/msDesc/msContents/msItem/locus	(absent)					1	BOTH_EMPTY: no @from, @to or text content
112	/*/*[2]/*/*/*/*[2]/*[2]/*[1]	TEI/text/body/listBibl/msDesc/msContents/msItem/locus	(absent)					1	BOTH_EMPTY: no @from, @to or text content
1120	/*/*[2]/*/*/*/*[2]/*[2]/*[1]	TEI/text/body/listBibl/msDesc/msContents/msItem/locus	(absent)					1	BOTH_EMPTY: no @from, @to or text content
1121	/*/*[2]/*/*/*/*[2]/*[2]/*[1]	TEI/text/body/listBibl/msDesc/msContents/msItem/locus	(absent)					1	BOTH_EMPTY: no @from, @to or text content
1122	/*/*[2]/*/*/*/*[2]/*[2]/*[1]	TEI/text/body/listBibl/msDesc/msContents/msItem/locus	(absent)					1	BOTH_EMPTY: no @from, @to or text content
1123	/*/*[2]/*/*/*/*[2]/*[2]/*[1]	TEI/text/body/listBibl/msDesc/msContents/msItem/locus	(absent)					1	BOTH_EMPTY: no @from, @to or text content
1124	/*/*[2]/*/*/*/*[2]/*[2]/*[1]	TEI/text/body/listBibl/msDesc/msContents/msItem/locus	(absent)					1	BOTH_EMPTY: no @from, @to or text content
1125	/*/*[2]/*/*/*/*[2]/*[2]/*[1]	TEI/text/body/listBibl/msDesc/msContents/msItem/locus	(absent)					1	BOTH_EMPTY: no @from, @to or text content
1126	/*/*[2]/*/*/*/*[2]/*[2]/*[1]	TEI/text/body/listBibl/msDesc/msContents/msItem/locus	(absent)					1	BOTH_EMPTY: no @from, @to or text content
1127	/*/*[2]/*/*/*/*[2]/*[2]/*[1]	TEI/text/body/listBibl/msDesc/msContents/msItem/locus	(absent)					1	BOTH_EMPTY: no @from, @to or text content
1128	/*/*[2]/*/*/*/*[2]/*[2]/*[1]	TEI/text/body/listBibl/msDesc/msContents/msItem/locus	(absent)					1	BOTH_EMPTY: no @from, @to or text content
1129	/*/*[2]/*/*/*/*[2]/*[2]/*[1]	TEI/text/body/listBibl/msDesc/msContents/msItem/locus	(absent)					1	BOTH_EMPTY: no @from, @to or text content
113	/*/*[2]/*/*/*/*[2]/*[2]/*[1]	TEI/text/body/listBibl/msDesc/msContents/msItem/locus	(absent)					1	BOTH_EMPTY: no @from, @to or text content
1130	/*/*[2]/*/*/*/*[2]/*[2]/*[1]	TEI/text/body/listBibl/msDesc/msContents/msItem/locus	(absent)					1	BOTH_EMPTY: no @from, @to or text content
1131	/*/*[2]/*/*/*/*[2]/*[2]/*[1]	TEI/text/body/listBibl/msDesc/msContents/msItem/locus	(absent)					1	BOTH_EMPTY: no @from, @to or text content
1132	/*/*[2]/*/*/*/*[2]/*[2]/*[1]	TEI/text/body/listBibl/msDesc/msContents/msItem/locus	(absent)					1	BOTH_EMPTY: no @from, @to or text content
1133	/*/*[2]/*/*/*/*[2]/*[2]/*[1]	TEI/text/body/listBibl/msDesc/msContents/msItem/locus	(absent)					1	BOTH_EMPTY: no @from, @to or text content
1134	/*/*[2]/*/*/*/*[2]/*[2]/*[1]	TEI/text/body/listBibl/msDesc/msContents/msItem/locus	(absent)					1	BOTH_EMPTY: no @from, @to or text content
1135	/*/*[2]/*/*/*/*[2]/*[2]/*[1]	TEI/text/body/listBibl/msDesc/msContents/msItem/locus	(absent)					1	BOTH_EMPTY: no @from, @to or text content
1136	/*/*[2]/*/*/*/*[2]/*[2]/*[1]	TEI/text/body/listBibl/msDesc/msContents/msItem/locus	(absent)					1	BOTH_EMPTY: no @from, @to or text content
1137	/*/*[2]/*/*/*/*[2]/*[2]/*[1]	TEI/text/body/listBibl/msDesc/msContents/msItem/locus	(absent)					1	BOTH_EMPTY: no @from, @to or text content
1138	/*/*[2]/*/*/*/*[2]/*[2]/*[1]	TEI/text/body/listBibl/msDesc/msContents/msItem/locus	(absent)					1	BOTH_EMPTY: no @from, @to or text content
1139	/*/*[2]/*/*/*/*[2]/*[2]/*[1]	TEI/text/body/listBibl/msDesc/msContents/msItem/locus	(absent)					1	BOTH_EMPTY: no @from, @to or text content
114	/*/*[2]/*/*/*/*[2]/*[2]/*[1]	TEI/text/body/listBibl/msDesc/msContents/msItem/locus	(absent)					1	BOTH_EMPTY: no @from, @to or text content
1140	/*/*[2]/*/*/*/*[2]/*[2]/*[1]	TEI/text/body/listBibl/msDesc/msContents/msItem/locus	(absent)					1	BOTH_EMPTY: no @from, @to or text content
1141	/*/*[2]/*/*/*/*[2]/*[2]/*[1]	TEI/text/body/listBibl/msDesc/msContents/msItem/locus	(absent)					1	BOTH_EMPTY: no @from, @to or text content
1142	/*/*[2]/*/*/*/*[2]/*[2]/*[1]	TEI/text/body/listBibl/msDesc/msContents/msItem/locus	(absent)					1	BOTH_EMPTY: no @from, @to or text content
1143	/*/*[2]/*/*/*/*[2]/*[2]/*[1]	TEI/text/body/listBibl/msDesc/msContents/msItem/locus	(absent)					1	BOTH_EMPTY: no @from, @to or text content
1144	/*/*[2]/*/*/*/*[2]/*[2]/*[1]	TEI/text/body/listBibl/msDesc/msContents/msItem/locus	(absent)					1	BOTH_EMPTY: no @from, @to or text content
1145	/*/*[2]/*/*/*/*[2]/*[2]/*[1]	TEI/text/body/listBibl/msDesc/msContents/msItem/locus	(absent)					1	BOTH_EMPTY: no @from, @to or text content
1146	/*/*[2]/*/*/*/*[2]/*[2]/*[1]	TEI/text/body/listBibl/msDesc/msContents/msItem/locus	(absent)					1	BOTH_EMPTY: no @from, @to or text content
1147	/*/*[2]/*/*/*/*[2]/*[2]/*[1]	TEI/text/body/listBibl/msDesc/msContents/msItem/locus	(absent)					1	BOTH_EMPTY: no @from, @to or text content
1148	/*/*[2]/*/*/*/*[2]/*[2]/*[1]	TEI/text/body/listBibl/msDesc/msContents/msItem/locus	(absent)					1	BOTH_EMPTY: no @from, @to or text content
1149	/*/*[2]/*/*/*/*[2]/*[2]/*[1]	TEI/text/body/listBibl/msDesc/msContents/msItem/locus	(absent)					1	BOTH_EMPTY: no @from, @to or text content
115	/*/*[2]/*/*/*/*[2]/*[2]/*[1]	TEI/text/body/listBibl/msDesc/msContents/msItem/locus	(absent)					1	BOTH_EMPTY: no @from, @to or text content
1150	/*/*[2]/*/*/*/*[2]/*[2]/*[1]	TEI/text/body/listBibl/msDesc/msContents/msItem/locus	(absent)					1	BOTH_EMPTY: no @from, @to or text content
1151	/*/*[2]/*/*/*/*[2]/*[2]/*[1]	TEI/text/body/listBibl/msDesc/msContents/msItem/locus	(absent)					1	BOTH_EMPTY: no @from, @to or text content
1152	/*/*[2]/*/*/*/*[2]/*[2]/*[1]	TEI/text/body/listBibl/msDesc/msContents/msItem/locus	(absent)					1	BOTH_EMPTY: no @from, @to or text content
1153	/*/*[2]/*/*/*/*[2]/*[2]/*[1]	TEI/text/body/listBibl/msDesc/msContents/msItem/locus	(absent)					1	BOTH_EMPTY: no @from, @to or text content
1154	/*/*[2]/*/*/*/*[2]/*[2]/*[1]	TEI/text/body/listBibl/msDesc/msContents/msItem/locus	(absent)					1	BOTH_EMPTY: no @from, @to or text content
1155	/*/*[2]/*/*/*/*[2]/*[2]/*[1]	TEI/text/body/listBibl/msDesc/msContents/msItem/locus	(absent)					1	BOTH_EMPTY: no @from, @to or text content
1156	/*/*[2]/*/*/*/*[2]/*[2]/*[1]	TEI/text/body/listBibl/msDesc/msContents/msItem/locus	(absent)					1	BOTH_EMPTY: no @from, @to or text content
1157	/*/*[2]/*/*/*/*[2]/*[2]/*[1]	TEI/text/body/listBibl/msDesc/msContents/msItem/locus	(absent)					1	BOTH_EMPTY: no @from, @to or text content
1158	/*/*[2]/*/*/*/*[2]/*[2]/*[1]	TEI/text/body/listBibl/msDesc/msContents/msItem/locus	(absent)					1	BOTH_EMPTY: no @from, @to or text content
1159	/*/*[2]/*/*/*/*[2]/*[2]/*[1]	TEI/text/body/listBibl/msDesc/msContents/msItem/locus	(absent)					1	BOTH_EMPTY: no @from, @to or text content
116	/*/*[2]/*/*/*/*[2]/*[2]/*[1]	TEI/text/body/listBibl/msDesc/msContents/msItem/locus	(absent)					1	BOTH_EMPTY: no @from, @to or text content
1160	/*/*[2]/*/*/*/*[2]/*[2]/*[1]	TEI/text/body/listBibl/msDesc/msContents/msItem/locus	(absent)					1	BOTH_EMPTY: no @from, @to or text content
1161	/*/*[2]/*/*/*/*[2]/*[2]/*[1]	TEI/text/body/listBibl/msDesc/msContents/msItem/locus	(absent)					1	BOTH_EMPTY: no @from, @to or text content
1162	/*/*[2]/*/*/*/*[2]/*[2]/*[1]	TEI/text/body/listBibl/msDesc/msContents/msItem/locus	(absent)					1	BOTH_EMPTY: no @from, @to or text content
1163	/*/*[2]/*/*/*/*[2]/*[2]/*[1]	TEI/text/body/listBibl/msDesc/msContents/msItem/locus	(absent)					1	BOTH_EMPTY: no @from, @to or text content
1164	/*/*[2]/*/*/*/*[2]/*[2]/*[1]	TEI/text/body/listBibl/msDesc/msContents/msItem/locus	(absent)					1	BOTH_EMPTY: no @from, @to or text content
1165	/*/*[2]/*/*/*/*[2]/*[2]/*[1]	TEI/text/body/listBibl/msDesc/msContents/msItem/locus	(absent)					1	BOTH_EMPTY: no @from, @to or text content
1166	/*/*[2]/*/*/*/*[2]/*[2]/*[1]	TEI/text/body/listBibl/msDesc/msContents/msItem/locus	(absent)					1	BOTH_EMPTY: no @from, @to or text content
1167	/*/*[2]/*/*/*/*[2]/*[2]/*[1]	TEI/text/body/listBibl/msDesc/msContents/msItem/locus	(absent)					1	BOTH_EMPTY: no @from, @to or text content
1168	/*/*[2]/*/*/*/*[2]/*[2]/*[1]	TEI/text/body/listBibl/msDesc/msContents/msItem/locus	(absent)					1	BOTH_EMPTY: no @from, @to or text content
1169	/*/*[2]/*/*/*/*[2]/*[2]/*[1]	TEI/text/body/listBibl/msDesc/msContents/msItem/locus	(absent)					1	BOTH_EMPTY: no @from, @to or text content
117	/*/*[2]/*/*/*/*[2]/*[2]/*[1]	TEI/text/body/listBibl/msDesc/msContents/msItem/locus	(absent)					1	BOTH_EMPTY: no @from, @to or text content
1170	/*/*[2]/*/*/*/*[2]/*[2]/*[1]	TEI/text/body/listBibl/msDesc/msContents/msItem/locus	(absent)					1	BOTH_EMPTY: no @from, @to or text content
1171	/*/*[2]/*/*/*/*[2]/*[2]/*[1]	TEI/text/body/listBibl/msDesc/msContents/msItem/locus	(absent)					1	BOTH_EMPTY: no @from, @to or text content
1172	/*/*[2]/*/*/*/*[2]/*[2]/*[1]	TEI/text/body/listBibl/msDesc/msContents/msItem/locus	(absent)					1	BOTH_EMPTY: no @from, @to or text content
1173	/*/*[2]/*/*/*/*[2]/*[2]/*[1]	TEI/text/body/listBibl/msDesc/msContents/msItem/locus	(absent)					1	BOTH_EMPTY: no @from, @to or text content
1174	/*/*[2]/*/*/*/*[2]/*[2]/*[1]	TEI/text/body/listBibl/msDesc/msContents/msItem/locus	(absent)					1	BOTH_EMPTY: no @from, @to or text content
1175	/*/*[2]/*/*/*/*[2]/*[2]/*[1]	TEI/text/body/listBibl/msDesc/msContents/msItem/locus	(absent)					1	BOTH_EMPTY: no @from, @to or text content
1176	/*/*[2]/*/*/*/*[2]/*[2]/*[1]	TEI/text/body/listBibl/msDesc/msContents/msItem/locus	(absent)					1	BOTH_EMPTY: no @from, @to or text content
1177	/*/*[2]/*/*/*/*[2]/*[2]/*[1]	TEI/text/body/listBibl/msDesc/msContents/msItem/locus	(absent)					1	BOTH_EMPTY: no @from, @to or text content
1178	/*/*[2]/*/*/*/*[2]/*[2]/*[1]	TEI/text/body/listBibl/msDesc/msContents/msItem/locus	(absent)					1	BOTH_EMPTY: no @from, @to or text content
1179	/*/*[2]/*/*/*/*[2]/*[2]/*[1]	TEI/text/body/listBibl/msDesc/msContents/msItem/locus	(absent)					1	BOTH_EMPTY: no @from, @to or text content
118	/*/*[2]/*/*/*/*[2]/*[2]/*[1]	TEI/text/body/listBibl/msDesc/msContents/msItem/locus	(absent)					1	BOTH_EMPTY: no @from, @to or text content
1180	/*/*[2]/*/*/*/*[2]/*[2]/*[1]	TEI/text/body/listBibl/msDesc/msContents/msItem/locus	(absent)					1	BOTH_EMPTY: no @from, @to or text content
1181	/*/*[2]/*/*/*/*[2]/*[2]/*[1]	TEI/text/body/listBibl/msDesc/msContents/msItem/locus	(absent)					1	BOTH_EMPTY: no @from, @to or text content
1182	/*/*[2]/*/*/*/*[2]/*[2]/*[1]	TEI/text/body/listBibl/msDesc/msContents/msItem/locus	(absent)					1	BOTH_EMPTY: no @from, @to or text content
1183	/*/*[2]/*/*/*/*[2]/*[2]/*[1]	TEI/text/body/listBibl/msDesc/msContents/msItem/locus	(absent)					1	BOTH_EMPTY: no @from, @to or text content
1184	/*/*[2]/*/*/*/*[2]/*[2]/*[1]	TEI/text/body/listBibl/msDesc/msContents/msItem/locus	(absent)					1	BOTH_EMPTY: no @from, @to or text content
1185	/*/*[2]/*/*/*/*[2]/*[2]/*[1]	TEI/text/body/listBibl/msDesc/msContents/msItem/locus	(absent)					1	BOTH_EMPTY: no @from, @to or text content
1186	/*/*[2]/*/*/*/*[2]/*[2]/*[1]	TEI/text/body/listBibl/msDesc/msContents/msItem/locus	(absent)					1	BOTH_EMPTY: no @from, @to or text content
1187	/*/*[2]/*/*/*/*[2]/*[2]/*[1]	TEI/text/body/listBibl/msDesc/msContents/msItem/locus	(absent)					1	BOTH_EMPTY: no @from, @to or text content
1188	/*/*[2]/*/*/*/*[2]/*[2]/*[1]	TEI/text/body/listBibl/msDesc/msContents/msItem/locus	(absent)					1	BOTH_EMPTY: no @from, @to or text content
1189	/*/*[2]/*/*/*/*[2]/*[2]/*[1]	TEI/text/body/listBibl/msDesc/msContents/msItem/locus	(absent)					1	BOTH_EMPTY: no @from, @to or text content
119	/*/*[2]/*/*/*/*[2]/*[2]/*[1]	TEI/text/body/listBibl/msDesc/msContents/msItem/locus	(absent)					1	BOTH_EMPTY: no @from, @to or text content
1190	/*/*[2]/*/*/*/*[2]/*[2]/*[1]	TEI/text/body/listBibl/msDesc/msContents/msItem/locus	(absent)					1	BOTH_EMPTY: no @from, @to or text content
1191	/*/*[2]/*/*/*/*[2]/*[2]/*[1]	TEI/text/body/listBibl/msDesc/msContents/msItem/locus	(absent)					1	BOTH_EMPTY: no @from, @to or text content
1192	/*/*[2]/*/*/*/*[2]/*[2]/*[1]	TEI/text/body/listBibl/msDesc/msContents/msItem/locus	(absent)					1	BOTH_EMPTY: no @from, @to or text content
1193	/*/*[2]/*/*/*/*[2]/*[2]/*[1]	TEI/text/body/listBibl/msDesc/msContents/msItem/locus	(absent)					1	BOTH_EMPTY: no @from, @to or text content
1194	/*/*[2]/*/*/*/*[2]/*[2]/*[1]	TEI/text/body/listBibl/msDesc/msContents/msItem/locus	(absent)					1	BOTH_EMPTY: no @from, @to or text content
1195	/*/*[2]/*/*/*/*[2]/*[2]/*[1]	TEI/text/body/listBibl/msDesc/msContents/msItem/locus	(absent)					1	BOTH_EMPTY: no @from, @to or text content
1196	/*/*[2]/*/*/*/*[2]/*[2]/*[1]	TEI/text/body/listBibl/msDesc/msContents/msItem/locus	(absent)					1	BOTH_EMPTY: no @from, @to or text content
1197	/*/*[2]/*/*/*/*[2]/*[2]/*[1]	TEI/text/body/listBibl/msDesc/msContents/msItem/locus	(absent)					1	BOTH_EMPTY: no @from, @to or text content
1198	/*/*[2]/*/*/*/*[2]/*[2]/*[1]	TEI/text/body/listBibl/msDesc/msContents/msItem/locus	(absent)					1	BOTH_EMPTY: no @from, @to or text content
1199	/*/*[2]/*/*/*/*[2]/*[2]/*[1]	TEI/text/body/listBibl/msDesc/msContents/msItem/locus	(absent)					1	BOTH_EMPTY: no @from, @to or text content
12	/*/*[2]/*/*/*/*[2]/*[2]/*[1]	TEI/text/body/listBibl/msDesc/msContents/msItem/locus	(absent)					1	BOTH_EMPTY: no @from, @to or text content
120	/*/*[2]/*/*/*/*[2]/*[2]/*[1]	TEI/text/body/listBibl/msDesc/msContents/msItem/locus	(absent)					1	BOTH_EMPTY: no @from, @to or text content
1200	/*/*[2]/*/*/*/*[2]/*[2]/*[1]	TEI/text/body/listBibl/msDesc/msContents/msItem/locus	(absent)					1	BOTH_EMPTY: no @from, @to or text content
1201	/*/*[2]/*/*/*/*[2]/*[2]/*[1]	TEI/text/body/listBibl/msDesc/msContents/msItem/locus	(absent)					1	BOTH_EMPTY: no @from, @to or text content
1202	/*/*[2]/*/*/*/*[2]/*[2]/*[1]	TEI/text/body/listBibl/msDesc/msContents/msItem/locus	(absent)					1	BOTH_EMPTY: no @from, @to or text content
1203	/*/*[2]/*/*/*/*[2]/*[2]/*[1]	TEI/text/body/listBibl/msDesc/msContents/msItem/locus	(absent)					1	BOTH_EMPTY: no @from, @to or text content
1204	/*/*[2]/*/*/*/*[2]/*[2]/*[1]	TEI/text/body/listBibl/msDesc/msContents/msItem/locus	(absent)					1	BOTH_EMPTY: no @from, @to or text content
1205	/*/*[2]/*/*/*/*[2]/*[2]/*[1]	TEI/text/body/listBibl/msDesc/msContents/msItem/locus	(absent)					1	BOTH_EMPTY: no @from, @to or text content
1206	/*/*[2]/*/*/*/*[2]/*[2]/*[1]	TEI/text/body/listBibl/msDesc/msContents/msItem/locus	(absent)					1	BOTH_EMPTY: no @from, @to or text content
1207	/*/*[2]/*/*/*/*[2]/*[2]/*[1]	TEI/text/body/listBibl/msDesc/msContents/msItem/locus	(absent)					1	BOTH_EMPTY: no @from, @to or text content
1208	/*/*[2]/*/*/*/*[2]/*[2]/*[1]	TEI/text/body/listBibl/msDesc/msContents/msItem/locus	(absent)					1	BOTH_EMPTY: no @from, @to or text content
1209	/*/*[2]/*/*/*/*[2]/*[2]/*[1]	TEI/text/body/listBibl/msDesc/msContents/msItem/locus	(absent)					1	BOTH_EMPTY: no @from, @to or text content
121	/*/*[2]/*/*/*/*[2]/*[2]/*[1]	TEI/text/body/listBibl/msDesc/msContents/msItem/locus	(absent)					1	BOTH_EMPTY: no @from, @to or text content
1210	/*/*[2]/*/*/*/*[2]/*[2]/*[1]	TEI/text/body/listBibl/msDesc/msContents/msItem/locus	(absent)					1	BOTH_EMPTY: no @from, @to or text content
1211	/*/*[2]/*/*/*/*[2]/*[2]/*[1]	TEI/text/body/listBibl/msDesc/msContents/msItem/locus	(absent)					1	BOTH_EMPTY: no @from, @to or text content
1212	/*/*[2]/*/*/*/*[2]/*[2]/*[1]	TEI/text/body/listBibl/msDesc/msContents/msItem/locus	(absent)					1	BOTH_EMPTY: no @from, @to or text content
1213	/*/*[2]/*/*/*/*[2]/*[2]/*[1]	TEI/text/body/listBibl/msDesc/msContents/msItem/locus	(absent)					1	BOTH_EMPTY: no @from, @to or text content
1214	/*/*[2]/*/*/*/*[2]/*[2]/*[1]	TEI/text/body/listBibl/msDesc/msContents/msItem/locus	(absent)					1	BOTH_EMPTY: no @from, @to or text content
1215	/*/*[2]/*/*/*/*[2]/*[2]/*[1]	TEI/text/body/listBibl/msDesc/msContents/msItem/locus	(absent)					1	BOTH_EMPTY: no @from, @to or text content
1216	/*/*[2]/*/*/*/*[2]/*[2]/*[1]	TEI/text/body/listBibl/msDesc/msContents/msItem/locus	(absent)					1	BOTH_EMPTY: no @from, @to or text content
1217	/*/*[2]/*/*/*/*[2]/*[2]/*[1]	TEI/text/body/listBibl/msDesc/msContents/msItem/locus	(absent)					1	BOTH_EMPTY: no @from, @to or text content
1218	/*/*[2]/*/*/*/*[2]/*[2]/*[1]	TEI/text/body/listBibl/msDesc/msContents/msItem/locus	(absent)					1	BOTH_EMPTY: no @from, @to or text content
1219	/*/*[2]/*/*/*/*[2]/*[2]/*[1]	TEI/text/body/listBibl/msDesc/msContents/msItem/locus	(absent)					1	BOTH_EMPTY: no @from, @to or text content
122	/*/*[2]/*/*/*/*[2]/*[2]/*[1]	TEI/text/body/listBibl/msDesc/msContents/msItem/locus	(absent)					1	BOTH_EMPTY: no @from, @to or text content
1220	/*/*[2]/*/*/*/*[2]/*[2]/*[1]	TEI/text/body/listBibl/msDesc/msContents/msItem/locus	(absent)					1	BOTH_EMPTY: no @from, @to or text content
1221	/*/*[2]/*/*/*/*[2]/*[2]/*[1]	TEI/text/body/listBibl/msDesc/msContents/msItem/locus	(absent)					1	BOTH_EMPTY: no @from, @to or text content
1222	/*/*[2]/*/*/*/*[2]/*[2]/*[1]	TEI/text/body/listBibl/msDesc/msContents/msItem/locus	(absent)					1	BOTH_EMPTY: no @from, @to or text content
1223	/*/*[2]/*/*/*/*[2]/*[2]/*[1]	TEI/text/body/listBibl/msDesc/msContents/msItem/locus	(absent)					1	BOTH_EMPTY: no @from, @to or text content
1224	/*/*[2]/*/*/*/*[2]/*[2]/*[1]	TEI/text/body/listBibl/msDesc/msContents/msItem/locus	(absent)					1	BOTH_EMPTY: no @from, @to or text content
1225	/*/*[2]/*/*/*/*[2]/*[2]/*[1]	TEI/text/body/listBibl/msDesc/msContents/msItem/locus	(absent)					1	BOTH_EMPTY: no @from, @to or text content
1226	/*/*[2]/*/*/*/*[2]/*[2]/*[1]	TEI/text/body/listBibl/msDesc/msContents/msItem/locus	(absent)					1	BOTH_EMPTY: no @from, @to or text content
1227	/*/*[2]/*/*/*/*[2]/*[2]/*[1]	TEI/text/body/listBibl/msDesc/msContents/msItem/locus	(absent)					1	BOTH_EMPTY: no @from, @to or text content
1228	/*/*[2]/*/*/*/*[2]/*[2]/*[1]	TEI/text/body/listBibl/msDesc/msContents/msItem/locus	(absent)					1	BOTH_EMPTY: no @from, @to or text content
1229	/*/*[2]/*/*/*/*[2]/*[2]/*[1]	TEI/text/body/listBibl/msDesc/msContents/msItem/locus	(absent)					1	BOTH_EMPTY: no @from, @to or text content
123	/*/*[2]/*/*/*/*[2]/*[2]/*[1]	TEI/text/body/listBibl/msDesc/msContents/msItem/locus	(absent)					1	BOTH_EMPTY: no @from, @to or text content
1230	/*/*[2]/*/*/*/*[2]/*[2]/*[1]	TEI/text/body/listBibl/msDesc/msContents/msItem/locus	(absent)					1	BOTH_EMPTY: no @from, @to or text content
1231	/*/*[2]/*/*/*/*[2]/*[2]/*[1]	TEI/text/body/listBibl/msDesc/msContents/msItem/locus	(absent)					1	BOTH_EMPTY: no @from, @to or text content
1232	/*/*[2]/*/*/*/*[2]/*[2]/*[1]	TEI/text/body/listBibl/msDesc/msContents/msItem/locus	(absent)					1	BOTH_EMPTY: no @from, @to or text content
1233	/*/*[2]/*/*/*/*[2]/*[2]/*[1]	TEI/text/body/listBibl/msDesc/msContents/msItem/locus	(absent)					1	BOTH_EMPTY: no @from, @to or text content
1234	/*/*[2]/*/*/*/*[2]/*[2]/*[1]	TEI/text/body/listBibl/msDesc/msContents/msItem/locus	(absent)					1	BOTH_EMPTY: no @from, @to or text content
1235	/*/*[2]/*/*/*/*[2]/*[2]/*[1]	TEI/text/body/listBibl/msDesc/msContents/msItem/locus	(absent)					1	BOTH_EMPTY: no @from, @to or text content
1236	/*/*[2]/*/*/*/*[2]/*[2]/*[1]	TEI/text/body/listBibl/msDesc/msContents/msItem/locus	(absent)					1	BOTH_EMPTY: no @from, @to or text content
1237	/*/*[2]/*/*/*/*[2]/*[2]/*[1]	TEI/text/body/listBibl/msDesc/msContents/msItem/locus	(absent)					1	BOTH_EMPTY: no @from, @to or text content
1238	/*/*[2]/*/*/*/*[2]/*[2]/*[1]	TEI/text/body/listBibl/msDesc/msContents/msItem/locus	(absent)					1	BOTH_EMPTY: no @from, @to or text content
1239	/*/*[2]/*/*/*/*[2]/*[2]/*[1]	TEI/text/body/listBibl/msDesc/msContents/msItem/locus	(absent)					1	BOTH_EMPTY: no @from, @to or text content
124	/*/*[2]/*/*/*/*[2]/*[2]/*[1]	TEI/text/body/listBibl/msDesc/msContents/msItem/locus	(absent)					1	BOTH_EMPTY: no @from, @to or text content
1240	/*/*[2]/*/*/*/*[2]/*[2]/*[1]	TEI/text/body/listBibl/msDesc/msContents/msItem/locus	(absent)					1	BOTH_EMPTY: no @from, @to or text content
1241	/*/*[2]/*/*/*/*[2]/*[2]/*[1]	TEI/text/body/listBibl/msDesc/msContents/msItem/locus	(absent)					1	BOTH_EMPTY: no @from, @to or text content
1242	/*/*[2]/*/*/*/*[2]/*[2]/*[1]	TEI/text/body/listBibl/msDesc/msContents/msItem/locus	(absent)					1	BOTH_EMPTY: no @from, @to or text content
1243	/*/*[2]/*/*/*/*[2]/*[2]/*[1]	TEI/text/body/listBibl/msDesc/msContents/msItem/locus	(absent)					1	BOTH_EMPTY: no @from, @to or text content
1244	/*/*[2]/*/*/*/*[2]/*[2]/*[1]	TEI/text/body/listBibl/msDesc/msContents/msItem/locus	(absent)					1	BOTH_EMPTY: no @from, @to or text content
1245	/*/*[2]/*/*/*/*[2]/*[2]/*[1]	TEI/text/body/listBibl/msDesc/msContents/msItem/locus	(absent)					1	BOTH_EMPTY: no @from, @to or text content
1246	/*/*[2]/*/*/*/*[2]/*[2]/*[1]	TEI/text/body/listBibl/msDesc/msContents/msItem/locus	(absent)					1	BOTH_EMPTY: no @from, @to or text content
1247	/*/*[2]/*/*/*/*[2]/*[2]/*[1]	TEI/text/body/listBibl/msDesc/msContents/msItem/locus	(absent)					1	BOTH_EMPTY: no @from, @to or text content
1248	/*/*[2]/*/*/*/*[2]/*[2]/*[1]	TEI/text/body/listBibl/msDesc/msContents/msItem/locus	(absent)					1	BOTH_EMPTY: no @from, @to or text content
1249	/*/*[2]/*/*/*/*[2]/*[2]/*[1]	TEI/text/body/listBibl/msDesc/msContents/msItem/locus	(absent)					1	BOTH_EMPTY: no @from, @to or text content
125	/*/*[2]/*/*/*/*[2]/*[2]/*[1]	TEI/text/body/listBibl/msDesc/msContents/msItem/locus	(absent)					1	BOTH_EMPTY: no @from, @to or text content
1250	/*/*[2]/*/*/*/*[2]/*[2]/*[1]	TEI/text/body/listBibl/msDesc/msContents/msItem/locus	(absent)					1	BOTH_EMPTY: no @from, @to or text content
1251	/*/*[2]/*/*/*/*[2]/*[2]/*[1]	TEI/text/body/listBibl/msDesc/msContents/msItem/locus	(absent)					1	BOTH_EMPTY: no @from, @to or text content
1252	/*/*[2]/*/*/*/*[2]/*[2]/*[1]	TEI/text/body/listBibl/msDesc/msContents/msItem/locus	(absent)					1	BOTH_EMPTY: no @from, @to or text content
1253	/*/*[2]/*/*/*/*[2]/*[2]/*[1]	TEI/text/body/listBibl/msDesc/msContents/msItem/locus	(absent)					1	BOTH_EMPTY: no @from, @to or text content
1254	/*/*[2]/*/*/*/*[2]/*[2]/*[1]	TEI/text/body/listBibl/msDesc/msContents/msItem/locus	(absent)					1	BOTH_EMPTY: no @from, @to or text content
1255	/*/*[2]/*/*/*/*[2]/*[2]/*[1]	TEI/text/body/listBibl/msDesc/msContents/msItem/locus	(absent)					1	BOTH_EMPTY: no @from, @to or text content
1256	/*/*[2]/*/*/*/*[2]/*[2]/*[1]	TEI/text/body/listBibl/msDesc/msContents/msItem/locus	(absent)					1	BOTH_EMPTY: no @from, @to or text content
1257	/*/*[2]/*/*/*/*[2]/*[2]/*[1]	TEI/text/body/listBibl/msDesc/msContents/msItem/locus	(absent)					1	BOTH_EMPTY: no @from, @to or text content
1258	/*/*[2]/*/*/*/*[2]/*[2]/*[1]	TEI/text/body/listBibl/msDesc/msContents/msItem/locus	(absent)					1	BOTH_EMPTY: no @from, @to or text content
1259	/*/*[2]/*/*/*/*[2]/*[2]/*[1]	TEI/text/body/listBibl/msDesc/msContents/msItem/locus	(absent)					1	BOTH_EMPTY: no @from, @to or text content
126	/*/*[2]/*/*/*/*[2]/*[2]/*[1]	TEI/text/body/listBibl/msDesc/msContents/msItem/locus	(absent)					1	BOTH_EMPTY: no @from, @to or text content
1260	/*/*[2]/*/*/*/*[2]/*[2]/*[1]	TEI/text/body/listBibl/msDesc/msContents/msItem/locus	(absent)					1	BOTH_EMPTY: no @from, @to or text content
1261	/*/*[2]/*/*/*/*[2]/*[2]/*[1]	TEI/text/body/listBibl/msDesc/msContents/msItem/locus	(absent)					1	BOTH_EMPTY: no @from, @to or text content
1262	/*/*[2]/*/*/*/*[2]/*[2]/*[1]	TEI/text/body/listBibl/msDesc/msContents/msItem/locus	(absent)					1	BOTH_EMPTY: no @from, @to or text content
1263	/*/*[2]/*/*/*/*[2]/*[2]/*[1]	TEI/text/body/listBibl/msDesc/msContents/msItem/locus	(absent)					1	BOTH_EMPTY: no @from, @to or text content
1264	/*/*[2]/*/*/*/*[2]/*[2]/*[1]	TEI/text/body/listBibl/msDesc/msContents/msItem/locus	(absent)					1	BOTH_EMPTY: no @from, @to or text content
1265	/*/*[2]/*/*/*/*[2]/*[2]/*[1]	TEI/text/body/listBibl/msDesc/msContents/msItem/locus	(absent)					1	BOTH_EMPTY: no @from, @to or text content
1266	/*/*[2]/*/*/*/*[2]/*[2]/*[1]	TEI/text/body/listBibl/msDesc/msContents/msItem/locus	(absent)					1	BOTH_EMPTY: no @from, @to or text content
1267	/*/*[2]/*/*/*/*[2]/*[2]/*[1]	TEI/text/body/listBibl/msDesc/msContents/msItem/locus	(absent)					1	BOTH_EMPTY: no @from, @to or text content
1268	/*/*[2]/*/*/*/*[2]/*[2]/*[1]	TEI/text/body/listBibl/msDesc/msContents/msItem/locus	(absent)					1	BOTH_EMPTY: no @from, @to or text content
1269	/*/*[2]/*/*/*/*[2]/*[2]/*[1]	TEI/text/body/listBibl/msDesc/msContents/msItem/locus	(absent)	1r	2v			0	
127	/*/*[2]/*/*/*/*[2]/*[2]/*[1]	TEI/text/body/listBibl/msDesc/msContents/msItem/locus	(absent)					1	BOTH_EMPTY: no @from, @to or text content
1270	/*/*[2]/*/*/*/*[2]/*[2]/*[1]	TEI/text/body/listBibl/msDesc/msContents/msItem/locus	(absent)					1	BOTH_EMPTY: no @from, @to or text content
1271	/*/*[2]/*/*/*/*[2]/*[2]/*[1]	TEI/text/body/listBibl/msDesc/msContents/msItem/locus	(absent)					1	BOTH_EMPTY: no @from, @to or text content
1272	/*/*[2]/*/*/*/*[2]/*[2]/*[1]	TEI/text/body/listBibl/msDesc/msContents/msItem/locus	(absent)					1	BOTH_EMPTY: no @from, @to or text content
1273	/*/*[2]/*/*/*/*[2]/*[2]/*[1]	TEI/text/body/listBibl/msDesc/msContents/msItem/locus	(absent)					1	BOTH_EMPTY: no @from, @to or text content
1274	/*/*[2]/*/*/*/*[2]/*[2]/*[1]	TEI/text/body/listBibl/msDesc/msContents/msItem/locus	(absent)					1	BOTH_EMPTY: no @from, @to or text content
1275	/*/*[2]/*/*/*/*[2]/*[2]/*[1]	TEI/text/body/listBibl/msDesc/msContents/msItem/locus	(absent)					1	BOTH_EMPTY: no @from, @to or text content
1276	/*/*[2]/*/*/*/*[2]/*[2]/*[1]	TEI/text/body/listBibl/msDesc/msContents/msItem/locus	(absent)					1	BOTH_EMPTY: no @from, @to or text content
1277	/*/*[2]/*/*/*/*[2]/*[2]/*[1]	TEI/text/body/listBibl/msDesc/msContents/msItem/locus	(absent)					1	BOTH_EMPTY: no @from, @to or text content
1278	/*/*[2]/*/*/*/*[2]/*[2]/*[1]	TEI/text/body/listBibl/msDesc/msContents/msItem/locus	(absent)					1	BOTH_EMPTY: no @from, @to or text content
1279	/*/*[2]/*/*/*/*[2]/*[2]/*[1]	TEI/text/body/listBibl/msDesc/msContents/msItem/locus	(absent)					1	BOTH_EMPTY: no @from, @to or text content
128	/*/*[2]/*/*/*/*[2]/*[2]/*[1]	TEI/text/body/listBibl/msDesc/msContents/msItem/locus	(absent)					1	BOTH_EMPTY: no @from, @to or text content
1280	/*/*[2]/*/*/*/*[2]/*[2]/*[1]	TEI/text/body/listBibl/msDesc/msContents/msItem/locus	(absent)					1	BOTH_EMPTY: no @from, @to or text content
1281	/*/*[2]/*/*/*/*[2]/*[2]/*[1]	TEI/text/body/listBibl/msDesc/msContents/msItem/locus	(absent)					1	BOTH_EMPTY: no @from, @to or text content
1282	/*/*[2]/*/*/*/*[2]/*[2]/*[1]	TEI/text/body/listBibl/msDesc/msContents/msItem/locus	(absent)					1	BOTH_EMPTY: no @from, @to or text content
1283	/*/*[2]/*/*/*/*[2]/*[2]/*[1]	TEI/text/body/listBibl/msDesc/msContents/msItem/locus	(absent)					1	BOTH_EMPTY: no @from, @to or text content
1284	/*/*[2]/*/*/*/*[2]/*[2]/*[1]	TEI/text/body/listBibl/msDesc/msContents/msItem/locus	(absent)					1	BOTH_EMPTY: no @from, @to or text content
1285	/*/*[2]/*/*/*/*[2]/*[2]/*[1]	TEI/text/body/listBibl/msDesc/msContents/msItem/locus	(absent)					1	BOTH_EMPTY: no @from, @to or text content
1286	/*/*[2]/*/*/*/*[2]/*[2]/*[1]	TEI/text/body/listBibl/msDesc/msContents/msItem/locus	(absent)					1	BOTH_EMPTY: no @from, @to or text content
1287	/*/*[2]/*/*/*/*[2]/*[2]/*[1]	TEI/text/body/listBibl/msDesc/msContents/msItem/locus	(absent)					1	BOTH_EMPTY: no @from, @to or text content
1288	/*/*[2]/*/*/*/*[2]/*[2]/*[1]	TEI/text/body/listBibl/msDesc/msContents/msItem/locus	(absent)					1	BOTH_EMPTY: no @from, @to or text content
1289	/*/*[2]/*/*/*/*[2]/*[2]/*[1]	TEI/text/body/listBibl/msDesc/msContents/msItem/locus	(absent)					1	BOTH_EMPTY: no @from, @to or text content
129	/*/*[2]/*/*/*/*[2]/*[2]/*[1]	TEI/text/body/listBibl/msDesc/msContents/msItem/locus	(absent)					1	BOTH_EMPTY: no @from, @to or text content
1290	/*/*[2]/*/*/*/*[2]/*[2]/*[1]	TEI/text/body/listBibl/msDesc/msContents/msItem/locus	(absent)					1	BOTH_EMPTY: no @from, @to or text content
1291	/*/*[2]/*/*/*/*[2]/*[2]/*[1]	TEI/text/body/listBibl/msDesc/msContents/msItem/locus	(absent)					1	BOTH_EMPTY: no @from, @to or text content
1292	/*/*[2]/*/*/*/*[2]/*[2]/*[1]	TEI/text/body/listBibl/msDesc/msContents/msItem/locus	(absent)					1	BOTH_EMPTY: no @from, @to or text content
1293	/*/*[2]/*/*/*/*[2]/*[2]/*[1]	TEI/text/body/listBibl/msDesc/msContents/msItem/locus	(absent)					1	BOTH_EMPTY: no @from, @to or text content
1294	/*/*[2]/*/*/*/*[2]/*[2]/*[1]	TEI/text/body/listBibl/msDesc/msContents/msItem/locus	(absent)					1	BOTH_EMPTY: no @from, @to or text content
1295	/*/*[2]/*/*/*/*[2]/*[2]/*[1]	TEI/text/body/listBibl/msDesc/msContents/msItem/locus	(absent)					1	BOTH_EMPTY: no @from, @to or text content
1296	/*/*[2]/*/*/*/*[2]/*[2]/*[1]	TEI/text/body/listBibl/msDesc/msContents/msItem/locus	(absent)					1	BOTH_EMPTY: no @from, @to or text content
1297	/*/*[2]/*/*/*/*[2]/*[2]/*[1]	TEI/text/body/listBibl/msDesc/msContents/msItem/locus	(absent)					1	BOTH_EMPTY: no @from, @to or text content
1298	/*/*[2]/*/*/*/*[2]/*[2]/*[1]	TEI/text/body/listBibl/msDesc/msContents/msItem/locus	(absent)					1	BOTH_EMPTY: no @from, @to or text content
1299	/*/*[2]/*/*/*/*[2]/*[2]/*[1]	TEI/text/body/listBibl/msDesc/msContents/msItem/locus	(absent)					1	BOTH_EMPTY: no @from, @to or text content
13	/*/*[2]/*/*/*/*[2]/*[2]/*[1]	TEI/text/body/listBibl/msDesc/msContents/msItem/locus	(absent)					1	BOTH_EMPTY: no @from, @to or text content
130	/*/*[2]/*/*/*/*[2]/*[2]/*[1]	TEI/text/body/listBibl/msDesc/msContents/msItem/locus	(absent)					1	BOTH_EMPTY: no @from, @to or text content
1300	/*/*[2]/*/*/*/*[2]/*[2]/*[1]	TEI/text/body/listBibl/msDesc/msContents/msItem/locus	(absent)					1	BOTH_EMPTY: no @from, @to or text content
1301	/*/*[2]/*/*/*/*[2]/*[2]/*[1]	TEI/text/body/listBibl/msDesc/msContents/msItem/locus	(absent)					1	BOTH_EMPTY: no @from, @to or text content
1302	/*/*[2]/*/*/*/*[2]/*[2]/*[1]	TEI/text/body/listBibl/msDesc/msContents/msItem/locus	(absent)					1	BOTH_EMPTY: no @from, @to or text content
1303	/*/*[2]/*/*/*/*[2]/*[2]/*[1]	TEI/text/body/listBibl/msDesc/msContents/msItem/locus	(absent)					1	BOTH_EMPTY: no @from, @to or text content
1304	/*/*[2]/*/*/*/*[2]/*[2]/*[1]	TEI/text/body/listBibl/msDesc/msContents/msItem/locus	(absent)					1	BOTH_EMPTY: no @from, @to or text content
1305	/*/*[2]/*/*/*/*[2]/*[2]/*[1]	TEI/text/body/listBibl/msDesc/msContents/msItem/locus	(absent)					1	BOTH_EMPTY: no @from, @to or text content
1306	/*/*[2]/*/*/*/*[2]/*[2]/*[1]	TEI/text/body/listBibl/msDesc/msContents/msItem/locus	(absent)					1	BOTH_EMPTY: no @from, @to or text content
1307	/*/*[2]/*/*/*/*[2]/*[2]/*[1]	TEI/text/body/listBibl/msDesc/msContents/msItem/locus	(absent)					1	BOTH_EMPTY: no @from, @to or text content
1308	/*/*[2]/*/*/*/*[2]/*[2]/*[1]	TEI/text/body/listBibl/msDesc/msContents/msItem/locus	(absent)					1	BOTH_EMPTY: no @from, @to or text content
1309	/*/*[2]/*/*/*/*[2]/*[2]/*[1]	TEI/text/body/listBibl/msDesc/msContents/msItem/locus	(absent)					1	BOTH_EMPTY: no @from, @to or text content
131	/*/*[2]/*/*/*/*[2]/*[2]/*[1]	TEI/text/body/listBibl/msDesc/msContents/msItem/locus	(absent)					1	BOTH_EMPTY: no @from, @to or text content
1310	/*/*[2]/*/*/*/*[2]/*[2]/*[1]	TEI/text/body/listBibl/msDesc/msContents/msItem/locus	(absent)					1	BOTH_EMPTY: no @from, @to or text content
1311	/*/*[2]/*/*/*/*[2]/*[2]/*[1]	TEI/text/body/listBibl/msDesc/msContents/msItem/locus	(absent)					1	BOTH_EMPTY: no @from, @to or text content
1312	/*/*[2]/*/*/*/*[2]/*[2]/*[1]	TEI/text/body/listBibl/msDesc/msContents/msItem/locus	(absent)					1	BOTH_EMPTY: no @from, @to or text content
1313	/*/*[2]/*/*/*/*[2]/*[2]/*[1]	TEI/text/body/listBibl/msDesc/msContents/msItem/locus	(absent)					1	BOTH_EMPTY: no @from, @to or text content
1314	/*/*[2]/*/*/*/*[2]/*[2]/*[1]	TEI/text/body/listBibl/msDesc/msContents/msItem/locus	(absent)					1	BOTH_EMPTY: no @from, @to or text content
1315	/*/*[2]/*/*/*/*[2]/*[2]/*[1]	TEI/text/body/listBibl/msDesc/msContents/msItem/locus	(absent)					1	BOTH_EMPTY: no @from, @to or text content
1316	/*/*[2]/*/*/*/*[2]/*[2]/*[1]	TEI/text/body/listBibl/msDesc/msContents/msItem/locus	(absent)					1	BOTH_EMPTY: no @from, @to or text content
1317	/*/*[2]/*/*/*/*[2]/*[2]/*[1]	TEI/text/body/listBibl/msDesc/msContents/msItem/locus	(absent)					1	BOTH_EMPTY: no @from, @to or text content
1318	/*/*[2]/*/*/*/*[2]/*[2]/*[1]	TEI/text/body/listBibl/msDesc/msContents/msItem/locus	(absent)					1	BOTH_EMPTY: no @from, @to or text content
1319	/*/*[2]/*/*/*/*[2]/*[2]/*[1]	TEI/text/body/listBibl/msDesc/msContents/msItem/locus	(absent)	2r	4v			0	
132	/*/*[2]/*/*/*/*[2]/*[2]/*[1]	TEI/text/body/listBibl/msDesc/msContents/msItem/locus	(absent)					1	BOTH_EMPTY: no @from, @to or text content
1320	/*/*[2]/*/*/*/*[2]/*[2]/*[1]	TEI/text/body/listBibl/msDesc/msContents/msItem/locus	(absent)					1	BOTH_EMPTY: no @from, @to or text content
1321	/*/*[2]/*/*/*/*[2]/*[2]/*[1]	TEI/text/body/listBibl/msDesc/msContents/msItem/locus	(absent)					1	BOTH_EMPTY: no @from, @to or text content
1322	/*/*[2]/*/*/*/*[2]/*[2]/*[1]	TEI/text/body/listBibl/msDesc/msContents/msItem/locus	(absent)					1	BOTH_EMPTY: no @from, @to or text content
1323	/*/*[2]/*/*/*/*[2]/*[2]/*[1]	TEI/text/body/listBibl/msDesc/msContents/msItem/locus	(absent)					1	BOTH_EMPTY: no @from, @to or text content
1324	/*/*[2]/*/*/*/*[2]/*[2]/*[1]	TEI/text/body/listBibl/msDesc/msContents/msItem/locus	(absent)					1	BOTH_EMPTY: no @from, @to or text content
1325	/*/*[2]/*/*/*/*[2]/*[2]/*[1]	TEI/text/body/listBibl/msDesc/msContents/msItem/locus	(absent)					1	BOTH_EMPTY: no @from, @to or text content
1326	/*/*[2]/*/*/*/*[2]/*[2]/*[1]	TEI/text/body/listBibl/msDesc/msContents/msItem/locus	(absent)					1	BOTH_EMPTY: no @from, @to or text content
1327	/*/*[2]/*/*/*/*[2]/*[2]/*[1]	TEI/text/body/listBibl/msDesc/msContents/msItem/locus	(absent)					1	BOTH_EMPTY: no @from, @to or text content
1328	/*/*[2]/*/*/*/*[2]/*[2]/*[1]	TEI/text/body/listBibl/msDesc/msContents/msItem/locus	(absent)					1	BOTH_EMPTY: no @from, @to or text content
1329	/*/*[2]/*/*/*/*[2]/*[2]/*[1]	TEI/text/body/listBibl/msDesc/msContents/msItem/locus	(absent)					1	BOTH_EMPTY: no @from, @to or text content
133	/*/*[2]/*/*/*/*[2]/*[2]/*[1]	TEI/text/body/listBibl/msDesc/msContents/msItem/locus	(absent)					1	BOTH_EMPTY: no @from, @to or text content
1330	/*/*[2]/*/*/*/*[2]/*[2]/*[1]	TEI/text/body/listBibl/msDesc/msContents/msItem/locus	(absent)					1	BOTH_EMPTY: no @from, @to or text content
1331	/*/*[2]/*/*/*/*[2]/*[2]/*[1]	TEI/text/body/listBibl/msDesc/msContents/msItem/locus	(absent)					1	BOTH_EMPTY: no @from, @to or text content
1332	/*/*[2]/*/*/*/*[2]/*[2]/*[1]	TEI/text/body/listBibl/msDesc/msContents/msItem/locus	(absent)					1	BOTH_EMPTY: no @from, @to or text content
1333	/*/*[2]/*/*/*/*[2]/*[2]/*[1]	TEI/text/body/listBibl/msDesc/msContents/msItem/locus	(absent)					1	BOTH_EMPTY: no @from, @to or text content
1334	/*/*[2]/*/*/*/*[2]/*[2]/*[1]	TEI/text/body/listBibl/msDesc/msContents/msItem/locus	(absent)					1	BOTH_EMPTY: no @from, @to or text content
1335	/*/*[2]/*/*/*/*[2]/*[2]/*[1]	TEI/text/body/listBibl/msDesc/msContents/msItem/locus	(absent)					1	BOTH_EMPTY: no @from, @to or text content
1336	/*/*[2]/*/*/*/*[2]/*[2]/*[1]	TEI/text/body/listBibl/msDesc/msContents/msItem/locus	(absent)					1	BOTH_EMPTY: no @from, @to or text content
1337	/*/*[2]/*/*/*/*[2]/*[2]/*[1]	TEI/text/body/listBibl/msDesc/msContents/msItem/locus	(absent)					1	BOTH_EMPTY: no @from, @to or text content
1338	/*/*[2]/*/*/*/*[2]/*[2]/*[1]	TEI/text/body/listBibl/msDesc/msContents/msItem/locus	(absent)					1	BOTH_EMPTY: no @from, @to or text content
1339	/*/*[2]/*/*/*/*[2]/*[2]/*[1]	TEI/text/body/listBibl/msDesc/msContents/msItem/locus	(absent)					1	BOTH_EMPTY: no @from, @to or text content
134	/*/*[2]/*/*/*/*[2]/*[2]/*[1]	TEI/text/body/listBibl/msDesc/msContents/msItem/locus	(absent)					1	BOTH_EMPTY: no @from, @to or text content
1340	/*/*[2]/*/*/*/*[2]/*[2]/*[1]	TEI/text/body/listBibl/msDesc/msContents/msItem/locus	(absent)					1	BOTH_EMPTY: no @from, @to or text content
1341	/*/*[2]/*/*/*/*[2]/*[2]/*[1]	TEI/text/body/listBibl/msDesc/msContents/msItem/locus	(absent)					1	BOTH_EMPTY: no @from, @to or text content
1342	/*/*[2]/*/*/*/*[2]/*[2]/*[1]	TEI/text/body/listBibl/msDesc/msContents/msItem/locus	(absent)					1	BOTH_EMPTY: no @from, @to or text content
1343	/*/*[2]/*/*/*/*[2]/*[2]/*[1]	TEI/text/body/listBibl/msDesc/msContents/msItem/locus	(absent)					1	BOTH_EMPTY: no @from, @to or text content
1344	/*/*[2]/*/*/*/*[2]/*[2]/*[1]	TEI/text/body/listBibl/msDesc/msContents/msItem/locus	(absent)					1	BOTH_EMPTY: no @from, @to or text content
1345	/*/*[2]/*/*/*/*[2]/*[2]/*[1]	TEI/text/body/listBibl/msDesc/msContents/msItem/locus	(absent)					1	BOTH_EMPTY: no @from, @to or text content
1346	/*/*[2]/*/*/*/*[2]/*[2]/*[1]	TEI/text/body/listBibl/msDesc/msContents/msItem/locus	(absent)					1	BOTH_EMPTY: no @from, @to or text content
1347	/*/*[2]/*/*/*/*[2]/*[2]/*[1]	TEI/text/body/listBibl/msDesc/msContents/msItem/locus	(absent)					1	BOTH_EMPTY: no @from, @to or text content
1348	/*/*[2]/*/*/*/*[2]/*[2]/*[1]	TEI/text/body/listBibl/msDesc/msContents/msItem/locus	(absent)					1	BOTH_EMPTY: no @from, @to or text content
1349	/*/*[2]/*/*/*/*[2]/*[2]/*[1]	TEI/text/body/listBibl/msDesc/msContents/msItem/locus	(absent)					1	BOTH_EMPTY: no @from, @to or text content
135	/*/*[2]/*/*/*/*[2]/*[2]/*[1]	TEI/text/body/listBibl/msDesc/msContents/msItem/locus	(absent)					1	BOTH_EMPTY: no @from, @to or text content
1350	/*/*[2]/*/*/*/*[2]/*[2]/*[1]	TEI/text/body/listBibl/msDesc/msContents/msItem/locus	(absent)					1	BOTH_EMPTY: no @from, @to or text content
1351	/*/*[2]/*/*/*/*[2]/*[2]/*[1]	TEI/text/body/listBibl/msDesc/msContents/msItem/locus	(absent)					1	BOTH_EMPTY: no @from, @to or text content
1352	/*/*[2]/*/*/*/*[2]/*[2]/*[1]	TEI/text/body/listBibl/msDesc/msContents/msItem/locus	(absent)					1	BOTH_EMPTY: no @from, @to or text content
1353	/*/*[2]/*/*/*/*[2]/*[2]/*[1]	TEI/text/body/listBibl/msDesc/msContents/msItem/locus	(absent)					1	BOTH_EMPTY: no @from, @to or text content
1354	/*/*[2]/*/*/*/*[2]/*[2]/*[1]	TEI/text/body/listBibl/msDesc/msContents/msItem/locus	(absent)					1	BOTH_EMPTY: no @from, @to or text content
1355	/*/*[2]/*/*/*/*[2]/*[2]/*[1]	TEI/text/body/listBibl/msDesc/msContents/msItem/locus	(absent)					1	BOTH_EMPTY: no @from, @to or text content
1356	/*/*[2]/*/*/*/*[2]/*[2]/*[1]	TEI/text/body/listBibl/msDesc/msContents/msItem/locus	(absent)					1	BOTH_EMPTY: no @from, @to or text content
1357	/*/*[2]/*/*/*/*[2]/*[2]/*[1]	TEI/text/body/listBibl/msDesc/msContents/msItem/locus	(absent)					1	BOTH_EMPTY: no @from, @to or text content
1358	/*/*[2]/*/*/*/*[2]/*[2]/*[1]	TEI/text/body/listBibl/msDesc/msContents/msItem/locus	(absent)					1	BOTH_EMPTY: no @from, @to or text content
1359	/*/*[2]/*/*/*/*[2]/*[2]/*[1]	TEI/text/body/listBibl/msDesc/msContents/msItem/locus	(absent)					1	BOTH_EMPTY: no @from, @to or text content
136	/*/*[2]/*/*/*/*[2]/*[2]/*[1]	TEI/text/body/listBibl/msDesc/msContents/msItem/locus	(absent)					1	BOTH_EMPTY: no @from, @to or text content
1360	/*/*[2]/*/*/*/*[2]/*[2]/*[1]	TEI/text/body/listBibl/msDesc/msContents/msItem/locus	(absent)	1r	46v			0	
1361	/*/*[2]/*/*/*/*[2]/*[2]/*[1]	TEI/text/body/listBibl/msDesc/msContents/msItem/locus	(absent)					1	BOTH_EMPTY: no @from, @to or text content
1362	/*/*[2]/*/*/*/*[2]/*[2]/*[1]	TEI/text/body/listBibl/msDesc/msContents/msItem/locus	(absent)					1	BOTH_EMPTY: no @from, @to or text content
1363	/*/*[2]/*/*/*/*[2]/*[2]/*[1]	TEI/text/body/listBibl/msDesc/msContents/msItem/locus	(absent)					1	BOTH_EMPTY: no @from, @to or text content
1364	/*/*[2]/*/*/*/*[2]/*[2]/*[1]	TEI/text/body/listBibl/msDesc/msContents/msItem/locus	(absent)					1	BOTH_EMPTY: no @from, @to or text content
1365	/*/*[2]/*/*/*/*[2]/*[2]/*[1]	TEI/text/body/listBibl/msDesc/msContents/msItem/locus	(absent)					1	BOTH_EMPTY: no @from, @to or text content
1366	/*/*[2]/*/*/*/*[2]/*[2]/*[1]	TEI/text/body/listBibl/msDesc/msContents/msItem/locus	(absent)					1	BOTH_EMPTY: no @from, @to or text content
1367	/*/*[2]/*/*/*/*[2]/*[2]/*[1]	TEI/text/body/listBibl/msDesc/msContents/msItem/locus	(absent)					1	BOTH_EMPTY: no @from, @to or text content
1368	/*/*[2]/*/*/*/*[2]/*[2]/*[1]	TEI/text/body/listBibl/msDesc/msContents/msItem/locus	(absent)					1	BOTH_EMPTY: no @from, @to or text content
1369	/*/*[2]/*/*/*/*[2]/*[2]/*[1]	TEI/text/body/listBibl/msDesc/msContents/msItem/locus	(absent)					1	BOTH_EMPTY: no @from, @to or text content
137	/*/*[2]/*/*/*/*[2]/*[2]/*[1]	TEI/text/body/listBibl/msDesc/msContents/msItem/locus	(absent)					1	BOTH_EMPTY: no @from, @to or text content
1370	/*/*[2]/*/*/*/*[2]/*[2]/*[1]	TEI/text/body/listBibl/msDesc/msContents/msItem/locus	(absent)					1	BOTH_EMPTY: no @from, @to or text content
1371	/*/*[2]/*/*/*/*[2]/*[2]/*[1]	TEI/text/body/listBibl/msDesc/msContents/msItem/locus	(absent)					1	BOTH_EMPTY: no @from, @to or text content
1372	/*/*[2]/*/*/*/*[2]/*[2]/*[1]	TEI/text/body/listBibl/msDesc/msContents/msItem/locus	(absent)					1	BOTH_EMPTY: no @from, @to or text content
1373	/*/*[2]/*/*/*/*[2]/*[2]/*[1]	TEI/text/body/listBibl/msDesc/msContents/msItem/locus	(absent)					1	BOTH_EMPTY: no @from, @to or text content
1374	/*/*[2]/*/*/*/*[2]/*[2]/*[1]	TEI/text/body/listBibl/msDesc/msContents/msItem/locus	(absent)					1	BOTH_EMPTY: no @from, @to or text content
1375	/*/*[2]/*/*/*/*[2]/*[2]/*[1]	TEI/text/body/listBibl/msDesc/msContents/msItem/locus	(absent)					1	BOTH_EMPTY: no @from, @to or text content
1376	/*/*[2]/*/*/*/*[2]/*[2]/*[1]	TEI/text/body/listBibl/msDesc/msContents/msItem/locus	(absent)					1	BOTH_EMPTY: no @from, @to or text content
1377	/*/*[2]/*/*/*/*[2]/*[2]/*[1]	TEI/text/body/listBibl/msDesc/msContents/msItem/locus	(absent)					1	BOTH_EMPTY: no @from, @to or text content
1378	/*/*[2]/*/*/*/*[2]/*[2]/*[1]	TEI/text/body/listBibl/msDesc/msContents/msItem/locus	(absent)					1	BOTH_EMPTY: no @from, @to or text content
1379	/*/*[2]/*/*/*/*[2]/*[2]/*[1]	TEI/text/body/listBibl/msDesc/msContents/msItem/locus	(absent)					1	BOTH_EMPTY: no @from, @to or text content
138	/*/*[2]/*/*/*/*[2]/*[2]/*[1]	TEI/text/body/listBibl/msDesc/msContents/msItem/locus	(absent)					1	BOTH_EMPTY: no @from, @to or text content
1380	/*/*[2]/*/*/*/*[2]/*[2]/*[1]	TEI/text/body/listBibl/msDesc/msContents/msItem/locus	(absent)					1	BOTH_EMPTY: no @from, @to or text content
1381	/*/*[2]/*/*/*/*[2]/*[2]/*[1]	TEI/text/body/listBibl/msDesc/msContents/msItem/locus	(absent)					1	BOTH_EMPTY: no @from, @to or text content
1382	/*/*[2]/*/*/*/*[2]/*[2]/*[1]	TEI/text/body/listBibl/msDesc/msContents/msItem/locus	(absent)					1	BOTH_EMPTY: no @from, @to or text content
1383	/*/*[2]/*/*/*/*[2]/*[2]/*[1]	TEI/text/body/listBibl/msDesc/msContents/msItem/locus	(absent)					1	BOTH_EMPTY: no @from, @to or text content
1384	/*/*[2]/*/*/*/*[2]/*[2]/*[1]	TEI/text/body/listBibl/msDesc/msContents/msItem/locus	(absent)					1	BOTH_EMPTY: no @from, @to or text content
1385	/*/*[2]/*/*/*/*[2]/*[2]/*[1]	TEI/text/body/listBibl/msDesc/msContents/msItem/locus	(absent)					1	BOTH_EMPTY: no @from, @to or text content
1386	/*/*[2]/*/*/*/*[2]/*[2]/*[1]	TEI/text/body/listBibl/msDesc/msContents/msItem/locus	(absent)					1	BOTH_EMPTY: no @from, @to or text content
1387	/*/*[2]/*/*/*/*[2]/*[2]/*[1]	TEI/text/body/listBibl/msDesc/msContents/msItem/locus	(absent)					1	BOTH_EMPTY: no @from, @to or text content
1388	/*/*[2]/*/*/*/*[2]/*[2]/*[1]	TEI/text/body/listBibl/msDesc/msContents/msItem/locus	(absent)					1	BOTH_EMPTY: no @from, @to or text content
1389	/*/*[2]/*/*/*/*[2]/*[2]/*[1]	TEI/text/body/listBibl/msDesc/msContents/msItem/locus	(absent)					1	BOTH_EMPTY: no @from, @to or text content
139	/*/*[2]/*/*/*/*[2]/*[2]/*[1]	TEI/text/body/listBibl/msDesc/msContents/msItem/locus	(absent)					1	BOTH_EMPTY: no @from, @to or text content
1390	/*/*[2]/*/*/*/*[2]/*[2]/*[1]	TEI/text/body/listBibl/msDesc/msContents/msItem/locus	(absent)					1	BOTH_EMPTY: no @from, @to or text content
1391	/*/*[2]/*/*/*/*[2]/*[2]/*[1]	TEI/text/body/listBibl/msDesc/msContents/msItem/locus	(absent)					1	BOTH_EMPTY: no @from, @to or text content
1392	/*/*[2]/*/*/*/*[2]/*[2]/*[1]	TEI/text/body/listBibl/msDesc/msContents/msItem/locus	(absent)					1	BOTH_EMPTY: no @from, @to or text content
1393	/*/*[2]/*/*/*/*[2]/*[2]/*[1]	TEI/text/body/listBibl/msDesc/msContents/msItem/locus	(absent)					1	BOTH_EMPTY: no @from, @to or text content
1394	/*/*[2]/*/*/*/*[2]/*[2]/*[1]	TEI/text/body/listBibl/msDesc/msContents/msItem/locus	(absent)					1	BOTH_EMPTY: no @from, @to or text content
1395	/*/*[2]/*/*/*/*[2]/*[2]/*[1]	TEI/text/body/listBibl/msDesc/msContents/msItem/locus	(absent)					1	BOTH_EMPTY: no @from, @to or text content
1396	/*/*[2]/*/*/*/*[2]/*[2]/*[1]	TEI/text/body/listBibl/msDesc/msContents/msItem/locus	(absent)					1	BOTH_EMPTY: no @from, @to or text content
1397	/*/*[2]/*/*/*/*[2]/*[2]/*[1]	TEI/text/body/listBibl/msDesc/msContents/msItem/locus	(absent)					1	BOTH_EMPTY: no @from, @to or text content
1398	/*/*[2]/*/*/*/*[2]/*[2]/*[1]	TEI/text/body/listBibl/msDesc/msContents/msItem/locus	(absent)					1	BOTH_EMPTY: no @from, @to or text content
1399	/*/*[2]/*/*/*/*[2]/*[2]/*[1]	TEI/text/body/listBibl/msDesc/msContents/msItem/locus	(absent)					1	BOTH_EMPTY: no @from, @to or text content
14	/*/*[2]/*/*/*/*[2]/*[2]/*[1]	TEI/text/body/listBibl/msDesc/msContents/msItem/locus	(absent)					1	BOTH_EMPTY: no @from, @to or text content
140	/*/*[2]/*/*/*/*[2]/*[2]/*[1]	TEI/text/body/listBibl/msDesc/msContents/msItem/locus	(absent)					1	BOTH_EMPTY: no @from, @to or text content
1400	/*/*[2]/*/*/*/*[2]/*[2]/*[1]	TEI/text/body/listBibl/msDesc/msContents/msItem/locus	(absent)					1	BOTH_EMPTY: no @from, @to or text content
1401	/*/*[2]/*/*/*/*[2]/*[2]/*[1]	TEI/text/body/listBibl/msDesc/msContents/msItem/locus	(absent)					1	BOTH_EMPTY: no @from, @to or text content
1402	/*/*[2]/*/*/*/*[2]/*[2]/*[1]	TEI/text/body/listBibl/msDesc/msContents/msItem/locus	(absent)					1	BOTH_EMPTY: no @from, @to or text content
1403	/*/*[2]/*/*/*/*[2]/*[2]/*[1]	TEI/text/body/listBibl/msDesc/msContents/msItem/locus	(absent)					1	BOTH_EMPTY: no @from, @to or text content
1404	/*/*[2]/*/*/*/*[2]/*[2]/*[1]	TEI/text/body/listBibl/msDesc/msContents/msItem/locus	(absent)					1	BOTH_EMPTY: no @from, @to or text content
1405	/*/*[2]/*/*/*/*[2]/*[2]/*[1]	TEI/text/body/listBibl/msDesc/msContents/msItem/locus	(absent)					1	BOTH_EMPTY: no @from, @to or text content
1406	/*/*[2]/*/*/*/*[2]/*[2]/*[1]	TEI/text/body/listBibl/msDesc/msContents/msItem/locus	(absent)					1	BOTH_EMPTY: no @from, @to or text content
1407	/*/*[2]/*/*/*/*[2]/*[2]/*[1]	TEI/text/body/listBibl/msDesc/msContents/msItem/locus	(absent)					1	BOTH_EMPTY: no @from, @to or text content
1408	/*/*[2]/*/*/*/*[2]/*[2]/*[1]	TEI/text/body/listBibl/msDesc/msContents/msItem/locus	(absent)					1	BOTH_EMPTY: no @from, @to or text content
1409	/*/*[2]/*/*/*/*[2]/*[2]/*[1]	TEI/text/body/listBibl/msDesc/msContents/msItem/locus	(absent)					1	BOTH_EMPTY: no @from, @to or text content
141	/*/*[2]/*/*/*/*[2]/*[2]/*[1]	TEI/text/body/listBibl/msDesc/msContents/msItem/locus	(absent)					1	BOTH_EMPTY: no @from, @to or text content
1410	/*/*[2]/*/*/*/*[2]/*[2]/*[1]	TEI/text/body/listBibl/msDesc/msContents/msItem/locus	(absent)					1	BOTH_EMPTY: no @from, @to or text content
1411	/*/*[2]/*/*/*/*[2]/*[2]/*[1]	TEI/text/body/listBibl/msDesc/msContents/msItem/locus	(absent)					1	BOTH_EMPTY: no @from, @to or text content
1412	/*/*[2]/*/*/*/*[2]/*[2]/*[1]	TEI/text/body/listBibl/msDesc/msContents/msItem/locus	(absent)					1	BOTH_EMPTY: no @from, @to or text content
1413	/*/*[2]/*/*/*/*[2]/*[2]/*[1]	TEI/text/body/listBibl/msDesc/msContents/msItem/locus	(absent)					1	BOTH_EMPTY: no @from, @to or text content
1414	/*/*[2]/*/*/*/*[2]/*[2]/*[1]	TEI/text/body/listBibl/msDesc/msContents/msItem/locus	(absent)					1	BOTH_EMPTY: no @from, @to or text content
1415	/*/*[2]/*/*/*/*[2]/*[2]/*[1]	TEI/text/body/listBibl/msDesc/msContents/msItem/locus	(absent)					1	BOTH_EMPTY: no @from, @to or text content
1416	/*/*[2]/*/*/*/*[2]/*[2]/*[1]	TEI/text/body/listBibl/msDesc/msContents/msItem/locus	(absent)					1	BOTH_EMPTY: no @from, @to or text content
1417	/*/*[2]/*/*/*/*[2]/*[2]/*[1]	TEI/text/body/listBibl/msDesc/msContents/msItem/locus	(absent)					1	BOTH_EMPTY: no @from, @to or text content
1418	/*/*[2]/*/*/*/*[2]/*[2]/*[1]	TEI/text/body/listBibl/msDesc/msContents/msItem/locus	(absent)					1	BOTH_EMPTY: no @from, @to or text content
1419	/*/*[2]/*/*/*/*[2]/*[2]/*[1]	TEI/text/body/listBibl/msDesc/msContents/msItem/locus	(absent)					1	BOTH_EMPTY: no @from, @to or text content
142	/*/*[2]/*/*/*/*[2]/*[2]/*[1]	TEI/text/body/listBibl/msDesc/msContents/msItem/locus	(absent)					1	BOTH_EMPTY: no @from, @to or text content
1420	/*/*[2]/*/*/*/*[2]/*[2]/*[1]	TEI/text/body/listBibl/msDesc/msContents/msItem/locus	(absent)					1	BOTH_EMPTY: no @from, @to or text content
1421	/*/*[2]/*/*/*/*[2]/*[2]/*[1]	TEI/text/body/listBibl/msDesc/msContents/msItem/locus	(absent)					1	BOTH_EMPTY: no @from, @to or text content
1422	/*/*[2]/*/*/*/*[2]/*[2]/*[1]	TEI/text/body/listBibl/msDesc/msContents/msItem/locus	(absent)					1	BOTH_EMPTY: no @from, @to or text content
1423	/*/*[2]/*/*/*/*[2]/*[2]/*[1]	TEI/text/body/listBibl/msDesc/msContents/msItem/locus	(absent)					1	BOTH_EMPTY: no @from, @to or text content
1424	/*/*[2]/*/*/*/*[2]/*[2]/*[1]	TEI/text/body/listBibl/msDesc/msContents/msItem/locus	(absent)					1	BOTH_EMPTY: no @from, @to or text content
1425	/*/*[2]/*/*/*/*[2]/*[2]/*[1]	TEI/text/body/listBibl/msDesc/msContents/msItem/locus	(absent)					1	BOTH_EMPTY: no @from, @to or text content
1426	/*/*[2]/*/*/*/*[2]/*[2]/*[1]	TEI/text/body/listBibl/msDesc/msContents/msItem/locus	(absent)					1	BOTH_EMPTY: no @from, @to or text content
1427	/*/*[2]/*/*/*/*[2]/*[2]/*[1]	TEI/text/body/listBibl/msDesc/msContents/msItem/locus	(absent)					1	BOTH_EMPTY: no @from, @to or text content
1428	/*/*[2]/*/*/*/*[2]/*[2]/*[1]	TEI/text/body/listBibl/msDesc/msContents/msItem/locus	(absent)					1	BOTH_EMPTY: no @from, @to or text content
1429	/*/*[2]/*/*/*/*[2]/*[2]/*[1]	TEI/text/body/listBibl/msDesc/msContents/msItem/locus	(absent)					1	BOTH_EMPTY: no @from, @to or text content
143	/*/*[2]/*/*/*/*[2]/*[2]/*[1]	TEI/text/body/listBibl/msDesc/msContents/msItem/locus	(absent)					1	BOTH_EMPTY: no @from, @to or text content
1430	/*/*[2]/*/*/*/*[2]/*[2]/*[1]	TEI/text/body/listBibl/msDesc/msContents/msItem/locus	(absent)					1	BOTH_EMPTY: no @from, @to or text content
1431	/*/*[2]/*/*/*/*[2]/*[2]/*[1]	TEI/text/body/listBibl/msDesc/msContents/msItem/locus	(absent)					1	BOTH_EMPTY: no @from, @to or text content
1432	/*/*[2]/*/*/*/*[2]/*[2]/*[1]	TEI/text/body/listBibl/msDesc/msContents/msItem/locus	(absent)					1	BOTH_EMPTY: no @from, @to or text content
1433	/*/*[2]/*/*/*/*[2]/*[2]/*[1]	TEI/text/body/listBibl/msDesc/msContents/msItem/locus	(absent)					1	BOTH_EMPTY: no @from, @to or text content
1434	/*/*[2]/*/*/*/*[2]/*[2]/*[1]	TEI/text/body/listBibl/msDesc/msContents/msItem/locus	(absent)					1	BOTH_EMPTY: no @from, @to or text content
1435	/*/*[2]/*/*/*/*[2]/*[2]/*[1]	TEI/text/body/listBibl/msDesc/msContents/msItem/locus	(absent)					1	BOTH_EMPTY: no @from, @to or text content
1436	/*/*[2]/*/*/*/*[2]/*[2]/*[1]	TEI/text/body/listBibl/msDesc/msContents/msItem/locus	(absent)					1	BOTH_EMPTY: no @from, @to or text content
1437	/*/*[2]/*/*/*/*[2]/*[2]/*[1]	TEI/text/body/listBibl/msDesc/msContents/msItem/locus	(absent)					1	BOTH_EMPTY: no @from, @to or text content
1438	/*/*[2]/*/*/*/*[2]/*[2]/*[1]	TEI/text/body/listBibl/msDesc/msContents/msItem/locus	(absent)					1	BOTH_EMPTY: no @from, @to or text content
1439	/*/*[2]/*/*/*/*[2]/*[2]/*[1]	TEI/text/body/listBibl/msDesc/msContents/msItem/locus	(absent)					1	BOTH_EMPTY: no @from, @to or text content
144	/*/*[2]/*/*/*/*[2]/*[2]/*[1]	TEI/text/body/listBibl/msDesc/msContents/msItem/locus	(absent)					1	BOTH_EMPTY: no @from, @to or text content
1440	/*/*[2]/*/*/*/*[2]/*[2]/*[1]	TEI/text/body/listBibl/msDesc/msContents/msItem/locus	(absent)					1	BOTH_EMPTY: no @from, @to or text content
1441	/*/*[2]/*/*/*/*[2]/*[2]/*[1]	TEI/text/body/listBibl/msDesc/msContents/msItem/locus	(absent)					1	BOTH_EMPTY: no @from, @to or text content
1443	/*/*[2]/*/*/*/*[2]/*[2]/*[1]	TEI/text/body/listBibl/msDesc/msContents/msItem/locus	(absent)					1	BOTH_EMPTY: no @from, @to or text content
1444	/*/*[2]/*/*/*/*[2]/*[2]/*[1]	TEI/text/body/listBibl/msDesc/msContents/msItem/locus	(absent)					1	BOTH_EMPTY: no @from, @to or text content
1445	/*/*[2]/*/*/*/*[2]/*[2]/*[1]	TEI/text/body/listBibl/msDesc/msContents/msItem/locus	(absent)					1	BOTH_EMPTY: no @from, @to or text content
1446	/*/*[2]/*/*/*/*[2]/*[2]/*[1]	TEI/text/body/listBibl/msDesc/msContents/msItem/locus	(absent)					1	BOTH_EMPTY: no @from, @to or text content
1447	/*/*[2]/*/*/*/*[2]/*[2]/*[1]	TEI/text/body/listBibl/msDesc/msContents/msItem/locus	(absent)					1	BOTH_EMPTY: no @from, @to or text content
1448	/*/*[2]/*/*/*/*[2]/*[2]/*[1]	TEI/text/body/listBibl/msDesc/msContents/msItem/locus	(absent)					1	BOTH_EMPTY: no @from, @to or text content
1449	/*/*[2]/*/*/*/*[2]/*[2]/*[1]	TEI/text/body/listBibl/msDesc/msContents/msItem/locus	(absent)					1	BOTH_EMPTY: no @from, @to or text content
145	/*/*[2]/*/*/*/*[2]/*[2]/*[1]	TEI/text/body/listBibl/msDesc/msContents/msItem/locus	(absent)					1	BOTH_EMPTY: no @from, @to or text content
1450	/*/*[2]/*/*/*/*[2]/*[2]/*[1]	TEI/text/body/listBibl/msDesc/msContents/msItem/locus	(absent)					1	BOTH_EMPTY: no @from, @to or text content
1451	/*/*[2]/*/*/*/*[2]/*[2]/*[1]	TEI/text/body/listBibl/msDesc/msContents/msItem/locus	(absent)					1	BOTH_EMPTY: no @from, @to or text content
1452	/*/*[2]/*/*/*/*[2]/*[2]/*[1]	TEI/text/body/listBibl/msDesc/msContents/msItem/locus	(absent)					1	BOTH_EMPTY: no @from, @to or text content
1453	/*/*[2]/*/*/*/*[2]/*[2]/*[1]	TEI/text/body/listBibl/msDesc/msContents/msItem/locus	(absent)					1	BOTH_EMPTY: no @from, @to or text content
1454	/*/*[2]/*/*/*/*[2]/*[2]/*[1]	TEI/text/body/listBibl/msDesc/msContents/msItem/locus	(absent)					1	BOTH_EMPTY: no @from, @to or text content
1455	/*/*[2]/*/*/*/*[2]/*[2]/*[1]	TEI/text/body/listBibl/msDesc/msContents/msItem/locus	(absent)					1	BOTH_EMPTY: no @from, @to or text content
1456	/*/*[2]/*/*/*/*[2]/*[2]/*[1]	TEI/text/body/listBibl/msDesc/msContents/msItem/locus	(absent)					1	BOTH_EMPTY: no @from, @to or text content
1457	/*/*[2]/*/*/*/*[2]/*[2]/*[1]	TEI/text/body/listBibl/msDesc/msContents/msItem/locus	(absent)					1	BOTH_EMPTY: no @from, @to or text content
1458	/*/*[2]/*/*/*/*[2]/*[2]/*[1]	TEI/text/body/listBibl/msDesc/msContents/msItem/locus	(absent)					1	BOTH_EMPTY: no @from, @to or text content
1459	/*/*[2]/*/*/*/*[2]/*[2]/*[1]	TEI/text/body/listBibl/msDesc/msContents/msItem/locus	(absent)					1	BOTH_EMPTY: no @from, @to or text content
146	/*/*[2]/*/*/*/*[2]/*[2]/*[1]	TEI/text/body/listBibl/msDesc/msContents/msItem/locus	(absent)					1	BOTH_EMPTY: no @from, @to or text content
1460	/*/*[2]/*/*/*/*[2]/*[2]/*[1]	TEI/text/body/listBibl/msDesc/msContents/msItem/locus	(absent)					1	BOTH_EMPTY: no @from, @to or text content
1461	/*/*[2]/*/*/*/*[2]/*[2]/*[1]	TEI/text/body/listBibl/msDesc/msContents/msItem/locus	(absent)					1	BOTH_EMPTY: no @from, @to or text content
1462	/*/*[2]/*/*/*/*[2]/*[2]/*[1]	TEI/text/body/listBibl/msDesc/msContents/msItem/locus	(absent)					1	BOTH_EMPTY: no @from, @to or text content
1464	/*/*[2]/*/*/*/*[2]/*[2]/*[1]	TEI/text/body/listBibl/msDesc/msContents/msItem/locus	(absent)					1	BOTH_EMPTY: no @from, @to or text content
1465	/*/*[2]/*/*/*/*[2]/*[2]/*[1]	TEI/text/body/listBibl/msDesc/msContents/msItem/locus	(absent)	1r	183v			0	
1466	/*/*[2]/*/*/*/*[2]/*[2]/*[1]	TEI/text/body/listBibl/msDesc/msContents/msItem/locus	(absent)					1	BOTH_EMPTY: no @from, @to or text content
1467	/*/*[2]/*/*/*/*[2]/*[2]/*[1]	TEI/text/body/listBibl/msDesc/msContents/msItem/locus	(absent)					1	BOTH_EMPTY: no @from, @to or text content
1468	/*/*[2]/*/*/*/*[2]/*[2]/*[1]	TEI/text/body/listBibl/msDesc/msContents/msItem/locus	(absent)					1	BOTH_EMPTY: no @from, @to or text content
1469	/*/*[2]/*/*/*/*[2]/*[2]/*[1]	TEI/text/body/listBibl/msDesc/msContents/msItem/locus	(absent)	1r	16v			0	
147	/*/*[2]/*/*/*/*[2]/*[2]/*[1]	TEI/text/body/listBibl/msDesc/msContents/msItem/locus	(absent)					1	BOTH_EMPTY: no @from, @to or text content
1470	/*/*[2]/*/*/*/*[2]/*[2]/*[1]	TEI/text/body/listBibl/msDesc/msContents/msItem/locus	(absent)					1	BOTH_EMPTY: no @from, @to or text content
1471	/*/*[2]/*/*/*/*[2]/*[2]/*[1]	TEI/text/body/listBibl/msDesc/msContents/msItem/locus	(absent)					1	BOTH_EMPTY: no @from, @to or text content
1472	/*/*[2]/*/*/*/*[2]/*[2]/*[1]	TEI/text/body/listBibl/msDesc/msContents/msItem/locus	(absent)					1	BOTH_EMPTY: no @from, @to or text content
1473	/*/*[2]/*/*/*/*[2]/*[2]/*[1]	TEI/text/body/listBibl/msDesc/msContents/msItem/locus	(absent)					1	BOTH_EMPTY: no @from, @to or text content
1474	/*/*[2]/*/*/*/*[2]/*[2]/*[1]	TEI/text/body/listBibl/msDesc/msContents/msItem/locus	(absent)	1r	6v			0	
1475	/*/*[2]/*/*/*/*[2]/*[2]/*[1]	TEI/text/body/listBibl/msDesc/msContents/msItem/locus	(absent)					1	BOTH_EMPTY: no @from, @to or text content
1476	/*/*[2]/*/*/*/*[2]/*[2]/*[1]	TEI/text/body/listBibl/msDesc/msContents/msItem/locus	(absent)					1	BOTH_EMPTY: no @from, @to or text content
1477	/*/*[2]/*/*/*/*[2]/*[2]/*[1]	TEI/text/body/listBibl/msDesc/msContents/msItem/locus	(absent)	1r	24v			0	
1478	/*/*[2]/*/*/*/*[2]/*[2]/*[3]	TEI/text/body/listBibl/msDesc/msContents/msItem/locus	(absent)	 2r	2v			1	WHITESPACE: @from has leading/trailing whitespace
1479	/*/*[2]/*/*/*/*[2]/*[2]/*[1]	TEI/text/body/listBibl/msDesc/msContents/msItem/locus	(absent)	1r	6v			0	
148	/*/*[2]/*/*/*/*[2]/*[2]/*[1]	TEI/text/body/listBibl/msDesc/msContents/msItem/locus	(absent)					1	BOTH_EMPTY: no @from, @to or text content
1480	/*/*[2]/*/*/*/*[2]/*[2]/*[1]	TEI/text/body/listBibl/msDesc/msContents/msItem/locus	(absent)	1r	2v			0	
1481	/*/*[2]/*/*/*/*[2]/*[2]/*[1]	TEI/text/body/listBibl/msDesc/msContents/msItem/locus	(absent)	1r	3v			0	
1482	/*/*[2]/*/*/*/*[2]/*[2]/*[1]	TEI/text/body/listBibl/msDesc/msContents/msItem/locus	(absent)					1	BOTH_EMPTY: no @from, @to or text content
1483	/*/*[2]/*/*/*/*[2]/*[2]/*[3]	TEI/text/body/listBibl/msDesc/msContents/msItem/locus	(absent)	1r	5v			0	
1484	/*/*[2]/*/*/*/*[2]/*[2]/*[2]	TEI/text/body/listBibl/msDesc/msContents/msItem/locus	(absent)					1	BOTH_EMPTY: no @from, @to or text content
1485	/*/*[2]/*/*/*/*[2]/*[2]/*[1]	TEI/text/body/listBibl/msDesc/msContents/msItem/locus	(absent)					1	BOTH_EMPTY: no @from, @to or text content
1486	/*/*[2]/*/*/*/*[2]/*[2]/*[1]	TEI/text/body/listBibl/msDesc/msContents/msItem/locus	(absent)					1	BOTH_EMPTY: no @from, @to or text content
1487	/*/*[2]/*/*/*/*[2]/*[2]/*[3]	TEI/text/body/listBibl/msDesc/msContents/msItem/locus	(absent)					1	BOTH_EMPTY: no @from, @to or text content
1488	/*/*[2]/*/*/*/*[2]/*[2]/*[2]	TEI/text/body/listBibl/msDesc/msContents/msItem/locus	(absent)					1	BOTH_EMPTY: no @from, @to or text content
1489	/*/*[2]/*/*/*/*[2]/*[2]/*[1]	TEI/text/body/listBibl/msDesc/msContents/msItem/locus	(absent)					1	BOTH_EMPTY: no @from, @to or text content
149	/*/*[2]/*/*/*/*[2]/*[2]/*[1]	TEI/text/body/listBibl/msDesc/msContents/msItem/locus	(absent)					1	BOTH_EMPTY: no @from, @to or text content
1490	/*/*[2]/*/*/*/*[2]/*[2]/*[1]	TEI/text/body/listBibl/msDesc/msContents/msItem/locus	(absent)					1	BOTH_EMPTY: no @from, @to or text content
1491	/*/*[2]/*/*/*/*[2]/*[2]/*[1]	TEI/text/body/listBibl/msDesc/msContents/msItem/locus	(absent)					1	BOTH_EMPTY: no @from, @to or text content
1492	/*/*[2]/*/*/*/*[2]/*[2]/*[1]	TEI/text/body/listBibl/msDesc/msContents/msItem/locus	(absent)	1r	6v			0	
1493	/*/*[2]/*/*/*/*[2]/*[2]/*[3]	TEI/text/body/listBibl/msDesc/msContents/msItem/locus	(absent)	1r	1v			0	
1494	/*/*[2]/*/*/*/*[2]/*[2]/*[3]	TEI/text/body/listBibl/msDesc/msContents/msItem/locus	(absent)	1r	1v			0	
1495	/*/*[2]/*/*/*/*[2]/*[2]/*[3]	TEI/text/body/listBibl/msDesc/msContents/msItem/locus	(absent)	1r	4v			0	
1496	/*/*[2]/*/*/*/*[2]/*[2]/*[3]	TEI/text/body/listBibl/msDesc/msContents/msItem/locus	(absent)	1r	3v			0	
1497	/*/*[2]/*/*/*/*[2]/*[2]/*[3]	TEI/text/body/listBibl/msDesc/msContents/msItem/locus	(absent)	 1r	2v			1	WHITESPACE: @from has leading/trailing whitespace
1498	/*/*[2]/*/*/*/*[2]/*[2]/*[3]	TEI/text/body/listBibl/msDesc/msContents/msItem/locus	(absent)	1r	2v			0	
1499	/*/*[2]/*/*/*/*[2]/*[2]/*[3]	TEI/text/body/listBibl/msDesc/msContents/msItem/locus	(absent)	1r	1v			0	
15	/*/*[2]/*/*/*/*[2]/*[2]/*[1]	TEI/text/body/listBibl/msDesc/msContents/msItem/locus	(absent)					1	BOTH_EMPTY: no @from, @to or text content
150	/*/*[2]/*/*/*/*[2]/*[2]/*[1]	TEI/text/body/listBibl/msDesc/msContents/msItem/locus	(absent)					1	BOTH_EMPTY: no @from, @to or text content
1500	/*/*[2]/*/*/*/*[2]/*[2]/*[1]	TEI/text/body/listBibl/msDesc/msContents/msItem/locus	(absent)	1r	2v			0	
1501	/*/*[2]/*/*/*/*[2]/*[2]/*[3]	TEI/text/body/listBibl/msDesc/msContents/msItem/locus	(absent)	1r	1v			0	
1502	/*/*[2]/*/*/*/*[2]/*[2]/*[3]	TEI/text/body/listBibl/msDesc/msContents/msItem/locus	(absent)	1r	2v			0	
1504	/*/*[2]/*/*/*/*[2]/*[2]/*[1]	TEI/text/body/listBibl/msDesc/msContents/msItem/locus	(absent)					1	BOTH_EMPTY: no @from, @to or text content
1505	/*/*[2]/*/*/*/*[2]/*[2]/*[1]	TEI/text/body/listBibl/msDesc/msContents/msItem/locus	(absent)					1	BOTH_EMPTY: no @from, @to or text content
1506	/*/*[2]/*/*/*/*[2]/*[2]/*[1]	TEI/text/body/listBibl/msDesc/msContents/msItem/locus	(absent)					1	BOTH_EMPTY: no @from, @to or text content
1508	/*/*[2]/*/*/*/*[2]/*[2]/*[1]	TEI/text/body/listBibl/msDesc/msContents/msItem/locus	(absent)					1	BOTH_EMPTY: no @from, @to or text content
1509	/*/*[2]/*/*/*/*[2]/*[2]/*[1]	TEI/text/body/listBibl/msDesc/msContents/msItem/locus	(absent)					1	BOTH_EMPTY: no @from, @to or text content
151	/*/*[2]/*/*/*/*[2]/*[2]/*[1]	TEI/text/body/listBibl/msDesc/msContents/msItem/locus	(absent)					1	BOTH_EMPTY: no @from, @to or text content
1510	/*/*[2]/*/*/*/*[2]/*[2]/*[1]	TEI/text/body/listBibl/msDesc/msContents/msItem/locus	(absent)					1	BOTH_EMPTY: no @from, @to or text content
1511	/*/*[2]/*/*/*/*[2]/*[2]/*[1]	TEI/text/body/listBibl/msDesc/msContents/msItem/locus	(absent)					1	BOTH_EMPTY: no @from, @to or text content
1512	/*/*[2]/*/*/*/*[2]/*[2]/*[1]	TEI/text/body/listBibl/msDesc/msContents/msItem/locus	(absent)					1	BOTH_EMPTY: no @from, @to or text content
1513	/*/*[2]/*/*/*/*[2]/*[2]/*[1]	TEI/text/body/listBibl/msDesc/msContents/msItem/locus	(absent)					1	BOTH_EMPTY: no @from, @to or text content
1514	/*/*[2]/*/*/*/*[2]/*[2]/*[1]	TEI/text/body/listBibl/msDesc/msContents/msItem/locus	(absent)					1	BOTH_EMPTY: no @from, @to or text content
1515	/*/*[2]/*/*/*/*[2]/*[2]/*[1]	TEI/text/body/listBibl/msDesc/msContents/msItem/locus	(absent)					1	BOTH_EMPTY: no @from, @to or text content
1517	/*/*[2]/*/*/*/*[2]/*[2]/*[1]	TEI/text/body/listBibl/msDesc/msContents/msItem/locus	(absent)					1	BOTH_EMPTY: no @from, @to or text content
1518	/*/*[2]/*/*/*/*[2]/*[2]/*[1]	TEI/text/body/listBibl/msDesc/msContents/msItem/locus	(absent)					1	BOTH_EMPTY: no @from, @to or text content
1519	/*/*[2]/*/*/*/*[2]/*[2]/*[1]	TEI/text/body/listBibl/msDesc/msContents/msItem/locus	(absent)					1	BOTH_EMPTY: no @from, @to or text content
152	/*/*[2]/*/*/*/*[2]/*[2]/*[1]	TEI/text/body/listBibl/msDesc/msContents/msItem/locus	(absent)					1	BOTH_EMPTY: no @from, @to or text content
1520	/*/*[2]/*/*/*/*[2]/*[2]/*[1]	TEI/text/body/listBibl/msDesc/msContents/msItem/locus	(absent)					1	BOTH_EMPTY: no @from, @to or text content
1521	/*/*[2]/*/*/*/*[2]/*[2]/*[1]	TEI/text/body/listBibl/msDesc/msContents/msItem/locus	(absent)					1	BOTH_EMPTY: no @from, @to or text content
1522	/*/*[2]/*/*/*/*[2]/*[2]/*[1]	TEI/text/body/listBibl/msDesc/msContents/msItem/locus	(absent)					1	BOTH_EMPTY: no @from, @to or text content
1523	/*/*[2]/*/*/*/*[2]/*[2]/*[1]	TEI/text/body/listBibl/msDesc/msContents/msItem/locus	(absent)					1	BOTH_EMPTY: no @from, @to or text content
1524	/*/*[2]/*/*/*/*[2]/*[2]/*[1]	TEI/text/body/listBibl/msDesc/msContents/msItem/locus	(absent)					1	BOTH_EMPTY: no @from, @to or text content
1525	/*/*[2]/*/*/*/*[2]/*[2]/*[1]	TEI/text/body/listBibl/msDesc/msContents/msItem/locus	(absent)					1	BOTH_EMPTY: no @from, @to or text content
1526	/*/*[2]/*/*/*/*[2]/*[2]/*[1]	TEI/text/body/listBibl/msDesc/msContents/msItem/locus	(absent)					1	BOTH_EMPTY: no @from, @to or text content
1527	/*/*[2]/*/*/*/*[2]/*[2]/*[1]	TEI/text/body/listBibl/msDesc/msContents/msItem/locus	(absent)	1r	6v			0	
1528	/*/*[2]/*/*/*/*[2]/*[2]/*[1]	TEI/text/body/listBibl/msDesc/msContents/msItem/locus	(absent)					1	BOTH_EMPTY: no @from, @to or text content
1529	/*/*[2]/*/*/*/*[2]/*[2]/*[1]	TEI/text/body/listBibl/msDesc/msContents/msItem/locus	(absent)					1	BOTH_EMPTY: no @from, @to or text content
153	/*/*[2]/*/*/*/*[2]/*[2]/*[1]	TEI/text/body/listBibl/msDesc/msContents/msItem/locus	(absent)					1	BOTH_EMPTY: no @from, @to or text content
1530	/*/*[2]/*/*/*/*[2]/*[2]/*[1]	TEI/text/body/listBibl/msDesc/msContents/msItem/locus	(absent)					1	BOTH_EMPTY: no @from, @to or text content
1531	/*/*[2]/*/*/*/*[2]/*[2]/*[1]	TEI/text/body/listBibl/msDesc/msContents/msItem/locus	(absent)	1r	118v			0	
1532	/*/*[2]/*/*/*/*[2]/*[2]/*[1]	TEI/text/body/listBibl/msDesc/msContents/msItem/locus	(absent)					1	BOTH_EMPTY: no @from, @to or text content
1533	/*/*[2]/*/*/*/*[2]/*[2]/*[1]	TEI/text/body/listBibl/msDesc/msContents/msItem/locus	(absent)					1	BOTH_EMPTY: no @from, @to or text content
1534	/*/*[2]/*/*/*/*[2]/*[2]/*[1]	TEI/text/body/listBibl/msDesc/msContents/msItem/locus	(absent)					1	BOTH_EMPTY: no @from, @to or text content
1535	/*/*[2]/*/*/*/*[2]/*[2]/*[1]	TEI/text/body/listBibl/msDesc/msContents/msItem/locus	(absent)					1	BOTH_EMPTY: no @from, @to or text content
1536	/*/*[2]/*/*/*/*[2]/*[2]/*[1]	TEI/text/body/listBibl/msDesc/msContents/msItem/locus	(absent)					1	BOTH_EMPTY: no @from, @to or text content
1537	/*/*[2]/*/*/*/*[2]/*[2]/*[1]	TEI/text/body/listBibl/msDesc/msContents/msItem/locus	(absent)					1	BOTH_EMPTY: no @from, @to or text content
1538	/*/*[2]/*/*/*/*[2]/*[2]/*[1]	TEI/text/body/listBibl/msDesc/msContents/msItem/locus	(absent)					1	BOTH_EMPTY: no @from, @to or text content
1539	/*/*[2]/*/*/*/*[2]/*[2]/*[1]	TEI/text/body/listBibl/msDesc/msContents/msItem/locus	(absent)					1	BOTH_EMPTY: no @from, @to or text content
154	/*/*[2]/*/*/*/*[2]/*[2]/*[1]	TEI/text/body/listBibl/msDesc/msContents/msItem/locus	(absent)					1	BOTH_EMPTY: no @from, @to or text content
1540	/*/*[2]/*/*/*/*[2]/*[2]/*[1]	TEI/text/body/listBibl/msDesc/msContents/msItem/locus	(absent)					1	BOTH_EMPTY: no @from, @to or text content
1541	/*/*[2]/*/*/*/*[2]/*[2]/*[1]	TEI/text/body/listBibl/msDesc/msContents/msItem/locus	(absent)					1	BOTH_EMPTY: no @from, @to or text content
1542	/*/*[2]/*/*/*/*[2]/*[2]/*[1]	TEI/text/body/listBibl/msDesc/msContents/msItem/locus	(absent)					1	BOTH_EMPTY: no @from, @to or text content
1543	/*/*[2]/*/*/*/*[2]/*[2]/*[1]	TEI/text/body/listBibl/msDesc/msContents/msItem/locus	(absent)					1	BOTH_EMPTY: no @from, @to or text content
1544	/*/*[2]/*/*/*/*[2]/*[2]/*[1]	TEI/text/body/listBibl/msDesc/msContents/msItem/locus	(absent)					1	BOTH_EMPTY: no @from, @to or text content
1545	/*/*[2]/*/*/*/*[2]/*[2]/*[1]	TEI/text/body/listBibl/msDesc/msContents/msItem/locus	(absent)					1	BOTH_EMPTY: no @from, @to or text content
1548	/*/*[2]/*/*/*/*[2]/*[2]/*[1]	TEI/text/body/listBibl/msDesc/msContents/msItem/locus	(absent)					1	BOTH_EMPTY: no @from, @to or text content
155	/*/*[2]/*/*/*/*[2]/*[2]/*[1]	TEI/text/body/listBibl/msDesc/msContents/msItem/locus	(absent)					1	BOTH_EMPTY: no @from, @to or text content
1551	/*/*[2]/*/*/*/*[2]/*[2]/*[1]	TEI/text/body/listBibl/msDesc/msContents/msItem/locus	(absent)					1	BOTH_EMPTY: no @from, @to or text content
1551	/*/*[2]/*/*/*/*[2]/*[3]/*[1]	TEI/text/body/listBibl/msDesc/msContents/msItem/locus	(absent)	2v	19v			0	
1551	/*/*[2]/*/*/*/*[2]/*[3]/*[2]	TEI/text/body/listBibl/msDesc/msContents/msItem/locus	(absent)	65r	84r			0	
1551	/*/*[2]/*/*/*/*[2]/*[3]/*[3]	TEI/text/body/listBibl/msDesc/msContents/msItem/locus	(absent)	108r	127v			0	
1551	/*/*[2]/*/*/*/*[2]/*[3]/*[4]	TEI/text/body/listBibl/msDesc/msContents/msItem/locus	(absent)	136	(absent)			1	OPEN_ENDED: has @from but empty/absent @to (confirm single folio)
1552	/*/*[2]/*/*/*/*[2]/*[2]/*[1]	TEI/text/body/listBibl/msDesc/msContents/msItem/locus	(absent)	1r	1v			0	
1553	/*/*[2]/*/*/*/*[2]/*[2]/*[1]	TEI/text/body/listBibl/msDesc/msContents/msItem/locus	(absent)	1r	153v			0	
1557	/*/*[2]/*/*/*/*[2]/*[2]/*[1]	TEI/text/body/listBibl/msDesc/msContents/msItem/locus	(absent)					1	BOTH_EMPTY: no @from, @to or text content
156	/*/*[2]/*/*/*/*[2]/*[2]/*[1]	TEI/text/body/listBibl/msDesc/msContents/msItem/locus	(absent)					1	BOTH_EMPTY: no @from, @to or text content
1565	/*/*[2]/*/*/*/*[2]/*[2]/*[1]	TEI/text/body/listBibl/msDesc/msContents/msItem/locus	(absent)					1	BOTH_EMPTY: no @from, @to or text content
1567	/*/*[2]/*/*/*/*[2]/*[2]/*[1]	TEI/text/body/listBibl/msDesc/msContents/msItem/locus	(absent)					1	BOTH_EMPTY: no @from, @to or text content
1568	/*/*[2]/*/*/*/*[2]/*[3]/*[1]	TEI/text/body/listBibl/msDesc/msContents/msItem/locus	(absent)	1r	67v			0	
1568	/*/*[2]/*/*/*/*[2]/*[3]/*[2]	TEI/text/body/listBibl/msDesc/msContents/msItem/locus	(absent)	69r	104v			0	
1569	/*/*[2]/*/*/*/*[2]/*[2]/*[2]	TEI/text/body/listBibl/msDesc/msContents/msItem/locus	(absent)	87r	240r			0	
157	/*/*[2]/*/*/*/*[2]/*[2]/*[1]	TEI/text/body/listBibl/msDesc/msContents/msItem/locus	(absent)					1	BOTH_EMPTY: no @from, @to or text content
1570	/*/*[2]/*/*/*/*[2]/*[2]/*[1]	TEI/text/body/listBibl/msDesc/msContents/msItem/locus	(absent)	5r-v				2	OPEN_ENDED: has @from but empty/absent @to (confirm single folio) | RANGE_PACKED_IN_FROM: @from '5r-v' looks like a range; split into @from/@to
1571	/*/*[2]/*/*/*/*[2]/*[2]/*[1]	TEI/text/body/listBibl/msDesc/msContents/msItem/locus	(absent)	10r	31v			0	
1571	/*/*[2]/*/*/*/*[2]/*[2]/*[2]	TEI/text/body/listBibl/msDesc/msContents/msItem/locus	(absent)	37r	44v			0	
1571	/*/*[2]/*/*/*/*[2]/*[2]/*[3]	TEI/text/body/listBibl/msDesc/msContents/msItem/locus	(absent)	110r-v				2	OPEN_ENDED: has @from but empty/absent @to (confirm single folio) | RANGE_PACKED_IN_FROM: @from '110r-v' looks like a range; split into @from/@to
1571	/*/*[2]/*/*/*/*[2]/*[2]/*[4]	TEI/text/body/listBibl/msDesc/msContents/msItem/locus	(absent)	125r-v				2	OPEN_ENDED: has @from but empty/absent @to (confirm single folio) | RANGE_PACKED_IN_FROM: @from '125r-v' looks like a range; split into @from/@to
1571	/*/*[2]/*/*/*/*[2]/*[2]/*[5]	TEI/text/body/listBibl/msDesc/msContents/msItem/locus	(absent)	150r	158v			0	
1574	/*/*[2]/*/*/*/*[2]/*[2]/*[1]	TEI/text/body/listBibl/msDesc/msContents/msItem/locus	(absent)	1	11			0	
1575	/*/*[2]/*/*/*/*[2]/*[2]/*[1]	TEI/text/body/listBibl/msDesc/msContents/msItem/locus	(absent)	1r	1v			0	
1576	/*/*[2]/*/*/*/*[2]/*[2]/*[1]	TEI/text/body/listBibl/msDesc/msContents/msItem/locus	(absent)	7r	8v			0	
1577	/*/*[2]/*/*/*/*[2]/*[2]/*[1]	TEI/text/body/listBibl/msDesc/msContents/msItem/locus	(absent)	23r	23v			0	
1578	/*/*[2]/*/*/*/*[2]/*[2]/*[1]	TEI/text/body/listBibl/msDesc/msContents/msItem/locus	(absent)	1r	1v			0	
1579	/*/*[2]/*/*/*/*[2]/*[2]/*[1]	TEI/text/body/listBibl/msDesc/msContents/msItem/locus	(absent)					1	BOTH_EMPTY: no @from, @to or text content
158	/*/*[2]/*/*/*/*[2]/*[2]/*[1]	TEI/text/body/listBibl/msDesc/msContents/msItem/locus	(absent)					1	BOTH_EMPTY: no @from, @to or text content
1580	/*/*[2]/*/*/*/*[2]/*[2]/*[1]	TEI/text/body/listBibl/msDesc/msContents/msItem/locus	(absent)	17r	17v			0	
1581	/*/*[2]/*/*/*/*[2]/*[2]/*[1]	TEI/text/body/listBibl/msDesc/msContents/msItem/locus	(absent)	1r	9v			0	
1582	/*/*[2]/*/*/*/*[2]/*[2]/*[1]	TEI/text/body/listBibl/msDesc/msContents/msItem/locus	(absent)	1r	2v			0	
1583	/*/*[2]/*/*/*/*[2]/*[2]/*[1]	TEI/text/body/listBibl/msDesc/msContents/msItem/locus	(absent)	1r	1v			0	
1584	/*/*[2]/*/*/*/*[2]/*[3]/*[1]	TEI/text/body/listBibl/msDesc/msContents/msItem/locus	(absent)	2r	(absent)			1	OPEN_ENDED: has @from but empty/absent @to (confirm single folio)
1585	/*/*[2]/*/*/*/*[2]/*[2]/*[1]	TEI/text/body/listBibl/msDesc/msContents/msItem/locus	(absent)					1	BOTH_EMPTY: no @from, @to or text content
159	/*/*[2]/*/*/*/*[2]/*[2]/*[1]	TEI/text/body/listBibl/msDesc/msContents/msItem/locus	(absent)					1	BOTH_EMPTY: no @from, @to or text content
16	/*/*[2]/*/*/*/*[2]/*[2]/*[1]	TEI/text/body/listBibl/msDesc/msContents/msItem/locus	(absent)					1	BOTH_EMPTY: no @from, @to or text content
160	/*/*[2]/*/*/*/*[2]/*[2]/*[1]	TEI/text/body/listBibl/msDesc/msContents/msItem/locus	(absent)					1	BOTH_EMPTY: no @from, @to or text content
161	/*/*[2]/*/*/*/*[2]/*[2]/*[1]	TEI/text/body/listBibl/msDesc/msContents/msItem/locus	(absent)					1	BOTH_EMPTY: no @from, @to or text content
162	/*/*[2]/*/*/*/*[2]/*[2]/*[1]	TEI/text/body/listBibl/msDesc/msContents/msItem/locus	(absent)					1	BOTH_EMPTY: no @from, @to or text content
163	/*/*[2]/*/*/*/*[2]/*[2]/*[1]	TEI/text/body/listBibl/msDesc/msContents/msItem/locus	(absent)					1	BOTH_EMPTY: no @from, @to or text content
164	/*/*[2]/*/*/*/*[2]/*[2]/*[1]	TEI/text/body/listBibl/msDesc/msContents/msItem/locus	(absent)					1	BOTH_EMPTY: no @from, @to or text content
165	/*/*[2]/*/*/*/*[2]/*[2]/*[1]	TEI/text/body/listBibl/msDesc/msContents/msItem/locus	(absent)					1	BOTH_EMPTY: no @from, @to or text content
166	/*/*[2]/*/*/*/*[2]/*[2]/*[1]	TEI/text/body/listBibl/msDesc/msContents/msItem/locus	(absent)					1	BOTH_EMPTY: no @from, @to or text content
167	/*/*[2]/*/*/*/*[2]/*[2]/*[1]	TEI/text/body/listBibl/msDesc/msContents/msItem/locus	(absent)					1	BOTH_EMPTY: no @from, @to or text content
168	/*/*[2]/*/*/*/*[2]/*[2]/*[1]	TEI/text/body/listBibl/msDesc/msContents/msItem/locus	(absent)					1	BOTH_EMPTY: no @from, @to or text content
169	/*/*[2]/*/*/*/*[2]/*[2]/*[1]	TEI/text/body/listBibl/msDesc/msContents/msItem/locus	(absent)					1	BOTH_EMPTY: no @from, @to or text content
17	/*/*[2]/*/*/*/*[2]/*[2]/*[1]	TEI/text/body/listBibl/msDesc/msContents/msItem/locus	(absent)					1	BOTH_EMPTY: no @from, @to or text content
170	/*/*[2]/*/*/*/*[2]/*[2]/*[1]	TEI/text/body/listBibl/msDesc/msContents/msItem/locus	(absent)					1	BOTH_EMPTY: no @from, @to or text content
171	/*/*[2]/*/*/*/*[2]/*[2]/*[1]	TEI/text/body/listBibl/msDesc/msContents/msItem/locus	(absent)					1	BOTH_EMPTY: no @from, @to or text content
172	/*/*[2]/*/*/*/*[2]/*[2]/*[1]	TEI/text/body/listBibl/msDesc/msContents/msItem/locus	(absent)					1	BOTH_EMPTY: no @from, @to or text content
173	/*/*[2]/*/*/*/*[2]/*[2]/*[1]	TEI/text/body/listBibl/msDesc/msContents/msItem/locus	(absent)					1	BOTH_EMPTY: no @from, @to or text content
174	/*/*[2]/*/*/*/*[2]/*[2]/*[1]	TEI/text/body/listBibl/msDesc/msContents/msItem/locus	(absent)					1	BOTH_EMPTY: no @from, @to or text content
175	/*/*[2]/*/*/*/*[2]/*[2]/*[1]	TEI/text/body/listBibl/msDesc/msContents/msItem/locus	(absent)					1	BOTH_EMPTY: no @from, @to or text content
176	/*/*[2]/*/*/*/*[2]/*[2]/*[1]	TEI/text/body/listBibl/msDesc/msContents/msItem/locus	(absent)					1	BOTH_EMPTY: no @from, @to or text content
177	/*/*[2]/*/*/*/*[2]/*[2]/*[1]	TEI/text/body/listBibl/msDesc/msContents/msItem/locus	(absent)					1	BOTH_EMPTY: no @from, @to or text content
178	/*/*[2]/*/*/*/*[2]/*[2]/*[1]	TEI/text/body/listBibl/msDesc/msContents/msItem/locus	(absent)					1	BOTH_EMPTY: no @from, @to or text content
179	/*/*[2]/*/*/*/*[2]/*[2]/*[1]	TEI/text/body/listBibl/msDesc/msContents/msItem/locus	(absent)					1	BOTH_EMPTY: no @from, @to or text content
18	/*/*[2]/*/*/*/*[2]/*[2]/*[1]	TEI/text/body/listBibl/msDesc/msContents/msItem/locus	(absent)					1	BOTH_EMPTY: no @from, @to or text content
180	/*/*[2]/*/*/*/*[2]/*[2]/*[1]	TEI/text/body/listBibl/msDesc/msContents/msItem/locus	(absent)					1	BOTH_EMPTY: no @from, @to or text content
181	/*/*[2]/*/*/*/*[2]/*[2]/*[1]	TEI/text/body/listBibl/msDesc/msContents/msItem/locus	(absent)					1	BOTH_EMPTY: no @from, @to or text content
182	/*/*[2]/*/*/*/*[2]/*[2]/*[1]	TEI/text/body/listBibl/msDesc/msContents/msItem/locus	(absent)					1	BOTH_EMPTY: no @from, @to or text content
183	/*/*[2]/*/*/*/*[2]/*[2]/*[1]	TEI/text/body/listBibl/msDesc/msContents/msItem/locus	(absent)					1	BOTH_EMPTY: no @from, @to or text content
184	/*/*[2]/*/*/*/*[2]/*[2]/*[1]	TEI/text/body/listBibl/msDesc/msContents/msItem/locus	(absent)					1	BOTH_EMPTY: no @from, @to or text content
185	/*/*[2]/*/*/*/*[2]/*[2]/*[1]	TEI/text/body/listBibl/msDesc/msContents/msItem/locus	(absent)					1	BOTH_EMPTY: no @from, @to or text content
186	/*/*[2]/*/*/*/*[2]/*[2]/*[1]	TEI/text/body/listBibl/msDesc/msContents/msItem/locus	(absent)					1	BOTH_EMPTY: no @from, @to or text content
187	/*/*[2]/*/*/*/*[2]/*[2]/*[1]	TEI/text/body/listBibl/msDesc/msContents/msItem/locus	(absent)					1	BOTH_EMPTY: no @from, @to or text content
188	/*/*[2]/*/*/*/*[2]/*[2]/*[1]	TEI/text/body/listBibl/msDesc/msContents/msItem/locus	(absent)					1	BOTH_EMPTY: no @from, @to or text content
189	/*/*[2]/*/*/*/*[2]/*[2]/*[1]	TEI/text/body/listBibl/msDesc/msContents/msItem/locus	(absent)					1	BOTH_EMPTY: no @from, @to or text content
19	/*/*[2]/*/*/*/*[2]/*[2]/*[1]	TEI/text/body/listBibl/msDesc/msContents/msItem/locus	(absent)					1	BOTH_EMPTY: no @from, @to or text content
190	/*/*[2]/*/*/*/*[2]/*[2]/*[1]	TEI/text/body/listBibl/msDesc/msContents/msItem/locus	(absent)					1	BOTH_EMPTY: no @from, @to or text content
191	/*/*[2]/*/*/*/*[2]/*[2]/*[1]	TEI/text/body/listBibl/msDesc/msContents/msItem/locus	(absent)					1	BOTH_EMPTY: no @from, @to or text content
192	/*/*[2]/*/*/*/*[2]/*[2]/*[1]	TEI/text/body/listBibl/msDesc/msContents/msItem/locus	(absent)					1	BOTH_EMPTY: no @from, @to or text content
193	/*/*[2]/*/*/*/*[2]/*[2]/*[1]	TEI/text/body/listBibl/msDesc/msContents/msItem/locus	(absent)					1	BOTH_EMPTY: no @from, @to or text content
194	/*/*[2]/*/*/*/*[2]/*[2]/*[1]	TEI/text/body/listBibl/msDesc/msContents/msItem/locus	(absent)					1	BOTH_EMPTY: no @from, @to or text content
195	/*/*[2]/*/*/*/*[2]/*[2]/*[1]	TEI/text/body/listBibl/msDesc/msContents/msItem/locus	(absent)					1	BOTH_EMPTY: no @from, @to or text content
196	/*/*[2]/*/*/*/*[2]/*[2]/*[1]	TEI/text/body/listBibl/msDesc/msContents/msItem/locus	(absent)					1	BOTH_EMPTY: no @from, @to or text content
197	/*/*[2]/*/*/*/*[2]/*[2]/*[1]	TEI/text/body/listBibl/msDesc/msContents/msItem/locus	(absent)					1	BOTH_EMPTY: no @from, @to or text content
198	/*/*[2]/*/*/*/*[2]/*[2]/*[1]	TEI/text/body/listBibl/msDesc/msContents/msItem/locus	(absent)					1	BOTH_EMPTY: no @from, @to or text content
199	/*/*[2]/*/*/*/*[2]/*[2]/*[1]	TEI/text/body/listBibl/msDesc/msContents/msItem/locus	(absent)					1	BOTH_EMPTY: no @from, @to or text content
2	/*/*[2]/*/*/*/*[2]/*[2]/*[1]	TEI/text/body/listBibl/msDesc/msContents/msItem/locus	(absent)					1	BOTH_EMPTY: no @from, @to or text content
20	/*/*[2]/*/*/*/*[2]/*[2]/*[1]	TEI/text/body/listBibl/msDesc/msContents/msItem/locus	(absent)					1	BOTH_EMPTY: no @from, @to or text content
200	/*/*[2]/*/*/*/*[2]/*[2]/*[1]	TEI/text/body/listBibl/msDesc/msContents/msItem/locus	(absent)					1	BOTH_EMPTY: no @from, @to or text content
201	/*/*[2]/*/*/*/*[2]/*[2]/*[1]	TEI/text/body/listBibl/msDesc/msContents/msItem/locus	(absent)					1	BOTH_EMPTY: no @from, @to or text content
202	/*/*[2]/*/*/*/*[2]/*[2]/*[1]	TEI/text/body/listBibl/msDesc/msContents/msItem/locus	(absent)					1	BOTH_EMPTY: no @from, @to or text content
203	/*/*[2]/*/*/*/*[2]/*[2]/*[1]	TEI/text/body/listBibl/msDesc/msContents/msItem/locus	(absent)					1	BOTH_EMPTY: no @from, @to or text content
204	/*/*[2]/*/*/*/*[2]/*[2]/*[1]	TEI/text/body/listBibl/msDesc/msContents/msItem/locus	(absent)					1	BOTH_EMPTY: no @from, @to or text content
205	/*/*[2]/*/*/*/*[2]/*[2]/*[1]	TEI/text/body/listBibl/msDesc/msContents/msItem/locus	(absent)					1	BOTH_EMPTY: no @from, @to or text content
206	/*/*[2]/*/*/*/*[2]/*[2]/*[1]	TEI/text/body/listBibl/msDesc/msContents/msItem/locus	(absent)					1	BOTH_EMPTY: no @from, @to or text content
207	/*/*[2]/*/*/*/*[2]/*[2]/*[1]	TEI/text/body/listBibl/msDesc/msContents/msItem/locus	(absent)					1	BOTH_EMPTY: no @from, @to or text content
208	/*/*[2]/*/*/*/*[2]/*[2]/*[1]	TEI/text/body/listBibl/msDesc/msContents/msItem/locus	(absent)					1	BOTH_EMPTY: no @from, @to or text content
209	/*/*[2]/*/*/*/*[2]/*[2]/*[1]	TEI/text/body/listBibl/msDesc/msContents/msItem/locus	(absent)					1	BOTH_EMPTY: no @from, @to or text content
21	/*/*[2]/*/*/*/*[2]/*[2]/*[1]	TEI/text/body/listBibl/msDesc/msContents/msItem/locus	(absent)					1	BOTH_EMPTY: no @from, @to or text content
210	/*/*[2]/*/*/*/*[2]/*[2]/*[1]	TEI/text/body/listBibl/msDesc/msContents/msItem/locus	(absent)					1	BOTH_EMPTY: no @from, @to or text content
211	/*/*[2]/*/*/*/*[2]/*[2]/*[1]	TEI/text/body/listBibl/msDesc/msContents/msItem/locus	(absent)					1	BOTH_EMPTY: no @from, @to or text content
212	/*/*[2]/*/*/*/*[2]/*[2]/*[1]	TEI/text/body/listBibl/msDesc/msContents/msItem/locus	(absent)					1	BOTH_EMPTY: no @from, @to or text content
213	/*/*[2]/*/*/*/*[2]/*[2]/*[1]	TEI/text/body/listBibl/msDesc/msContents/msItem/locus	(absent)					1	BOTH_EMPTY: no @from, @to or text content
214	/*/*[2]/*/*/*/*[2]/*[2]/*[1]	TEI/text/body/listBibl/msDesc/msContents/msItem/locus	(absent)					1	BOTH_EMPTY: no @from, @to or text content
215	/*/*[2]/*/*/*/*[2]/*[2]/*[1]	TEI/text/body/listBibl/msDesc/msContents/msItem/locus	(absent)					1	BOTH_EMPTY: no @from, @to or text content
216	/*/*[2]/*/*/*/*[2]/*[2]/*[1]	TEI/text/body/listBibl/msDesc/msContents/msItem/locus	(absent)					1	BOTH_EMPTY: no @from, @to or text content
217	/*/*[2]/*/*/*/*[2]/*[2]/*[1]	TEI/text/body/listBibl/msDesc/msContents/msItem/locus	(absent)					1	BOTH_EMPTY: no @from, @to or text content
218	/*/*[2]/*/*/*/*[2]/*[2]/*[1]	TEI/text/body/listBibl/msDesc/msContents/msItem/locus	(absent)					1	BOTH_EMPTY: no @from, @to or text content
219	/*/*[2]/*/*/*/*[2]/*[2]/*[1]	TEI/text/body/listBibl/msDesc/msContents/msItem/locus	(absent)					1	BOTH_EMPTY: no @from, @to or text content
22	/*/*[2]/*/*/*/*[2]/*[2]/*[1]	TEI/text/body/listBibl/msDesc/msContents/msItem/locus	(absent)					1	BOTH_EMPTY: no @from, @to or text content
220	/*/*[2]/*/*/*/*[2]/*[2]/*[1]	TEI/text/body/listBibl/msDesc/msContents/msItem/locus	(absent)					1	BOTH_EMPTY: no @from, @to or text content
221	/*/*[2]/*/*/*/*[2]/*[2]/*[1]	TEI/text/body/listBibl/msDesc/msContents/msItem/locus	(absent)					1	BOTH_EMPTY: no @from, @to or text content
222	/*/*[2]/*/*/*/*[2]/*[2]/*[1]	TEI/text/body/listBibl/msDesc/msContents/msItem/locus	(absent)					1	BOTH_EMPTY: no @from, @to or text content
223	/*/*[2]/*/*/*/*[2]/*[2]/*[1]	TEI/text/body/listBibl/msDesc/msContents/msItem/locus	(absent)					1	BOTH_EMPTY: no @from, @to or text content
224	/*/*[2]/*/*/*/*[2]/*[2]/*[1]	TEI/text/body/listBibl/msDesc/msContents/msItem/locus	(absent)					1	BOTH_EMPTY: no @from, @to or text content
225	/*/*[2]/*/*/*/*[2]/*[2]/*[1]	TEI/text/body/listBibl/msDesc/msContents/msItem/locus	(absent)					1	BOTH_EMPTY: no @from, @to or text content
226	/*/*[2]/*/*/*/*[2]/*[2]/*[1]	TEI/text/body/listBibl/msDesc/msContents/msItem/locus	(absent)					1	BOTH_EMPTY: no @from, @to or text content
227	/*/*[2]/*/*/*/*[2]/*[2]/*[1]	TEI/text/body/listBibl/msDesc/msContents/msItem/locus	(absent)					1	BOTH_EMPTY: no @from, @to or text content
228	/*/*[2]/*/*/*/*[2]/*[2]/*[1]	TEI/text/body/listBibl/msDesc/msContents/msItem/locus	(absent)					1	BOTH_EMPTY: no @from, @to or text content
229	/*/*[2]/*/*/*/*[2]/*[2]/*[1]	TEI/text/body/listBibl/msDesc/msContents/msItem/locus	(absent)					1	BOTH_EMPTY: no @from, @to or text content
23	/*/*[2]/*/*/*/*[2]/*[2]/*[1]	TEI/text/body/listBibl/msDesc/msContents/msItem/locus	(absent)					1	BOTH_EMPTY: no @from, @to or text content
230	/*/*[2]/*/*/*/*[2]/*[2]/*[1]	TEI/text/body/listBibl/msDesc/msContents/msItem/locus	(absent)					1	BOTH_EMPTY: no @from, @to or text content
231	/*/*[2]/*/*/*/*[2]/*[2]/*[1]	TEI/text/body/listBibl/msDesc/msContents/msItem/locus	(absent)					1	BOTH_EMPTY: no @from, @to or text content
232	/*/*[2]/*/*/*/*[2]/*[2]/*[1]	TEI/text/body/listBibl/msDesc/msContents/msItem/locus	(absent)					1	BOTH_EMPTY: no @from, @to or text content
233	/*/*[2]/*/*/*/*[2]/*[2]/*[1]	TEI/text/body/listBibl/msDesc/msContents/msItem/locus	(absent)					1	BOTH_EMPTY: no @from, @to or text content
234	/*/*[2]/*/*/*/*[2]/*[2]/*[1]	TEI/text/body/listBibl/msDesc/msContents/msItem/locus	(absent)					1	BOTH_EMPTY: no @from, @to or text content
235	/*/*[2]/*/*/*/*[2]/*[2]/*[1]	TEI/text/body/listBibl/msDesc/msContents/msItem/locus	(absent)					1	BOTH_EMPTY: no @from, @to or text content
236	/*/*[2]/*/*/*/*[2]/*[2]/*[1]	TEI/text/body/listBibl/msDesc/msContents/msItem/locus	(absent)					1	BOTH_EMPTY: no @from, @to or text content
237	/*/*[2]/*/*/*/*[2]/*[2]/*[1]	TEI/text/body/listBibl/msDesc/msContents/msItem/locus	(absent)					1	BOTH_EMPTY: no @from, @to or text content
238	/*/*[2]/*/*/*/*[2]/*[2]/*[1]	TEI/text/body/listBibl/msDesc/msContents/msItem/locus	(absent)					1	BOTH_EMPTY: no @from, @to or text content
239	/*/*[2]/*/*/*/*[2]/*[2]/*[1]	TEI/text/body/listBibl/msDesc/msContents/msItem/locus	(absent)					1	BOTH_EMPTY: no @from, @to or text content
24	/*/*[2]/*/*/*/*[2]/*[2]/*[1]	TEI/text/body/listBibl/msDesc/msContents/msItem/locus	(absent)					1	BOTH_EMPTY: no @from, @to or text content
240	/*/*[2]/*/*/*/*[2]/*[2]/*[1]	TEI/text/body/listBibl/msDesc/msContents/msItem/locus	(absent)					1	BOTH_EMPTY: no @from, @to or text content
241	/*/*[2]/*/*/*/*[2]/*[2]/*[1]	TEI/text/body/listBibl/msDesc/msContents/msItem/locus	(absent)					1	BOTH_EMPTY: no @from, @to or text content
242	/*/*[2]/*/*/*/*[2]/*[2]/*[1]	TEI/text/body/listBibl/msDesc/msContents/msItem/locus	(absent)					1	BOTH_EMPTY: no @from, @to or text content
243	/*/*[2]/*/*/*/*[2]/*[2]/*[1]	TEI/text/body/listBibl/msDesc/msContents/msItem/locus	(absent)					1	BOTH_EMPTY: no @from, @to or text content
244	/*/*[2]/*/*/*/*[2]/*[2]/*[1]	TEI/text/body/listBibl/msDesc/msContents/msItem/locus	(absent)					1	BOTH_EMPTY: no @from, @to or text content
245	/*/*[2]/*/*/*/*[2]/*[2]/*[1]	TEI/text/body/listBibl/msDesc/msContents/msItem/locus	(absent)					1	BOTH_EMPTY: no @from, @to or text content
246	/*/*[2]/*/*/*/*[2]/*[2]/*[1]	TEI/text/body/listBibl/msDesc/msContents/msItem/locus	(absent)					1	BOTH_EMPTY: no @from, @to or text content
247	/*/*[2]/*/*/*/*[2]/*[2]/*[1]	TEI/text/body/listBibl/msDesc/msContents/msItem/locus	(absent)					1	BOTH_EMPTY: no @from, @to or text content
248	/*/*[2]/*/*/*/*[2]/*[2]/*[1]	TEI/text/body/listBibl/msDesc/msContents/msItem/locus	(absent)					1	BOTH_EMPTY: no @from, @to or text content
249	/*/*[2]/*/*/*/*[2]/*[2]/*[1]	TEI/text/body/listBibl/msDesc/msContents/msItem/locus	(absent)					1	BOTH_EMPTY: no @from, @to or text content
25	/*/*[2]/*/*/*/*[2]/*[2]/*[1]	TEI/text/body/listBibl/msDesc/msContents/msItem/locus	(absent)					1	BOTH_EMPTY: no @from, @to or text content
250	/*/*[2]/*/*/*/*[2]/*[2]/*[1]	TEI/text/body/listBibl/msDesc/msContents/msItem/locus	(absent)					1	BOTH_EMPTY: no @from, @to or text content
251	/*/*[2]/*/*/*/*[2]/*[2]/*[1]	TEI/text/body/listBibl/msDesc/msContents/msItem/locus	(absent)					1	BOTH_EMPTY: no @from, @to or text content
252	/*/*[2]/*/*/*/*[2]/*[2]/*[1]	TEI/text/body/listBibl/msDesc/msContents/msItem/locus	(absent)					1	BOTH_EMPTY: no @from, @to or text content
253	/*/*[2]/*/*/*/*[2]/*[2]/*[1]	TEI/text/body/listBibl/msDesc/msContents/msItem/locus	(absent)					1	BOTH_EMPTY: no @from, @to or text content
254	/*/*[2]/*/*/*/*[2]/*[2]/*[1]	TEI/text/body/listBibl/msDesc/msContents/msItem/locus	(absent)					1	BOTH_EMPTY: no @from, @to or text content
255	/*/*[2]/*/*/*/*[2]/*[2]/*[1]	TEI/text/body/listBibl/msDesc/msContents/msItem/locus	(absent)					1	BOTH_EMPTY: no @from, @to or text content
256	/*/*[2]/*/*/*/*[2]/*[2]/*[1]	TEI/text/body/listBibl/msDesc/msContents/msItem/locus	(absent)					1	BOTH_EMPTY: no @from, @to or text content
257	/*/*[2]/*/*/*/*[2]/*[2]/*[1]	TEI/text/body/listBibl/msDesc/msContents/msItem/locus	(absent)					1	BOTH_EMPTY: no @from, @to or text content
258	/*/*[2]/*/*/*/*[2]/*[2]/*[1]	TEI/text/body/listBibl/msDesc/msContents/msItem/locus	(absent)					1	BOTH_EMPTY: no @from, @to or text content
259	/*/*[2]/*/*/*/*[2]/*[2]/*[1]	TEI/text/body/listBibl/msDesc/msContents/msItem/locus	(absent)					1	BOTH_EMPTY: no @from, @to or text content
26	/*/*[2]/*/*/*/*[2]/*[2]/*[1]	TEI/text/body/listBibl/msDesc/msContents/msItem/locus	(absent)					1	BOTH_EMPTY: no @from, @to or text content
260	/*/*[2]/*/*/*/*[2]/*[2]/*[1]	TEI/text/body/listBibl/msDesc/msContents/msItem/locus	(absent)					1	BOTH_EMPTY: no @from, @to or text content
261	/*/*[2]/*/*/*/*[2]/*[2]/*[1]	TEI/text/body/listBibl/msDesc/msContents/msItem/locus	(absent)					1	BOTH_EMPTY: no @from, @to or text content
262	/*/*[2]/*/*/*/*[2]/*[2]/*[1]	TEI/text/body/listBibl/msDesc/msContents/msItem/locus	(absent)					1	BOTH_EMPTY: no @from, @to or text content
263	/*/*[2]/*/*/*/*[2]/*[2]/*[1]	TEI/text/body/listBibl/msDesc/msContents/msItem/locus	(absent)					1	BOTH_EMPTY: no @from, @to or text content
264	/*/*[2]/*/*/*/*[2]/*[2]/*[1]	TEI/text/body/listBibl/msDesc/msContents/msItem/locus	(absent)					1	BOTH_EMPTY: no @from, @to or text content
265	/*/*[2]/*/*/*/*[2]/*[2]/*[1]	TEI/text/body/listBibl/msDesc/msContents/msItem/locus	(absent)					1	BOTH_EMPTY: no @from, @to or text content
266	/*/*[2]/*/*/*/*[2]/*[2]/*[1]	TEI/text/body/listBibl/msDesc/msContents/msItem/locus	(absent)					1	BOTH_EMPTY: no @from, @to or text content
267	/*/*[2]/*/*/*/*[2]/*[2]/*[1]	TEI/text/body/listBibl/msDesc/msContents/msItem/locus	(absent)					1	BOTH_EMPTY: no @from, @to or text content
268	/*/*[2]/*/*/*/*[2]/*[2]/*[1]	TEI/text/body/listBibl/msDesc/msContents/msItem/locus	(absent)					1	BOTH_EMPTY: no @from, @to or text content
269	/*/*[2]/*/*/*/*[2]/*[2]/*[1]	TEI/text/body/listBibl/msDesc/msContents/msItem/locus	(absent)					1	BOTH_EMPTY: no @from, @to or text content
27	/*/*[2]/*/*/*/*[2]/*[2]/*[1]	TEI/text/body/listBibl/msDesc/msContents/msItem/locus	(absent)					1	BOTH_EMPTY: no @from, @to or text content
270	/*/*[2]/*/*/*/*[2]/*[2]/*[1]	TEI/text/body/listBibl/msDesc/msContents/msItem/locus	(absent)					1	BOTH_EMPTY: no @from, @to or text content
271	/*/*[2]/*/*/*/*[2]/*[2]/*[1]	TEI/text/body/listBibl/msDesc/msContents/msItem/locus	(absent)					1	BOTH_EMPTY: no @from, @to or text content
272	/*/*[2]/*/*/*/*[2]/*[2]/*[1]	TEI/text/body/listBibl/msDesc/msContents/msItem/locus	(absent)					1	BOTH_EMPTY: no @from, @to or text content
273	/*/*[2]/*/*/*/*[2]/*[2]/*[1]	TEI/text/body/listBibl/msDesc/msContents/msItem/locus	(absent)					1	BOTH_EMPTY: no @from, @to or text content
274	/*/*[2]/*/*/*/*[2]/*[2]/*[1]	TEI/text/body/listBibl/msDesc/msContents/msItem/locus	(absent)					1	BOTH_EMPTY: no @from, @to or text content
275	/*/*[2]/*/*/*/*[2]/*[2]/*[1]	TEI/text/body/listBibl/msDesc/msContents/msItem/locus	(absent)					1	BOTH_EMPTY: no @from, @to or text content
276	/*/*[2]/*/*/*/*[2]/*[2]/*[1]	TEI/text/body/listBibl/msDesc/msContents/msItem/locus	(absent)					1	BOTH_EMPTY: no @from, @to or text content
277	/*/*[2]/*/*/*/*[2]/*[2]/*[1]	TEI/text/body/listBibl/msDesc/msContents/msItem/locus	(absent)					1	BOTH_EMPTY: no @from, @to or text content
278	/*/*[2]/*/*/*/*[2]/*[2]/*[1]	TEI/text/body/listBibl/msDesc/msContents/msItem/locus	(absent)					1	BOTH_EMPTY: no @from, @to or text content
279	/*/*[2]/*/*/*/*[2]/*[2]/*[1]	TEI/text/body/listBibl/msDesc/msContents/msItem/locus	(absent)					1	BOTH_EMPTY: no @from, @to or text content
28	/*/*[2]/*/*/*/*[2]/*[2]/*[1]	TEI/text/body/listBibl/msDesc/msContents/msItem/locus	(absent)					1	BOTH_EMPTY: no @from, @to or text content
280	/*/*[2]/*/*/*/*[2]/*[2]/*[1]	TEI/text/body/listBibl/msDesc/msContents/msItem/locus	(absent)					1	BOTH_EMPTY: no @from, @to or text content
281	/*/*[2]/*/*/*/*[2]/*[2]/*[1]	TEI/text/body/listBibl/msDesc/msContents/msItem/locus	(absent)					1	BOTH_EMPTY: no @from, @to or text content
282	/*/*[2]/*/*/*/*[2]/*[2]/*[1]	TEI/text/body/listBibl/msDesc/msContents/msItem/locus	(absent)					1	BOTH_EMPTY: no @from, @to or text content
283	/*/*[2]/*/*/*/*[2]/*[2]/*[1]	TEI/text/body/listBibl/msDesc/msContents/msItem/locus	(absent)					1	BOTH_EMPTY: no @from, @to or text content
284	/*/*[2]/*/*/*/*[2]/*[2]/*[1]	TEI/text/body/listBibl/msDesc/msContents/msItem/locus	(absent)					1	BOTH_EMPTY: no @from, @to or text content
285	/*/*[2]/*/*/*/*[2]/*[2]/*[1]	TEI/text/body/listBibl/msDesc/msContents/msItem/locus	(absent)					1	BOTH_EMPTY: no @from, @to or text content
286	/*/*[2]/*/*/*/*[2]/*[2]/*[1]	TEI/text/body/listBibl/msDesc/msContents/msItem/locus	(absent)					1	BOTH_EMPTY: no @from, @to or text content
287	/*/*[2]/*/*/*/*[2]/*[2]/*[1]	TEI/text/body/listBibl/msDesc/msContents/msItem/locus	(absent)					1	BOTH_EMPTY: no @from, @to or text content
288	/*/*[2]/*/*/*/*[2]/*[2]/*[1]	TEI/text/body/listBibl/msDesc/msContents/msItem/locus	(absent)					1	BOTH_EMPTY: no @from, @to or text content
289	/*/*[2]/*/*/*/*[2]/*[2]/*[1]	TEI/text/body/listBibl/msDesc/msContents/msItem/locus	(absent)					1	BOTH_EMPTY: no @from, @to or text content
29	/*/*[2]/*/*/*/*[2]/*[2]/*[1]	TEI/text/body/listBibl/msDesc/msContents/msItem/locus	(absent)					1	BOTH_EMPTY: no @from, @to or text content
290	/*/*[2]/*/*/*/*[2]/*[2]/*[1]	TEI/text/body/listBibl/msDesc/msContents/msItem/locus	(absent)					1	BOTH_EMPTY: no @from, @to or text content
291	/*/*[2]/*/*/*/*[2]/*[2]/*[1]	TEI/text/body/listBibl/msDesc/msContents/msItem/locus	(absent)					1	BOTH_EMPTY: no @from, @to or text content
292	/*/*[2]/*/*/*/*[2]/*[2]/*[1]	TEI/text/body/listBibl/msDesc/msContents/msItem/locus	(absent)					1	BOTH_EMPTY: no @from, @to or text content
293	/*/*[2]/*/*/*/*[2]/*[2]/*[1]	TEI/text/body/listBibl/msDesc/msContents/msItem/locus	(absent)					1	BOTH_EMPTY: no @from, @to or text content
294	/*/*[2]/*/*/*/*[2]/*[2]/*[1]	TEI/text/body/listBibl/msDesc/msContents/msItem/locus	(absent)					1	BOTH_EMPTY: no @from, @to or text content
295	/*/*[2]/*/*/*/*[2]/*[2]/*[1]	TEI/text/body/listBibl/msDesc/msContents/msItem/locus	(absent)					1	BOTH_EMPTY: no @from, @to or text content
296	/*/*[2]/*/*/*/*[2]/*[2]/*[1]	TEI/text/body/listBibl/msDesc/msContents/msItem/locus	(absent)					1	BOTH_EMPTY: no @from, @to or text content
297	/*/*[2]/*/*/*/*[2]/*[2]/*[1]	TEI/text/body/listBibl/msDesc/msContents/msItem/locus	(absent)					1	BOTH_EMPTY: no @from, @to or text content
298	/*/*[2]/*/*/*/*[2]/*[2]/*[1]	TEI/text/body/listBibl/msDesc/msContents/msItem/locus	(absent)					1	BOTH_EMPTY: no @from, @to or text content
299	/*/*[2]/*/*/*/*[2]/*[2]/*[1]	TEI/text/body/listBibl/msDesc/msContents/msItem/locus	(absent)					1	BOTH_EMPTY: no @from, @to or text content
3	/*/*[2]/*/*/*/*[2]/*[2]/*[1]	TEI/text/body/listBibl/msDesc/msContents/msItem/locus	(absent)					1	BOTH_EMPTY: no @from, @to or text content
30	/*/*[2]/*/*/*/*[2]/*[2]/*[1]	TEI/text/body/listBibl/msDesc/msContents/msItem/locus	(absent)					1	BOTH_EMPTY: no @from, @to or text content
300	/*/*[2]/*/*/*/*[2]/*[2]/*[1]	TEI/text/body/listBibl/msDesc/msContents/msItem/locus	(absent)					1	BOTH_EMPTY: no @from, @to or text content
301	/*/*[2]/*/*/*/*[2]/*[2]/*[1]	TEI/text/body/listBibl/msDesc/msContents/msItem/locus	(absent)					1	BOTH_EMPTY: no @from, @to or text content
302	/*/*[2]/*/*/*/*[2]/*[2]/*[1]	TEI/text/body/listBibl/msDesc/msContents/msItem/locus	(absent)					1	BOTH_EMPTY: no @from, @to or text content
303	/*/*[2]/*/*/*/*[2]/*[2]/*[1]	TEI/text/body/listBibl/msDesc/msContents/msItem/locus	(absent)					1	BOTH_EMPTY: no @from, @to or text content
304	/*/*[2]/*/*/*/*[2]/*[2]/*[1]	TEI/text/body/listBibl/msDesc/msContents/msItem/locus	(absent)					1	BOTH_EMPTY: no @from, @to or text content
305	/*/*[2]/*/*/*/*[2]/*[2]/*[1]	TEI/text/body/listBibl/msDesc/msContents/msItem/locus	(absent)	1r	3v			0	
306	/*/*[2]/*/*/*/*[2]/*[3]/*[1]	TEI/text/body/listBibl/msDesc/msContents/msItem/locus	(absent)	68r-v, 105r	160v			1	RANGE_PACKED_IN_FROM: @from '68r-v, 105r' looks like a range; split into @from/@to
307	/*/*[2]/*/*/*/*[2]/*[2]/*[1]	TEI/text/body/listBibl/msDesc/msContents/msItem/locus	(absent)					1	BOTH_EMPTY: no @from, @to or text content
308	/*/*[2]/*/*/*/*[2]/*[2]/*[1]	TEI/text/body/listBibl/msDesc/msContents/msItem/locus	(absent)	1r	1v			0	
309	/*/*[2]/*/*/*/*[2]/*[2]/*[1]	TEI/text/body/listBibl/msDesc/msContents/msItem/locus	(absent)	1	2r			1	SIDE_INCONSISTENT: endpoints mix sided/unsided refs (1/2r); normalise both (e.g. 1 -> 1r)
309	/*/*[2]/*/*/*/*[2]/*[3]/*[1]	TEI/text/body/listBibl/msDesc/msContents/msItem/locus	(absent)	3r	(absent)			1	OPEN_ENDED: has @from but empty/absent @to (confirm single folio)
31	/*/*[2]/*/*/*/*[2]/*[2]/*[1]	TEI/text/body/listBibl/msDesc/msContents/msItem/locus	(absent)					1	BOTH_EMPTY: no @from, @to or text content
310	/*/*[2]/*/*/*/*[2]/*[2]/*[1]	TEI/text/body/listBibl/msDesc/msContents/msItem/locus	(absent)					1	BOTH_EMPTY: no @from, @to or text content
311	/*/*[2]/*/*/*/*[2]/*[2]/*[1]	TEI/text/body/listBibl/msDesc/msContents/msItem/locus	(absent)	1r	1v			0	
312	/*/*[2]/*/*/*/*[2]/*[2]/*[1]	TEI/text/body/listBibl/msDesc/msContents/msItem/locus	(absent)					1	BOTH_EMPTY: no @from, @to or text content
313	/*/*[2]/*/*/*/*[2]/*[2]/*[1]	TEI/text/body/listBibl/msDesc/msContents/msItem/locus	(absent)	1r	1v			0	
314	/*/*[2]/*/*/*/*[2]/*[2]/*[1]	TEI/text/body/listBibl/msDesc/msContents/msItem/locus	(absent)	12	(absent)			1	OPEN_ENDED: has @from but empty/absent @to (confirm single folio)
315	/*/*[2]/*/*/*/*[2]/*[2]/*[1]	TEI/text/body/listBibl/msDesc/msContents/msItem/locus	(absent)	101	105			0	
316	/*/*[2]/*/*/*/*[2]/*[2]/*[1]	TEI/text/body/listBibl/msDesc/msContents/msItem/locus	(absent)	57r	64v			0	
316	/*/*[2]/*/*/*/*[2]/*[2]/*[2]	TEI/text/body/listBibl/msDesc/msContents/msItem/locus	(absent)	66r	v			0	
317	/*/*[2]/*/*/*/*[2]/*[2]/*[1]	TEI/text/body/listBibl/msDesc/msContents/msItem/locus	(absent)	7r	36v			0	
318	/*/*[2]/*/*/*/*[2]/*[2]/*[1]	TEI/text/body/listBibl/msDesc/msContents/msItem/locus	(absent)					1	BOTH_EMPTY: no @from, @to or text content
319	/*/*[2]/*/*/*/*[2]/*[2]/*[1]	TEI/text/body/listBibl/msDesc/msContents/msItem/locus	(absent)	1	204v			1	SIDE_INCONSISTENT: endpoints mix sided/unsided refs (1/204v); normalise both (e.g. 1 -> 1r)
319	/*/*[2]/*/*/*/*[2]/*[3]/*[1]	TEI/text/body/listBibl/msDesc/msContents/msItem/locus	(absent)	204v	205r			0	
32	/*/*[2]/*/*/*/*[2]/*[2]/*[1]	TEI/text/body/listBibl/msDesc/msContents/msItem/locus	(absent)					1	BOTH_EMPTY: no @from, @to or text content
320	/*/*[2]/*/*/*/*[2]/*[2]/*[1]	TEI/text/body/listBibl/msDesc/msContents/msItem/locus	(absent)					1	BOTH_EMPTY: no @from, @to or text content
321	/*/*[2]/*/*/*/*[2]/*[2]/*[1]	TEI/text/body/listBibl/msDesc/msContents/msItem/locus	(absent)					1	BOTH_EMPTY: no @from, @to or text content
322	/*/*[2]/*/*/*/*[2]/*[2]/*[1]	TEI/text/body/listBibl/msDesc/msContents/msItem/locus	(absent)					1	BOTH_EMPTY: no @from, @to or text content
322	/*/*[2]/*/*/*/*[2]/*[3]/*[1]	TEI/text/body/listBibl/msDesc/msContents/msItem/locus	(absent)					1	BOTH_EMPTY: no @from, @to or text content
322	/*/*[2]/*/*/*/*[2]/*[4]/*[1]	TEI/text/body/listBibl/msDesc/msContents/msItem/locus	(absent)					1	BOTH_EMPTY: no @from, @to or text content
323	/*/*[2]/*/*/*/*[2]/*[2]/*[1]	TEI/text/body/listBibl/msDesc/msContents/msItem/locus	(absent)					1	BOTH_EMPTY: no @from, @to or text content
324	/*/*[2]/*/*/*/*[2]/*[2]/*[1]	TEI/text/body/listBibl/msDesc/msContents/msItem/locus	(absent)	1	117v			1	SIDE_INCONSISTENT: endpoints mix sided/unsided refs (1/117v); normalise both (e.g. 1 -> 1r)
324	/*/*[2]/*/*/*/*[2]/*[3]/*[1]	TEI/text/body/listBibl/msDesc/msContents/msItem/locus	(absent)	110r	119v			0	
325	/*/*[2]/*/*/*/*[2]/*[2]/*[1]	TEI/text/body/listBibl/msDesc/msContents/msItem/locus	(absent)	1r	51v			0	
325	/*/*[2]/*/*/*/*[2]/*[2]/*[2]	TEI/text/body/listBibl/msDesc/msContents/msItem/locus	(absent)	80r	89v			0	
325	/*/*[2]/*/*/*/*[2]/*[2]/*[3]	TEI/text/body/listBibl/msDesc/msContents/msItem/locus	(absent)	111r	132v			0	
325	/*/*[2]/*/*/*/*[2]/*[2]/*[4]	TEI/text/body/listBibl/msDesc/msContents/msItem/locus	(absent)	134r	160v			0	
325	/*/*[2]/*/*/*/*[2]/*[3]/*[1]	TEI/text/body/listBibl/msDesc/msContents/msItem/locus	(absent)	54r	61v			0	
325	/*/*[2]/*/*/*/*[2]/*[4]/*[1]	TEI/text/body/listBibl/msDesc/msContents/msItem/locus	(absent)	52r	53v			0	
325	/*/*[2]/*/*/*/*[2]/*[4]/*[2]	TEI/text/body/listBibl/msDesc/msContents/msItem/locus	(absent)	90r	96v			0	
325	/*/*[2]/*/*/*/*[2]/*[5]/*[1]	TEI/text/body/listBibl/msDesc/msContents/msItem/locus	(absent)	62r	79v			0	
325	/*/*[2]/*/*/*/*[2]/*[5]/*[2]	TEI/text/body/listBibl/msDesc/msContents/msItem/locus	(absent)	(absent)	(absent)			1	BOTH_EMPTY: no @from, @to or text content
325	/*/*[2]/*/*/*/*[2]/*[6]/*[1]	TEI/text/body/listBibl/msDesc/msContents/msItem/locus	(absent)	97r	108v			0	
325	/*/*[2]/*/*/*/*[2]/*[6]/*[2]	TEI/text/body/listBibl/msDesc/msContents/msItem/locus	(absent)	133r	v			0	
325	/*/*[2]/*/*/*/*[2]/*[7]/*[1]	TEI/text/body/listBibl/msDesc/msContents/msItem/locus	(absent)	109r	v			0	
325	/*/*[2]/*/*/*/*[2]/*[8]/*[1]	TEI/text/body/listBibl/msDesc/msContents/msItem/locus	(absent)	110r	v			0	
326	/*/*[2]/*/*/*/*[2]/*[2]/*[1]	TEI/text/body/listBibl/msDesc/msContents/msItem/locus	(absent)	1r	79v			0	
326	/*/*[2]/*/*/*/*[2]/*[3]/*[1]	TEI/text/body/listBibl/msDesc/msContents/msItem/locus	(absent)	80r	81v			0	
327	/*/*[2]/*/*/*/*[2]/*[2]/*[1]	TEI/text/body/listBibl/msDesc/msContents/msItem/locus	(absent)	1r	339v			0	
328	/*/*[2]/*/*/*/*[2]/*[2]/*[1]	TEI/text/body/listBibl/msDesc/msContents/msItem/locus	(absent)	1r	165v			0	
329	/*/*[2]/*/*/*/*[2]/*[2]/*[1]	TEI/text/body/listBibl/msDesc/msContents/msItem/locus	(absent)	1r	313v			0	
33	/*/*[2]/*/*/*/*[2]/*[2]/*[1]	TEI/text/body/listBibl/msDesc/msContents/msItem/locus	(absent)					1	BOTH_EMPTY: no @from, @to or text content
330	/*/*[2]/*/*/*/*[2]/*[2]/*[1]	TEI/text/body/listBibl/msDesc/msContents/msItem/locus	(absent)	1v	10v			0	
330	/*/*[2]/*/*/*/*[2]/*[3]/*[1]	TEI/text/body/listBibl/msDesc/msContents/msItem/locus	(absent)	11r, top	(absent)			2	OPEN_ENDED: has @from but empty/absent @to (confirm single folio) | RANGE_PACKED_IN_FROM: @from '11r, top' looks like a range; split into @from/@to
330	/*/*[2]/*/*/*/*[2]/*[4]/*[1]	TEI/text/body/listBibl/msDesc/msContents/msItem/locus	(absent)	11r, bottom	14v			1	RANGE_PACKED_IN_FROM: @from '11r, bottom' looks like a range; split into @from/@to
331	/*/*[2]/*/*/*/*[2]/*[2]/*[1]	TEI/text/body/listBibl/msDesc/msContents/msItem/locus	(absent)	1r	2v			0	
332	/*/*[2]/*/*/*/*[2]/*[2]/*[1]	TEI/text/body/listBibl/msDesc/msContents/msItem/locus	(absent)	1r	219v			0	
333	/*/*[2]/*/*/*/*[2]/*[2]/*[1]	TEI/text/body/listBibl/msDesc/msContents/msItem/locus	(absent)	1r	19v			0	
333	/*/*[2]/*/*/*/*[2]/*[2]/*[2]	TEI/text/body/listBibl/msDesc/msContents/msItem/locus	(absent)	24r	33v			0	
333	/*/*[2]/*/*/*/*[2]/*[2]/*[3]	TEI/text/body/listBibl/msDesc/msContents/msItem/locus	(absent)	66r	90v			0	
333	/*/*[2]/*/*/*/*[2]/*[3]/*[1]	TEI/text/body/listBibl/msDesc/msContents/msItem/locus	(absent)	20r	23v			0	
333	/*/*[2]/*/*/*/*[2]/*[3]/*[2]	TEI/text/body/listBibl/msDesc/msContents/msItem/locus	(absent)	34r	39v			0	
333	/*/*[2]/*/*/*/*[2]/*[3]/*[3]	TEI/text/body/listBibl/msDesc/msContents/msItem/locus	(absent)	42r	43v			0	
333	/*/*[2]/*/*/*/*[2]/*[3]/*[4]	TEI/text/body/listBibl/msDesc/msContents/msItem/locus	(absent)	49r	57v			0	
333	/*/*[2]/*/*/*/*[2]/*[4]/*[1]	TEI/text/body/listBibl/msDesc/msContents/msItem/locus	(absent)	40r	41v			0	
333	/*/*[2]/*/*/*/*[2]/*[5]/*[1]	TEI/text/body/listBibl/msDesc/msContents/msItem/locus	(absent)	44r	48v			0	
333	/*/*[2]/*/*/*/*[2]/*[5]/*[2]	TEI/text/body/listBibl/msDesc/msContents/msItem/locus	(absent)	58r	65v			0	
334	/*/*[2]/*/*/*/*[2]/*[2]/*[1]	TEI/text/body/listBibl/msDesc/msContents/msItem/locus	(absent)	1r	42v			0	
335	/*/*[2]/*/*/*/*[2]/*[2]/*[1]	TEI/text/body/listBibl/msDesc/msContents/msItem/locus	(absent)	1r	1v			0	
335	/*/*[2]/*/*/*/*[2]/*[2]/*[2]	TEI/text/body/listBibl/msDesc/msContents/msItem/locus	(absent)	3r	12v			0	
336	/*/*[2]/*/*/*/*[2]/*[2]/*[1]	TEI/text/body/listBibl/msDesc/msContents/msItem/locus	(absent)	1r	4v			0	
337	/*/*[2]/*/*/*/*[2]/*[2]/*[1]	TEI/text/body/listBibl/msDesc/msContents/msItem/locus	(absent)					1	BOTH_EMPTY: no @from, @to or text content
338	/*/*[2]/*/*/*/*[2]/*[2]/*[1]	TEI/text/body/listBibl/msDesc/msContents/msItem/locus	(absent)	1	8			0	
338	/*/*[2]/*/*/*/*[2]/*[3]/*[1]	TEI/text/body/listBibl/msDesc/msContents/msItem/locus	(absent)	9	29			0	
339	/*/*[2]/*/*/*/*[2]/*[2]/*[1]	TEI/text/body/listBibl/msDesc/msContents/msItem/locus	(absent)					1	BOTH_EMPTY: no @from, @to or text content
34	/*/*[2]/*/*/*/*[2]/*[2]/*[1]	TEI/text/body/listBibl/msDesc/msContents/msItem/locus	(absent)					1	BOTH_EMPTY: no @from, @to or text content
340	/*/*[2]/*/*/*/*[2]/*[2]/*[1]	TEI/text/body/listBibl/msDesc/msContents/msItem/locus	(absent)	1r	100v			0	
341	/*/*[2]/*/*/*/*[2]/*[2]/*[1]	TEI/text/body/listBibl/msDesc/msContents/msItem/locus	(absent)	1r	2v			0	
342	/*/*[2]/*/*/*/*[2]/*[2]/*[1]	TEI/text/body/listBibl/msDesc/msContents/msItem/locus	(absent)	1r	1v			0	
343	/*/*[2]/*/*/*/*[2]/*[2]/*[1]	TEI/text/body/listBibl/msDesc/msContents/msItem/locus	(absent)	1r	76v			0	
344	/*/*[2]/*/*/*/*[2]/*[2]/*[1]	TEI/text/body/listBibl/msDesc/msContents/msItem/locus	(absent)					1	BOTH_EMPTY: no @from, @to or text content
345	/*/*[2]/*/*/*/*[2]/*[2]/*[1]	TEI/text/body/listBibl/msDesc/msContents/msItem/locus	(absent)	1r	3v			0	
346	/*/*[2]/*/*/*/*[2]/*[2]/*[1]	TEI/text/body/listBibl/msDesc/msContents/msItem/locus	(absent)	1r	92v			0	
346	/*/*[2]/*/*/*/*[2]/*[2]/*[2]	TEI/text/body/listBibl/msDesc/msContents/msItem/locus	(absent)	100r	(absent)			1	OPEN_ENDED: has @from but empty/absent @to (confirm single folio)
346	/*/*[2]/*/*/*/*[2]/*[3]/*[1]	TEI/text/body/listBibl/msDesc/msContents/msItem/locus	(absent)	93r	99v			0	
346	/*/*[2]/*/*/*/*[2]/*[3]/*[2]	TEI/text/body/listBibl/msDesc/msContents/msItem/locus	(absent)	100v	(absent)			1	OPEN_ENDED: has @from but empty/absent @to (confirm single folio)
347	/*/*[2]/*/*/*/*[2]/*[2]/*[1]	TEI/text/body/listBibl/msDesc/msContents/msItem/locus	(absent)					1	BOTH_EMPTY: no @from, @to or text content
348	/*/*[2]/*/*/*/*[2]/*[2]/*[1]	TEI/text/body/listBibl/msDesc/msContents/msItem/locus	(absent)					1	BOTH_EMPTY: no @from, @to or text content
349	/*/*[2]/*/*/*/*[2]/*[2]/*[1]	TEI/text/body/listBibl/msDesc/msContents/msItem/locus	(absent)					1	BOTH_EMPTY: no @from, @to or text content
35	/*/*[2]/*/*/*/*[2]/*[2]/*[1]	TEI/text/body/listBibl/msDesc/msContents/msItem/locus	(absent)					1	BOTH_EMPTY: no @from, @to or text content
350	/*/*[2]/*/*/*/*[2]/*[2]/*[1]	TEI/text/body/listBibl/msDesc/msContents/msItem/locus	(absent)					1	BOTH_EMPTY: no @from, @to or text content
351	/*/*[2]/*/*/*/*[2]/*[2]/*[1]	TEI/text/body/listBibl/msDesc/msContents/msItem/locus	(absent)					1	BOTH_EMPTY: no @from, @to or text content
353	/*/*[2]/*/*/*/*[2]/*[2]/*[1]	TEI/text/body/listBibl/msDesc/msContents/msItem/locus	(absent)	1r	114v			0	
354	/*/*[2]/*/*/*/*[2]/*[2]/*[1]	TEI/text/body/listBibl/msDesc/msContents/msItem/locus	(absent)	1r	162v			0	
355	/*/*[2]/*/*/*/*[2]/*[2]/*[1]	TEI/text/body/listBibl/msDesc/msContents/msItem/locus	(absent)	1r	3v			0	
356	/*/*[2]/*/*/*/*[2]/*[2]/*[1]	TEI/text/body/listBibl/msDesc/msContents/msItem/locus	(absent)	1	92			0	
357	/*/*[2]/*/*/*/*[2]/*[2]/*[1]	TEI/text/body/listBibl/msDesc/msContents/msItem/locus	(absent)	1r	14v			0	
358	/*/*[2]/*/*/*/*[2]/*[2]/*[1]	TEI/text/body/listBibl/msDesc/msContents/msItem/locus	(absent)	1r	75v			0	
359	/*/*[2]/*/*/*/*[2]/*[2]/*[1]	TEI/text/body/listBibl/msDesc/msContents/msItem/locus	(absent)	1r	2v			0	
359	/*/*[2]/*/*/*/*[2]/*[3]/*[1]	TEI/text/body/listBibl/msDesc/msContents/msItem/locus	(absent)	2v				1	OPEN_ENDED: has @from but empty/absent @to (confirm single folio)
36	/*/*[2]/*/*/*/*[2]/*[2]/*[1]	TEI/text/body/listBibl/msDesc/msContents/msItem/locus	(absent)					1	BOTH_EMPTY: no @from, @to or text content
360	/*/*[2]/*/*/*/*[2]/*[2]/*[1]	TEI/text/body/listBibl/msDesc/msContents/msItem/locus	(absent)	1r	36v			0	
361	/*/*[2]/*/*/*/*[2]/*[2]/*[1]	TEI/text/body/listBibl/msDesc/msContents/msItem/locus	(absent)	1r	138v			0	
362	/*/*[2]/*/*/*/*[2]/*[2]/*[1]	TEI/text/body/listBibl/msDesc/msContents/msItem/locus	(absent)	1r	27v			0	
363	/*/*[2]/*/*/*/*[2]/*[2]/*[1]	TEI/text/body/listBibl/msDesc/msContents/msItem/locus	(absent)	1r				1	OPEN_ENDED: has @from but empty/absent @to (confirm single folio)
364	/*/*[2]/*/*/*/*[2]/*[2]/*[1]	TEI/text/body/listBibl/msDesc/msContents/msItem/locus	(absent)	1r	1v			0	
365	/*/*[2]/*/*/*/*[2]/*[2]/*[1]	TEI/text/body/listBibl/msDesc/msContents/msItem/locus	(absent)	1r	8v			0	
366	/*/*[2]/*/*/*/*[2]/*[2]/*[1]	TEI/text/body/listBibl/msDesc/msContents/msItem/locus	(absent)	1r	4v			0	
366	/*/*[2]/*/*/*/*[2]/*[2]/*[2]	TEI/text/body/listBibl/msDesc/msContents/msItem/locus	(absent)	6r	28v			0	
367	/*/*[2]/*/*/*/*[2]/*[2]/*[1]	TEI/text/body/listBibl/msDesc/msContents/msItem/locus	(absent)					1	BOTH_EMPTY: no @from, @to or text content
368	/*/*[2]/*/*/*/*[2]/*[2]/*[1]	TEI/text/body/listBibl/msDesc/msContents/msItem/locus	(absent)					1	BOTH_EMPTY: no @from, @to or text content
369	/*/*[2]/*/*/*/*[2]/*[2]/*[1]	TEI/text/body/listBibl/msDesc/msContents/msItem/locus	(absent)					1	BOTH_EMPTY: no @from, @to or text content
37	/*/*[2]/*/*/*/*[2]/*[2]/*[1]	TEI/text/body/listBibl/msDesc/msContents/msItem/locus	(absent)					1	BOTH_EMPTY: no @from, @to or text content
370	/*/*[2]/*/*/*/*[2]/*[2]/*[1]	TEI/text/body/listBibl/msDesc/msContents/msItem/locus	(absent)					1	BOTH_EMPTY: no @from, @to or text content
371	/*/*[2]/*/*/*/*[2]/*[2]/*[1]	TEI/text/body/listBibl/msDesc/msContents/msItem/locus	(absent)					1	BOTH_EMPTY: no @from, @to or text content
372	/*/*[2]/*/*/*/*[2]/*[2]/*[1]	TEI/text/body/listBibl/msDesc/msContents/msItem/locus	(absent)					1	BOTH_EMPTY: no @from, @to or text content
373	/*/*[2]/*/*/*/*[2]/*[2]/*[1]	TEI/text/body/listBibl/msDesc/msContents/msItem/locus	(absent)					1	BOTH_EMPTY: no @from, @to or text content
374	/*/*[2]/*/*/*/*[2]/*[2]/*[1]	TEI/text/body/listBibl/msDesc/msContents/msItem/locus	(absent)					1	BOTH_EMPTY: no @from, @to or text content
375	/*/*[2]/*/*/*/*[2]/*[2]/*[1]	TEI/text/body/listBibl/msDesc/msContents/msItem/locus	(absent)					1	BOTH_EMPTY: no @from, @to or text content
376	/*/*[2]/*/*/*/*[2]/*[2]/*[1]	TEI/text/body/listBibl/msDesc/msContents/msItem/locus	(absent)					1	BOTH_EMPTY: no @from, @to or text content
377	/*/*[2]/*/*/*/*[2]/*[2]/*[1]	TEI/text/body/listBibl/msDesc/msContents/msItem/locus	(absent)					1	BOTH_EMPTY: no @from, @to or text content
378	/*/*[2]/*/*/*/*[2]/*[2]/*[1]	TEI/text/body/listBibl/msDesc/msContents/msItem/locus	(absent)					1	BOTH_EMPTY: no @from, @to or text content
379	/*/*[2]/*/*/*/*[2]/*[2]/*[1]	TEI/text/body/listBibl/msDesc/msContents/msItem/locus	(absent)					1	BOTH_EMPTY: no @from, @to or text content
38	/*/*[2]/*/*/*/*[2]/*[2]/*[1]	TEI/text/body/listBibl/msDesc/msContents/msItem/locus	(absent)					1	BOTH_EMPTY: no @from, @to or text content
380	/*/*[2]/*/*/*/*[2]/*[2]/*[1]	TEI/text/body/listBibl/msDesc/msContents/msItem/locus	(absent)					1	BOTH_EMPTY: no @from, @to or text content
381	/*/*[2]/*/*/*/*[2]/*[2]/*[1]	TEI/text/body/listBibl/msDesc/msContents/msItem/locus	(absent)					1	BOTH_EMPTY: no @from, @to or text content
382	/*/*[2]/*/*/*/*[2]/*[2]/*[1]	TEI/text/body/listBibl/msDesc/msContents/msItem/locus	(absent)					1	BOTH_EMPTY: no @from, @to or text content
383	/*/*[2]/*/*/*/*[2]/*[2]/*[1]	TEI/text/body/listBibl/msDesc/msContents/msItem/locus	(absent)					1	BOTH_EMPTY: no @from, @to or text content
384	/*/*[2]/*/*/*/*[2]/*[2]/*[1]	TEI/text/body/listBibl/msDesc/msContents/msItem/locus	(absent)					1	BOTH_EMPTY: no @from, @to or text content
385	/*/*[2]/*/*/*/*[2]/*[2]/*[1]	TEI/text/body/listBibl/msDesc/msContents/msItem/locus	(absent)					1	BOTH_EMPTY: no @from, @to or text content
386	/*/*[2]/*/*/*/*[2]/*[2]/*[1]	TEI/text/body/listBibl/msDesc/msContents/msItem/locus	(absent)					1	BOTH_EMPTY: no @from, @to or text content
387	/*/*[2]/*/*/*/*[2]/*[2]/*[1]	TEI/text/body/listBibl/msDesc/msContents/msItem/locus	(absent)					1	BOTH_EMPTY: no @from, @to or text content
388	/*/*[2]/*/*/*/*[2]/*[2]/*[1]	TEI/text/body/listBibl/msDesc/msContents/msItem/locus	(absent)					1	BOTH_EMPTY: no @from, @to or text content
389	/*/*[2]/*/*/*/*[2]/*[2]/*[1]	TEI/text/body/listBibl/msDesc/msContents/msItem/locus	(absent)					1	BOTH_EMPTY: no @from, @to or text content
39	/*/*[2]/*/*/*/*[2]/*[2]/*[1]	TEI/text/body/listBibl/msDesc/msContents/msItem/locus	(absent)					1	BOTH_EMPTY: no @from, @to or text content
390	/*/*[2]/*/*/*/*[2]/*[2]/*[1]	TEI/text/body/listBibl/msDesc/msContents/msItem/locus	(absent)					1	BOTH_EMPTY: no @from, @to or text content
391	/*/*[2]/*/*/*/*[2]/*[2]/*[1]	TEI/text/body/listBibl/msDesc/msContents/msItem/locus	(absent)					1	BOTH_EMPTY: no @from, @to or text content
392	/*/*[2]/*/*/*/*[2]/*[2]/*[1]	TEI/text/body/listBibl/msDesc/msContents/msItem/locus	(absent)					1	BOTH_EMPTY: no @from, @to or text content
393	/*/*[2]/*/*/*/*[2]/*[2]/*[1]	TEI/text/body/listBibl/msDesc/msContents/msItem/locus	(absent)					1	BOTH_EMPTY: no @from, @to or text content
394	/*/*[2]/*/*/*/*[2]/*[2]/*[1]	TEI/text/body/listBibl/msDesc/msContents/msItem/locus	(absent)					1	BOTH_EMPTY: no @from, @to or text content
395	/*/*[2]/*/*/*/*[2]/*[2]/*[1]	TEI/text/body/listBibl/msDesc/msContents/msItem/locus	(absent)					1	BOTH_EMPTY: no @from, @to or text content
396	/*/*[2]/*/*/*/*[2]/*[2]/*[1]	TEI/text/body/listBibl/msDesc/msContents/msItem/locus	(absent)					1	BOTH_EMPTY: no @from, @to or text content
397	/*/*[2]/*/*/*/*[2]/*[2]/*[1]	TEI/text/body/listBibl/msDesc/msContents/msItem/locus	(absent)					1	BOTH_EMPTY: no @from, @to or text content
398	/*/*[2]/*/*/*/*[2]/*[2]/*[1]	TEI/text/body/listBibl/msDesc/msContents/msItem/locus	(absent)					1	BOTH_EMPTY: no @from, @to or text content
399	/*/*[2]/*/*/*/*[2]/*[2]/*[1]	TEI/text/body/listBibl/msDesc/msContents/msItem/locus	(absent)					1	BOTH_EMPTY: no @from, @to or text content
4	/*/*[2]/*/*/*/*[2]/*[2]/*[1]	TEI/text/body/listBibl/msDesc/msContents/msItem/locus	(absent)					1	BOTH_EMPTY: no @from, @to or text content
40	/*/*[2]/*/*/*/*[2]/*[2]/*[1]	TEI/text/body/listBibl/msDesc/msContents/msItem/locus	(absent)					1	BOTH_EMPTY: no @from, @to or text content
400	/*/*[2]/*/*/*/*[2]/*[2]/*[1]	TEI/text/body/listBibl/msDesc/msContents/msItem/locus	(absent)					1	BOTH_EMPTY: no @from, @to or text content
401	/*/*[2]/*/*/*/*[2]/*[2]/*[1]	TEI/text/body/listBibl/msDesc/msContents/msItem/locus	(absent)					1	BOTH_EMPTY: no @from, @to or text content
402	/*/*[2]/*/*/*/*[2]/*[2]/*[1]	TEI/text/body/listBibl/msDesc/msContents/msItem/locus	(absent)					1	BOTH_EMPTY: no @from, @to or text content
403	/*/*[2]/*/*/*/*[2]/*[2]/*[1]	TEI/text/body/listBibl/msDesc/msContents/msItem/locus	(absent)					1	BOTH_EMPTY: no @from, @to or text content
405	/*/*[2]/*/*/*/*[2]/*[2]/*[1]	TEI/text/body/listBibl/msDesc/msContents/msItem/locus	(absent)					1	BOTH_EMPTY: no @from, @to or text content
406	/*/*[2]/*/*/*/*[2]/*[2]/*[1]	TEI/text/body/listBibl/msDesc/msContents/msItem/locus	(absent)					1	BOTH_EMPTY: no @from, @to or text content
407	/*/*[2]/*/*/*/*[2]/*[2]/*[1]	TEI/text/body/listBibl/msDesc/msContents/msItem/locus	(absent)					1	BOTH_EMPTY: no @from, @to or text content
408	/*/*[2]/*/*/*/*[2]/*[2]/*[1]	TEI/text/body/listBibl/msDesc/msContents/msItem/locus	(absent)					1	BOTH_EMPTY: no @from, @to or text content
409	/*/*[2]/*/*/*/*[2]/*[2]/*[1]	TEI/text/body/listBibl/msDesc/msContents/msItem/locus	(absent)					1	BOTH_EMPTY: no @from, @to or text content
41	/*/*[2]/*/*/*/*[2]/*[2]/*[1]	TEI/text/body/listBibl/msDesc/msContents/msItem/locus	(absent)					1	BOTH_EMPTY: no @from, @to or text content
410	/*/*[2]/*/*/*/*[2]/*[2]/*[1]	TEI/text/body/listBibl/msDesc/msContents/msItem/locus	(absent)					1	BOTH_EMPTY: no @from, @to or text content
411	/*/*[2]/*/*/*/*[2]/*[2]/*[2]	TEI/text/body/listBibl/msDesc/msContents/msItem/locus	(absent)	1r	4v			0	
412	/*/*[2]/*/*/*/*[2]/*[2]/*[1]	TEI/text/body/listBibl/msDesc/msContents/msItem/locus	(absent)					1	BOTH_EMPTY: no @from, @to or text content
413	/*/*[2]/*/*/*/*[2]/*[2]/*[1]	TEI/text/body/listBibl/msDesc/msContents/msItem/locus	(absent)					1	BOTH_EMPTY: no @from, @to or text content
414	/*/*[2]/*/*/*/*[2]/*[2]/*[1]	TEI/text/body/listBibl/msDesc/msContents/msItem/locus	(absent)					1	BOTH_EMPTY: no @from, @to or text content
415	/*/*[2]/*/*/*/*[2]/*[2]/*[1]	TEI/text/body/listBibl/msDesc/msContents/msItem/locus	(absent)					1	BOTH_EMPTY: no @from, @to or text content
416	/*/*[2]/*/*/*/*[2]/*[2]/*[1]	TEI/text/body/listBibl/msDesc/msContents/msItem/locus	(absent)					1	BOTH_EMPTY: no @from, @to or text content
417	/*/*[2]/*/*/*/*[2]/*[2]/*[1]	TEI/text/body/listBibl/msDesc/msContents/msItem/locus	(absent)					1	BOTH_EMPTY: no @from, @to or text content
418	/*/*[2]/*/*/*/*[2]/*[2]/*[1]	TEI/text/body/listBibl/msDesc/msContents/msItem/locus	(absent)					1	BOTH_EMPTY: no @from, @to or text content
419	/*/*[2]/*/*/*/*[2]/*[2]/*[1]	TEI/text/body/listBibl/msDesc/msContents/msItem/locus	(absent)					1	BOTH_EMPTY: no @from, @to or text content
42	/*/*[2]/*/*/*/*[2]/*[2]/*[1]	TEI/text/body/listBibl/msDesc/msContents/msItem/locus	(absent)					1	BOTH_EMPTY: no @from, @to or text content
420	/*/*[2]/*/*/*/*[2]/*[2]/*[1]	TEI/text/body/listBibl/msDesc/msContents/msItem/locus	(absent)					1	BOTH_EMPTY: no @from, @to or text content
421	/*/*[2]/*/*/*/*[2]/*[2]/*[1]	TEI/text/body/listBibl/msDesc/msContents/msItem/locus	(absent)					1	BOTH_EMPTY: no @from, @to or text content
422	/*/*[2]/*/*/*/*[2]/*[2]/*[1]	TEI/text/body/listBibl/msDesc/msContents/msItem/locus	(absent)	1r	9v			0	
423	/*/*[2]/*/*/*/*[2]/*[2]/*[1]	TEI/text/body/listBibl/msDesc/msContents/msItem/locus	(absent)					1	BOTH_EMPTY: no @from, @to or text content
424	/*/*[2]/*/*/*/*[2]/*[2]/*[1]	TEI/text/body/listBibl/msDesc/msContents/msItem/locus	(absent)					1	BOTH_EMPTY: no @from, @to or text content
425	/*/*[2]/*/*/*/*[2]/*[2]/*[1]	TEI/text/body/listBibl/msDesc/msContents/msItem/locus	(absent)					1	BOTH_EMPTY: no @from, @to or text content
426	/*/*[2]/*/*/*/*[2]/*[2]/*[1]	TEI/text/body/listBibl/msDesc/msContents/msItem/locus	(absent)					1	BOTH_EMPTY: no @from, @to or text content
428	/*/*[2]/*/*/*/*[2]/*[2]/*[1]	TEI/text/body/listBibl/msDesc/msContents/msItem/locus	(absent)					1	BOTH_EMPTY: no @from, @to or text content
429	/*/*[2]/*/*/*/*[2]/*[2]/*[1]	TEI/text/body/listBibl/msDesc/msContents/msItem/locus	(absent)					1	BOTH_EMPTY: no @from, @to or text content
43	/*/*[2]/*/*/*/*[2]/*[2]/*[1]	TEI/text/body/listBibl/msDesc/msContents/msItem/locus	(absent)					1	BOTH_EMPTY: no @from, @to or text content
430	/*/*[2]/*/*/*/*[2]/*[2]/*[1]	TEI/text/body/listBibl/msDesc/msContents/msItem/locus	(absent)					1	BOTH_EMPTY: no @from, @to or text content
431	/*/*[2]/*/*/*/*[2]/*[2]/*[1]	TEI/text/body/listBibl/msDesc/msContents/msItem/locus	(absent)					1	BOTH_EMPTY: no @from, @to or text content
432	/*/*[2]/*/*/*/*[2]/*[2]/*[1]	TEI/text/body/listBibl/msDesc/msContents/msItem/locus	(absent)					1	BOTH_EMPTY: no @from, @to or text content
434	/*/*[2]/*/*/*/*[2]/*[2]/*[1]	TEI/text/body/listBibl/msDesc/msContents/msItem/locus	(absent)					1	BOTH_EMPTY: no @from, @to or text content
435	/*/*[2]/*/*/*/*[2]/*[2]/*[1]	TEI/text/body/listBibl/msDesc/msContents/msItem/locus	(absent)					1	BOTH_EMPTY: no @from, @to or text content
436	/*/*[2]/*/*/*/*[2]/*[2]/*[1]	TEI/text/body/listBibl/msDesc/msContents/msItem/locus	(absent)					1	BOTH_EMPTY: no @from, @to or text content
437	/*/*[2]/*/*/*/*[2]/*[2]/*[1]	TEI/text/body/listBibl/msDesc/msContents/msItem/locus	(absent)					1	BOTH_EMPTY: no @from, @to or text content
439	/*/*[2]/*/*/*/*[2]/*[2]/*[1]	TEI/text/body/listBibl/msDesc/msContents/msItem/locus	(absent)					1	BOTH_EMPTY: no @from, @to or text content
44	/*/*[2]/*/*/*/*[2]/*[2]/*[1]	TEI/text/body/listBibl/msDesc/msContents/msItem/locus	(absent)					1	BOTH_EMPTY: no @from, @to or text content
440	/*/*[2]/*/*/*/*[2]/*[2]/*[1]	TEI/text/body/listBibl/msDesc/msContents/msItem/locus	(absent)					1	BOTH_EMPTY: no @from, @to or text content
441	/*/*[2]/*/*/*/*[2]/*[2]/*[1]	TEI/text/body/listBibl/msDesc/msContents/msItem/locus	(absent)					1	BOTH_EMPTY: no @from, @to or text content
442	/*/*[2]/*/*/*/*[2]/*[2]/*[1]	TEI/text/body/listBibl/msDesc/msContents/msItem/locus	(absent)					1	BOTH_EMPTY: no @from, @to or text content
443	/*/*[2]/*/*/*/*[2]/*[2]/*[1]	TEI/text/body/listBibl/msDesc/msContents/msItem/locus	(absent)					1	BOTH_EMPTY: no @from, @to or text content
445	/*/*[2]/*/*/*/*[2]/*[2]/*[1]	TEI/text/body/listBibl/msDesc/msContents/msItem/locus	(absent)					1	BOTH_EMPTY: no @from, @to or text content
446	/*/*[2]/*/*/*/*[2]/*[2]/*[1]	TEI/text/body/listBibl/msDesc/msContents/msItem/locus	(absent)					1	BOTH_EMPTY: no @from, @to or text content
448	/*/*[2]/*/*/*/*[2]/*[2]/*[1]	TEI/text/body/listBibl/msDesc/msContents/msItem/locus	(absent)					1	BOTH_EMPTY: no @from, @to or text content
449	/*/*[2]/*/*/*/*[2]/*[2]/*[1]	TEI/text/body/listBibl/msDesc/msContents/msItem/locus	(absent)					1	BOTH_EMPTY: no @from, @to or text content
45	/*/*[2]/*/*/*/*[2]/*[2]/*[1]	TEI/text/body/listBibl/msDesc/msContents/msItem/locus	(absent)					1	BOTH_EMPTY: no @from, @to or text content
451	/*/*[2]/*/*/*/*[2]/*[2]/*[1]	TEI/text/body/listBibl/msDesc/msContents/msItem/locus	(absent)					1	BOTH_EMPTY: no @from, @to or text content
452	/*/*[2]/*/*/*/*[2]/*[2]/*[1]	TEI/text/body/listBibl/msDesc/msContents/msItem/locus	(absent)					1	BOTH_EMPTY: no @from, @to or text content
454	/*/*[2]/*/*/*/*[2]/*[2]/*[1]	TEI/text/body/listBibl/msDesc/msContents/msItem/locus	(absent)					1	BOTH_EMPTY: no @from, @to or text content
455	/*/*[2]/*/*/*/*[2]/*[2]/*[1]	TEI/text/body/listBibl/msDesc/msContents/msItem/locus	(absent)					1	BOTH_EMPTY: no @from, @to or text content
456	/*/*[2]/*/*/*/*[2]/*[2]/*[1]	TEI/text/body/listBibl/msDesc/msContents/msItem/locus	(absent)					1	BOTH_EMPTY: no @from, @to or text content
457	/*/*[2]/*/*/*/*[2]/*[2]/*[1]	TEI/text/body/listBibl/msDesc/msContents/msItem/locus	(absent)					1	BOTH_EMPTY: no @from, @to or text content
458	/*/*[2]/*/*/*/*[2]/*[2]/*[1]	TEI/text/body/listBibl/msDesc/msContents/msItem/locus	(absent)					1	BOTH_EMPTY: no @from, @to or text content
459	/*/*[2]/*/*/*/*[2]/*[2]/*[1]	TEI/text/body/listBibl/msDesc/msContents/msItem/locus	(absent)					1	BOTH_EMPTY: no @from, @to or text content
46	/*/*[2]/*/*/*/*[2]/*[2]/*[1]	TEI/text/body/listBibl/msDesc/msContents/msItem/locus	(absent)					1	BOTH_EMPTY: no @from, @to or text content
460	/*/*[2]/*/*/*/*[2]/*[2]/*[1]	TEI/text/body/listBibl/msDesc/msContents/msItem/locus	(absent)					1	BOTH_EMPTY: no @from, @to or text content
461	/*/*[2]/*/*/*/*[2]/*[2]/*[1]	TEI/text/body/listBibl/msDesc/msContents/msItem/locus	(absent)					1	BOTH_EMPTY: no @from, @to or text content
462	/*/*[2]/*/*/*/*[2]/*[2]/*[1]	TEI/text/body/listBibl/msDesc/msContents/msItem/locus	(absent)					1	BOTH_EMPTY: no @from, @to or text content
463	/*/*[2]/*/*/*/*[2]/*[2]/*[1]	TEI/text/body/listBibl/msDesc/msContents/msItem/locus	(absent)					1	BOTH_EMPTY: no @from, @to or text content
464	/*/*[2]/*/*/*/*[2]/*[2]/*[1]	TEI/text/body/listBibl/msDesc/msContents/msItem/locus	(absent)					1	BOTH_EMPTY: no @from, @to or text content
465	/*/*[2]/*/*/*/*[2]/*[2]/*[1]	TEI/text/body/listBibl/msDesc/msContents/msItem/locus	(absent)					1	BOTH_EMPTY: no @from, @to or text content
466	/*/*[2]/*/*/*/*[2]/*[2]/*[1]	TEI/text/body/listBibl/msDesc/msContents/msItem/locus	(absent)					1	BOTH_EMPTY: no @from, @to or text content
467	/*/*[2]/*/*/*/*[2]/*[2]/*[1]	TEI/text/body/listBibl/msDesc/msContents/msItem/locus	(absent)					1	BOTH_EMPTY: no @from, @to or text content
468	/*/*[2]/*/*/*/*[2]/*[2]/*[1]	TEI/text/body/listBibl/msDesc/msContents/msItem/locus	(absent)					1	BOTH_EMPTY: no @from, @to or text content
47	/*/*[2]/*/*/*/*[2]/*[2]/*[1]	TEI/text/body/listBibl/msDesc/msContents/msItem/locus	(absent)					1	BOTH_EMPTY: no @from, @to or text content
470	/*/*[2]/*/*/*/*[2]/*[2]/*[1]	TEI/text/body/listBibl/msDesc/msContents/msItem/locus	(absent)					1	BOTH_EMPTY: no @from, @to or text content
471	/*/*[2]/*/*/*/*[2]/*[2]/*[1]	TEI/text/body/listBibl/msDesc/msContents/msItem/locus	(absent)					1	BOTH_EMPTY: no @from, @to or text content
472	/*/*[2]/*/*/*/*[2]/*[2]/*[1]	TEI/text/body/listBibl/msDesc/msContents/msItem/locus	(absent)					1	BOTH_EMPTY: no @from, @to or text content
474	/*/*[2]/*/*/*/*[2]/*[2]/*[1]	TEI/text/body/listBibl/msDesc/msContents/msItem/locus	(absent)					1	BOTH_EMPTY: no @from, @to or text content
475	/*/*[2]/*/*/*/*[2]/*[2]/*[1]	TEI/text/body/listBibl/msDesc/msContents/msItem/locus	(absent)					1	BOTH_EMPTY: no @from, @to or text content
476	/*/*[2]/*/*/*/*[2]/*[2]/*[1]	TEI/text/body/listBibl/msDesc/msContents/msItem/locus	(absent)					1	BOTH_EMPTY: no @from, @to or text content
477	/*/*[2]/*/*/*/*[2]/*[2]/*[1]	TEI/text/body/listBibl/msDesc/msContents/msItem/locus	(absent)					1	BOTH_EMPTY: no @from, @to or text content
478	/*/*[2]/*/*/*/*[2]/*[2]/*[1]	TEI/text/body/listBibl/msDesc/msContents/msItem/locus	(absent)					1	BOTH_EMPTY: no @from, @to or text content
479	/*/*[2]/*/*/*/*[2]/*[2]/*[1]	TEI/text/body/listBibl/msDesc/msContents/msItem/locus	(absent)					1	BOTH_EMPTY: no @from, @to or text content
48	/*/*[2]/*/*/*/*[2]/*[2]/*[1]	TEI/text/body/listBibl/msDesc/msContents/msItem/locus	(absent)					1	BOTH_EMPTY: no @from, @to or text content
481	/*/*[2]/*/*/*/*[2]/*[2]/*[1]	TEI/text/body/listBibl/msDesc/msContents/msItem/locus	(absent)					1	BOTH_EMPTY: no @from, @to or text content
482	/*/*[2]/*/*/*/*[2]/*[2]/*[1]	TEI/text/body/listBibl/msDesc/msContents/msItem/locus	(absent)					1	BOTH_EMPTY: no @from, @to or text content
483	/*/*[2]/*/*/*/*[2]/*[2]/*[1]	TEI/text/body/listBibl/msDesc/msContents/msItem/locus	(absent)					1	BOTH_EMPTY: no @from, @to or text content
484	/*/*[2]/*/*/*/*[2]/*[2]/*[1]	TEI/text/body/listBibl/msDesc/msContents/msItem/locus	(absent)					1	BOTH_EMPTY: no @from, @to or text content
485	/*/*[2]/*/*/*/*[2]/*[2]/*[1]	TEI/text/body/listBibl/msDesc/msContents/msItem/locus	(absent)					1	BOTH_EMPTY: no @from, @to or text content
486	/*/*[2]/*/*/*/*[2]/*[2]/*[1]	TEI/text/body/listBibl/msDesc/msContents/msItem/locus	(absent)					1	BOTH_EMPTY: no @from, @to or text content
488	/*/*[2]/*/*/*/*[2]/*[2]/*[1]	TEI/text/body/listBibl/msDesc/msContents/msItem/locus	(absent)					1	BOTH_EMPTY: no @from, @to or text content
489	/*/*[2]/*/*/*/*[2]/*[2]/*[1]	TEI/text/body/listBibl/msDesc/msContents/msItem/locus	(absent)					1	BOTH_EMPTY: no @from, @to or text content
49	/*/*[2]/*/*/*/*[2]/*[2]/*[1]	TEI/text/body/listBibl/msDesc/msContents/msItem/locus	(absent)					1	BOTH_EMPTY: no @from, @to or text content
490	/*/*[2]/*/*/*/*[2]/*[2]/*[1]	TEI/text/body/listBibl/msDesc/msContents/msItem/locus	(absent)					1	BOTH_EMPTY: no @from, @to or text content
491	/*/*[2]/*/*/*/*[2]/*[2]/*[1]	TEI/text/body/listBibl/msDesc/msContents/msItem/locus	(absent)					1	BOTH_EMPTY: no @from, @to or text content
492	/*/*[2]/*/*/*/*[2]/*[2]/*[1]	TEI/text/body/listBibl/msDesc/msContents/msItem/locus	(absent)					1	BOTH_EMPTY: no @from, @to or text content
493	/*/*[2]/*/*/*/*[2]/*[2]/*[1]	TEI/text/body/listBibl/msDesc/msContents/msItem/locus	(absent)					1	BOTH_EMPTY: no @from, @to or text content
494	/*/*[2]/*/*/*/*[2]/*[2]/*[1]	TEI/text/body/listBibl/msDesc/msContents/msItem/locus	(absent)					1	BOTH_EMPTY: no @from, @to or text content
495	/*/*[2]/*/*/*/*[2]/*[2]/*[1]	TEI/text/body/listBibl/msDesc/msContents/msItem/locus	(absent)					1	BOTH_EMPTY: no @from, @to or text content
496	/*/*[2]/*/*/*/*[2]/*[2]/*[1]	TEI/text/body/listBibl/msDesc/msContents/msItem/locus	(absent)					1	BOTH_EMPTY: no @from, @to or text content
497	/*/*[2]/*/*/*/*[2]/*[2]/*[1]	TEI/text/body/listBibl/msDesc/msContents/msItem/locus	(absent)					1	BOTH_EMPTY: no @from, @to or text content
498	/*/*[2]/*/*/*/*[2]/*[2]/*[1]	TEI/text/body/listBibl/msDesc/msContents/msItem/locus	(absent)					1	BOTH_EMPTY: no @from, @to or text content
499	/*/*[2]/*/*/*/*[2]/*[2]/*[1]	TEI/text/body/listBibl/msDesc/msContents/msItem/locus	(absent)					1	BOTH_EMPTY: no @from, @to or text content
5	/*/*[2]/*/*/*/*[2]/*[2]/*[1]	TEI/text/body/listBibl/msDesc/msContents/msItem/locus	(absent)					1	BOTH_EMPTY: no @from, @to or text content
50	/*/*[2]/*/*/*/*[2]/*[2]/*[1]	TEI/text/body/listBibl/msDesc/msContents/msItem/locus	(absent)					1	BOTH_EMPTY: no @from, @to or text content
500	/*/*[2]/*/*/*/*[2]/*[2]/*[1]	TEI/text/body/listBibl/msDesc/msContents/msItem/locus	(absent)					1	BOTH_EMPTY: no @from, @to or text content
501	/*/*[2]/*/*/*/*[2]/*[2]/*[1]	TEI/text/body/listBibl/msDesc/msContents/msItem/locus	(absent)					1	BOTH_EMPTY: no @from, @to or text content
502	/*/*[2]/*/*/*/*[2]/*[2]/*[1]	TEI/text/body/listBibl/msDesc/msContents/msItem/locus	(absent)					1	BOTH_EMPTY: no @from, @to or text content
503	/*/*[2]/*/*/*/*[2]/*[2]/*[1]	TEI/text/body/listBibl/msDesc/msContents/msItem/locus	(absent)					1	BOTH_EMPTY: no @from, @to or text content
504	/*/*[2]/*/*/*/*[2]/*[2]/*[1]	TEI/text/body/listBibl/msDesc/msContents/msItem/locus	(absent)					1	BOTH_EMPTY: no @from, @to or text content
505	/*/*[2]/*/*/*/*[2]/*[2]/*[1]	TEI/text/body/listBibl/msDesc/msContents/msItem/locus	(absent)					1	BOTH_EMPTY: no @from, @to or text content
506	/*/*[2]/*/*/*/*[2]/*[2]/*[1]	TEI/text/body/listBibl/msDesc/msContents/msItem/locus	(absent)					1	BOTH_EMPTY: no @from, @to or text content
507	/*/*[2]/*/*/*/*[2]/*[2]/*[1]	TEI/text/body/listBibl/msDesc/msContents/msItem/locus	(absent)					1	BOTH_EMPTY: no @from, @to or text content
508	/*/*[2]/*/*/*/*[2]/*[2]/*[1]	TEI/text/body/listBibl/msDesc/msContents/msItem/locus	(absent)					1	BOTH_EMPTY: no @from, @to or text content
509	/*/*[2]/*/*/*/*[2]/*[2]/*[1]	TEI/text/body/listBibl/msDesc/msContents/msItem/locus	(absent)					1	BOTH_EMPTY: no @from, @to or text content
51	/*/*[2]/*/*/*/*[2]/*[2]/*[1]	TEI/text/body/listBibl/msDesc/msContents/msItem/locus	(absent)					1	BOTH_EMPTY: no @from, @to or text content
510	/*/*[2]/*/*/*/*[2]/*[2]/*[1]	TEI/text/body/listBibl/msDesc/msContents/msItem/locus	(absent)					1	BOTH_EMPTY: no @from, @to or text content
511	/*/*[2]/*/*/*/*[2]/*[2]/*[1]	TEI/text/body/listBibl/msDesc/msContents/msItem/locus	(absent)	1r	9v			0	
511	/*/*[2]/*/*/*/*[2]/*[2]/*[2]	TEI/text/body/listBibl/msDesc/msContents/msItem/locus	(absent)	32r	36v			0	
511	/*/*[2]/*/*/*/*[2]/*[2]/*[3]	TEI/text/body/listBibl/msDesc/msContents/msItem/locus	(absent)	45r	109v			0	
511	/*/*[2]/*/*/*/*[2]/*[2]/*[4]	TEI/text/body/listBibl/msDesc/msContents/msItem/locus	(absent)	111r	124v			0	
511	/*/*[2]/*/*/*/*[2]/*[2]/*[5]	TEI/text/body/listBibl/msDesc/msContents/msItem/locus	(absent)	126r	149v			0	
512	/*/*[2]/*/*/*/*[2]/*[2]/*[2]	TEI/text/body/listBibl/msDesc/msContents/msItem/locus	(absent)	1r	86r			0	
513	/*/*[2]/*/*/*/*[2]/*[2]/*[1]	TEI/text/body/listBibl/msDesc/msContents/msItem/locus	(absent)					1	BOTH_EMPTY: no @from, @to or text content
514	/*/*[2]/*/*/*/*[2]/*[2]/*[1]	TEI/text/body/listBibl/msDesc/msContents/msItem/locus	(absent)	1v	8v			0	
514	/*/*[2]/*/*/*/*[2]/*[3]/*[1]	TEI/text/body/listBibl/msDesc/msContents/msItem/locus	(absent)	8v	134v			0	
516	/*/*[2]/*/*/*/*[2]/*[2]/*[1]	TEI/text/body/listBibl/msDesc/msContents/msItem/locus	(absent)					1	BOTH_EMPTY: no @from, @to or text content
517	/*/*[2]/*/*/*/*[2]/*[2]/*[1]	TEI/text/body/listBibl/msDesc/msContents/msItem/locus	(absent)					1	BOTH_EMPTY: no @from, @to or text content
518	/*/*[2]/*/*/*/*[2]/*[2]/*[1]	TEI/text/body/listBibl/msDesc/msContents/msItem/locus	(absent)					1	BOTH_EMPTY: no @from, @to or text content
519	/*/*[2]/*/*/*/*[2]/*[2]/*[1]	TEI/text/body/listBibl/msDesc/msContents/msItem/locus	(absent)					1	BOTH_EMPTY: no @from, @to or text content
52	/*/*[2]/*/*/*/*[2]/*[2]/*[1]	TEI/text/body/listBibl/msDesc/msContents/msItem/locus	(absent)					1	BOTH_EMPTY: no @from, @to or text content
520	/*/*[2]/*/*/*/*[2]/*[2]/*[1]	TEI/text/body/listBibl/msDesc/msContents/msItem/locus	(absent)					1	BOTH_EMPTY: no @from, @to or text content
521	/*/*[2]/*/*/*/*[2]/*[2]/*[1]	TEI/text/body/listBibl/msDesc/msContents/msItem/locus	(absent)	1r	12v			0	
522	/*/*[2]/*/*/*/*[2]/*[2]/*[1]	TEI/text/body/listBibl/msDesc/msContents/msItem/locus	(absent)					1	BOTH_EMPTY: no @from, @to or text content
523	/*/*[2]/*/*/*/*[2]/*[2]/*[1]	TEI/text/body/listBibl/msDesc/msContents/msItem/locus	(absent)					1	BOTH_EMPTY: no @from, @to or text content
524	/*/*[2]/*/*/*/*[2]/*[2]/*[1]	TEI/text/body/listBibl/msDesc/msContents/msItem/locus	(absent)					1	BOTH_EMPTY: no @from, @to or text content
525	/*/*[2]/*/*/*/*[2]/*[2]/*[1]	TEI/text/body/listBibl/msDesc/msContents/msItem/locus	(absent)					1	BOTH_EMPTY: no @from, @to or text content
526	/*/*[2]/*/*/*/*[2]/*[2]/*[1]	TEI/text/body/listBibl/msDesc/msContents/msItem/locus	(absent)					1	BOTH_EMPTY: no @from, @to or text content
527	/*/*[2]/*/*/*/*[2]/*[2]/*[1]	TEI/text/body/listBibl/msDesc/msContents/msItem/locus	(absent)					1	BOTH_EMPTY: no @from, @to or text content
528	/*/*[2]/*/*/*/*[2]/*[2]/*[1]	TEI/text/body/listBibl/msDesc/msContents/msItem/locus	(absent)	1r	52v			0	
528	/*/*[2]/*/*/*/*[2]/*[2]/*[2]	TEI/text/body/listBibl/msDesc/msContents/msItem/locus	(absent)	67	109			0	
528	/*/*[2]/*/*/*/*[2]/*[2]/*[3]	TEI/text/body/listBibl/msDesc/msContents/msItem/locus	(absent)	111	134			0	
528	/*/*[2]/*/*/*/*[2]/*[3]/*[1]	TEI/text/body/listBibl/msDesc/msContents/msItem/locus	(absent)	53r	66v			0	
528	/*/*[2]/*/*/*/*[2]/*[3]/*[2]	TEI/text/body/listBibl/msDesc/msContents/msItem/locus	(absent)	110r-v	(absent)			2	OPEN_ENDED: has @from but empty/absent @to (confirm single folio) | RANGE_PACKED_IN_FROM: @from '110r-v' looks like a range; split into @from/@to
529	/*/*[2]/*/*/*/*[2]/*[2]/*[1]	TEI/text/body/listBibl/msDesc/msContents/msItem/locus	(absent)					1	BOTH_EMPTY: no @from, @to or text content
53	/*/*[2]/*/*/*/*[2]/*[2]/*[1]	TEI/text/body/listBibl/msDesc/msContents/msItem/locus	(absent)					1	BOTH_EMPTY: no @from, @to or text content
530	/*/*[2]/*/*/*/*[2]/*[2]/*[1]	TEI/text/body/listBibl/msDesc/msContents/msItem/locus	(absent)					1	BOTH_EMPTY: no @from, @to or text content
531	/*/*[2]/*/*/*/*[2]/*[2]/*[1]	TEI/text/body/listBibl/msDesc/msContents/msItem/locus	(absent)					1	BOTH_EMPTY: no @from, @to or text content
532	/*/*[2]/*/*/*/*[2]/*[2]/*[1]	TEI/text/body/listBibl/msDesc/msContents/msItem/locus	(absent)					1	BOTH_EMPTY: no @from, @to or text content
533	/*/*[2]/*/*/*/*[2]/*[2]/*[1]	TEI/text/body/listBibl/msDesc/msContents/msItem/locus	(absent)					1	BOTH_EMPTY: no @from, @to or text content
534	/*/*[2]/*/*/*/*[2]/*[2]/*[1]	TEI/text/body/listBibl/msDesc/msContents/msItem/locus	(absent)					1	BOTH_EMPTY: no @from, @to or text content
535	/*/*[2]/*/*/*/*[2]/*[2]/*[1]	TEI/text/body/listBibl/msDesc/msContents/msItem/locus	(absent)					1	BOTH_EMPTY: no @from, @to or text content
536	/*/*[2]/*/*/*/*[2]/*[2]/*[1]	TEI/text/body/listBibl/msDesc/msContents/msItem/locus	(absent)					1	BOTH_EMPTY: no @from, @to or text content
537	/*/*[2]/*/*/*/*[2]/*[2]/*[1]	TEI/text/body/listBibl/msDesc/msContents/msItem/locus	(absent)					1	BOTH_EMPTY: no @from, @to or text content
538	/*/*[2]/*/*/*/*[2]/*[2]/*[1]	TEI/text/body/listBibl/msDesc/msContents/msItem/locus	(absent)					1	BOTH_EMPTY: no @from, @to or text content
539	/*/*[2]/*/*/*/*[2]/*[2]/*[1]	TEI/text/body/listBibl/msDesc/msContents/msItem/locus	(absent)					1	BOTH_EMPTY: no @from, @to or text content
54	/*/*[2]/*/*/*/*[2]/*[2]/*[1]	TEI/text/body/listBibl/msDesc/msContents/msItem/locus	(absent)					1	BOTH_EMPTY: no @from, @to or text content
540	/*/*[2]/*/*/*/*[2]/*[2]/*[1]	TEI/text/body/listBibl/msDesc/msContents/msItem/locus	(absent)					1	BOTH_EMPTY: no @from, @to or text content
541	/*/*[2]/*/*/*/*[2]/*[2]/*[1]	TEI/text/body/listBibl/msDesc/msContents/msItem/locus	(absent)					1	BOTH_EMPTY: no @from, @to or text content
542	/*/*[2]/*/*/*/*[2]/*[2]/*[1]	TEI/text/body/listBibl/msDesc/msContents/msItem/locus	(absent)					1	BOTH_EMPTY: no @from, @to or text content
543	/*/*[2]/*/*/*/*[2]/*[2]/*[1]	TEI/text/body/listBibl/msDesc/msContents/msItem/locus	(absent)					1	BOTH_EMPTY: no @from, @to or text content
544	/*/*[2]/*/*/*/*[2]/*[2]/*[1]	TEI/text/body/listBibl/msDesc/msContents/msItem/locus	(absent)					1	BOTH_EMPTY: no @from, @to or text content
545	/*/*[2]/*/*/*/*[2]/*[2]/*[1]	TEI/text/body/listBibl/msDesc/msContents/msItem/locus	(absent)					1	BOTH_EMPTY: no @from, @to or text content
546	/*/*[2]/*/*/*/*[2]/*[2]/*[1]	TEI/text/body/listBibl/msDesc/msContents/msItem/locus	(absent)					1	BOTH_EMPTY: no @from, @to or text content
547	/*/*[2]/*/*/*/*[2]/*[2]/*[1]	TEI/text/body/listBibl/msDesc/msContents/msItem/locus	(absent)					1	BOTH_EMPTY: no @from, @to or text content
548	/*/*[2]/*/*/*/*[2]/*[2]/*[1]	TEI/text/body/listBibl/msDesc/msContents/msItem/locus	(absent)					1	BOTH_EMPTY: no @from, @to or text content
549	/*/*[2]/*/*/*/*[2]/*[2]/*[1]	TEI/text/body/listBibl/msDesc/msContents/msItem/locus	(absent)					1	BOTH_EMPTY: no @from, @to or text content
55	/*/*[2]/*/*/*/*[2]/*[2]/*[1]	TEI/text/body/listBibl/msDesc/msContents/msItem/locus	(absent)					1	BOTH_EMPTY: no @from, @to or text content
550	/*/*[2]/*/*/*/*[2]/*[2]/*[1]	TEI/text/body/listBibl/msDesc/msContents/msItem/locus	(absent)					1	BOTH_EMPTY: no @from, @to or text content
551	/*/*[2]/*/*/*/*[2]/*[2]/*[1]	TEI/text/body/listBibl/msDesc/msContents/msItem/locus	(absent)					1	BOTH_EMPTY: no @from, @to or text content
552	/*/*[2]/*/*/*/*[2]/*[2]/*[1]	TEI/text/body/listBibl/msDesc/msContents/msItem/locus	(absent)					1	BOTH_EMPTY: no @from, @to or text content
553	/*/*[2]/*/*/*/*[2]/*[2]/*[1]	TEI/text/body/listBibl/msDesc/msContents/msItem/locus	(absent)					1	BOTH_EMPTY: no @from, @to or text content
554	/*/*[2]/*/*/*/*[2]/*[2]/*[1]	TEI/text/body/listBibl/msDesc/msContents/msItem/locus	(absent)					1	BOTH_EMPTY: no @from, @to or text content
555	/*/*[2]/*/*/*/*[2]/*[2]/*[1]	TEI/text/body/listBibl/msDesc/msContents/msItem/locus	(absent)	1r	19v			0	
556	/*/*[2]/*/*/*/*[2]/*[2]/*[1]	TEI/text/body/listBibl/msDesc/msContents/msItem/locus	(absent)					1	BOTH_EMPTY: no @from, @to or text content
557	/*/*[2]/*/*/*/*[2]/*[2]/*[1]	TEI/text/body/listBibl/msDesc/msContents/msItem/locus	(absent)					1	BOTH_EMPTY: no @from, @to or text content
558	/*/*[2]/*/*/*/*[2]/*[2]/*[1]	TEI/text/body/listBibl/msDesc/msContents/msItem/locus	(absent)					1	BOTH_EMPTY: no @from, @to or text content
559	/*/*[2]/*/*/*/*[2]/*[2]/*[1]	TEI/text/body/listBibl/msDesc/msContents/msItem/locus	(absent)					1	BOTH_EMPTY: no @from, @to or text content
56	/*/*[2]/*/*/*/*[2]/*[2]/*[1]	TEI/text/body/listBibl/msDesc/msContents/msItem/locus	(absent)					1	BOTH_EMPTY: no @from, @to or text content
560	/*/*[2]/*/*/*/*[2]/*[2]/*[1]	TEI/text/body/listBibl/msDesc/msContents/msItem/locus	(absent)					1	BOTH_EMPTY: no @from, @to or text content
561	/*/*[2]/*/*/*/*[2]/*[2]/*[1]	TEI/text/body/listBibl/msDesc/msContents/msItem/locus	(absent)					1	BOTH_EMPTY: no @from, @to or text content
562	/*/*[2]/*/*/*/*[2]/*[2]/*[1]	TEI/text/body/listBibl/msDesc/msContents/msItem/locus	(absent)					1	BOTH_EMPTY: no @from, @to or text content
563	/*/*[2]/*/*/*/*[2]/*[2]/*[1]	TEI/text/body/listBibl/msDesc/msContents/msItem/locus	(absent)					1	BOTH_EMPTY: no @from, @to or text content
564	/*/*[2]/*/*/*/*[2]/*[2]/*[1]	TEI/text/body/listBibl/msDesc/msContents/msItem/locus	(absent)					1	BOTH_EMPTY: no @from, @to or text content
565	/*/*[2]/*/*/*/*[2]/*[2]/*[1]	TEI/text/body/listBibl/msDesc/msContents/msItem/locus	(absent)					1	BOTH_EMPTY: no @from, @to or text content
566	/*/*[2]/*/*/*/*[2]/*[2]/*[1]	TEI/text/body/listBibl/msDesc/msContents/msItem/locus	(absent)					1	BOTH_EMPTY: no @from, @to or text content
567	/*/*[2]/*/*/*/*[2]/*[2]/*[1]	TEI/text/body/listBibl/msDesc/msContents/msItem/locus	(absent)					1	BOTH_EMPTY: no @from, @to or text content
568	/*/*[2]/*/*/*/*[2]/*[2]/*[1]	TEI/text/body/listBibl/msDesc/msContents/msItem/locus	(absent)					1	BOTH_EMPTY: no @from, @to or text content
569	/*/*[2]/*/*/*/*[2]/*[2]/*[1]	TEI/text/body/listBibl/msDesc/msContents/msItem/locus	(absent)					1	BOTH_EMPTY: no @from, @to or text content
57	/*/*[2]/*/*/*/*[2]/*[2]/*[1]	TEI/text/body/listBibl/msDesc/msContents/msItem/locus	(absent)					1	BOTH_EMPTY: no @from, @to or text content
570	/*/*[2]/*/*/*/*[2]/*[2]/*[1]	TEI/text/body/listBibl/msDesc/msContents/msItem/locus	(absent)					1	BOTH_EMPTY: no @from, @to or text content
571	/*/*[2]/*/*/*/*[2]/*[2]/*[1]	TEI/text/body/listBibl/msDesc/msContents/msItem/locus	(absent)					1	BOTH_EMPTY: no @from, @to or text content
572	/*/*[2]/*/*/*/*[2]/*[2]/*[1]	TEI/text/body/listBibl/msDesc/msContents/msItem/locus	(absent)					1	BOTH_EMPTY: no @from, @to or text content
573	/*/*[2]/*/*/*/*[2]/*[2]/*[1]	TEI/text/body/listBibl/msDesc/msContents/msItem/locus	(absent)					1	BOTH_EMPTY: no @from, @to or text content
574	/*/*[2]/*/*/*/*[2]/*[2]/*[1]	TEI/text/body/listBibl/msDesc/msContents/msItem/locus	(absent)					1	BOTH_EMPTY: no @from, @to or text content
575	/*/*[2]/*/*/*/*[2]/*[2]/*[1]	TEI/text/body/listBibl/msDesc/msContents/msItem/locus	(absent)					1	BOTH_EMPTY: no @from, @to or text content
576	/*/*[2]/*/*/*/*[2]/*[2]/*[1]	TEI/text/body/listBibl/msDesc/msContents/msItem/locus	(absent)					1	BOTH_EMPTY: no @from, @to or text content
577	/*/*[2]/*/*/*/*[2]/*[2]/*[1]	TEI/text/body/listBibl/msDesc/msContents/msItem/locus	(absent)					1	BOTH_EMPTY: no @from, @to or text content
578	/*/*[2]/*/*/*/*[2]/*[2]/*[1]	TEI/text/body/listBibl/msDesc/msContents/msItem/locus	(absent)					1	BOTH_EMPTY: no @from, @to or text content
579	/*/*[2]/*/*/*/*[2]/*[2]/*[1]	TEI/text/body/listBibl/msDesc/msContents/msItem/locus	(absent)					1	BOTH_EMPTY: no @from, @to or text content
58	/*/*[2]/*/*/*/*[2]/*[2]/*[1]	TEI/text/body/listBibl/msDesc/msContents/msItem/locus	(absent)					1	BOTH_EMPTY: no @from, @to or text content
580	/*/*[2]/*/*/*/*[2]/*[2]/*[1]	TEI/text/body/listBibl/msDesc/msContents/msItem/locus	(absent)					1	BOTH_EMPTY: no @from, @to or text content
581	/*/*[2]/*/*/*/*[2]/*[2]/*[1]	TEI/text/body/listBibl/msDesc/msContents/msItem/locus	(absent)					1	BOTH_EMPTY: no @from, @to or text content
582	/*/*[2]/*/*/*/*[2]/*[2]/*[1]	TEI/text/body/listBibl/msDesc/msContents/msItem/locus	(absent)					1	BOTH_EMPTY: no @from, @to or text content
583	/*/*[2]/*/*/*/*[2]/*[2]/*[1]	TEI/text/body/listBibl/msDesc/msContents/msItem/locus	(absent)					1	BOTH_EMPTY: no @from, @to or text content
584	/*/*[2]/*/*/*/*[2]/*[2]/*[1]	TEI/text/body/listBibl/msDesc/msContents/msItem/locus	(absent)					1	BOTH_EMPTY: no @from, @to or text content
585	/*/*[2]/*/*/*/*[2]/*[2]/*[1]	TEI/text/body/listBibl/msDesc/msContents/msItem/locus	(absent)					1	BOTH_EMPTY: no @from, @to or text content
586	/*/*[2]/*/*/*/*[2]/*[2]/*[1]	TEI/text/body/listBibl/msDesc/msContents/msItem/locus	(absent)					1	BOTH_EMPTY: no @from, @to or text content
587	/*/*[2]/*/*/*/*[2]/*[2]/*[1]	TEI/text/body/listBibl/msDesc/msContents/msItem/locus	(absent)	1r	6v			0	
588	/*/*[2]/*/*/*/*[2]/*[2]/*[1]	TEI/text/body/listBibl/msDesc/msContents/msItem/locus	(absent)					1	BOTH_EMPTY: no @from, @to or text content
589	/*/*[2]/*/*/*/*[2]/*[2]/*[1]	TEI/text/body/listBibl/msDesc/msContents/msItem/locus	(absent)					1	BOTH_EMPTY: no @from, @to or text content
59	/*/*[2]/*/*/*/*[2]/*[2]/*[1]	TEI/text/body/listBibl/msDesc/msContents/msItem/locus	(absent)					1	BOTH_EMPTY: no @from, @to or text content
590	/*/*[2]/*/*/*/*[2]/*[2]/*[1]	TEI/text/body/listBibl/msDesc/msContents/msItem/locus	(absent)					1	BOTH_EMPTY: no @from, @to or text content
591	/*/*[2]/*/*/*/*[2]/*[2]/*[1]	TEI/text/body/listBibl/msDesc/msContents/msItem/locus	(absent)					1	BOTH_EMPTY: no @from, @to or text content
592	/*/*[2]/*/*/*/*[2]/*[2]/*[1]	TEI/text/body/listBibl/msDesc/msContents/msItem/locus	(absent)					1	BOTH_EMPTY: no @from, @to or text content
593	/*/*[2]/*/*/*/*[2]/*[2]/*[1]	TEI/text/body/listBibl/msDesc/msContents/msItem/locus	(absent)					1	BOTH_EMPTY: no @from, @to or text content
594	/*/*[2]/*/*/*/*[2]/*[2]/*[1]	TEI/text/body/listBibl/msDesc/msContents/msItem/locus	(absent)					1	BOTH_EMPTY: no @from, @to or text content
595	/*/*[2]/*/*/*/*[2]/*[2]/*[1]	TEI/text/body/listBibl/msDesc/msContents/msItem/locus	(absent)					1	BOTH_EMPTY: no @from, @to or text content
596	/*/*[2]/*/*/*/*[2]/*[2]/*[1]	TEI/text/body/listBibl/msDesc/msContents/msItem/locus	(absent)					1	BOTH_EMPTY: no @from, @to or text content
597	/*/*[2]/*/*/*/*[2]/*[2]/*[1]	TEI/text/body/listBibl/msDesc/msContents/msItem/locus	(absent)					1	BOTH_EMPTY: no @from, @to or text content
598	/*/*[2]/*/*/*/*[2]/*[2]/*[1]	TEI/text/body/listBibl/msDesc/msContents/msItem/locus	(absent)					1	BOTH_EMPTY: no @from, @to or text content
599	/*/*[2]/*/*/*/*[2]/*[2]/*[1]	TEI/text/body/listBibl/msDesc/msContents/msItem/locus	(absent)					1	BOTH_EMPTY: no @from, @to or text content
6	/*/*[2]/*/*/*/*[2]/*[2]/*[1]	TEI/text/body/listBibl/msDesc/msContents/msItem/locus	(absent)					1	BOTH_EMPTY: no @from, @to or text content
60	/*/*[2]/*/*/*/*[2]/*[2]/*[1]	TEI/text/body/listBibl/msDesc/msContents/msItem/locus	(absent)					1	BOTH_EMPTY: no @from, @to or text content
600	/*/*[2]/*/*/*/*[2]/*[2]/*[1]	TEI/text/body/listBibl/msDesc/msContents/msItem/locus	(absent)					1	BOTH_EMPTY: no @from, @to or text content
601	/*/*[2]/*/*/*/*[2]/*[2]/*[1]	TEI/text/body/listBibl/msDesc/msContents/msItem/locus	(absent)					1	BOTH_EMPTY: no @from, @to or text content
602	/*/*[2]/*/*/*/*[2]/*[2]/*[1]	TEI/text/body/listBibl/msDesc/msContents/msItem/locus	(absent)					1	BOTH_EMPTY: no @from, @to or text content
603	/*/*[2]/*/*/*/*[2]/*[2]/*[1]	TEI/text/body/listBibl/msDesc/msContents/msItem/locus	(absent)					1	BOTH_EMPTY: no @from, @to or text content
604	/*/*[2]/*/*/*/*[2]/*[2]/*[1]	TEI/text/body/listBibl/msDesc/msContents/msItem/locus	(absent)					1	BOTH_EMPTY: no @from, @to or text content
605	/*/*[2]/*/*/*/*[2]/*[2]/*[1]	TEI/text/body/listBibl/msDesc/msContents/msItem/locus	(absent)	1r	8v			0	
606	/*/*[2]/*/*/*/*[2]/*[2]/*[1]	TEI/text/body/listBibl/msDesc/msContents/msItem/locus	(absent)					1	BOTH_EMPTY: no @from, @to or text content
607	/*/*[2]/*/*/*/*[2]/*[2]/*[1]	TEI/text/body/listBibl/msDesc/msContents/msItem/locus	(absent)					1	BOTH_EMPTY: no @from, @to or text content
608	/*/*[2]/*/*/*/*[2]/*[2]/*[1]	TEI/text/body/listBibl/msDesc/msContents/msItem/locus	(absent)	1r	46v			0	
609	/*/*[2]/*/*/*/*[2]/*[2]/*[1]	TEI/text/body/listBibl/msDesc/msContents/msItem/locus	(absent)					1	BOTH_EMPTY: no @from, @to or text content
61	/*/*[2]/*/*/*/*[2]/*[2]/*[1]	TEI/text/body/listBibl/msDesc/msContents/msItem/locus	(absent)					1	BOTH_EMPTY: no @from, @to or text content
610	/*/*[2]/*/*/*/*[2]/*[2]/*[1]	TEI/text/body/listBibl/msDesc/msContents/msItem/locus	(absent)					1	BOTH_EMPTY: no @from, @to or text content
611	/*/*[2]/*/*/*/*[2]/*[2]/*[1]	TEI/text/body/listBibl/msDesc/msContents/msItem/locus	(absent)					1	BOTH_EMPTY: no @from, @to or text content
612	/*/*[2]/*/*/*/*[2]/*[2]/*[1]	TEI/text/body/listBibl/msDesc/msContents/msItem/locus	(absent)					1	BOTH_EMPTY: no @from, @to or text content
613	/*/*[2]/*/*/*/*[2]/*[2]/*[1]	TEI/text/body/listBibl/msDesc/msContents/msItem/locus	(absent)					1	BOTH_EMPTY: no @from, @to or text content
614	/*/*[2]/*/*/*/*[2]/*[2]/*[1]	TEI/text/body/listBibl/msDesc/msContents/msItem/locus	(absent)					1	BOTH_EMPTY: no @from, @to or text content
615	/*/*[2]/*/*/*/*[2]/*[2]/*[1]	TEI/text/body/listBibl/msDesc/msContents/msItem/locus	(absent)					1	BOTH_EMPTY: no @from, @to or text content
617	/*/*[2]/*/*/*/*[2]/*[2]/*[1]	TEI/text/body/listBibl/msDesc/msContents/msItem/locus	(absent)					1	BOTH_EMPTY: no @from, @to or text content
618	/*/*[2]/*/*/*/*[2]/*[2]/*[1]	TEI/text/body/listBibl/msDesc/msContents/msItem/locus	(absent)					1	BOTH_EMPTY: no @from, @to or text content
619	/*/*[2]/*/*/*/*[2]/*[2]/*[1]	TEI/text/body/listBibl/msDesc/msContents/msItem/locus	(absent)					1	BOTH_EMPTY: no @from, @to or text content
62	/*/*[2]/*/*/*/*[2]/*[2]/*[1]	TEI/text/body/listBibl/msDesc/msContents/msItem/locus	(absent)					1	BOTH_EMPTY: no @from, @to or text content
620	/*/*[2]/*/*/*/*[2]/*[2]/*[1]	TEI/text/body/listBibl/msDesc/msContents/msItem/locus	(absent)					1	BOTH_EMPTY: no @from, @to or text content
621	/*/*[2]/*/*/*/*[2]/*[2]/*[1]	TEI/text/body/listBibl/msDesc/msContents/msItem/locus	(absent)					1	BOTH_EMPTY: no @from, @to or text content
622	/*/*[2]/*/*/*/*[2]/*[2]/*[1]	TEI/text/body/listBibl/msDesc/msContents/msItem/locus	(absent)					1	BOTH_EMPTY: no @from, @to or text content
623	/*/*[2]/*/*/*/*[2]/*[2]/*[1]	TEI/text/body/listBibl/msDesc/msContents/msItem/locus	(absent)					1	BOTH_EMPTY: no @from, @to or text content
624	/*/*[2]/*/*/*/*[2]/*[2]/*[1]	TEI/text/body/listBibl/msDesc/msContents/msItem/locus	(absent)					1	BOTH_EMPTY: no @from, @to or text content
625	/*/*[2]/*/*/*/*[2]/*[2]/*[1]	TEI/text/body/listBibl/msDesc/msContents/msItem/locus	(absent)					1	BOTH_EMPTY: no @from, @to or text content
626	/*/*[2]/*/*/*/*[2]/*[2]/*[1]	TEI/text/body/listBibl/msDesc/msContents/msItem/locus	(absent)					1	BOTH_EMPTY: no @from, @to or text content
627	/*/*[2]/*/*/*/*[2]/*[2]/*[1]	TEI/text/body/listBibl/msDesc/msContents/msItem/locus	(absent)					1	BOTH_EMPTY: no @from, @to or text content
628	/*/*[2]/*/*/*/*[2]/*[2]/*[1]	TEI/text/body/listBibl/msDesc/msContents/msItem/locus	(absent)					1	BOTH_EMPTY: no @from, @to or text content
629	/*/*[2]/*/*/*/*[2]/*[2]/*[1]	TEI/text/body/listBibl/msDesc/msContents/msItem/locus	(absent)					1	BOTH_EMPTY: no @from, @to or text content
63	/*/*[2]/*/*/*/*[2]/*[2]/*[1]	TEI/text/body/listBibl/msDesc/msContents/msItem/locus	(absent)					1	BOTH_EMPTY: no @from, @to or text content
630	/*/*[2]/*/*/*/*[2]/*[2]/*[1]	TEI/text/body/listBibl/msDesc/msContents/msItem/locus	(absent)	1r	12v			0	
631	/*/*[2]/*/*/*/*[2]/*[2]/*[1]	TEI/text/body/listBibl/msDesc/msContents/msItem/locus	(absent)					1	BOTH_EMPTY: no @from, @to or text content
632	/*/*[2]/*/*/*/*[2]/*[2]/*[1]	TEI/text/body/listBibl/msDesc/msContents/msItem/locus	(absent)					1	BOTH_EMPTY: no @from, @to or text content
633	/*/*[2]/*/*/*/*[2]/*[2]/*[1]	TEI/text/body/listBibl/msDesc/msContents/msItem/locus	(absent)					1	BOTH_EMPTY: no @from, @to or text content
634	/*/*[2]/*/*/*/*[2]/*[2]/*[1]	TEI/text/body/listBibl/msDesc/msContents/msItem/locus	(absent)					1	BOTH_EMPTY: no @from, @to or text content
635	/*/*[2]/*/*/*/*[2]/*[2]/*[1]	TEI/text/body/listBibl/msDesc/msContents/msItem/locus	(absent)					1	BOTH_EMPTY: no @from, @to or text content
636	/*/*[2]/*/*/*/*[2]/*[2]/*[1]	TEI/text/body/listBibl/msDesc/msContents/msItem/locus	(absent)					1	BOTH_EMPTY: no @from, @to or text content
637	/*/*[2]/*/*/*/*[2]/*[2]/*[1]	TEI/text/body/listBibl/msDesc/msContents/msItem/locus	(absent)					1	BOTH_EMPTY: no @from, @to or text content
638	/*/*[2]/*/*/*/*[2]/*[2]/*[1]	TEI/text/body/listBibl/msDesc/msContents/msItem/locus	(absent)					1	BOTH_EMPTY: no @from, @to or text content
639	/*/*[2]/*/*/*/*[2]/*[2]/*[1]	TEI/text/body/listBibl/msDesc/msContents/msItem/locus	(absent)					1	BOTH_EMPTY: no @from, @to or text content
64	/*/*[2]/*/*/*/*[2]/*[2]/*[1]	TEI/text/body/listBibl/msDesc/msContents/msItem/locus	(absent)					1	BOTH_EMPTY: no @from, @to or text content
640	/*/*[2]/*/*/*/*[2]/*[2]/*[1]	TEI/text/body/listBibl/msDesc/msContents/msItem/locus	(absent)					1	BOTH_EMPTY: no @from, @to or text content
641	/*/*[2]/*/*/*/*[2]/*[2]/*[1]	TEI/text/body/listBibl/msDesc/msContents/msItem/locus	(absent)	1r	5v			0	
642	/*/*[2]/*/*/*/*[2]/*[2]/*[1]	TEI/text/body/listBibl/msDesc/msContents/msItem/locus	(absent)					1	BOTH_EMPTY: no @from, @to or text content
643	/*/*[2]/*/*/*/*[2]/*[2]/*[1]	TEI/text/body/listBibl/msDesc/msContents/msItem/locus	(absent)					1	BOTH_EMPTY: no @from, @to or text content
644	/*/*[2]/*/*/*/*[2]/*[2]/*[1]	TEI/text/body/listBibl/msDesc/msContents/msItem/locus	(absent)					1	BOTH_EMPTY: no @from, @to or text content
645	/*/*[2]/*/*/*/*[2]/*[2]/*[1]	TEI/text/body/listBibl/msDesc/msContents/msItem/locus	(absent)					1	BOTH_EMPTY: no @from, @to or text content
646	/*/*[2]/*/*/*/*[2]/*[2]/*[1]	TEI/text/body/listBibl/msDesc/msContents/msItem/locus	(absent)					1	BOTH_EMPTY: no @from, @to or text content
648	/*/*[2]/*/*/*/*[2]/*[2]/*[1]	TEI/text/body/listBibl/msDesc/msContents/msItem/locus	(absent)					1	BOTH_EMPTY: no @from, @to or text content
649	/*/*[2]/*/*/*/*[2]/*[2]/*[1]	TEI/text/body/listBibl/msDesc/msContents/msItem/locus	(absent)					1	BOTH_EMPTY: no @from, @to or text content
65	/*/*[2]/*/*/*/*[2]/*[2]/*[1]	TEI/text/body/listBibl/msDesc/msContents/msItem/locus	(absent)					1	BOTH_EMPTY: no @from, @to or text content
650	/*/*[2]/*/*/*/*[2]/*[2]/*[1]	TEI/text/body/listBibl/msDesc/msContents/msItem/locus	(absent)					1	BOTH_EMPTY: no @from, @to or text content
651	/*/*[2]/*/*/*/*[2]/*[2]/*[1]	TEI/text/body/listBibl/msDesc/msContents/msItem/locus	(absent)					1	BOTH_EMPTY: no @from, @to or text content
652	/*/*[2]/*/*/*/*[2]/*[2]/*[1]	TEI/text/body/listBibl/msDesc/msContents/msItem/locus	(absent)					1	BOTH_EMPTY: no @from, @to or text content
654	/*/*[2]/*/*/*/*[2]/*[2]/*[1]	TEI/text/body/listBibl/msDesc/msContents/msItem/locus	(absent)					1	BOTH_EMPTY: no @from, @to or text content
655	/*/*[2]/*/*/*/*[2]/*[2]/*[1]	TEI/text/body/listBibl/msDesc/msContents/msItem/locus	(absent)					1	BOTH_EMPTY: no @from, @to or text content
656	/*/*[2]/*/*/*/*[2]/*[2]/*[1]	TEI/text/body/listBibl/msDesc/msContents/msItem/locus	(absent)					1	BOTH_EMPTY: no @from, @to or text content
658	/*/*[2]/*/*/*/*[2]/*[2]/*[1]	TEI/text/body/listBibl/msDesc/msContents/msItem/locus	(absent)					1	BOTH_EMPTY: no @from, @to or text content
659	/*/*[2]/*/*/*/*[2]/*[2]/*[1]	TEI/text/body/listBibl/msDesc/msContents/msItem/locus	(absent)					1	BOTH_EMPTY: no @from, @to or text content
66	/*/*[2]/*/*/*/*[2]/*[2]/*[1]	TEI/text/body/listBibl/msDesc/msContents/msItem/locus	(absent)					1	BOTH_EMPTY: no @from, @to or text content
660	/*/*[2]/*/*/*/*[2]/*[2]/*[1]	TEI/text/body/listBibl/msDesc/msContents/msItem/locus	(absent)					1	BOTH_EMPTY: no @from, @to or text content
661	/*/*[2]/*/*/*/*[2]/*[2]/*[1]	TEI/text/body/listBibl/msDesc/msContents/msItem/locus	(absent)					1	BOTH_EMPTY: no @from, @to or text content
662	/*/*[2]/*/*/*/*[2]/*[2]/*[1]	TEI/text/body/listBibl/msDesc/msContents/msItem/locus	(absent)					1	BOTH_EMPTY: no @from, @to or text content
663	/*/*[2]/*/*/*/*[2]/*[2]/*[1]	TEI/text/body/listBibl/msDesc/msContents/msItem/locus	(absent)					1	BOTH_EMPTY: no @from, @to or text content
664	/*/*[2]/*/*/*/*[2]/*[2]/*[1]	TEI/text/body/listBibl/msDesc/msContents/msItem/locus	(absent)					1	BOTH_EMPTY: no @from, @to or text content
665	/*/*[2]/*/*/*/*[2]/*[2]/*[1]	TEI/text/body/listBibl/msDesc/msContents/msItem/locus	(absent)					1	BOTH_EMPTY: no @from, @to or text content
667	/*/*[2]/*/*/*/*[2]/*[2]/*[1]	TEI/text/body/listBibl/msDesc/msContents/msItem/locus	(absent)					1	BOTH_EMPTY: no @from, @to or text content
669	/*/*[2]/*/*/*/*[2]/*[2]/*[1]	TEI/text/body/listBibl/msDesc/msContents/msItem/locus	(absent)					1	BOTH_EMPTY: no @from, @to or text content
67	/*/*[2]/*/*/*/*[2]/*[2]/*[1]	TEI/text/body/listBibl/msDesc/msContents/msItem/locus	(absent)					1	BOTH_EMPTY: no @from, @to or text content
670	/*/*[2]/*/*/*/*[2]/*[2]/*[1]	TEI/text/body/listBibl/msDesc/msContents/msItem/locus	(absent)					1	BOTH_EMPTY: no @from, @to or text content
671	/*/*[2]/*/*/*/*[2]/*[2]/*[1]	TEI/text/body/listBibl/msDesc/msContents/msItem/locus	(absent)					1	BOTH_EMPTY: no @from, @to or text content
672	/*/*[2]/*/*/*/*[2]/*[2]/*[1]	TEI/text/body/listBibl/msDesc/msContents/msItem/locus	(absent)					1	BOTH_EMPTY: no @from, @to or text content
673	/*/*[2]/*/*/*/*[2]/*[2]/*[1]	TEI/text/body/listBibl/msDesc/msContents/msItem/locus	(absent)					1	BOTH_EMPTY: no @from, @to or text content
674	/*/*[2]/*/*/*/*[2]/*[2]/*[1]	TEI/text/body/listBibl/msDesc/msContents/msItem/locus	(absent)					1	BOTH_EMPTY: no @from, @to or text content
675	/*/*[2]/*/*/*/*[2]/*[2]/*[1]	TEI/text/body/listBibl/msDesc/msContents/msItem/locus	(absent)					1	BOTH_EMPTY: no @from, @to or text content
676	/*/*[2]/*/*/*/*[2]/*[2]/*[1]	TEI/text/body/listBibl/msDesc/msContents/msItem/locus	(absent)					1	BOTH_EMPTY: no @from, @to or text content
677	/*/*[2]/*/*/*/*[2]/*[2]/*[1]	TEI/text/body/listBibl/msDesc/msContents/msItem/locus	(absent)					1	BOTH_EMPTY: no @from, @to or text content
678	/*/*[2]/*/*/*/*[2]/*[2]/*[1]	TEI/text/body/listBibl/msDesc/msContents/msItem/locus	(absent)					1	BOTH_EMPTY: no @from, @to or text content
68	/*/*[2]/*/*/*/*[2]/*[2]/*[1]	TEI/text/body/listBibl/msDesc/msContents/msItem/locus	(absent)					1	BOTH_EMPTY: no @from, @to or text content
683	/*/*[2]/*/*/*/*[2]/*[2]/*[1]	TEI/text/body/listBibl/msDesc/msContents/msItem/locus	(absent)					1	BOTH_EMPTY: no @from, @to or text content
684	/*/*[2]/*/*/*/*[2]/*[2]/*[1]	TEI/text/body/listBibl/msDesc/msContents/msItem/locus	(absent)					1	BOTH_EMPTY: no @from, @to or text content
685	/*/*[2]/*/*/*/*[2]/*[2]/*[1]	TEI/text/body/listBibl/msDesc/msContents/msItem/locus	(absent)					1	BOTH_EMPTY: no @from, @to or text content
686	/*/*[2]/*/*/*/*[2]/*[2]/*[1]	TEI/text/body/listBibl/msDesc/msContents/msItem/locus	(absent)					1	BOTH_EMPTY: no @from, @to or text content
687	/*/*[2]/*/*/*/*[2]/*[2]/*[1]	TEI/text/body/listBibl/msDesc/msContents/msItem/locus	(absent)					1	BOTH_EMPTY: no @from, @to or text content
688	/*/*[2]/*/*/*/*[2]/*[2]/*[1]	TEI/text/body/listBibl/msDesc/msContents/msItem/locus	(absent)					1	BOTH_EMPTY: no @from, @to or text content
689	/*/*[2]/*/*/*/*[2]/*[2]/*[1]	TEI/text/body/listBibl/msDesc/msContents/msItem/locus	(absent)					1	BOTH_EMPTY: no @from, @to or text content
69	/*/*[2]/*/*/*/*[2]/*[2]/*[1]	TEI/text/body/listBibl/msDesc/msContents/msItem/locus	(absent)					1	BOTH_EMPTY: no @from, @to or text content
690	/*/*[2]/*/*/*/*[2]/*[2]/*[1]	TEI/text/body/listBibl/msDesc/msContents/msItem/locus	(absent)					1	BOTH_EMPTY: no @from, @to or text content
691	/*/*[2]/*/*/*/*[2]/*[2]/*[1]	TEI/text/body/listBibl/msDesc/msContents/msItem/locus	(absent)					1	BOTH_EMPTY: no @from, @to or text content
692	/*/*[2]/*/*/*/*[2]/*[2]/*[1]	TEI/text/body/listBibl/msDesc/msContents/msItem/locus	(absent)					1	BOTH_EMPTY: no @from, @to or text content
693	/*/*[2]/*/*/*/*[2]/*[2]/*[1]	TEI/text/body/listBibl/msDesc/msContents/msItem/locus	(absent)					1	BOTH_EMPTY: no @from, @to or text content
694	/*/*[2]/*/*/*/*[2]/*[2]/*[1]	TEI/text/body/listBibl/msDesc/msContents/msItem/locus	(absent)					1	BOTH_EMPTY: no @from, @to or text content
696	/*/*[2]/*/*/*/*[2]/*[2]/*[1]	TEI/text/body/listBibl/msDesc/msContents/msItem/locus	(absent)					1	BOTH_EMPTY: no @from, @to or text content
697	/*/*[2]/*/*/*/*[2]/*[2]/*[1]	TEI/text/body/listBibl/msDesc/msContents/msItem/locus	(absent)					1	BOTH_EMPTY: no @from, @to or text content
698	/*/*[2]/*/*/*/*[2]/*[2]/*[1]	TEI/text/body/listBibl/msDesc/msContents/msItem/locus	(absent)					1	BOTH_EMPTY: no @from, @to or text content
7	/*/*[2]/*/*/*/*[2]/*[2]/*[1]	TEI/text/body/listBibl/msDesc/msContents/msItem/locus	(absent)					1	BOTH_EMPTY: no @from, @to or text content
70	/*/*[2]/*/*/*/*[2]/*[2]/*[1]	TEI/text/body/listBibl/msDesc/msContents/msItem/locus	(absent)					1	BOTH_EMPTY: no @from, @to or text content
700	/*/*[2]/*/*/*/*[2]/*[2]/*[1]	TEI/text/body/listBibl/msDesc/msContents/msItem/locus	(absent)					1	BOTH_EMPTY: no @from, @to or text content
701	/*/*[2]/*/*/*/*[2]/*[2]/*[1]	TEI/text/body/listBibl/msDesc/msContents/msItem/locus	(absent)					1	BOTH_EMPTY: no @from, @to or text content
702	/*/*[2]/*/*/*/*[2]/*[2]/*[1]	TEI/text/body/listBibl/msDesc/msContents/msItem/locus	(absent)					1	BOTH_EMPTY: no @from, @to or text content
703	/*/*[2]/*/*/*/*[2]/*[2]/*[1]	TEI/text/body/listBibl/msDesc/msContents/msItem/locus	(absent)					1	BOTH_EMPTY: no @from, @to or text content
704	/*/*[2]/*/*/*/*[2]/*[2]/*[1]	TEI/text/body/listBibl/msDesc/msContents/msItem/locus	(absent)					1	BOTH_EMPTY: no @from, @to or text content
705	/*/*[2]/*/*/*/*[2]/*[2]/*[1]	TEI/text/body/listBibl/msDesc/msContents/msItem/locus	(absent)					1	BOTH_EMPTY: no @from, @to or text content
706	/*/*[2]/*/*/*/*[2]/*[2]/*[1]	TEI/text/body/listBibl/msDesc/msContents/msItem/locus	(absent)					1	BOTH_EMPTY: no @from, @to or text content
707	/*/*[2]/*/*/*/*[2]/*[2]/*[1]	TEI/text/body/listBibl/msDesc/msContents/msItem/locus	(absent)					1	BOTH_EMPTY: no @from, @to or text content
708	/*/*[2]/*/*/*/*[2]/*[2]/*[1]	TEI/text/body/listBibl/msDesc/msContents/msItem/locus	(absent)					1	BOTH_EMPTY: no @from, @to or text content
709	/*/*[2]/*/*/*/*[2]/*[2]/*[1]	TEI/text/body/listBibl/msDesc/msContents/msItem/locus	(absent)					1	BOTH_EMPTY: no @from, @to or text content
71	/*/*[2]/*/*/*/*[2]/*[2]/*[1]	TEI/text/body/listBibl/msDesc/msContents/msItem/locus	(absent)					1	BOTH_EMPTY: no @from, @to or text content
710	/*/*[2]/*/*/*/*[2]/*[2]/*[1]	TEI/text/body/listBibl/msDesc/msContents/msItem/locus	(absent)					1	BOTH_EMPTY: no @from, @to or text content
711	/*/*[2]/*/*/*/*[2]/*[2]/*[1]	TEI/text/body/listBibl/msDesc/msContents/msItem/locus	(absent)					1	BOTH_EMPTY: no @from, @to or text content
712	/*/*[2]/*/*/*/*[2]/*[2]/*[1]	TEI/text/body/listBibl/msDesc/msContents/msItem/locus	(absent)					1	BOTH_EMPTY: no @from, @to or text content
713	/*/*[2]/*/*/*/*[2]/*[2]/*[1]	TEI/text/body/listBibl/msDesc/msContents/msItem/locus	(absent)					1	BOTH_EMPTY: no @from, @to or text content
714	/*/*[2]/*/*/*/*[2]/*[2]/*[1]	TEI/text/body/listBibl/msDesc/msContents/msItem/locus	(absent)					1	BOTH_EMPTY: no @from, @to or text content
715	/*/*[2]/*/*/*/*[2]/*[2]/*[1]	TEI/text/body/listBibl/msDesc/msContents/msItem/locus	(absent)					1	BOTH_EMPTY: no @from, @to or text content
716	/*/*[2]/*/*/*/*[2]/*[2]/*[1]	TEI/text/body/listBibl/msDesc/msContents/msItem/locus	(absent)					1	BOTH_EMPTY: no @from, @to or text content
717	/*/*[2]/*/*/*/*[2]/*[2]/*[1]	TEI/text/body/listBibl/msDesc/msContents/msItem/locus	(absent)					1	BOTH_EMPTY: no @from, @to or text content
718	/*/*[2]/*/*/*/*[2]/*[2]/*[1]	TEI/text/body/listBibl/msDesc/msContents/msItem/locus	(absent)					1	BOTH_EMPTY: no @from, @to or text content
719	/*/*[2]/*/*/*/*[2]/*[2]/*[1]	TEI/text/body/listBibl/msDesc/msContents/msItem/locus	(absent)					1	BOTH_EMPTY: no @from, @to or text content
72	/*/*[2]/*/*/*/*[2]/*[2]/*[1]	TEI/text/body/listBibl/msDesc/msContents/msItem/locus	(absent)					1	BOTH_EMPTY: no @from, @to or text content
720	/*/*[2]/*/*/*/*[2]/*[2]/*[1]	TEI/text/body/listBibl/msDesc/msContents/msItem/locus	(absent)					1	BOTH_EMPTY: no @from, @to or text content
721	/*/*[2]/*/*/*/*[2]/*[2]/*[1]	TEI/text/body/listBibl/msDesc/msContents/msItem/locus	(absent)					1	BOTH_EMPTY: no @from, @to or text content
722	/*/*[2]/*/*/*/*[2]/*[2]/*[1]	TEI/text/body/listBibl/msDesc/msContents/msItem/locus	(absent)					1	BOTH_EMPTY: no @from, @to or text content
723	/*/*[2]/*/*/*/*[2]/*[2]/*[1]	TEI/text/body/listBibl/msDesc/msContents/msItem/locus	(absent)					1	BOTH_EMPTY: no @from, @to or text content
724	/*/*[2]/*/*/*/*[2]/*[2]/*[1]	TEI/text/body/listBibl/msDesc/msContents/msItem/locus	(absent)					1	BOTH_EMPTY: no @from, @to or text content
725	/*/*[2]/*/*/*/*[2]/*[2]/*[1]	TEI/text/body/listBibl/msDesc/msContents/msItem/locus	(absent)					1	BOTH_EMPTY: no @from, @to or text content
726	/*/*[2]/*/*/*/*[2]/*[2]/*[1]	TEI/text/body/listBibl/msDesc/msContents/msItem/locus	(absent)					1	BOTH_EMPTY: no @from, @to or text content
727	/*/*[2]/*/*/*/*[2]/*[2]/*[1]	TEI/text/body/listBibl/msDesc/msContents/msItem/locus	(absent)					1	BOTH_EMPTY: no @from, @to or text content
728	/*/*[2]/*/*/*/*[2]/*[2]/*[1]	TEI/text/body/listBibl/msDesc/msContents/msItem/locus	(absent)					1	BOTH_EMPTY: no @from, @to or text content
729	/*/*[2]/*/*/*/*[2]/*[2]/*[1]	TEI/text/body/listBibl/msDesc/msContents/msItem/locus	(absent)					1	BOTH_EMPTY: no @from, @to or text content
73	/*/*[2]/*/*/*/*[2]/*[2]/*[1]	TEI/text/body/listBibl/msDesc/msContents/msItem/locus	(absent)					1	BOTH_EMPTY: no @from, @to or text content
730	/*/*[2]/*/*/*/*[2]/*[2]/*[1]	TEI/text/body/listBibl/msDesc/msContents/msItem/locus	(absent)					1	BOTH_EMPTY: no @from, @to or text content
731	/*/*[2]/*/*/*/*[2]/*[2]/*[1]	TEI/text/body/listBibl/msDesc/msContents/msItem/locus	(absent)					1	BOTH_EMPTY: no @from, @to or text content
732	/*/*[2]/*/*/*/*[2]/*[2]/*[1]	TEI/text/body/listBibl/msDesc/msContents/msItem/locus	(absent)					1	BOTH_EMPTY: no @from, @to or text content
733	/*/*[2]/*/*/*/*[2]/*[2]/*[1]	TEI/text/body/listBibl/msDesc/msContents/msItem/locus	(absent)					1	BOTH_EMPTY: no @from, @to or text content
734	/*/*[2]/*/*/*/*[2]/*[2]/*[1]	TEI/text/body/listBibl/msDesc/msContents/msItem/locus	(absent)					1	BOTH_EMPTY: no @from, @to or text content
735	/*/*[2]/*/*/*/*[2]/*[2]/*[1]	TEI/text/body/listBibl/msDesc/msContents/msItem/locus	(absent)					1	BOTH_EMPTY: no @from, @to or text content
736	/*/*[2]/*/*/*/*[2]/*[2]/*[1]	TEI/text/body/listBibl/msDesc/msContents/msItem/locus	(absent)					1	BOTH_EMPTY: no @from, @to or text content
737	/*/*[2]/*/*/*/*[2]/*[2]/*[1]	TEI/text/body/listBibl/msDesc/msContents/msItem/locus	(absent)					1	BOTH_EMPTY: no @from, @to or text content
738	/*/*[2]/*/*/*/*[2]/*[2]/*[1]	TEI/text/body/listBibl/msDesc/msContents/msItem/locus	(absent)					1	BOTH_EMPTY: no @from, @to or text content
739	/*/*[2]/*/*/*/*[2]/*[2]/*[1]	TEI/text/body/listBibl/msDesc/msContents/msItem/locus	(absent)					1	BOTH_EMPTY: no @from, @to or text content
74	/*/*[2]/*/*/*/*[2]/*[2]/*[1]	TEI/text/body/listBibl/msDesc/msContents/msItem/locus	(absent)					1	BOTH_EMPTY: no @from, @to or text content
740	/*/*[2]/*/*/*/*[2]/*[2]/*[1]	TEI/text/body/listBibl/msDesc/msContents/msItem/locus	(absent)					1	BOTH_EMPTY: no @from, @to or text content
741	/*/*[2]/*/*/*/*[2]/*[2]/*[1]	TEI/text/body/listBibl/msDesc/msContents/msItem/locus	(absent)					1	BOTH_EMPTY: no @from, @to or text content
742	/*/*[2]/*/*/*/*[2]/*[2]/*[1]	TEI/text/body/listBibl/msDesc/msContents/msItem/locus	(absent)					1	BOTH_EMPTY: no @from, @to or text content
743	/*/*[2]/*/*/*/*[2]/*[2]/*[1]	TEI/text/body/listBibl/msDesc/msContents/msItem/locus	(absent)					1	BOTH_EMPTY: no @from, @to or text content
744	/*/*[2]/*/*/*/*[2]/*[2]/*[1]	TEI/text/body/listBibl/msDesc/msContents/msItem/locus	(absent)					1	BOTH_EMPTY: no @from, @to or text content
745	/*/*[2]/*/*/*/*[2]/*[2]/*[1]	TEI/text/body/listBibl/msDesc/msContents/msItem/locus	(absent)					1	BOTH_EMPTY: no @from, @to or text content
746	/*/*[2]/*/*/*/*[2]/*[2]/*[1]	TEI/text/body/listBibl/msDesc/msContents/msItem/locus	(absent)					1	BOTH_EMPTY: no @from, @to or text content
747	/*/*[2]/*/*/*/*[2]/*[2]/*[1]	TEI/text/body/listBibl/msDesc/msContents/msItem/locus	(absent)					1	BOTH_EMPTY: no @from, @to or text content
748	/*/*[2]/*/*/*/*[2]/*[2]/*[1]	TEI/text/body/listBibl/msDesc/msContents/msItem/locus	(absent)					1	BOTH_EMPTY: no @from, @to or text content
749	/*/*[2]/*/*/*/*[2]/*[2]/*[1]	TEI/text/body/listBibl/msDesc/msContents/msItem/locus	(absent)					1	BOTH_EMPTY: no @from, @to or text content
75	/*/*[2]/*/*/*/*[2]/*[2]/*[1]	TEI/text/body/listBibl/msDesc/msContents/msItem/locus	(absent)					1	BOTH_EMPTY: no @from, @to or text content
750	/*/*[2]/*/*/*/*[2]/*[2]/*[1]	TEI/text/body/listBibl/msDesc/msContents/msItem/locus	(absent)					1	BOTH_EMPTY: no @from, @to or text content
751	/*/*[2]/*/*/*/*[2]/*[2]/*[1]	TEI/text/body/listBibl/msDesc/msContents/msItem/locus	(absent)					1	BOTH_EMPTY: no @from, @to or text content
752	/*/*[2]/*/*/*/*[2]/*[2]/*[1]	TEI/text/body/listBibl/msDesc/msContents/msItem/locus	(absent)					1	BOTH_EMPTY: no @from, @to or text content
753	/*/*[2]/*/*/*/*[2]/*[2]/*[1]	TEI/text/body/listBibl/msDesc/msContents/msItem/locus	(absent)					1	BOTH_EMPTY: no @from, @to or text content
754	/*/*[2]/*/*/*/*[2]/*[2]/*[1]	TEI/text/body/listBibl/msDesc/msContents/msItem/locus	(absent)					1	BOTH_EMPTY: no @from, @to or text content
755	/*/*[2]/*/*/*/*[2]/*[2]/*[1]	TEI/text/body/listBibl/msDesc/msContents/msItem/locus	(absent)					1	BOTH_EMPTY: no @from, @to or text content
756	/*/*[2]/*/*/*/*[2]/*[2]/*[1]	TEI/text/body/listBibl/msDesc/msContents/msItem/locus	(absent)					1	BOTH_EMPTY: no @from, @to or text content
757	/*/*[2]/*/*/*/*[2]/*[2]/*[1]	TEI/text/body/listBibl/msDesc/msContents/msItem/locus	(absent)					1	BOTH_EMPTY: no @from, @to or text content
758	/*/*[2]/*/*/*/*[2]/*[2]/*[1]	TEI/text/body/listBibl/msDesc/msContents/msItem/locus	(absent)					1	BOTH_EMPTY: no @from, @to or text content
759	/*/*[2]/*/*/*/*[2]/*[2]/*[1]	TEI/text/body/listBibl/msDesc/msContents/msItem/locus	(absent)					1	BOTH_EMPTY: no @from, @to or text content
76	/*/*[2]/*/*/*/*[2]/*[2]/*[1]	TEI/text/body/listBibl/msDesc/msContents/msItem/locus	(absent)					1	BOTH_EMPTY: no @from, @to or text content
760	/*/*[2]/*/*/*/*[2]/*[2]/*[1]	TEI/text/body/listBibl/msDesc/msContents/msItem/locus	(absent)					1	BOTH_EMPTY: no @from, @to or text content
761	/*/*[2]/*/*/*/*[2]/*[2]/*[1]	TEI/text/body/listBibl/msDesc/msContents/msItem/locus	(absent)					1	BOTH_EMPTY: no @from, @to or text content
762	/*/*[2]/*/*/*/*[2]/*[2]/*[1]	TEI/text/body/listBibl/msDesc/msContents/msItem/locus	(absent)					1	BOTH_EMPTY: no @from, @to or text content
763	/*/*[2]/*/*/*/*[2]/*[2]/*[1]	TEI/text/body/listBibl/msDesc/msContents/msItem/locus	(absent)					1	BOTH_EMPTY: no @from, @to or text content
764	/*/*[2]/*/*/*/*[2]/*[2]/*[1]	TEI/text/body/listBibl/msDesc/msContents/msItem/locus	(absent)					1	BOTH_EMPTY: no @from, @to or text content
765	/*/*[2]/*/*/*/*[2]/*[2]/*[1]	TEI/text/body/listBibl/msDesc/msContents/msItem/locus	(absent)					1	BOTH_EMPTY: no @from, @to or text content
766	/*/*[2]/*/*/*/*[2]/*[2]/*[1]	TEI/text/body/listBibl/msDesc/msContents/msItem/locus	(absent)					1	BOTH_EMPTY: no @from, @to or text content
767	/*/*[2]/*/*/*/*[2]/*[2]/*[1]	TEI/text/body/listBibl/msDesc/msContents/msItem/locus	(absent)					1	BOTH_EMPTY: no @from, @to or text content
768	/*/*[2]/*/*/*/*[2]/*[2]/*[1]	TEI/text/body/listBibl/msDesc/msContents/msItem/locus	(absent)					1	BOTH_EMPTY: no @from, @to or text content
769	/*/*[2]/*/*/*/*[2]/*[2]/*[1]	TEI/text/body/listBibl/msDesc/msContents/msItem/locus	(absent)					1	BOTH_EMPTY: no @from, @to or text content
77	/*/*[2]/*/*/*/*[2]/*[2]/*[1]	TEI/text/body/listBibl/msDesc/msContents/msItem/locus	(absent)					1	BOTH_EMPTY: no @from, @to or text content
770	/*/*[2]/*/*/*/*[2]/*[2]/*[1]	TEI/text/body/listBibl/msDesc/msContents/msItem/locus	(absent)					1	BOTH_EMPTY: no @from, @to or text content
771	/*/*[2]/*/*/*/*[2]/*[2]/*[1]	TEI/text/body/listBibl/msDesc/msContents/msItem/locus	(absent)					1	BOTH_EMPTY: no @from, @to or text content
772	/*/*[2]/*/*/*/*[2]/*[2]/*[1]	TEI/text/body/listBibl/msDesc/msContents/msItem/locus	(absent)					1	BOTH_EMPTY: no @from, @to or text content
773	/*/*[2]/*/*/*/*[2]/*[2]/*[1]	TEI/text/body/listBibl/msDesc/msContents/msItem/locus	(absent)					1	BOTH_EMPTY: no @from, @to or text content
774	/*/*[2]/*/*/*/*[2]/*[2]/*[1]	TEI/text/body/listBibl/msDesc/msContents/msItem/locus	(absent)					1	BOTH_EMPTY: no @from, @to or text content
775	/*/*[2]/*/*/*/*[2]/*[2]/*[1]	TEI/text/body/listBibl/msDesc/msContents/msItem/locus	(absent)					1	BOTH_EMPTY: no @from, @to or text content
776	/*/*[2]/*/*/*/*[2]/*[2]/*[1]	TEI/text/body/listBibl/msDesc/msContents/msItem/locus	(absent)					1	BOTH_EMPTY: no @from, @to or text content
777	/*/*[2]/*/*/*/*[2]/*[2]/*[1]	TEI/text/body/listBibl/msDesc/msContents/msItem/locus	(absent)					1	BOTH_EMPTY: no @from, @to or text content
778	/*/*[2]/*/*/*/*[2]/*[2]/*[1]	TEI/text/body/listBibl/msDesc/msContents/msItem/locus	(absent)					1	BOTH_EMPTY: no @from, @to or text content
779	/*/*[2]/*/*/*/*[2]/*[2]/*[1]	TEI/text/body/listBibl/msDesc/msContents/msItem/locus	(absent)					1	BOTH_EMPTY: no @from, @to or text content
78	/*/*[2]/*/*/*/*[2]/*[2]/*[1]	TEI/text/body/listBibl/msDesc/msContents/msItem/locus	(absent)					1	BOTH_EMPTY: no @from, @to or text content
780	/*/*[2]/*/*/*/*[2]/*[2]/*[1]	TEI/text/body/listBibl/msDesc/msContents/msItem/locus	(absent)					1	BOTH_EMPTY: no @from, @to or text content
781	/*/*[2]/*/*/*/*[2]/*[2]/*[1]	TEI/text/body/listBibl/msDesc/msContents/msItem/locus	(absent)					1	BOTH_EMPTY: no @from, @to or text content
782	/*/*[2]/*/*/*/*[2]/*[2]/*[1]	TEI/text/body/listBibl/msDesc/msContents/msItem/locus	(absent)					1	BOTH_EMPTY: no @from, @to or text content
783	/*/*[2]/*/*/*/*[2]/*[2]/*[1]	TEI/text/body/listBibl/msDesc/msContents/msItem/locus	(absent)					1	BOTH_EMPTY: no @from, @to or text content
785	/*/*[2]/*/*/*/*[2]/*[2]/*[1]	TEI/text/body/listBibl/msDesc/msContents/msItem/locus	(absent)					1	BOTH_EMPTY: no @from, @to or text content
786	/*/*[2]/*/*/*/*[2]/*[2]/*[1]	TEI/text/body/listBibl/msDesc/msContents/msItem/locus	(absent)					1	BOTH_EMPTY: no @from, @to or text content
787	/*/*[2]/*/*/*/*[2]/*[2]/*[1]	TEI/text/body/listBibl/msDesc/msContents/msItem/locus	(absent)					1	BOTH_EMPTY: no @from, @to or text content
788	/*/*[2]/*/*/*/*[2]/*[2]/*[1]	TEI/text/body/listBibl/msDesc/msContents/msItem/locus	(absent)					1	BOTH_EMPTY: no @from, @to or text content
789	/*/*[2]/*/*/*/*[2]/*[2]/*[1]	TEI/text/body/listBibl/msDesc/msContents/msItem/locus	(absent)					1	BOTH_EMPTY: no @from, @to or text content
79	/*/*[2]/*/*/*/*[2]/*[2]/*[1]	TEI/text/body/listBibl/msDesc/msContents/msItem/locus	(absent)					1	BOTH_EMPTY: no @from, @to or text content
790	/*/*[2]/*/*/*/*[2]/*[2]/*[1]	TEI/text/body/listBibl/msDesc/msContents/msItem/locus	(absent)					1	BOTH_EMPTY: no @from, @to or text content
791	/*/*[2]/*/*/*/*[2]/*[2]/*[1]	TEI/text/body/listBibl/msDesc/msContents/msItem/locus	(absent)					1	BOTH_EMPTY: no @from, @to or text content
792	/*/*[2]/*/*/*/*[2]/*[2]/*[1]	TEI/text/body/listBibl/msDesc/msContents/msItem/locus	(absent)					1	BOTH_EMPTY: no @from, @to or text content
793	/*/*[2]/*/*/*/*[2]/*[2]/*[1]	TEI/text/body/listBibl/msDesc/msContents/msItem/locus	(absent)					1	BOTH_EMPTY: no @from, @to or text content
794	/*/*[2]/*/*/*/*[2]/*[2]/*[1]	TEI/text/body/listBibl/msDesc/msContents/msItem/locus	(absent)					1	BOTH_EMPTY: no @from, @to or text content
795	/*/*[2]/*/*/*/*[2]/*[2]/*[1]	TEI/text/body/listBibl/msDesc/msContents/msItem/locus	(absent)					1	BOTH_EMPTY: no @from, @to or text content
796	/*/*[2]/*/*/*/*[2]/*[2]/*[1]	TEI/text/body/listBibl/msDesc/msContents/msItem/locus	(absent)					1	BOTH_EMPTY: no @from, @to or text content
797	/*/*[2]/*/*/*/*[2]/*[2]/*[1]	TEI/text/body/listBibl/msDesc/msContents/msItem/locus	(absent)					1	BOTH_EMPTY: no @from, @to or text content
798	/*/*[2]/*/*/*/*[2]/*[2]/*[1]	TEI/text/body/listBibl/msDesc/msContents/msItem/locus	(absent)					1	BOTH_EMPTY: no @from, @to or text content
799	/*/*[2]/*/*/*/*[2]/*[2]/*[1]	TEI/text/body/listBibl/msDesc/msContents/msItem/locus	(absent)					1	BOTH_EMPTY: no @from, @to or text content
8	/*/*[2]/*/*/*/*[2]/*[2]/*[1]	TEI/text/body/listBibl/msDesc/msContents/msItem/locus	(absent)					1	BOTH_EMPTY: no @from, @to or text content
80	/*/*[2]/*/*/*/*[2]/*[2]/*[1]	TEI/text/body/listBibl/msDesc/msContents/msItem/locus	(absent)					1	BOTH_EMPTY: no @from, @to or text content
800	/*/*[2]/*/*/*/*[2]/*[2]/*[1]	TEI/text/body/listBibl/msDesc/msContents/msItem/locus	(absent)					1	BOTH_EMPTY: no @from, @to or text content
801	/*/*[2]/*/*/*/*[2]/*[2]/*[1]	TEI/text/body/listBibl/msDesc/msContents/msItem/locus	(absent)					1	BOTH_EMPTY: no @from, @to or text content
802	/*/*[2]/*/*/*/*[2]/*[2]/*[1]	TEI/text/body/listBibl/msDesc/msContents/msItem/locus	(absent)					1	BOTH_EMPTY: no @from, @to or text content
803	/*/*[2]/*/*/*/*[2]/*[2]/*[1]	TEI/text/body/listBibl/msDesc/msContents/msItem/locus	(absent)					1	BOTH_EMPTY: no @from, @to or text content
804	/*/*[2]/*/*/*/*[2]/*[2]/*[1]	TEI/text/body/listBibl/msDesc/msContents/msItem/locus	(absent)					1	BOTH_EMPTY: no @from, @to or text content
805	/*/*[2]/*/*/*/*[2]/*[2]/*[1]	TEI/text/body/listBibl/msDesc/msContents/msItem/locus	(absent)					1	BOTH_EMPTY: no @from, @to or text content
806	/*/*[2]/*/*/*/*[2]/*[2]/*[1]	TEI/text/body/listBibl/msDesc/msContents/msItem/locus	(absent)					1	BOTH_EMPTY: no @from, @to or text content
807	/*/*[2]/*/*/*/*[2]/*[2]/*[1]	TEI/text/body/listBibl/msDesc/msContents/msItem/locus	(absent)					1	BOTH_EMPTY: no @from, @to or text content
808	/*/*[2]/*/*/*/*[2]/*[2]/*[1]	TEI/text/body/listBibl/msDesc/msContents/msItem/locus	(absent)					1	BOTH_EMPTY: no @from, @to or text content
809	/*/*[2]/*/*/*/*[2]/*[2]/*[1]	TEI/text/body/listBibl/msDesc/msContents/msItem/locus	(absent)					1	BOTH_EMPTY: no @from, @to or text content
81	/*/*[2]/*/*/*/*[2]/*[2]/*[1]	TEI/text/body/listBibl/msDesc/msContents/msItem/locus	(absent)					1	BOTH_EMPTY: no @from, @to or text content
810	/*/*[2]/*/*/*/*[2]/*[2]/*[1]	TEI/text/body/listBibl/msDesc/msContents/msItem/locus	(absent)					1	BOTH_EMPTY: no @from, @to or text content
811	/*/*[2]/*/*/*/*[2]/*[2]/*[1]	TEI/text/body/listBibl/msDesc/msContents/msItem/locus	(absent)					1	BOTH_EMPTY: no @from, @to or text content
812	/*/*[2]/*/*/*/*[2]/*[2]/*[1]	TEI/text/body/listBibl/msDesc/msContents/msItem/locus	(absent)					1	BOTH_EMPTY: no @from, @to or text content
813	/*/*[2]/*/*/*/*[2]/*[2]/*[1]	TEI/text/body/listBibl/msDesc/msContents/msItem/locus	(absent)					1	BOTH_EMPTY: no @from, @to or text content
814	/*/*[2]/*/*/*/*[2]/*[2]/*[1]	TEI/text/body/listBibl/msDesc/msContents/msItem/locus	(absent)					1	BOTH_EMPTY: no @from, @to or text content
815	/*/*[2]/*/*/*/*[2]/*[2]/*[1]	TEI/text/body/listBibl/msDesc/msContents/msItem/locus	(absent)					1	BOTH_EMPTY: no @from, @to or text content
816	/*/*[2]/*/*/*/*[2]/*[2]/*[1]	TEI/text/body/listBibl/msDesc/msContents/msItem/locus	(absent)					1	BOTH_EMPTY: no @from, @to or text content
817	/*/*[2]/*/*/*/*[2]/*[2]/*[1]	TEI/text/body/listBibl/msDesc/msContents/msItem/locus	(absent)					1	BOTH_EMPTY: no @from, @to or text content
818	/*/*[2]/*/*/*/*[2]/*[2]/*[1]	TEI/text/body/listBibl/msDesc/msContents/msItem/locus	(absent)					1	BOTH_EMPTY: no @from, @to or text content
819	/*/*[2]/*/*/*/*[2]/*[2]/*[1]	TEI/text/body/listBibl/msDesc/msContents/msItem/locus	(absent)					1	BOTH_EMPTY: no @from, @to or text content
82	/*/*[2]/*/*/*/*[2]/*[2]/*[1]	TEI/text/body/listBibl/msDesc/msContents/msItem/locus	(absent)					1	BOTH_EMPTY: no @from, @to or text content
820	/*/*[2]/*/*/*/*[2]/*[2]/*[1]	TEI/text/body/listBibl/msDesc/msContents/msItem/locus	(absent)					1	BOTH_EMPTY: no @from, @to or text content
821	/*/*[2]/*/*/*/*[2]/*[2]/*[1]	TEI/text/body/listBibl/msDesc/msContents/msItem/locus	(absent)					1	BOTH_EMPTY: no @from, @to or text content
822	/*/*[2]/*/*/*/*[2]/*[2]/*[1]	TEI/text/body/listBibl/msDesc/msContents/msItem/locus	(absent)					1	BOTH_EMPTY: no @from, @to or text content
823	/*/*[2]/*/*/*/*[2]/*[2]/*[1]	TEI/text/body/listBibl/msDesc/msContents/msItem/locus	(absent)					1	BOTH_EMPTY: no @from, @to or text content
824	/*/*[2]/*/*/*/*[2]/*[2]/*[1]	TEI/text/body/listBibl/msDesc/msContents/msItem/locus	(absent)					1	BOTH_EMPTY: no @from, @to or text content
825	/*/*[2]/*/*/*/*[2]/*[2]/*[1]	TEI/text/body/listBibl/msDesc/msContents/msItem/locus	(absent)					1	BOTH_EMPTY: no @from, @to or text content
826	/*/*[2]/*/*/*/*[2]/*[2]/*[1]	TEI/text/body/listBibl/msDesc/msContents/msItem/locus	(absent)					1	BOTH_EMPTY: no @from, @to or text content
827	/*/*[2]/*/*/*/*[2]/*[2]/*[1]	TEI/text/body/listBibl/msDesc/msContents/msItem/locus	(absent)					1	BOTH_EMPTY: no @from, @to or text content
828	/*/*[2]/*/*/*/*[2]/*[2]/*[1]	TEI/text/body/listBibl/msDesc/msContents/msItem/locus	(absent)					1	BOTH_EMPTY: no @from, @to or text content
829	/*/*[2]/*/*/*/*[2]/*[2]/*[1]	TEI/text/body/listBibl/msDesc/msContents/msItem/locus	(absent)					1	BOTH_EMPTY: no @from, @to or text content
83	/*/*[2]/*/*/*/*[2]/*[2]/*[1]	TEI/text/body/listBibl/msDesc/msContents/msItem/locus	(absent)					1	BOTH_EMPTY: no @from, @to or text content
830	/*/*[2]/*/*/*/*[2]/*[2]/*[1]	TEI/text/body/listBibl/msDesc/msContents/msItem/locus	(absent)					1	BOTH_EMPTY: no @from, @to or text content
831	/*/*[2]/*/*/*/*[2]/*[2]/*[1]	TEI/text/body/listBibl/msDesc/msContents/msItem/locus	(absent)					1	BOTH_EMPTY: no @from, @to or text content
832	/*/*[2]/*/*/*/*[2]/*[2]/*[1]	TEI/text/body/listBibl/msDesc/msContents/msItem/locus	(absent)					1	BOTH_EMPTY: no @from, @to or text content
833	/*/*[2]/*/*/*/*[2]/*[2]/*[1]	TEI/text/body/listBibl/msDesc/msContents/msItem/locus	(absent)					1	BOTH_EMPTY: no @from, @to or text content
834	/*/*[2]/*/*/*/*[2]/*[2]/*[1]	TEI/text/body/listBibl/msDesc/msContents/msItem/locus	(absent)					1	BOTH_EMPTY: no @from, @to or text content
835	/*/*[2]/*/*/*/*[2]/*[2]/*[1]	TEI/text/body/listBibl/msDesc/msContents/msItem/locus	(absent)					1	BOTH_EMPTY: no @from, @to or text content
836	/*/*[2]/*/*/*/*[2]/*[2]/*[1]	TEI/text/body/listBibl/msDesc/msContents/msItem/locus	(absent)					1	BOTH_EMPTY: no @from, @to or text content
837	/*/*[2]/*/*/*/*[2]/*[2]/*[1]	TEI/text/body/listBibl/msDesc/msContents/msItem/locus	(absent)					1	BOTH_EMPTY: no @from, @to or text content
838	/*/*[2]/*/*/*/*[2]/*[2]/*[1]	TEI/text/body/listBibl/msDesc/msContents/msItem/locus	(absent)					1	BOTH_EMPTY: no @from, @to or text content
839	/*/*[2]/*/*/*/*[2]/*[2]/*[1]	TEI/text/body/listBibl/msDesc/msContents/msItem/locus	(absent)					1	BOTH_EMPTY: no @from, @to or text content
84	/*/*[2]/*/*/*/*[2]/*[2]/*[1]	TEI/text/body/listBibl/msDesc/msContents/msItem/locus	(absent)					1	BOTH_EMPTY: no @from, @to or text content
840	/*/*[2]/*/*/*/*[2]/*[2]/*[1]	TEI/text/body/listBibl/msDesc/msContents/msItem/locus	(absent)					1	BOTH_EMPTY: no @from, @to or text content
841	/*/*[2]/*/*/*/*[2]/*[2]/*[1]	TEI/text/body/listBibl/msDesc/msContents/msItem/locus	(absent)					1	BOTH_EMPTY: no @from, @to or text content
842	/*/*[2]/*/*/*/*[2]/*[2]/*[1]	TEI/text/body/listBibl/msDesc/msContents/msItem/locus	(absent)					1	BOTH_EMPTY: no @from, @to or text content
843	/*/*[2]/*/*/*/*[2]/*[2]/*[1]	TEI/text/body/listBibl/msDesc/msContents/msItem/locus	(absent)					1	BOTH_EMPTY: no @from, @to or text content
844	/*/*[2]/*/*/*/*[2]/*[2]/*[1]	TEI/text/body/listBibl/msDesc/msContents/msItem/locus	(absent)					1	BOTH_EMPTY: no @from, @to or text content
845	/*/*[2]/*/*/*/*[2]/*[2]/*[1]	TEI/text/body/listBibl/msDesc/msContents/msItem/locus	(absent)					1	BOTH_EMPTY: no @from, @to or text content
846	/*/*[2]/*/*/*/*[2]/*[2]/*[1]	TEI/text/body/listBibl/msDesc/msContents/msItem/locus	(absent)					1	BOTH_EMPTY: no @from, @to or text content
847	/*/*[2]/*/*/*/*[2]/*[2]/*[1]	TEI/text/body/listBibl/msDesc/msContents/msItem/locus	(absent)					1	BOTH_EMPTY: no @from, @to or text content
848	/*/*[2]/*/*/*/*[2]/*[2]/*[1]	TEI/text/body/listBibl/msDesc/msContents/msItem/locus	(absent)					1	BOTH_EMPTY: no @from, @to or text content
849	/*/*[2]/*/*/*/*[2]/*[2]/*[1]	TEI/text/body/listBibl/msDesc/msContents/msItem/locus	(absent)					1	BOTH_EMPTY: no @from, @to or text content
85	/*/*[2]/*/*/*/*[2]/*[2]/*[1]	TEI/text/body/listBibl/msDesc/msContents/msItem/locus	(absent)					1	BOTH_EMPTY: no @from, @to or text content
850	/*/*[2]/*/*/*/*[2]/*[2]/*[1]	TEI/text/body/listBibl/msDesc/msContents/msItem/locus	(absent)					1	BOTH_EMPTY: no @from, @to or text content
851	/*/*[2]/*/*/*/*[2]/*[2]/*[1]	TEI/text/body/listBibl/msDesc/msContents/msItem/locus	(absent)					1	BOTH_EMPTY: no @from, @to or text content
851	/*/*[2]/*/*/*/*[2]/*[3]/*[1]	TEI/text/body/listBibl/msDesc/msContents/msItem/locus	(absent)	1	28			0	
852	/*/*[2]/*/*/*/*[2]/*[2]/*[1]	TEI/text/body/listBibl/msDesc/msContents/msItem/locus	(absent)					1	BOTH_EMPTY: no @from, @to or text content
853	/*/*[2]/*/*/*/*[2]/*[2]/*[1]	TEI/text/body/listBibl/msDesc/msContents/msItem/locus	(absent)					1	BOTH_EMPTY: no @from, @to or text content
854	/*/*[2]/*/*/*/*[2]/*[2]/*[1]	TEI/text/body/listBibl/msDesc/msContents/msItem/locus	(absent)					1	BOTH_EMPTY: no @from, @to or text content
855	/*/*[2]/*/*/*/*[2]/*[2]/*[1]	TEI/text/body/listBibl/msDesc/msContents/msItem/locus	(absent)					1	BOTH_EMPTY: no @from, @to or text content
856	/*/*[2]/*/*/*/*[2]/*[2]/*[1]	TEI/text/body/listBibl/msDesc/msContents/msItem/locus	(absent)					1	BOTH_EMPTY: no @from, @to or text content
857	/*/*[2]/*/*/*/*[2]/*[2]/*[1]	TEI/text/body/listBibl/msDesc/msContents/msItem/locus	(absent)					1	BOTH_EMPTY: no @from, @to or text content
858	/*/*[2]/*/*/*/*[2]/*[2]/*[1]	TEI/text/body/listBibl/msDesc/msContents/msItem/locus	(absent)					1	BOTH_EMPTY: no @from, @to or text content
859	/*/*[2]/*/*/*/*[2]/*[2]/*[1]	TEI/text/body/listBibl/msDesc/msContents/msItem/locus	(absent)					1	BOTH_EMPTY: no @from, @to or text content
86	/*/*[2]/*/*/*/*[2]/*[2]/*[1]	TEI/text/body/listBibl/msDesc/msContents/msItem/locus	(absent)					1	BOTH_EMPTY: no @from, @to or text content
860	/*/*[2]/*/*/*/*[2]/*[2]/*[1]	TEI/text/body/listBibl/msDesc/msContents/msItem/locus	(absent)					1	BOTH_EMPTY: no @from, @to or text content
861	/*/*[2]/*/*/*/*[2]/*[2]/*[1]	TEI/text/body/listBibl/msDesc/msContents/msItem/locus	(absent)					1	BOTH_EMPTY: no @from, @to or text content
861	/*/*[2]/*/*/*/*[2]/*[3]/*[1]	TEI/text/body/listBibl/msDesc/msContents/msItem/locus	(absent)	1	4			0	
862	/*/*[2]/*/*/*/*[2]/*[2]/*[1]	TEI/text/body/listBibl/msDesc/msContents/msItem/locus	(absent)					1	BOTH_EMPTY: no @from, @to or text content
863	/*/*[2]/*/*/*/*[2]/*[2]/*[1]	TEI/text/body/listBibl/msDesc/msContents/msItem/locus	(absent)					1	BOTH_EMPTY: no @from, @to or text content
864	/*/*[2]/*/*/*/*[2]/*[2]/*[1]	TEI/text/body/listBibl/msDesc/msContents/msItem/locus	(absent)					1	BOTH_EMPTY: no @from, @to or text content
865	/*/*[2]/*/*/*/*[2]/*[2]/*[1]	TEI/text/body/listBibl/msDesc/msContents/msItem/locus	(absent)					1	BOTH_EMPTY: no @from, @to or text content
866	/*/*[2]/*/*/*/*[2]/*[2]/*[1]	TEI/text/body/listBibl/msDesc/msContents/msItem/locus	(absent)					1	BOTH_EMPTY: no @from, @to or text content
867	/*/*[2]/*/*/*/*[2]/*[2]/*[1]	TEI/text/body/listBibl/msDesc/msContents/msItem/locus	(absent)					1	BOTH_EMPTY: no @from, @to or text content
868	/*/*[2]/*/*/*/*[2]/*[2]/*[1]	TEI/text/body/listBibl/msDesc/msContents/msItem/locus	(absent)					1	BOTH_EMPTY: no @from, @to or text content
869	/*/*[2]/*/*/*/*[2]/*[2]/*[1]	TEI/text/body/listBibl/msDesc/msContents/msItem/locus	(absent)					1	BOTH_EMPTY: no @from, @to or text content
87	/*/*[2]/*/*/*/*[2]/*[2]/*[1]	TEI/text/body/listBibl/msDesc/msContents/msItem/locus	(absent)					1	BOTH_EMPTY: no @from, @to or text content
870	/*/*[2]/*/*/*/*[2]/*[2]/*[1]	TEI/text/body/listBibl/msDesc/msContents/msItem/locus	(absent)					1	BOTH_EMPTY: no @from, @to or text content
871	/*/*[2]/*/*/*/*[2]/*[2]/*[1]	TEI/text/body/listBibl/msDesc/msContents/msItem/locus	(absent)					1	BOTH_EMPTY: no @from, @to or text content
872	/*/*[2]/*/*/*/*[2]/*[2]/*[1]	TEI/text/body/listBibl/msDesc/msContents/msItem/locus	(absent)					1	BOTH_EMPTY: no @from, @to or text content
873	/*/*[2]/*/*/*/*[2]/*[2]/*[1]	TEI/text/body/listBibl/msDesc/msContents/msItem/locus	(absent)					1	BOTH_EMPTY: no @from, @to or text content
874	/*/*[2]/*/*/*/*[2]/*[2]/*[1]	TEI/text/body/listBibl/msDesc/msContents/msItem/locus	(absent)					1	BOTH_EMPTY: no @from, @to or text content
875	/*/*[2]/*/*/*/*[2]/*[2]/*[1]	TEI/text/body/listBibl/msDesc/msContents/msItem/locus	(absent)					1	BOTH_EMPTY: no @from, @to or text content
876	/*/*[2]/*/*/*/*[2]/*[2]/*[1]	TEI/text/body/listBibl/msDesc/msContents/msItem/locus	(absent)					1	BOTH_EMPTY: no @from, @to or text content
877	/*/*[2]/*/*/*/*[2]/*[2]/*[1]	TEI/text/body/listBibl/msDesc/msContents/msItem/locus	(absent)					1	BOTH_EMPTY: no @from, @to or text content
877	/*/*[2]/*/*/*/*[2]/*[3]/*[1]	TEI/text/body/listBibl/msDesc/msContents/msItem/locus	(absent)					1	BOTH_EMPTY: no @from, @to or text content
878	/*/*[2]/*/*/*/*[2]/*[2]/*[1]	TEI/text/body/listBibl/msDesc/msContents/msItem/locus	(absent)					1	BOTH_EMPTY: no @from, @to or text content
879	/*/*[2]/*/*/*/*[2]/*[2]/*[1]	TEI/text/body/listBibl/msDesc/msContents/msItem/locus	(absent)					1	BOTH_EMPTY: no @from, @to or text content
88	/*/*[2]/*/*/*/*[2]/*[2]/*[1]	TEI/text/body/listBibl/msDesc/msContents/msItem/locus	(absent)					1	BOTH_EMPTY: no @from, @to or text content
880	/*/*[2]/*/*/*/*[2]/*[2]/*[1]	TEI/text/body/listBibl/msDesc/msContents/msItem/locus	(absent)					1	BOTH_EMPTY: no @from, @to or text content
881	/*/*[2]/*/*/*/*[2]/*[2]/*[1]	TEI/text/body/listBibl/msDesc/msContents/msItem/locus	(absent)					1	BOTH_EMPTY: no @from, @to or text content
882	/*/*[2]/*/*/*/*[2]/*[2]/*[1]	TEI/text/body/listBibl/msDesc/msContents/msItem/locus	(absent)					1	BOTH_EMPTY: no @from, @to or text content
883	/*/*[2]/*/*/*/*[2]/*[2]/*[1]	TEI/text/body/listBibl/msDesc/msContents/msItem/locus	(absent)					1	BOTH_EMPTY: no @from, @to or text content
884	/*/*[2]/*/*/*/*[2]/*[2]/*[1]	TEI/text/body/listBibl/msDesc/msContents/msItem/locus	(absent)					1	BOTH_EMPTY: no @from, @to or text content
885	/*/*[2]/*/*/*/*[2]/*[2]/*[1]	TEI/text/body/listBibl/msDesc/msContents/msItem/locus	(absent)					1	BOTH_EMPTY: no @from, @to or text content
886	/*/*[2]/*/*/*/*[2]/*[2]/*[1]	TEI/text/body/listBibl/msDesc/msContents/msItem/locus	(absent)					1	BOTH_EMPTY: no @from, @to or text content
887	/*/*[2]/*/*/*/*[2]/*[2]/*[1]	TEI/text/body/listBibl/msDesc/msContents/msItem/locus	(absent)					1	BOTH_EMPTY: no @from, @to or text content
888	/*/*[2]/*/*/*/*[2]/*[2]/*[1]	TEI/text/body/listBibl/msDesc/msContents/msItem/locus	(absent)					1	BOTH_EMPTY: no @from, @to or text content
889	/*/*[2]/*/*/*/*[2]/*[2]/*[1]	TEI/text/body/listBibl/msDesc/msContents/msItem/locus	(absent)					1	BOTH_EMPTY: no @from, @to or text content
89	/*/*[2]/*/*/*/*[2]/*[2]/*[1]	TEI/text/body/listBibl/msDesc/msContents/msItem/locus	(absent)					1	BOTH_EMPTY: no @from, @to or text content
890	/*/*[2]/*/*/*/*[2]/*[2]/*[1]	TEI/text/body/listBibl/msDesc/msContents/msItem/locus	(absent)					1	BOTH_EMPTY: no @from, @to or text content
891	/*/*[2]/*/*/*/*[2]/*[2]/*[1]	TEI/text/body/listBibl/msDesc/msContents/msItem/locus	(absent)					1	BOTH_EMPTY: no @from, @to or text content
892	/*/*[2]/*/*/*/*[2]/*[2]/*[1]	TEI/text/body/listBibl/msDesc/msContents/msItem/locus	(absent)					1	BOTH_EMPTY: no @from, @to or text content
893	/*/*[2]/*/*/*/*[2]/*[2]/*[1]	TEI/text/body/listBibl/msDesc/msContents/msItem/locus	(absent)					1	BOTH_EMPTY: no @from, @to or text content
894	/*/*[2]/*/*/*/*[2]/*[2]/*[1]	TEI/text/body/listBibl/msDesc/msContents/msItem/locus	(absent)	128r	132v			0	
895	/*/*[2]/*/*/*/*[2]/*[2]/*[1]	TEI/text/body/listBibl/msDesc/msContents/msItem/locus	(absent)					1	BOTH_EMPTY: no @from, @to or text content
896	/*/*[2]/*/*/*/*[2]/*[2]/*[1]	TEI/text/body/listBibl/msDesc/msContents/msItem/locus	(absent)					1	BOTH_EMPTY: no @from, @to or text content
897	/*/*[2]/*/*/*/*[2]/*[2]/*[1]	TEI/text/body/listBibl/msDesc/msContents/msItem/locus	(absent)					1	BOTH_EMPTY: no @from, @to or text content
898	/*/*[2]/*/*/*/*[2]/*[2]/*[1]	TEI/text/body/listBibl/msDesc/msContents/msItem/locus	(absent)					1	BOTH_EMPTY: no @from, @to or text content
899	/*/*[2]/*/*/*/*[2]/*[2]/*[1]	TEI/text/body/listBibl/msDesc/msContents/msItem/locus	(absent)					1	BOTH_EMPTY: no @from, @to or text content
9	/*/*[2]/*/*/*/*[2]/*[2]/*[1]	TEI/text/body/listBibl/msDesc/msContents/msItem/locus	(absent)					1	BOTH_EMPTY: no @from, @to or text content
90	/*/*[2]/*/*/*/*[2]/*[2]/*[1]	TEI/text/body/listBibl/msDesc/msContents/msItem/locus	(absent)					1	BOTH_EMPTY: no @from, @to or text content
900	/*/*[2]/*/*/*/*[2]/*[2]/*[1]	TEI/text/body/listBibl/msDesc/msContents/msItem/locus	(absent)					1	BOTH_EMPTY: no @from, @to or text content
901	/*/*[2]/*/*/*/*[2]/*[2]/*[1]	TEI/text/body/listBibl/msDesc/msContents/msItem/locus	(absent)					1	BOTH_EMPTY: no @from, @to or text content
902	/*/*[2]/*/*/*/*[2]/*[2]/*[1]	TEI/text/body/listBibl/msDesc/msContents/msItem/locus	(absent)					1	BOTH_EMPTY: no @from, @to or text content
903	/*/*[2]/*/*/*/*[2]/*[2]/*[1]	TEI/text/body/listBibl/msDesc/msContents/msItem/locus	(absent)					1	BOTH_EMPTY: no @from, @to or text content
904	/*/*[2]/*/*/*/*[2]/*[2]/*[1]	TEI/text/body/listBibl/msDesc/msContents/msItem/locus	(absent)					1	BOTH_EMPTY: no @from, @to or text content
905	/*/*[2]/*/*/*/*[2]/*[2]/*[1]	TEI/text/body/listBibl/msDesc/msContents/msItem/locus	(absent)					1	BOTH_EMPTY: no @from, @to or text content
906	/*/*[2]/*/*/*/*[2]/*[2]/*[1]	TEI/text/body/listBibl/msDesc/msContents/msItem/locus	(absent)					1	BOTH_EMPTY: no @from, @to or text content
907	/*/*[2]/*/*/*/*[2]/*[2]/*[1]	TEI/text/body/listBibl/msDesc/msContents/msItem/locus	(absent)					1	BOTH_EMPTY: no @from, @to or text content
908	/*/*[2]/*/*/*/*[2]/*[2]/*[1]	TEI/text/body/listBibl/msDesc/msContents/msItem/locus	(absent)					1	BOTH_EMPTY: no @from, @to or text content
909	/*/*[2]/*/*/*/*[2]/*[2]/*[1]	TEI/text/body/listBibl/msDesc/msContents/msItem/locus	(absent)					1	BOTH_EMPTY: no @from, @to or text content
91	/*/*[2]/*/*/*/*[2]/*[2]/*[1]	TEI/text/body/listBibl/msDesc/msContents/msItem/locus	(absent)					1	BOTH_EMPTY: no @from, @to or text content
910	/*/*[2]/*/*/*/*[2]/*[2]/*[1]	TEI/text/body/listBibl/msDesc/msContents/msItem/locus	(absent)					1	BOTH_EMPTY: no @from, @to or text content
911	/*/*[2]/*/*/*/*[2]/*[2]/*[1]	TEI/text/body/listBibl/msDesc/msContents/msItem/locus	(absent)					1	BOTH_EMPTY: no @from, @to or text content
912	/*/*[2]/*/*/*/*[2]/*[2]/*[1]	TEI/text/body/listBibl/msDesc/msContents/msItem/locus	(absent)					1	BOTH_EMPTY: no @from, @to or text content
913	/*/*[2]/*/*/*/*[2]/*[2]/*[1]	TEI/text/body/listBibl/msDesc/msContents/msItem/locus	(absent)					1	BOTH_EMPTY: no @from, @to or text content
914	/*/*[2]/*/*/*/*[2]/*[2]/*[1]	TEI/text/body/listBibl/msDesc/msContents/msItem/locus	(absent)					1	BOTH_EMPTY: no @from, @to or text content
915	/*/*[2]/*/*/*/*[2]/*[2]/*[1]	TEI/text/body/listBibl/msDesc/msContents/msItem/locus	(absent)					1	BOTH_EMPTY: no @from, @to or text content
916	/*/*[2]/*/*/*/*[2]/*[2]/*[1]	TEI/text/body/listBibl/msDesc/msContents/msItem/locus	(absent)					1	BOTH_EMPTY: no @from, @to or text content
917	/*/*[2]/*/*/*/*[2]/*[2]/*[1]	TEI/text/body/listBibl/msDesc/msContents/msItem/locus	(absent)					1	BOTH_EMPTY: no @from, @to or text content
918	/*/*[2]/*/*/*/*[2]/*[2]/*[1]	TEI/text/body/listBibl/msDesc/msContents/msItem/locus	(absent)					1	BOTH_EMPTY: no @from, @to or text content
919	/*/*[2]/*/*/*/*[2]/*[2]/*[1]	TEI/text/body/listBibl/msDesc/msContents/msItem/locus	(absent)					1	BOTH_EMPTY: no @from, @to or text content
92	/*/*[2]/*/*/*/*[2]/*[2]/*[1]	TEI/text/body/listBibl/msDesc/msContents/msItem/locus	(absent)					1	BOTH_EMPTY: no @from, @to or text content
920	/*/*[2]/*/*/*/*[2]/*[2]/*[1]	TEI/text/body/listBibl/msDesc/msContents/msItem/locus	(absent)					1	BOTH_EMPTY: no @from, @to or text content
921	/*/*[2]/*/*/*/*[2]/*[2]/*[1]	TEI/text/body/listBibl/msDesc/msContents/msItem/locus	(absent)					1	BOTH_EMPTY: no @from, @to or text content
922	/*/*[2]/*/*/*/*[2]/*[2]/*[1]	TEI/text/body/listBibl/msDesc/msContents/msItem/locus	(absent)					1	BOTH_EMPTY: no @from, @to or text content
923	/*/*[2]/*/*/*/*[2]/*[2]/*[1]	TEI/text/body/listBibl/msDesc/msContents/msItem/locus	(absent)					1	BOTH_EMPTY: no @from, @to or text content
924	/*/*[2]/*/*/*/*[2]/*[2]/*[1]	TEI/text/body/listBibl/msDesc/msContents/msItem/locus	(absent)					1	BOTH_EMPTY: no @from, @to or text content
925	/*/*[2]/*/*/*/*[2]/*[2]/*[1]	TEI/text/body/listBibl/msDesc/msContents/msItem/locus	(absent)					1	BOTH_EMPTY: no @from, @to or text content
926	/*/*[2]/*/*/*/*[2]/*[2]/*[1]	TEI/text/body/listBibl/msDesc/msContents/msItem/locus	(absent)					1	BOTH_EMPTY: no @from, @to or text content
927	/*/*[2]/*/*/*/*[2]/*[2]/*[1]	TEI/text/body/listBibl/msDesc/msContents/msItem/locus	(absent)					1	BOTH_EMPTY: no @from, @to or text content
928	/*/*[2]/*/*/*/*[2]/*[2]/*[1]	TEI/text/body/listBibl/msDesc/msContents/msItem/locus	(absent)					1	BOTH_EMPTY: no @from, @to or text content
929	/*/*[2]/*/*/*/*[2]/*[2]/*[1]	TEI/text/body/listBibl/msDesc/msContents/msItem/locus	(absent)					1	BOTH_EMPTY: no @from, @to or text content
93	/*/*[2]/*/*/*/*[2]/*[2]/*[1]	TEI/text/body/listBibl/msDesc/msContents/msItem/locus	(absent)					1	BOTH_EMPTY: no @from, @to or text content
930	/*/*[2]/*/*/*/*[2]/*[2]/*[1]	TEI/text/body/listBibl/msDesc/msContents/msItem/locus	(absent)					1	BOTH_EMPTY: no @from, @to or text content
931	/*/*[2]/*/*/*/*[2]/*[2]/*[1]	TEI/text/body/listBibl/msDesc/msContents/msItem/locus	(absent)					1	BOTH_EMPTY: no @from, @to or text content
932	/*/*[2]/*/*/*/*[2]/*[2]/*[1]	TEI/text/body/listBibl/msDesc/msContents/msItem/locus	(absent)					1	BOTH_EMPTY: no @from, @to or text content
933	/*/*[2]/*/*/*/*[2]/*[2]/*[1]	TEI/text/body/listBibl/msDesc/msContents/msItem/locus	(absent)					1	BOTH_EMPTY: no @from, @to or text content
934	/*/*[2]/*/*/*/*[2]/*[2]/*[1]	TEI/text/body/listBibl/msDesc/msContents/msItem/locus	(absent)					1	BOTH_EMPTY: no @from, @to or text content
935	/*/*[2]/*/*/*/*[2]/*[2]/*[1]	TEI/text/body/listBibl/msDesc/msContents/msItem/locus	(absent)					1	BOTH_EMPTY: no @from, @to or text content
936	/*/*[2]/*/*/*/*[2]/*[2]/*[1]	TEI/text/body/listBibl/msDesc/msContents/msItem/locus	(absent)					1	BOTH_EMPTY: no @from, @to or text content
937	/*/*[2]/*/*/*/*[2]/*[2]/*[1]	TEI/text/body/listBibl/msDesc/msContents/msItem/locus	(absent)					1	BOTH_EMPTY: no @from, @to or text content
938	/*/*[2]/*/*/*/*[2]/*[2]/*[1]	TEI/text/body/listBibl/msDesc/msContents/msItem/locus	(absent)					1	BOTH_EMPTY: no @from, @to or text content
939	/*/*[2]/*/*/*/*[2]/*[2]/*[1]	TEI/text/body/listBibl/msDesc/msContents/msItem/locus	(absent)					1	BOTH_EMPTY: no @from, @to or text content
94	/*/*[2]/*/*/*/*[2]/*[2]/*[1]	TEI/text/body/listBibl/msDesc/msContents/msItem/locus	(absent)					1	BOTH_EMPTY: no @from, @to or text content
940	/*/*[2]/*/*/*/*[2]/*[2]/*[1]	TEI/text/body/listBibl/msDesc/msContents/msItem/locus	(absent)					1	BOTH_EMPTY: no @from, @to or text content
941	/*/*[2]/*/*/*/*[2]/*[2]/*[1]	TEI/text/body/listBibl/msDesc/msContents/msItem/locus	(absent)					1	BOTH_EMPTY: no @from, @to or text content
942	/*/*[2]/*/*/*/*[2]/*[2]/*[1]	TEI/text/body/listBibl/msDesc/msContents/msItem/locus	(absent)					1	BOTH_EMPTY: no @from, @to or text content
943	/*/*[2]/*/*/*/*[2]/*[2]/*[1]	TEI/text/body/listBibl/msDesc/msContents/msItem/locus	(absent)					1	BOTH_EMPTY: no @from, @to or text content
944	/*/*[2]/*/*/*/*[2]/*[2]/*[1]	TEI/text/body/listBibl/msDesc/msContents/msItem/locus	(absent)					1	BOTH_EMPTY: no @from, @to or text content
945	/*/*[2]/*/*/*/*[2]/*[2]/*[1]	TEI/text/body/listBibl/msDesc/msContents/msItem/locus	(absent)					1	BOTH_EMPTY: no @from, @to or text content
946	/*/*[2]/*/*/*/*[2]/*[2]/*[1]	TEI/text/body/listBibl/msDesc/msContents/msItem/locus	(absent)					1	BOTH_EMPTY: no @from, @to or text content
947	/*/*[2]/*/*/*/*[2]/*[2]/*[1]	TEI/text/body/listBibl/msDesc/msContents/msItem/locus	(absent)					1	BOTH_EMPTY: no @from, @to or text content
948	/*/*[2]/*/*/*/*[2]/*[2]/*[1]	TEI/text/body/listBibl/msDesc/msContents/msItem/locus	(absent)					1	BOTH_EMPTY: no @from, @to or text content
949	/*/*[2]/*/*/*/*[2]/*[2]/*[1]	TEI/text/body/listBibl/msDesc/msContents/msItem/locus	(absent)					1	BOTH_EMPTY: no @from, @to or text content
95	/*/*[2]/*/*/*/*[2]/*[2]/*[1]	TEI/text/body/listBibl/msDesc/msContents/msItem/locus	(absent)					1	BOTH_EMPTY: no @from, @to or text content
950	/*/*[2]/*/*/*/*[2]/*[2]/*[1]	TEI/text/body/listBibl/msDesc/msContents/msItem/locus	(absent)					1	BOTH_EMPTY: no @from, @to or text content
951	/*/*[2]/*/*/*/*[2]/*[2]/*[1]	TEI/text/body/listBibl/msDesc/msContents/msItem/locus	(absent)					1	BOTH_EMPTY: no @from, @to or text content
952	/*/*[2]/*/*/*/*[2]/*[2]/*[1]	TEI/text/body/listBibl/msDesc/msContents/msItem/locus	(absent)					1	BOTH_EMPTY: no @from, @to or text content
953	/*/*[2]/*/*/*/*[2]/*[2]/*[1]	TEI/text/body/listBibl/msDesc/msContents/msItem/locus	(absent)					1	BOTH_EMPTY: no @from, @to or text content
954	/*/*[2]/*/*/*/*[2]/*[2]/*[1]	TEI/text/body/listBibl/msDesc/msContents/msItem/locus	(absent)					1	BOTH_EMPTY: no @from, @to or text content
955	/*/*[2]/*/*/*/*[2]/*[2]/*[1]	TEI/text/body/listBibl/msDesc/msContents/msItem/locus	(absent)					1	BOTH_EMPTY: no @from, @to or text content
956	/*/*[2]/*/*/*/*[2]/*[2]/*[1]	TEI/text/body/listBibl/msDesc/msContents/msItem/locus	(absent)					1	BOTH_EMPTY: no @from, @to or text content
957	/*/*[2]/*/*/*/*[2]/*[2]/*[1]	TEI/text/body/listBibl/msDesc/msContents/msItem/locus	(absent)					1	BOTH_EMPTY: no @from, @to or text content
958	/*/*[2]/*/*/*/*[2]/*[2]/*[1]	TEI/text/body/listBibl/msDesc/msContents/msItem/locus	(absent)					1	BOTH_EMPTY: no @from, @to or text content
959	/*/*[2]/*/*/*/*[2]/*[2]/*[1]	TEI/text/body/listBibl/msDesc/msContents/msItem/locus	(absent)					1	BOTH_EMPTY: no @from, @to or text content
96	/*/*[2]/*/*/*/*[2]/*[2]/*[1]	TEI/text/body/listBibl/msDesc/msContents/msItem/locus	(absent)					1	BOTH_EMPTY: no @from, @to or text content
960	/*/*[2]/*/*/*/*[2]/*[2]/*[1]	TEI/text/body/listBibl/msDesc/msContents/msItem/locus	(absent)					1	BOTH_EMPTY: no @from, @to or text content
961	/*/*[2]/*/*/*/*[2]/*[2]/*[1]	TEI/text/body/listBibl/msDesc/msContents/msItem/locus	(absent)					1	BOTH_EMPTY: no @from, @to or text content
962	/*/*[2]/*/*/*/*[2]/*[2]/*[1]	TEI/text/body/listBibl/msDesc/msContents/msItem/locus	(absent)					1	BOTH_EMPTY: no @from, @to or text content
963	/*/*[2]/*/*/*/*[2]/*[2]/*[1]	TEI/text/body/listBibl/msDesc/msContents/msItem/locus	(absent)					1	BOTH_EMPTY: no @from, @to or text content
964	/*/*[2]/*/*/*/*[2]/*[2]/*[1]	TEI/text/body/listBibl/msDesc/msContents/msItem/locus	(absent)					1	BOTH_EMPTY: no @from, @to or text content
965	/*/*[2]/*/*/*/*[2]/*[2]/*[1]	TEI/text/body/listBibl/msDesc/msContents/msItem/locus	(absent)					1	BOTH_EMPTY: no @from, @to or text content
966	/*/*[2]/*/*/*/*[2]/*[2]/*[1]	TEI/text/body/listBibl/msDesc/msContents/msItem/locus	(absent)					1	BOTH_EMPTY: no @from, @to or text content
967	/*/*[2]/*/*/*/*[2]/*[2]/*[1]	TEI/text/body/listBibl/msDesc/msContents/msItem/locus	(absent)					1	BOTH_EMPTY: no @from, @to or text content
968	/*/*[2]/*/*/*/*[2]/*[2]/*[1]	TEI/text/body/listBibl/msDesc/msContents/msItem/locus	(absent)					1	BOTH_EMPTY: no @from, @to or text content
969	/*/*[2]/*/*/*/*[2]/*[2]/*[1]	TEI/text/body/listBibl/msDesc/msContents/msItem/locus	(absent)					1	BOTH_EMPTY: no @from, @to or text content
97	/*/*[2]/*/*/*/*[2]/*[2]/*[1]	TEI/text/body/listBibl/msDesc/msContents/msItem/locus	(absent)					1	BOTH_EMPTY: no @from, @to or text content
970	/*/*[2]/*/*/*/*[2]/*[2]/*[1]	TEI/text/body/listBibl/msDesc/msContents/msItem/locus	(absent)					1	BOTH_EMPTY: no @from, @to or text content
971	/*/*[2]/*/*/*/*[2]/*[2]/*[1]	TEI/text/body/listBibl/msDesc/msContents/msItem/locus	(absent)					1	BOTH_EMPTY: no @from, @to or text content
972	/*/*[2]/*/*/*/*[2]/*[2]/*[1]	TEI/text/body/listBibl/msDesc/msContents/msItem/locus	(absent)					1	BOTH_EMPTY: no @from, @to or text content
973	/*/*[2]/*/*/*/*[2]/*[2]/*[1]	TEI/text/body/listBibl/msDesc/msContents/msItem/locus	(absent)					1	BOTH_EMPTY: no @from, @to or text content
974	/*/*[2]/*/*/*/*[2]/*[2]/*[1]	TEI/text/body/listBibl/msDesc/msContents/msItem/locus	(absent)					1	BOTH_EMPTY: no @from, @to or text content
975	/*/*[2]/*/*/*/*[2]/*[2]/*[1]	TEI/text/body/listBibl/msDesc/msContents/msItem/locus	(absent)					1	BOTH_EMPTY: no @from, @to or text content
976	/*/*[2]/*/*/*/*[2]/*[2]/*[1]	TEI/text/body/listBibl/msDesc/msContents/msItem/locus	(absent)					1	BOTH_EMPTY: no @from, @to or text content
977	/*/*[2]/*/*/*/*[2]/*[2]/*[1]	TEI/text/body/listBibl/msDesc/msContents/msItem/locus	(absent)					1	BOTH_EMPTY: no @from, @to or text content
978	/*/*[2]/*/*/*/*[2]/*[2]/*[1]	TEI/text/body/listBibl/msDesc/msContents/msItem/locus	(absent)					1	BOTH_EMPTY: no @from, @to or text content
979	/*/*[2]/*/*/*/*[2]/*[2]/*[1]	TEI/text/body/listBibl/msDesc/msContents/msItem/locus	(absent)					1	BOTH_EMPTY: no @from, @to or text content
98	/*/*[2]/*/*/*/*[2]/*[2]/*[1]	TEI/text/body/listBibl/msDesc/msContents/msItem/locus	(absent)					1	BOTH_EMPTY: no @from, @to or text content
980	/*/*[2]/*/*/*/*[2]/*[2]/*[1]	TEI/text/body/listBibl/msDesc/msContents/msItem/locus	(absent)					1	BOTH_EMPTY: no @from, @to or text content
981	/*/*[2]/*/*/*/*[2]/*[2]/*[1]	TEI/text/body/listBibl/msDesc/msContents/msItem/locus	(absent)					1	BOTH_EMPTY: no @from, @to or text content
982	/*/*[2]/*/*/*/*[2]/*[2]/*[1]	TEI/text/body/listBibl/msDesc/msContents/msItem/locus	(absent)					1	BOTH_EMPTY: no @from, @to or text content
983	/*/*[2]/*/*/*/*[2]/*[2]/*[1]	TEI/text/body/listBibl/msDesc/msContents/msItem/locus	(absent)					1	BOTH_EMPTY: no @from, @to or text content
984	/*/*[2]/*/*/*/*[2]/*[2]/*[1]	TEI/text/body/listBibl/msDesc/msContents/msItem/locus	(absent)					1	BOTH_EMPTY: no @from, @to or text content
985	/*/*[2]/*/*/*/*[2]/*[2]/*[1]	TEI/text/body/listBibl/msDesc/msContents/msItem/locus	(absent)					1	BOTH_EMPTY: no @from, @to or text content
986	/*/*[2]/*/*/*/*[2]/*[2]/*[1]	TEI/text/body/listBibl/msDesc/msContents/msItem/locus	(absent)					1	BOTH_EMPTY: no @from, @to or text content
987	/*/*[2]/*/*/*/*[2]/*[2]/*[1]	TEI/text/body/listBibl/msDesc/msContents/msItem/locus	(absent)					1	BOTH_EMPTY: no @from, @to or text content
988	/*/*[2]/*/*/*/*[2]/*[2]/*[1]	TEI/text/body/listBibl/msDesc/msContents/msItem/locus	(absent)					1	BOTH_EMPTY: no @from, @to or text content
989	/*/*[2]/*/*/*/*[2]/*[2]/*[1]	TEI/text/body/listBibl/msDesc/msContents/msItem/locus	(absent)					1	BOTH_EMPTY: no @from, @to or text content
99	/*/*[2]/*/*/*/*[2]/*[2]/*[1]	TEI/text/body/listBibl/msDesc/msContents/msItem/locus	(absent)					1	BOTH_EMPTY: no @from, @to or text content
990	/*/*[2]/*/*/*/*[2]/*[2]/*[1]	TEI/text/body/listBibl/msDesc/msContents/msItem/locus	(absent)					1	BOTH_EMPTY: no @from, @to or text content
991	/*/*[2]/*/*/*/*[2]/*[2]/*[1]	TEI/text/body/listBibl/msDesc/msContents/msItem/locus	(absent)					1	BOTH_EMPTY: no @from, @to or text content
992	/*/*[2]/*/*/*/*[2]/*[2]/*[1]	TEI/text/body/listBibl/msDesc/msContents/msItem/locus	(absent)					1	BOTH_EMPTY: no @from, @to or text content
993	/*/*[2]/*/*/*/*[2]/*[2]/*[1]	TEI/text/body/listBibl/msDesc/msContents/msItem/locus	(absent)					1	BOTH_EMPTY: no @from, @to or text content
994	/*/*[2]/*/*/*/*[2]/*[2]/*[1]	TEI/text/body/listBibl/msDesc/msContents/msItem/locus	(absent)					1	BOTH_EMPTY: no @from, @to or text content
995	/*/*[2]/*/*/*/*[2]/*[2]/*[1]	TEI/text/body/listBibl/msDesc/msContents/msItem/locus	(absent)					1	BOTH_EMPTY: no @from, @to or text content
996	/*/*[2]/*/*/*/*[2]/*[2]/*[1]	TEI/text/body/listBibl/msDesc/msContents/msItem/locus	(absent)					1	BOTH_EMPTY: no @from, @to or text content
997	/*/*[2]/*/*/*/*[2]/*[2]/*[1]	TEI/text/body/listBibl/msDesc/msContents/msItem/locus	(absent)					1	BOTH_EMPTY: no @from, @to or text content
998	/*/*[2]/*/*/*/*[2]/*[2]/*[1]	TEI/text/body/listBibl/msDesc/msContents/msItem/locus	(absent)					1	BOTH_EMPTY: no @from, @to or text content
999	/*/*[2]/*/*/*/*[2]/*[2]/*[1]	TEI/text/body/listBibl/msDesc/msContents/msItem/locus	(absent)					1	BOTH_EMPTY: no @from, @to or text content
